{"type":"FeatureCollection","features":[{"type":"Feature","properties":{"name":"Indonesia","ISO3166-1-Alpha-3":"IDN","ISO3166-1-Alpha-2":"ID"},"geometry":{"type":"MultiPolygon","coordinates":[[[[117.703608,4.163415],[117.907039,4.156683],[117.934825,4.059882],[117.703608,4.163415]]],[[[124.450531,-9.18019],[124.919507,-8.962016],[124.933025,-9.074484],[125.086814,-8.98622],[125.162365,-9.060634],[125.150634,-9.185381],[124.957933,-9.211943],[125.061615,-9.485772],[124.979747,-9.649021],[124.49936,-10.111993],[124.122406,-10.17254],[123.799327,-10.374688],[123.472016,-10.364923],[123.515391,-10.213067],[123.764659,-10.074965],[123.577403,-10.034356],[123.688813,-9.611423],[124.010102,-9.343927],[124.310066,-9.488722],[124.450531,-9.18019]]],[[[117.567149,4.159654],[117.373057,4.169745],[117.826182,3.703599],[117.628673,3.632066],[117.468761,3.792304],[117.509776,3.607367],[117.030528,3.594387],[117.199229,3.616278],[117.242849,3.490668],[117.446544,3.43476],[117.27003,3.23432],[117.617198,3.085883],[117.564952,2.983547],[117.685069,2.96308],[117.543793,2.922105],[117.736339,2.901597],[117.61964,2.825507],[117.784028,2.758246],[118.082205,2.33747],[118.057791,2.219957],[117.826182,2.106513],[117.900401,2.049994],[117.750011,2.03144],[119.011729,0.976264],[118.798188,0.804918],[118.383962,0.804918],[118.09669,0.908637],[117.893891,1.113471],[118.03297,0.800238],[117.743175,0.740546],[117.469981,0.108791],[117.530284,-0.032322],[117.441417,-0.52516],[117.630138,-0.418715],[117.482921,-0.69964],[117.627126,-0.770929],[117.339041,-0.9013],[117.281505,-0.809177],[116.957693,-1.239923],[116.819835,-1.261407],[116.743175,-1.024835],[116.76238,-1.36533],[116.567638,-1.446547],[116.540212,-1.622735],[116.222423,-1.789646],[116.424815,-1.766371],[116.466563,-1.907485],[116.457856,-2.042413],[116.283214,-2.169366],[116.603282,-2.224216],[116.517914,-2.553888],[116.30421,-2.525649],[116.296886,-2.608168],[116.393077,-2.573989],[116.287608,-2.987074],[116.137706,-2.823419],[116.105724,-2.997979],[116.264903,-3.136895],[116.110525,-3.246189],[115.967947,-3.608819],[114.664317,-4.184177],[114.550304,-3.348077],[114.476817,-3.500665],[114.26352,-3.397556],[114.364757,-3.211521],[114.186534,-3.382257],[114.117686,-3.190362],[114.042003,-3.355564],[113.632498,-3.456801],[113.611501,-3.174249],[113.365733,-3.252862],[113.302745,-3.16253],[113.351085,-3.272393],[113.035167,-2.922947],[112.941091,-3.106378],[113.021495,-3.16253],[112.638031,-3.416762],[112.202891,-3.329522],[111.905284,-3.572035],[111.808767,-3.532973],[111.75408,-2.738539],[111.703461,-2.943617],[111.569835,-3.01572],[111.363048,-2.922947],[110.986176,-3.087498],[110.754242,-3.026056],[110.956065,-2.879002],[110.662446,-3.080743],[110.54949,-2.867608],[110.263194,-3.002862],[110.156993,-2.62127],[110.280528,-2.518243],[110.159923,-2.436456],[110.09254,-1.94964],[109.903819,-1.826104],[110.033946,-1.646173],[110.061371,-1.346368],[109.740489,-0.967543],[109.76352,-0.870864],[109.677257,-0.983819],[109.525645,-0.8624],[109.273204,-0.853611],[109.262543,-0.667413],[109.506521,-0.716404],[109.139415,-0.528578],[109.046235,-0.245864],[109.224783,-0.237237],[109.156505,0.020087],[109.300466,0.010484],[108.920909,0.340277],[108.855479,0.832221],[108.980805,0.956041],[108.924327,1.164008],[109.266368,1.394599],[108.98585,1.215806],[109.340994,1.935533],[109.645274,2.083238],[109.528436,1.889989],[109.65804,1.59719],[110.263481,0.994307],[110.553903,0.85137],[111.197584,1.075233],[111.503199,0.958444],[111.823076,1.008467],[112.09293,1.143135],[112.161556,1.434539],[112.470478,1.567657],[112.973186,1.569854],[112.9582,1.415651],[113.624826,1.227575],[113.909667,1.442471],[114.374858,1.506938],[114.545597,1.434952],[114.679542,1.840741],[114.831988,1.902521],[114.778761,2.247202],[115.206125,2.509874],[115.05647,2.608627],[115.069079,2.832645],[115.242092,3.041624],[115.464094,3.030824],[115.601243,3.430231],[115.538818,3.920615],[115.844122,4.389216],[116.020649,4.270852],[116.125759,4.378907],[116.411323,4.288654],[116.522221,4.396787],[117.202696,4.356066],[117.567149,4.159654]]],[[[140.974457,-2.600518],[140.976904,-6.335116],[140.849211,-6.702846],[140.977162,-6.896632],[140.97698,-9.106134],[139.988129,-8.192478],[140.151703,-7.884698],[139.973643,-8.096938],[139.395193,-8.200942],[139.254649,-8.146091],[139.218923,-7.979669],[139.287852,-7.973403],[139.217133,-7.951349],[139.224457,-8.074395],[138.914399,-8.292087],[138.842784,-8.117446],[139.093028,-7.559991],[138.667491,-7.197849],[139.157074,-7.243097],[139.240001,-7.151056],[138.84254,-7.145603],[138.561534,-6.918634],[138.931488,-6.842543],[139.192231,-6.972914],[138.683442,-6.714532],[138.682465,-6.645115],[138.829112,-6.705987],[138.466075,-6.402114],[138.262462,-5.914727],[138.403982,-5.835707],[138.157563,-5.773696],[138.362966,-5.678806],[138.071056,-5.728611],[138.061371,-5.403741],[137.999278,-5.478936],[137.924815,-5.328709],[137.813975,-5.358168],[137.808116,-5.253025],[137.377778,-5.082452],[137.278819,-4.936619],[137.219005,-5.01336],[137.101736,-4.889255],[136.822113,-4.928318],[135.95045,-4.50628],[135.185557,-4.448907],[134.648204,-4.118748],[134.688487,-3.947442],[134.967784,-3.936782],[134.675792,-3.90838],[134.525238,-4.026462],[134.333507,-3.868829],[134.315278,-4.020278],[134.141124,-3.903009],[134.127452,-3.745294],[133.971039,-3.850274],[133.838145,-3.590427],[133.829275,-3.721856],[133.703136,-3.672621],[133.641449,-3.483657],[133.690929,-3.216078],[133.929454,-3.114679],[133.860525,-2.922947],[133.668224,-3.122166],[133.627696,-3.416274],[133.514008,-3.378351],[133.591807,-3.545343],[133.408865,-3.722426],[133.45338,-3.865411],[133.250987,-4.066827],[132.907725,-4.088149],[132.730968,-3.682306],[132.931814,-3.554132],[132.811697,-3.281671],[132.671153,-3.328546],[132.325694,-2.946547],[131.976085,-2.929783],[132.044444,-2.803399],[131.958018,-2.788181],[132.311778,-2.676446],[132.728282,-2.813165],[133.033539,-2.479425],[133.239594,-2.416762],[133.39031,-2.526625],[133.380707,-2.676446],[133.445567,-2.494724],[133.450369,-2.642348],[133.473481,-2.521661],[133.633962,-2.539321],[133.682384,-2.717462],[133.713145,-2.511977],[133.816905,-2.649021],[133.747244,-2.437921],[133.908376,-2.477227],[133.866466,-2.411391],[134.005138,-2.388442],[133.867361,-2.341241],[133.949962,-2.203546],[133.792003,-2.260186],[133.94044,-2.107599],[133.645763,-2.236017],[132.688731,-2.307224],[132.560395,-2.185642],[132.305675,-2.265558],[131.941905,-1.895115],[132.023936,-1.675958],[131.886729,-1.652032],[131.982188,-1.538751],[131.804861,-1.607599],[131.791189,-1.497735],[131.750173,-1.5735],[131.436534,-1.501723],[131.372813,-1.394708],[131.27711,-1.374282],[131.336925,-1.453058],[131.20574,-1.523614],[130.948253,-1.412205],[131.236176,-1.117283],[131.243012,-0.819431],[131.876475,-0.68963],[132.396658,-0.353448],[132.975108,-0.444757],[133.391612,-0.72324],[133.977224,-0.72324],[134.17213,-0.863865],[134.036143,-0.957778],[134.281993,-1.350193],[134.087087,-1.682794],[134.19337,-2.379083],[134.463878,-2.862074],[134.532725,-2.834161],[134.484386,-2.539321],[134.638438,-2.511163],[134.701345,-2.958673],[134.851329,-2.899835],[134.898936,-3.262791],[135.340831,-3.389744],[135.909923,-2.985772],[135.96461,-2.775811],[136.266368,-2.560317],[136.38087,-2.234063],[136.749278,-2.252048],[137.178477,-2.106134],[137.123546,-1.797459],[137.839122,-1.471124],[139.780772,-2.354669],[140.15797,-2.320896],[140.332286,-2.455743],[140.74464,-2.499119],[140.723806,-2.633966],[140.974457,-2.600518]]],[[[113.395193,-8.447035],[113.396658,-8.488377],[113.281993,-8.457208],[113.395193,-8.447035]]],[[[123.146251,-8.425958],[122.955251,-8.585626],[123.018321,-8.451267],[123.146251,-8.425958]]],[[[128.231212,-8.251235],[128.123302,-8.280938],[128.10377,-8.211847],[128.231212,-8.251235]]],[[[129.029633,-8.206801],[128.993419,-8.261489],[128.887706,-8.244887],[129.029633,-8.206801]]],[[[127.741873,-8.158949],[127.744884,-8.220473],[127.620779,-8.21266],[127.741873,-8.158949]]],[[[117.664317,-8.148126],[117.492524,-8.361017],[117.486827,-8.182875],[117.664317,-8.148126]]],[[[127.216319,-8.026951],[127.224946,-8.108575],[127.15561,-8.048435],[127.216319,-8.026951]]],[[[131.104991,-7.629002],[131.035899,-7.687595],[131.040294,-7.65016],[131.104991,-7.629002]]],[[[130.968598,-7.534601],[130.958507,-7.542087],[130.858653,-7.486912],[130.968598,-7.534601]]],[[[131.174815,-7.404229],[131.069184,-7.507501],[131.003266,-7.424493],[131.174815,-7.404229]]],[[[131.283946,-7.329767],[131.293468,-7.34059],[131.230968,-7.344171],[131.283946,-7.329767]]],[[[120.96046,-7.281996],[121.066905,-7.302504],[120.792328,-7.279474],[120.96046,-7.281996]]],[[[120.757823,-7.075942],[120.670349,-7.15096],[120.556253,-7.072889],[120.621256,-6.998245],[120.757823,-7.075942]]],[[[138.753429,-6.778253],[138.716319,-6.864679],[138.6185,-6.729099],[138.753429,-6.778253]]],[[[131.597423,-6.679132],[131.583995,-6.719496],[131.564789,-6.795587],[131.597423,-6.679132]]],[[[134.707367,-6.589044],[134.713634,-6.695733],[134.631602,-6.727227],[134.707367,-6.589044]]],[[[134.607758,-6.421482],[134.541759,-6.529474],[134.347179,-6.359633],[134.446137,-6.285414],[134.607758,-6.421482]]],[[[134.840587,-6.287693],[134.861095,-6.390069],[134.806407,-6.4249],[134.840587,-6.287693]]],[[[134.37794,-6.254083],[134.337657,-6.331964],[134.162283,-6.196547],[134.125987,-6.034275],[134.271495,-6.0617],[134.234141,-6.13006],[134.37794,-6.254083]]],[[[109.906016,-7.83766],[109.014415,-7.732599],[108.87322,-7.61061],[108.539561,-7.692315],[108.453711,-7.818501],[107.864534,-7.74513],[107.411388,-7.495864],[106.39776,-7.378465],[106.510804,-6.963799],[106.333018,-7.000746],[105.978706,-6.817712],[105.274669,-6.849379],[105.216807,-6.772068],[105.36378,-6.664972],[105.490082,-6.809015],[105.643859,-6.482333],[105.782234,-6.512107],[105.867198,-6.110121],[106.052745,-5.881036],[106.15919,-6.009535],[106.298839,-5.945001],[106.793224,-6.104099],[107.005138,-6.072361],[107.044444,-5.914321],[107.354136,-5.975995],[107.678224,-6.238023],[107.885359,-6.186922],[108.093683,-6.326847],[108.360269,-6.246401],[108.605479,-6.761651],[108.944835,-6.849379],[109.492931,-6.801528],[109.940684,-6.923435],[110.177501,-6.856215],[110.381033,-6.975681],[110.571544,-6.836196],[110.671072,-6.499933],[111.010753,-6.420994],[111.144379,-6.691827],[111.493419,-6.623468],[112.083995,-6.90602],[112.582774,-6.870538],[112.683849,-7.1749],[112.60377,-7.192641],[112.823253,-7.262628],[112.761485,-7.531183],[113.13266,-7.727797],[113.32309,-7.785577],[114.045584,-7.611993],[114.388927,-7.758071],[114.467296,-7.830987],[114.37672,-8.519464],[114.40561,-8.447035],[114.624766,-8.740655],[114.366954,-8.741469],[114.302582,-8.611912],[113.979991,-8.620212],[113.240733,-8.280938],[112.672699,-8.447035],[111.792003,-8.256524],[111.695811,-8.37127],[111.017345,-8.254653],[109.906016,-7.83766]]],[[[124.065196,-5.962498],[124.059337,-6.027439],[123.979177,-5.869887],[124.065196,-5.962498]]],[[[132.797374,-5.609063],[132.763682,-5.678806],[132.784923,-5.527276],[132.797374,-5.609063]]],[[[132.318614,-5.513604],[132.377615,-5.544203],[132.334321,-5.572931],[132.318614,-5.513604]]],[[[123.77711,-5.513604],[123.814708,-5.595636],[123.691173,-5.472752],[123.77711,-5.513604]]],[[[123.539724,-5.245538],[123.635916,-5.290785],[123.590587,-5.374119],[123.539724,-5.245538]]],[[[129.927257,-4.53045],[129.945649,-4.556085],[129.8838,-4.555597],[129.927257,-4.53045]]],[[[127.23463,-3.821059],[127.241368,-3.910817],[127.145086,-3.884983],[127.23463,-3.821059]]],[[[122.3213,-3.511895],[122.355479,-3.556573],[122.293305,-3.580824],[122.3213,-3.511895]]],[[[132.70281,-3.453302],[132.702891,-3.519301],[132.620291,-3.423761],[132.70281,-3.453302]]],[[[122.439626,-3.419041],[122.433604,-3.485284],[122.412283,-3.387791],[122.439626,-3.419041]]],[[[127.615489,-3.307387],[127.519705,-3.330255],[127.521821,-3.261814],[127.615489,-3.307387]]],[[[127.772227,-3.16253],[127.778494,-3.244236],[127.643321,-3.224379],[127.772227,-3.16253]]],[[[127.954112,-2.916681],[127.947276,-3.018487],[127.826996,-3.028985],[127.954112,-2.916681]]],[[[123.87672,-2.018487],[123.886974,-2.073907],[123.849864,-2.054864],[123.87672,-2.018487]]],[[[124.348888,-1.959568],[124.358409,-2.033298],[124.304698,-1.996026],[124.348888,-1.959568]]],[[[123.656993,-1.909356],[123.663829,-1.963311],[123.649587,-1.934177],[123.656993,-1.909356]]],[[[123.738048,-1.907892],[123.745779,-1.935968],[123.705577,-1.93377],[123.738048,-1.907892]]],[[[108.677257,-1.7138],[108.723155,-1.693617],[108.778087,-1.702732],[108.677257,-1.7138]]],[[[127.371104,-1.367446],[127.316661,-1.436293],[127.327403,-1.365411],[127.371104,-1.367446]]],[[[109.170177,-1.257582],[109.1338,-1.297133],[109.101329,-1.292413],[109.170177,-1.257582]]],[[[109.254649,-1.169366],[109.25294,-1.212498],[109.218516,-1.206638],[109.254649,-1.169366]]],[[[104.479991,-0.271254],[104.492524,-0.30877],[104.446137,-0.320082],[104.479991,-0.271254]]],[[[102.839122,0.290961],[102.884532,0.315253],[102.907725,0.298529],[102.839122,0.290961]]],[[[103.0796,0.624416],[103.071462,0.577216],[103.037283,0.652655],[103.0796,0.624416]]],[[[103.506358,0.70189],[103.517914,0.667629],[103.469249,0.637397],[103.506358,0.70189]]],[[[103.112804,0.792955],[103.086274,0.724677],[103.080251,0.768622],[103.112804,0.792955]]],[[[104.564626,0.798163],[104.613536,0.765855],[104.541026,0.766588],[104.564626,0.798163]]],[[[103.667735,0.839667],[103.727306,0.779853],[103.700938,0.765692],[103.667735,0.839667]]],[[[103.462169,0.918931],[103.469005,0.869615],[103.428071,0.890041],[103.462169,0.918931]]],[[[120.649181,1.072455],[120.68336,1.044582],[120.607595,1.072455],[120.649181,1.072455]]],[[[120.377615,1.079901],[120.403982,1.044867],[120.37794,1.024075],[120.377615,1.079901]]],[[[119.846528,-0.874607],[119.799978,-0.123793],[119.634451,0.010484],[119.832693,-0.084405],[119.888194,0.071275],[119.785167,0.239488],[120.032237,0.516303],[120.045746,0.734361],[120.227061,0.814887],[120.278494,0.994208],[120.346446,0.855618],[120.568126,0.782131],[120.801768,1.052639],[120.833507,1.32567],[121.264903,1.22956],[121.451427,1.297553],[121.546723,1.072455],[122.454112,1.020657],[122.848888,0.81802],[122.968028,0.962592],[123.186697,0.973619],[123.92921,0.831529],[124.290375,1.01732],[124.389415,1.186103],[124.593761,1.195868],[124.54835,1.359849],[124.835704,1.469143],[124.983897,1.731594],[125.175304,1.678168],[125.249197,1.484687],[124.514171,0.503323],[124.321788,0.398871],[123.625987,0.266588],[123.23878,0.32453],[123.074229,0.516303],[121.800466,0.426459],[121.601899,0.551744],[121.107921,0.407131],[120.502696,0.528876],[120.158214,0.227769],[119.995616,-0.209242],[120.07309,-0.613946],[120.255626,-0.899347],[120.500336,-0.975274],[120.675955,-1.394708],[121.105479,-1.405857],[121.620128,-0.800388],[121.714203,-0.935479],[122.105317,-0.926202],[122.207693,-0.764744],[122.929047,-0.758884],[122.73463,-0.64837],[123.075857,-0.55641],[123.403494,-0.642673],[123.454356,-0.758233],[123.311209,-1.051446],[123.096202,-0.835056],[122.838715,-0.899184],[122.368826,-1.492771],[121.861339,-1.669692],[121.692149,-1.908136],[121.296072,-1.816664],[121.340587,-1.991306],[121.402029,-1.909356],[121.574555,-2.16253],[121.822927,-2.287286],[122.015636,-2.693536],[122.472911,-3.151137],[122.3213,-3.257094],[122.378429,-3.438735],[122.25172,-3.376072],[122.205414,-3.593845],[122.656423,-3.889337],[122.55128,-3.970798],[122.688162,-4.13836],[122.844981,-4.057712],[122.900157,-4.388767],[122.670177,-4.314548],[122.758149,-4.484796],[122.599132,-4.396742],[122.107758,-4.519952],[122.077403,-4.842055],[121.55421,-4.743748],[121.480479,-4.580824],[121.627696,-4.087091],[121.255626,-3.903009],[120.874522,-3.498956],[121.066742,-3.19378],[121.081716,-2.872328],[120.984386,-2.823907],[121.080414,-2.759047],[120.799327,-2.615004],[120.584483,-2.682061],[120.203461,-2.957696],[120.425792,-3.256117],[120.351899,-4.100274],[120.449962,-4.64658],[120.264334,-5.149998],[120.463634,-5.620212],[120.323253,-5.509535],[119.914887,-5.568943],[119.723643,-5.70379],[119.433279,-5.587823],[119.352794,-5.355645],[119.626801,-4.314548],[119.646983,-3.97796],[119.593435,-4.026462],[119.454275,-3.700128],[119.497569,-3.495294],[119.297618,-3.427911],[118.926768,-3.566095],[118.764171,-3.090916],[118.885509,-2.869561],[118.757335,-2.775811],[118.806163,-2.629815],[118.914399,-2.64837],[119.135753,-2.454278],[119.216075,-2.009942],[119.347016,-1.959405],[119.31365,-1.245782],[119.525157,-0.860447],[119.733653,-0.633884],[119.846528,-0.874607]]],[[[127.785899,2.264228],[127.815115,2.255276],[127.75766,2.221381],[127.785899,2.264228]]],[[[128.193614,2.367255],[128.130707,2.316474],[128.1421,2.377834],[128.193614,2.367255]]],[[[100.947276,1.825385],[100.799978,2.20893],[101.050304,2.29149],[101.317149,2.024604],[101.427013,1.709296],[101.749197,1.661526],[102.118175,1.386542],[102.208507,1.024075],[102.425059,0.804267],[102.953787,0.675849],[103.074718,0.442328],[102.581879,0.181098],[102.430431,0.246324],[102.545746,0.169135],[103.362153,0.536282],[103.743419,0.27733],[103.801768,-0.007257],[103.576996,-0.013971],[103.575857,-0.104425],[103.270518,-0.257582],[103.489268,-0.211521],[103.345551,-0.366876],[103.598399,-0.436782],[103.417979,-0.517755],[103.372895,-0.449395],[103.345551,-0.695896],[103.828868,-1.073419],[103.955821,-0.976983],[104.377208,-1.031671],[104.497081,-1.935968],[104.564464,-1.85768],[104.588878,-2.019464],[104.814626,-2.008396],[104.882823,-2.125665],[104.606212,-2.402114],[104.709646,-2.370864],[104.713145,-2.557794],[104.531098,-2.772638],[104.883311,-2.284926],[104.928966,-2.37477],[105.62379,-2.401788],[105.618419,-2.594903],[105.778087,-2.690118],[105.809581,-2.899021],[106.028494,-2.982843],[106.073009,-3.255548],[105.900238,-3.407159],[105.819591,-3.67254],[105.952485,-3.833754],[105.812755,-4.238702],[105.909679,-4.943129],[105.729747,-5.896661],[105.279633,-5.444268],[105.163259,-5.786065],[104.551443,-5.508477],[104.716075,-5.921075],[104.56129,-5.928318],[103.891124,-5.104181],[103.414561,-4.869317],[102.312511,-3.991469],[102.222179,-3.642836],[101.611339,-3.224542],[101.326996,-2.73919],[100.923106,-2.333429],[100.857595,-1.89186],[100.569184,-1.330824],[100.406016,-1.264418],[100.301443,-0.816339],[99.823985,-0.313409],[99.747244,-0.02984],[99.341075,0.238756],[99.13795,0.263088],[99.100271,0.601752],[98.709646,1.564114],[98.822602,1.630439],[98.773936,1.748603],[97.955903,2.271715],[97.744395,2.281073],[97.602712,2.866197],[97.40504,2.943345],[96.883556,3.68244],[96.479503,3.778713],[95.56544,4.637519],[95.198985,5.292873],[95.212738,5.573147],[95.611583,5.626654],[96.088064,5.295478],[96.406586,5.217231],[96.973399,5.273424],[97.226553,5.146221],[97.526215,5.242255],[97.90919,4.889594],[97.996837,4.546454],[98.275564,4.42536],[98.178966,4.108222],[98.263031,4.177314],[98.67662,3.914547],[98.796582,3.725443],[99.750743,3.180487],[99.979503,2.948472],[100.007986,2.602607],[99.973969,2.70307],[100.054942,2.727281],[100.125824,2.530097],[100.210623,2.706244],[100.434337,2.273342],[100.812755,2.03974],[100.947276,1.825385]]],[[[120.792491,-9.96087],[120.839854,-10.051365],[120.72462,-10.196873],[120.449962,-10.310317],[120.15561,-10.220961],[119.634451,-9.769138],[119.096853,-9.717543],[118.935395,-9.553399],[119.168712,-9.385512],[119.79949,-9.383722],[119.958751,-9.29046],[120.229259,-9.492283],[120.271169,-9.642511],[120.478282,-9.641046],[120.792491,-9.96087]]],[[[115.550141,-8.666192],[115.588878,-8.807306],[115.468272,-8.731866],[115.550141,-8.666192]]],[[[119.722992,-8.621189],[119.791515,-8.6242],[119.698253,-8.801528],[119.615245,-8.77752],[119.634451,-8.596612],[119.722992,-8.621189]]],[[[119.559255,-8.518162],[119.456798,-8.596612],[119.4699,-8.740655],[119.381114,-8.740655],[119.415294,-8.443292],[119.559255,-8.518162]]],[[[123.348643,-8.268813],[123.289317,-8.404474],[123.019542,-8.391778],[123.156505,-8.243585],[123.348643,-8.268813]]],[[[116.633311,-8.275079],[116.743175,-8.391778],[116.500438,-8.802688],[116.565369,-8.895583],[116.446611,-8.92008],[116.423116,-8.836406],[116.403087,-8.954197],[115.839262,-8.816857],[115.848592,-8.724793],[116.087576,-8.737237],[116.027937,-8.445008],[116.286388,-8.236261],[116.633311,-8.275079]]],[[[119.086436,-8.131524],[119.127208,-8.220473],[119.051524,-8.261407],[119.086436,-8.131524]]],[[[119.203624,-8.610935],[119.151622,-8.742364],[118.701996,-8.748142],[118.908051,-8.850518],[118.414236,-8.853611],[118.414724,-8.58294],[118.157725,-8.867852],[117.388868,-9.053739],[117.009736,-9.107293],[116.728452,-8.963096],[116.838145,-8.507908],[117.195079,-8.357599],[117.43393,-8.481134],[117.558116,-8.40545],[117.592296,-8.514744],[117.623302,-8.438409],[117.805186,-8.719985],[118.281749,-8.641534],[117.71225,-8.240899],[117.917817,-8.08587],[118.149669,-8.134454],[118.312266,-8.37127],[118.46339,-8.249444],[118.647472,-8.288751],[118.667328,-8.547296],[118.753917,-8.32643],[118.972504,-8.302016],[119.052257,-8.645685],[119.203624,-8.610935]]],[[[123.026378,-8.288751],[122.897309,-8.460626],[122.803559,-8.437921],[122.807384,-8.610935],[121.780447,-8.887953],[121.396007,-8.794122],[121.340587,-8.918064],[120.994884,-8.940525],[120.833181,-8.81699],[120.165294,-8.76865],[119.9074,-8.871677],[119.805675,-8.740655],[119.867198,-8.412856],[119.990571,-8.447035],[120.422048,-8.227309],[120.976085,-8.337498],[121.50172,-8.601821],[121.625499,-8.467462],[122.019054,-8.425958],[122.288422,-8.633884],[122.88087,-8.28574],[122.94044,-8.193129],[122.740408,-8.222426],[122.862559,-8.069757],[123.026378,-8.288751]]],[[[115.619151,-8.288751],[115.700938,-8.419122],[115.322602,-8.623793],[115.134532,-8.850763],[115.156098,-8.662042],[114.927013,-8.467462],[114.604503,-8.386489],[114.447927,-8.12184],[114.857595,-8.193129],[115.193126,-8.055108],[115.619151,-8.288751]]],[[[109.019298,-7.758071],[108.999278,-7.772882],[108.794119,-7.719415],[109.019298,-7.758071]]],[[[115.570649,-6.904555],[115.293305,-7.007582],[115.214366,-6.928155],[115.275727,-6.835382],[115.570649,-6.904555]]],[[[112.700694,-5.726007],[112.731456,-5.828383],[112.604259,-5.847426],[112.700694,-5.726007]]],[[[102.406505,-5.403741],[102.283539,-5.499282],[102.098643,-5.334893],[102.172048,-5.280369],[102.406505,-5.403741]]],[[[115.845876,-4.764093],[115.858084,-4.779962],[115.795258,-4.78631],[115.845876,-4.764093]]],[[[116.399262,-3.392755],[116.385997,-3.639581],[116.324718,-3.532973],[116.399262,-3.392755]]],[[[116.303722,-3.718032],[116.306488,-3.904474],[116.091482,-4.066827],[116.016368,-3.629164],[116.119395,-3.324151],[116.267833,-3.218845],[116.303722,-3.718032]]],[[[100.508474,-3.122166],[100.515473,-3.153904],[100.506684,-3.178399],[100.508474,-3.122166]]],[[[100.398611,-3.183526],[100.460704,-3.334405],[100.189464,-2.966567],[100.227306,-2.772638],[100.46754,-3.015313],[100.398611,-3.183526]]],[[[100.206798,-2.693536],[100.015636,-2.834161],[99.97462,-2.49391],[100.206798,-2.693536]]],[[[99.823253,-2.292901],[99.846202,-2.38006],[99.603526,-2.265558],[99.564952,-2.030857],[99.694347,-2.067804],[99.823253,-2.292901]]],[[[108.964203,-1.573419],[108.858165,-1.663995],[108.793305,-1.580336],[108.964203,-1.573419]]],[[[109.759776,-1.103936],[109.502452,-1.292169],[109.417247,-1.25449],[109.475434,-0.976983],[109.723481,-0.987074],[109.759776,-1.103936]]],[[[99.274425,-1.634942],[99.274425,-1.73797],[99.200043,-1.628106],[99.254893,-1.772068],[99.1185,-1.802341],[98.884776,-1.679376],[98.593761,-1.198419],[98.658214,-0.963474],[98.898204,-0.915704],[99.274425,-1.634942]]],[[[98.501964,-0.460545],[98.500499,-0.565606],[98.275157,-0.52516],[98.42921,-0.243829],[98.501964,-0.460545]]],[[[98.479991,-0.15838],[98.549001,-0.381117],[98.295665,-0.007257],[98.406098,-0.007379],[98.479991,-0.15838]]],[[[103.29363,0.625434],[103.280772,0.538031],[103.140473,0.539374],[103.17921,0.695502],[103.29363,0.625434]]],[[[103.518728,0.818427],[103.490489,0.821275],[103.430837,0.867662],[103.518728,0.818427]]],[[[103.818614,0.886217],[103.941417,0.775702],[103.887462,0.81802],[103.818614,0.886217]]],[[[103.489024,0.777045],[103.434337,0.647284],[103.357432,0.872463],[103.489024,0.777045]]],[[[103.801768,0.852729],[103.832286,0.765367],[103.726248,0.873236],[103.801768,0.852729]]],[[[103.942149,0.99608],[103.932791,0.934027],[103.844737,1.012681],[103.942149,0.99608]]],[[[104.798595,1.03148],[104.849946,0.991197],[104.832774,0.955146],[104.798595,1.03148]]],[[[107.562022,1.037177],[107.54713,0.976264],[107.545258,1.006252],[107.562022,1.037177]]],[[[103.443126,1.012763],[103.315603,1.073188],[103.393077,1.076077],[103.443126,1.012763]]],[[[103.048676,0.797024],[103.007335,0.693834],[102.894705,0.789984],[102.516368,0.791327],[102.406505,0.873236],[102.500662,0.953274],[102.467621,1.106431],[103.048676,0.797024]]],[[[103.126475,0.927883],[103.127126,0.834418],[102.790701,1.03148],[102.624766,1.021959],[102.801768,1.163275],[103.126475,0.927883]]],[[[104.146332,1.160468],[104.092296,0.989936],[103.906749,1.071682],[104.030935,1.187893],[104.146332,1.160468]]],[[[104.654552,1.096381],[104.567068,0.829535],[104.421072,0.95661],[104.485199,1.033677],[104.271007,1.003607],[104.231944,1.093329],[104.575694,1.225409],[104.654552,1.096381]]],[[[102.473399,1.242011],[102.468028,0.972561],[102.369314,0.935207],[102.232921,1.099514],[102.210623,1.398261],[102.473399,1.242011]]],[[[102.49586,1.363593],[102.47877,1.270738],[102.007823,1.615383],[102.462657,1.515448],[102.49586,1.363593]]],[[[98.555186,1.682034],[98.599132,1.631985],[98.431651,1.661526],[98.555186,1.682034]]],[[[97.151134,2.058092],[97.115001,2.014716],[97.09254,2.105536],[97.151134,2.058092]]],[[[101.721202,2.058092],[101.715099,1.778225],[101.490733,1.736762],[101.418142,2.04442],[101.649262,2.128485],[101.721202,2.058092]]],[[[96.644054,2.127021],[96.665375,2.087877],[96.609874,2.106513],[96.644054,2.127021]]],[[[97.328624,2.147528],[97.321788,2.03144],[97.102794,2.212714],[97.281261,2.229071],[97.328624,2.147528]]],[[[118.59962,2.24433],[118.654307,2.182278],[118.556407,2.312201],[118.59962,2.24433]]],[[[109.108653,2.531684],[109.022472,2.520006],[108.96811,2.543647],[109.108653,2.531684]]],[[[106.243175,2.760484],[106.232432,2.741767],[106.203298,2.819078],[106.243175,2.760484]]],[[[96.479503,2.414984],[96.334972,2.355455],[96.065684,2.579413],[95.790538,2.654608],[95.699555,2.831773],[95.791515,2.942532],[95.911876,2.906236],[96.126313,2.73371],[96.102794,2.654608],[96.479503,2.414984]]],[[[108.842459,2.973619],[108.842459,2.846381],[108.775157,2.895087],[108.842459,2.973619]]],[[[107.80714,3.014879],[107.76824,2.979071],[107.751231,3.01203],[107.80714,3.014879]]],[[[105.802013,2.99726],[105.712657,2.843166],[105.688731,3.059963],[105.802013,2.99726]]],[[[106.285167,3.179104],[106.279063,3.087226],[106.207774,3.225328],[106.285167,3.179104]]],[[[117.503591,3.333645],[117.513357,3.290839],[117.417003,3.288723],[117.503591,3.333645]]],[[[106.270844,3.360989],[106.279633,3.277655],[106.282888,3.240871],[106.270844,3.360989]]],[[[117.625255,3.43769],[117.648448,3.246039],[117.531261,3.403144],[117.625255,3.43769]]],[[[117.893891,3.497504],[117.826182,3.494086],[117.803722,3.591051],[117.893891,3.497504]]],[[[117.517263,3.477037],[117.222016,3.535549],[117.307953,3.573188],[117.517263,3.477037]]],[[[117.846202,3.79914],[117.74464,3.857896],[117.766775,3.87401],[117.846202,3.79914]]],[[[117.698741,4.111314],[117.753184,4.051825],[117.665294,3.983059],[117.594493,4.06387],[117.698741,4.111314]]],[[[108.396169,3.874823],[108.317638,3.683783],[108.183849,3.648342],[108.094493,3.696194],[108.26238,3.792304],[108.062348,3.855943],[107.98463,4.01203],[108.224864,4.244818],[108.396169,3.874823]]],[[[108.005138,4.772366],[107.981212,4.683661],[107.940603,4.708645],[108.005138,4.772366]]],[[[95.177419,5.628363],[95.156261,5.594794],[95.109141,5.622016],[95.177419,5.628363]]],[[[95.115245,5.711493],[95.06072,5.656236],[95.014659,5.744615],[95.115245,5.711493]]],[[[95.341807,5.89643],[95.33839,5.779202],[95.213552,5.902533],[95.341807,5.89643]]],[[[123.390147,-10.591485],[123.40919,-10.679132],[123.209158,-10.813084],[122.820974,-10.893243],[122.812511,-10.778416],[123.386485,-10.433038],[123.390147,-10.591485]]],[[[121.940196,-10.430108],[121.997895,-10.508966],[121.881847,-10.598321],[121.690115,-10.564223],[121.940196,-10.430108]]],[[[123.465831,-10.149835],[123.413422,-10.332615],[123.321788,-10.338962],[123.465831,-10.149835]]],[[[123.927989,-8.227309],[123.572113,-8.471612],[123.583018,-8.565525],[123.227306,-8.526056],[123.485688,-8.350763],[123.36964,-8.316664],[123.414236,-8.267185],[123.567638,-8.247735],[123.517914,-8.35296],[123.589122,-8.37363],[123.641612,-8.223077],[123.927989,-8.227309]]],[[[124.308116,-8.220473],[124.149587,-8.539321],[123.907237,-8.454848],[124.308116,-8.220473]]],[[[138.897309,-8.337172],[138.894054,-8.40545],[138.548025,-8.347101],[138.78533,-8.158949],[138.897309,-8.337172]]],[[[125.134044,-8.217055],[125.123302,-8.352309],[124.333507,-8.413018],[124.547618,-8.230727],[124.392426,-8.265232],[124.475271,-8.132582],[125.134044,-8.217055]]],[[[128.090587,-8.131036],[128.025645,-8.261407],[127.761567,-8.117446],[128.090587,-8.131036]]],[[[131.109386,-8.131036],[131.181651,-8.124933],[130.763357,-8.350763],[130.926443,-8.132501],[131.109386,-8.131036]]],[[[129.841156,-7.877862],[129.776378,-8.055352],[129.585216,-7.902032],[129.632498,-7.795994],[129.841156,-7.877862]]],[[[126.836762,-7.726332],[126.559337,-7.81992],[126.466156,-7.966567],[126.053966,-7.884698],[125.774181,-8.007582],[125.968923,-7.660089],[126.32838,-7.695733],[126.626964,-7.559991],[126.836762,-7.726332]]],[[[127.470225,-7.527765],[127.357677,-7.655694],[127.372732,-7.506117],[127.470225,-7.527765]]],[[[138.938975,-7.542087],[139.075531,-7.576267],[138.891124,-7.898045],[138.904145,-8.07586],[138.375987,-8.409601],[137.638194,-8.425877],[138.088634,-7.559828],[138.717052,-7.359552],[138.938975,-7.542087]]],[[[131.698578,-7.226739],[131.633067,-7.62005],[131.316742,-8.017999],[131.283458,-7.93613],[131.116222,-8.000746],[131.114757,-7.706964],[131.249848,-7.706638],[131.181326,-7.649591],[131.241547,-7.487726],[131.568614,-7.130955],[131.704112,-7.131524],[131.698578,-7.226739]]],[[[131.982188,-7.188897],[131.965587,-7.254653],[131.732188,-7.141209],[131.918468,-7.103611],[131.982188,-7.188897]]],[[[128.669688,-7.137384],[128.638682,-7.219903],[128.528819,-7.130548],[128.61964,-7.063165],[128.669688,-7.137384]]],[[[114.045665,-6.914646],[114.124801,-6.98161],[113.872813,-7.128839],[113.610052,-7.129187],[113.513425,-7.247782],[112.72641,-7.158787],[112.692638,-7.058526],[112.915294,-6.891697],[114.045665,-6.914646]]],[[[105.264171,-6.527927],[105.203868,-6.673272],[105.175466,-6.583103],[105.120128,-6.630955],[105.264171,-6.527927]]],[[[134.484386,-6.575616],[134.31072,-6.85947],[134.185069,-6.918634],[134.073416,-6.826755],[134.110606,-6.459161],[134.209972,-6.50742],[134.102712,-6.180108],[134.457042,-6.445245],[134.484386,-6.575616]]],[[[120.546153,-5.938165],[120.481293,-6.477309],[120.47047,-5.76686],[120.546153,-5.938165]]],[[[104.832774,-5.760024],[104.83839,-5.820408],[104.770356,-5.752048],[104.832774,-5.760024]]],[[[132.802013,-5.787367],[132.691905,-5.928806],[132.619802,-5.60296],[132.802013,-5.787367]]],[[[134.758067,-6.157892],[134.607758,-6.369561],[134.276622,-6.119317],[134.378266,-5.793715],[134.201996,-5.712498],[134.351817,-5.714451],[134.508311,-5.429376],[134.628266,-5.444757],[134.635102,-5.5888],[134.758067,-5.671319],[134.736095,-5.969496],[134.601085,-5.951837],[134.772227,-6.089614],[134.691091,-6.188084],[134.758067,-6.157892]]],[[[133.184337,-5.310317],[132.842296,-5.99684],[133.110118,-5.310968],[133.184337,-5.310317]]],[[[122.067393,-5.21502],[122.046886,-5.451593],[121.968272,-5.46795],[121.806814,-5.259861],[121.853852,-5.102146],[121.977306,-5.070489],[122.067393,-5.21502]]],[[[131.733084,-4.693048],[131.754405,-4.736505],[131.729015,-4.754653],[131.733084,-4.693048]]],[[[122.78004,-4.916599],[122.604259,-5.159926],[122.598399,-5.420099],[122.511485,-5.286716],[122.468598,-5.396417],[122.45102,-5.315037],[122.279633,-5.369724],[122.402599,-5.061782],[122.38266,-4.745864],[122.711111,-4.615492],[122.78004,-4.916599]]],[[[131.606212,-4.430434],[131.62615,-4.426853],[131.680431,-4.524021],[131.606212,-4.430434]]],[[[123.149913,-5.22503],[123.213145,-5.30169],[122.876231,-5.458429],[122.827647,-5.676202],[122.638357,-5.662205],[122.567149,-5.506931],[122.814708,-5.211358],[122.752696,-5.033868],[122.854991,-4.609552],[123.041352,-4.384373],[123.20045,-4.589044],[123.219737,-4.816664],[123.052094,-4.74033],[122.94988,-5.190199],[123.046886,-5.137465],[123.149913,-5.22503]]],[[[133.55836,-4.232029],[133.627696,-4.300226],[133.324229,-4.108331],[133.55836,-4.232029]]],[[[131.365977,-4.122166],[131.29656,-4.109063],[131.28419,-4.066095],[131.365977,-4.122166]]],[[[131.235037,-3.987563],[131.249848,-4.009698],[131.226085,-4.038344],[131.235037,-3.987563]]],[[[123.204438,-3.992934],[123.1963,-4.187677],[123.04477,-4.209649],[122.950694,-4.047052],[123.204438,-3.992934]]],[[[131.444835,-4.036716],[131.400645,-4.047052],[131.377696,-3.957127],[131.444835,-4.036716]]],[[[128.796235,-3.642836],[128.810557,-3.676446],[128.748546,-3.683852],[128.796235,-3.642836]]],[[[123.177257,-3.573989],[123.119884,-3.629164],[123.061046,-3.570896],[123.177257,-3.573989]]],[[[128.528819,-3.532973],[128.563813,-3.591892],[128.392914,-3.642836],[128.427094,-3.522719],[128.528819,-3.532973]]],[[[128.330821,-3.511895],[128.236501,-3.722263],[128.097423,-3.773207],[128.202891,-3.639337],[127.933442,-3.763442],[127.984141,-3.620538],[128.330821,-3.511895]]],[[[128.720551,-3.525567],[128.636241,-3.622817],[128.561046,-3.493748],[128.720551,-3.525567]]],[[[127.240896,-3.470961],[127.20574,-3.659601],[126.696573,-3.863792],[126.203021,-3.630994],[125.991742,-3.248191],[126.090921,-3.112098],[126.202001,-3.181842],[126.421397,-3.070489],[126.840017,-3.073663],[127.093516,-3.200779],[127.054535,-3.323012],[127.259776,-3.371189],[127.240896,-3.470961]]],[[[106.908946,-2.929783],[106.861176,-3.028985],[106.722667,-2.966078],[106.908946,-2.929783]]],[[[107.099232,-2.859058],[107.059581,-2.901462],[107.059418,-2.831964],[107.099232,-2.859058]]],[[[107.39503,-2.86891],[107.504731,-2.854669],[107.410147,-2.947565],[107.39503,-2.86891]]],[[[130.87322,-3.573989],[130.817882,-3.868829],[130.00172,-3.473077],[129.890473,-3.333103],[129.509613,-3.302504],[129.563243,-3.43963],[129.485606,-3.463474],[128.960785,-3.355564],[128.981944,-3.251886],[128.877452,-3.202569],[128.677582,-3.432306],[128.484141,-3.462498],[128.178722,-3.194268],[128.165782,-3.06699],[127.926036,-3.553481],[127.842296,-3.173272],[128.103689,-3.06699],[128.175466,-2.857029],[129.052908,-2.804457],[129.177094,-2.957696],[129.541026,-2.780043],[129.964854,-2.973565],[130.389334,-2.993829],[130.587901,-3.12949],[130.666677,-3.403578],[130.81658,-3.434259],[130.87322,-3.573989]]],[[[131.599376,-2.634861],[131.654633,-2.613214],[131.598155,-2.653904],[131.599376,-2.634861]]],[[[108.293712,-2.848403],[108.210623,-3.135837],[108.073985,-3.226007],[107.980968,-3.239841],[107.870453,-3.05169],[107.815196,-3.16725],[107.602794,-3.228858],[107.54713,-2.916681],[107.670258,-2.561456],[108.097911,-2.608168],[108.293712,-2.848403]]],[[[134.581228,-2.416436],[134.534434,-2.435642],[134.56422,-2.329848],[134.581228,-2.416436]]],[[[134.38502,-2.003595],[134.424327,-2.045994],[134.332367,-2.111098],[134.38502,-2.003595]]],[[[126.069102,-2.384454],[126.013438,-2.459568],[125.904552,-2.231378],[125.93336,-1.964532],[126.069102,-2.384454]]],[[[123.857432,-1.950372],[123.7942,-1.99212],[123.787364,-1.873956],[123.857432,-1.950372]]],[[[126.329112,-1.819268],[125.43214,-1.94964],[125.335297,-1.850681],[125.40211,-1.774672],[126.329112,-1.819268]]],[[[123.132823,-1.765313],[123.106456,-1.871189],[123.074474,-1.818943],[123.132823,-1.765313]]],[[[134.23585,-1.738539],[134.219981,-1.812595],[134.175141,-1.943455],[134.23585,-1.738539]]],[[[130.386485,-1.888279],[130.43686,-1.976332],[130.126475,-2.06699],[129.714854,-1.881443],[130.342947,-1.67669],[130.386485,-1.888279]]],[[[125.314789,-1.778985],[125.31837,-1.882582],[124.828298,-1.895115],[124.543224,-2.006524],[124.406016,-2.004083],[124.329112,-1.870782],[124.384939,-1.667901],[124.518077,-1.626235],[125.314789,-1.778985]]],[[[136.848481,-1.765313],[136.266368,-1.909356],[135.422211,-1.610772],[136.848481,-1.765313]]],[[[106.769054,-2.560317],[106.833263,-2.580255],[106.60377,-2.910252],[106.751964,-3.073663],[106.532237,-3.105645],[106.436046,-2.970636],[105.986501,-2.821222],[105.780447,-2.150811],[105.565766,-2.06699],[105.306407,-2.135024],[105.147472,-2.080011],[105.135916,-1.965509],[105.402354,-1.783298],[105.349864,-1.648696],[105.565766,-1.531915],[105.702891,-1.65545],[105.663097,-1.739679],[105.812755,-1.792657],[105.695567,-1.531915],[105.913748,-1.494236],[106.179454,-1.888279],[106.318858,-2.431329],[106.769054,-2.560317]]],[[[135.285655,-1.476739],[135.31186,-1.510186],[135.10906,-1.47381],[135.285655,-1.476739]]],[[[128.145193,-1.594008],[128.051524,-1.714532],[127.532725,-1.731378],[127.378673,-1.632257],[127.428396,-1.415134],[127.634288,-1.328709],[128.145193,-1.594008]]],[[[127.689952,-1.2138],[127.552582,-1.236912],[127.473888,-1.217706],[127.689952,-1.2138]]],[[[123.503103,-1.264418],[123.528575,-1.433038],[123.408376,-1.516534],[123.288585,-1.421563],[123.243337,-1.63242],[123.110688,-1.576918],[123.152354,-1.300551],[122.895844,-1.589532],[122.812022,-1.443617],[122.913829,-1.176365],[123.189464,-1.145278],[123.231944,-1.394708],[123.352224,-1.229181],[123.503103,-1.264418]]],[[[129.954438,-1.162693],[129.859223,-1.233168],[129.762706,-1.210382],[129.954438,-1.162693]]],[[[134.99822,-1.01865],[134.925792,-1.135512],[134.800059,-1.027765],[134.877778,-0.93613],[134.927989,-1.072035],[134.99822,-1.01865]]],[[[131.057384,-1.000665],[130.961925,-1.353774],[130.758067,-1.238214],[130.64975,-0.97381],[130.891856,-0.889907],[131.057384,-1.000665]]],[[[130.917247,-0.778416],[130.400157,-0.929295],[130.478526,-0.7999],[130.917247,-0.778416]]],[[[136.375662,-1.093683],[136.160655,-1.22088],[135.88502,-1.183038],[135.765391,-0.839288],[135.458669,-0.792739],[135.370372,-0.635919],[135.869314,-0.70379],[136.1963,-1.066583],[136.375662,-1.093683]]],[[[127.296153,-0.743748],[127.155528,-0.772393],[127.200857,-0.622817],[127.296153,-0.743748]]],[[[130.677582,-0.435805],[130.641124,-0.52752],[130.461681,-0.52516],[130.677582,-0.435805]]],[[[121.853852,-0.401056],[121.894786,-0.507908],[121.642263,-0.545587],[121.853852,-0.401056]]],[[[104.548513,-0.398045],[104.511241,-0.613946],[104.356293,-0.661716],[104.284028,-0.401056],[104.469574,-0.332127],[104.548513,-0.398045]]],[[[122.029552,-0.332127],[122.026622,-0.406915],[121.86085,-0.377862],[122.029552,-0.332127]]],[[[127.888927,-0.764744],[127.754893,-0.887628],[127.625743,-0.752374],[127.457693,-0.815606],[127.316661,-0.339614],[127.4463,-0.415297],[127.578624,-0.324965],[127.687999,-0.480645],[127.65268,-0.707208],[127.888927,-0.764744]]],[[[127.23463,-0.490411],[127.108572,-0.501072],[127.174815,-0.255548],[127.29713,-0.281915],[127.23463,-0.490411]]],[[[103.712738,-0.269708],[103.756521,-0.346449],[103.461681,-0.366876],[103.557872,-0.223403],[103.712738,-0.269708]]],[[[122.217621,-0.247166],[122.222911,-0.270196],[122.158376,-0.211358],[122.217621,-0.247166]]],[[[122.369151,-0.263849],[122.375987,-0.346449],[122.225841,-0.199395],[122.369151,-0.263849]]],[[[121.574555,-0.18255],[121.597423,-0.124688],[121.642589,-0.176853],[121.574555,-0.18255]]],[[[131.297618,-0.237237],[131.25294,-0.384373],[130.979015,-0.36004],[130.625255,-0.084975],[130.750987,-0.28753],[130.948253,-0.366876],[130.756033,-0.445977],[130.688243,-0.291192],[130.547374,-0.43613],[130.523692,-0.257582],[130.217052,-0.20086],[130.424083,-0.199314],[130.29713,-0.165216],[130.338145,-0.079522],[130.824718,-0.003839],[131.153656,-0.085707],[131.297618,-0.237237]]],[[[104.928966,-0.237237],[105.011485,-0.281508],[104.935232,-0.332127],[104.435557,-0.192153],[104.564626,0.030341],[104.928966,-0.237237]]],[[[129.536876,-0.13421],[129.540294,-0.216729],[129.293468,0.047675],[129.536876,-0.13421]]],[[[127.459972,-0.003839],[127.432628,0.006781],[127.391368,0.026028],[127.459972,-0.003839]]],[[[104.497081,0.071275],[104.459158,0.047309],[104.408702,0.150946],[104.497081,0.071275]]],[[[104.688731,0.071275],[104.578868,0.124905],[104.498546,0.223293],[104.688731,0.071275]]],[[[104.405528,0.338813],[104.399587,0.294989],[104.346934,0.359931],[104.405528,0.338813]]],[[[127.398692,0.379584],[127.358165,0.283515],[127.337087,0.348782],[127.398692,0.379584]]],[[[104.215831,0.708157],[104.287608,0.650784],[104.260265,0.643378],[104.215831,0.708157]]],[[[127.378673,0.623033],[127.403819,0.750393],[127.444835,0.727444],[127.378673,0.623033]]],[[[104.284028,0.708157],[104.191661,0.745998],[104.254161,0.797838],[104.284028,0.708157]]],[[[127.371104,0.784491],[127.303396,0.764879],[127.304861,0.85517],[127.371104,0.784491]]],[[[104.226085,0.880072],[104.176443,0.798489],[104.099132,0.94892],[104.226085,0.880072]]],[[[97.928477,0.99608],[97.874278,0.622016],[97.704112,0.57274],[97.61378,0.823554],[97.395356,0.944892],[97.06365,1.415229],[97.416759,1.519232],[97.928477,0.99608]]],[[[125.295095,1.551663],[125.291759,1.465277],[125.185313,1.390692],[125.295095,1.551663]]],[[[127.666026,-0.209242],[127.715587,0.312567],[127.526866,0.560614],[127.624522,0.832221],[127.49464,0.905015],[127.491954,1.054918],[127.404145,1.042792],[127.398611,1.209052],[127.629731,1.835395],[128.047374,2.203843],[127.846446,1.851467],[128.014903,1.719224],[128.014903,1.305243],[127.627615,0.937405],[127.851736,0.811754],[127.993907,1.082994],[128.179454,1.154446],[128.092052,1.25727],[128.2046,1.38996],[128.719493,1.570624],[128.701182,1.070868],[128.213552,0.773912],[128.680837,0.554511],[128.690115,0.346991],[128.899587,0.20779],[128.461111,0.394843],[127.910492,0.43769],[127.885753,0.023505],[127.980724,-0.263849],[128.440684,-0.908787],[128.032237,-0.699314],[127.666026,-0.209242]]],[[[125.43214,2.387681],[125.452647,2.333075],[125.369477,2.374091],[125.43214,2.387681]]],[[[128.686371,2.483954],[128.566661,2.109931],[128.269054,1.995347],[128.197113,2.266181],[128.321137,2.458645],[128.566417,2.633612],[128.686371,2.483954]]],[[[125.443614,2.793036],[125.392589,2.628892],[125.360118,2.753323],[125.443614,2.793036]]],[[[125.652517,3.469631],[125.617198,3.395087],[125.507335,3.463324],[125.442068,3.736558],[125.652517,3.469631]]],[[[126.743993,3.853385],[126.833005,3.795959],[126.837915,3.743391],[126.743993,3.853385]]],[[[126.656547,3.981478],[126.696089,3.812256],[126.615108,4.043915],[126.656547,3.981478]]],[[[126.870709,4.331393],[126.798438,4.017644],[126.67642,4.004483],[126.803207,4.222968],[126.7107,4.264137],[126.744395,4.5456],[126.875011,4.49433],[126.870709,4.331393]]],[[[122.36085,-8.432875],[122.410167,-8.443943],[122.376801,-8.501723],[122.36085,-8.432875]]],[[[121.710297,-8.288751],[121.744395,-8.334405],[121.676117,-8.309259],[121.710297,-8.288751]]],[[[121.779796,-7.343438],[121.834809,-7.388279],[121.759044,-7.415785],[121.779796,-7.343438]]],[[[114.593761,-7.130548],[114.618826,-7.16725],[114.499197,-7.137872],[114.593761,-7.130548]]],[[[114.369255,-7.089583],[114.391856,-7.178888],[114.269762,-7.080835],[114.369255,-7.089583]]],[[[123.365733,-1.67311],[123.369802,-1.719903],[123.280284,-1.785821],[123.365733,-1.67311]]],[[[122.139415,-0.38421],[122.070567,-0.398045],[122.076671,-0.269138],[122.139415,-0.38421]]],[[[130.066661,-7.762628],[130.065929,-7.787856],[130.029063,-7.767836],[130.066661,-7.762628]]],[[[130.007823,-7.724867],[129.994151,-7.744399],[129.978852,-7.71266],[130.007823,-7.724867]]],[[[129.675141,-7.571547],[129.663748,-7.536554],[129.706798,-7.554783],[129.675141,-7.571547]]],[[[129.125011,-6.993259],[129.125011,-6.965753],[129.152843,-6.97617],[129.125011,-6.993259]]],[[[129.484548,-6.755304],[129.497081,-6.722589],[129.518077,-6.763116],[129.484548,-6.755304]]],[[[130.013682,-6.328383],[129.998709,-6.317153],[130.020763,-6.312433],[130.013682,-6.328383]]],[[[127.55128,-5.512384],[127.555186,-5.506606],[127.561371,-5.517267],[127.55128,-5.512384]]],[[[127.554861,-5.490492],[127.556977,-5.49977],[127.545909,-5.495294],[127.554861,-5.490492]]],[[[127.79005,-5.409601],[127.798513,-5.40016],[127.803396,-5.407647],[127.79005,-5.409601]]],[[[127.776866,-5.34881],[127.779063,-5.342869],[127.785167,-5.35296],[127.776866,-5.34881]]],[[[131.986501,-5.317641],[132.000336,-5.373224],[131.975108,-5.387465],[131.986501,-5.317641]]],[[[129.757823,-4.522556],[129.762706,-4.518813],[129.778331,-4.524509],[129.757823,-4.522556]]],[[[134.310313,0.756496],[134.342947,0.765204],[134.32252,0.730536],[134.310313,0.756496]]],[[[131.236339,1.019355],[131.237071,1.02497],[131.244884,1.035346],[131.236339,1.019355]]],[[[131.255626,1.068793],[131.271169,1.072008],[131.265391,1.05272],[131.255626,1.068793]]],[[[126.394867,1.339342],[126.385427,1.286282],[126.352387,1.335883],[126.394867,1.339342]]],[[[125.393403,2.118232],[125.362153,2.086371],[125.357188,2.113918],[125.393403,2.118232]]],[[[126.591156,5.557115],[126.598643,5.565375],[126.599376,5.553616],[126.591156,5.557115]]],[[[121.614106,-10.602472],[121.615001,-10.626642],[121.531423,-10.638442],[121.614106,-10.602472]]],[[[115.89088,-7.10711],[115.837738,-7.197198],[115.743012,-7.150323],[115.89088,-7.10711]]],[[[134.727794,-6.504571],[134.674815,-6.563084],[134.62379,-6.486098],[134.727794,-6.504571]]],[[[110.431326,-5.837335],[110.463634,-5.85711],[110.430349,-5.873712],[110.431326,-5.837335]]],[[[134.212738,-5.758722],[134.206879,-5.827325],[134.169688,-5.768324],[134.212738,-5.758722]]],[[[133.591807,-2.461521],[133.557384,-2.504327],[133.50587,-2.424493],[133.591807,-2.461521]]],[[[123.600597,-1.603285],[123.601329,-1.702813],[123.4935,-1.709649],[123.523285,-1.48268],[123.600597,-1.603285]]],[[[128.367361,-0.988377],[128.361664,-1.033624],[128.301524,-0.951104],[128.367361,-0.988377]]],[[[129.902354,-0.408461],[129.897146,-0.479181],[129.844249,-0.444268],[129.902354,-0.408461]]],[[[98.547597,0.159327],[98.851685,0.109621],[98.53874,0.090335],[98.547597,0.159327]]],[[[104.724864,0.749661],[104.754161,0.73725],[104.739268,0.716254],[104.724864,0.749661]]],[[[104.659434,0.845893],[104.656586,0.81387],[104.625499,0.810696],[104.659434,0.845893]]],[[[125.172211,1.799221],[125.144705,1.741848],[125.125987,1.815416],[125.172211,1.799221]]],[[[127.130382,4.7744],[127.145763,4.752183],[127.123057,4.752509],[127.130382,4.7744]]]]}},{"type":"Feature","properties":{"name":"Malaysia","ISO3166-1-Alpha-3":"MYS","ISO3166-1-Alpha-2":"MY"},"geometry":{"type":"MultiPolygon","coordinates":[[[[117.703608,4.163415],[117.701671,4.267524],[117.907039,4.156683],[117.703608,4.163415]]],[[[102.07309,6.257514],[102.338145,6.176988],[102.520763,5.871731],[103.027599,5.4855],[103.448009,4.806545],[103.49643,4.30622],[103.338715,3.758205],[103.482188,3.511786],[103.441173,2.922105],[103.948985,2.339911],[104.255219,1.637763],[104.277354,1.367336],[104.106212,1.37519],[104.059418,1.485338],[104.147634,1.545396],[104.053396,1.506293],[103.965994,1.647854],[104.009776,1.448635],[103.697602,1.450629],[103.516368,1.270453],[103.367361,1.538398],[101.865245,2.394517],[101.774425,2.586575],[101.286388,2.849677],[101.372813,3.002346],[101.297618,3.274604],[100.812266,3.786566],[100.845388,3.851264],[100.709483,3.883043],[100.706309,3.983588],[100.87143,4.018866],[100.632579,4.155463],[100.56544,4.319159],[100.666189,4.669908],[100.364513,5.084296],[100.433279,5.211168],[100.375743,5.81094],[100.137462,6.38052],[100.166836,6.695122],[100.273962,6.696259],[100.387391,6.522084],[100.729954,6.493197],[100.832997,6.236675],[101.081664,6.246467],[101.07877,5.938166],[100.965289,5.792412],[101.122179,5.62989],[101.557914,5.911346],[101.800483,5.739909],[102.07309,6.257514]]],[[[115.146169,4.908515],[115.358409,4.902777],[115.556977,5.067206],[115.605235,5.212104],[115.365245,5.30744],[115.392589,5.413275],[115.604828,5.63581],[115.604828,5.519721],[115.848643,5.560004],[116.050792,5.842271],[116.105968,6.126451],[116.503184,6.495185],[116.777354,7.02676],[116.858653,6.817857],[116.783946,6.59162],[117.150238,7.003119],[117.256521,6.937974],[117.295909,6.636298],[117.458507,6.547553],[117.533702,6.621039],[117.727061,6.451158],[117.722992,6.254625],[117.600352,6.197821],[117.668956,5.972642],[117.468761,5.868557],[118.016856,6.060981],[118.125173,5.863918],[117.921153,5.809027],[117.960297,5.687161],[118.365245,5.813788],[118.594005,5.682074],[118.56544,5.525946],[118.651052,5.63642],[118.932628,5.39411],[119.189301,5.450751],[119.278087,5.344631],[119.155935,5.106187],[118.681488,4.944322],[118.357188,5.038804],[118.136485,4.88231],[118.496593,4.508287],[118.59962,4.519192],[118.645763,4.436754],[118.556895,4.363511],[117.982677,4.231147],[117.656016,4.424221],[117.567149,4.159654],[117.202696,4.356066],[116.522221,4.396787],[116.411323,4.288654],[116.125759,4.378907],[116.020649,4.270852],[115.844122,4.389216],[115.538818,3.920615],[115.601243,3.430231],[115.464094,3.030824],[115.242092,3.041624],[115.069079,2.832645],[115.05647,2.608627],[115.206125,2.509874],[114.778761,2.247202],[114.831988,1.902521],[114.679542,1.840741],[114.545597,1.434952],[114.374858,1.506938],[113.909667,1.442471],[113.624826,1.227575],[112.9582,1.415651],[112.973186,1.569854],[112.470478,1.567657],[112.161556,1.434539],[112.09293,1.143135],[111.823076,1.008467],[111.503199,0.958444],[111.197584,1.075233],[110.553903,0.85137],[110.263481,0.994307],[109.65804,1.59719],[109.528436,1.889989],[109.645274,2.083238],[109.693044,1.873114],[109.927745,1.692288],[110.290782,1.673977],[110.329356,1.802558],[110.390147,1.699042],[110.507986,1.740912],[110.465587,1.620551],[110.726736,1.547431],[110.677908,1.448635],[110.793305,1.572414],[111.141938,1.371527],[111.383556,1.353664],[111.064952,1.462714],[111.005626,1.584459],[111.09547,1.687974],[111.267426,1.627346],[111.096039,1.774482],[111.205903,2.068996],[111.37794,2.161811],[111.184744,2.145087],[111.220958,2.416083],[111.493419,2.346137],[111.404552,2.483954],[111.521251,2.490709],[111.417247,2.555121],[111.457856,2.705634],[111.669607,2.843085],[113.007823,3.161689],[113.946788,4.27383],[113.975841,4.594713],[114.245564,4.481433],[114.282667,4.264909],[114.41992,4.260129],[114.627762,4.016681],[114.84563,4.395108],[114.741967,4.729454],[115.015798,4.916409],[115.091817,4.405417],[115.346272,4.313769],[115.146169,4.908515]]],[[[118.219493,5.855536],[118.213145,5.826606],[118.165538,5.827541],[118.219493,5.855536]]],[[[111.411388,2.391099],[111.312673,2.431342],[111.31544,2.784491],[111.411388,2.391099]]],[[[104.222667,2.78559],[104.130626,2.745795],[104.170665,2.891099],[104.222667,2.78559]]],[[[118.726248,4.491889],[118.681651,4.437079],[118.651215,4.479071],[118.726248,4.491889]]],[[[118.510265,4.648871],[118.59962,4.635199],[118.346446,4.676215],[118.510265,4.648871]]],[[[115.248546,5.365465],[115.231944,5.273139],[115.160899,5.266995],[115.248546,5.365465]]],[[[100.309825,5.450751],[100.288748,5.262681],[100.184337,5.268541],[100.179454,5.458197],[100.309825,5.450751]]],[[[99.786292,6.241822],[99.836978,6.294227],[99.805596,6.171793],[99.786292,6.241822]]],[[[99.900617,6.364304],[99.728735,6.261476],[99.645228,6.435841],[99.842029,6.469639],[99.900617,6.364304]]],[[[117.468761,6.766669],[117.506602,6.673489],[117.346934,6.654975],[117.468761,6.766669]]],[[[117.002615,7.355699],[116.971446,7.271389],[116.890961,7.193671],[117.002615,7.355699]]],[[[117.171153,7.342678],[117.281912,7.332343],[117.26238,7.201972],[117.071544,7.102484],[117.067719,7.280015],[117.171153,7.342678]]],[[[101.271169,3.046454],[101.259613,3.030219],[101.23699,3.035061],[101.271169,3.046454]]],[[[101.337657,3.051825],[101.302257,2.988674],[101.266368,2.971503],[101.337657,3.051825]]]]}},{"type":"Feature","properties":{"name":"China","ISO3166-1-Alpha-3":"CHN","ISO3166-1-Alpha-2":"CN"},"geometry":{"type":"MultiPolygon","coordinates":[[[[78.917694,33.386258],[78.781372,33.552785],[78.721117,33.994386],[78.976192,34.309173],[78.664583,34.526421],[78.296027,34.624658],[78.001161,35.268908],[78.044259,35.491633],[77.883132,35.431068],[76.915026,35.583152],[76.570757,35.751256],[76.537168,35.902513],[76.166027,35.806239],[76.08996,35.978115],[75.899997,36.063485],[76.014409,36.230399],[75.849768,36.644741],[75.64978,36.754037],[75.431912,36.722928],[75.31347,36.928755],[75.100149,36.994125],[74.87236,36.907102],[74.792571,37.015158],[74.38257,37.126572],[74.721464,37.297776],[74.892307,37.231114],[75.164125,37.400638],[74.891893,37.599205],[74.965171,37.767463],[74.790711,38.081449],[74.835773,38.455173],[74.334201,38.666995],[74.123361,38.669475],[74.028897,38.527236],[73.816403,38.586586],[73.680804,38.872977],[73.826119,38.976898],[73.607837,39.207324],[73.632642,39.448343],[73.921617,39.582133],[73.818574,39.786048],[73.976704,40.043603],[74.862128,40.32617],[74.835359,40.511637],[75.19389,40.441254],[75.559863,40.63287],[75.681819,40.291702],[76.244162,40.441202],[76.313512,40.343327],[76.609411,40.59711],[76.860972,41.013208],[78.074955,41.039512],[78.359899,41.377527],[78.658278,41.532453],[79.747514,41.879745],[79.842909,42.00183],[80.231206,42.033689],[80.268413,42.237966],[80.143769,42.644762],[80.248259,42.816199],[80.548602,42.878469],[80.368148,43.02846],[80.793445,43.14946],[80.338899,44.121494],[80.355849,44.652883],[80.492275,44.727969],[79.991737,44.793649],[79.858205,44.90372],[80.103358,45.032188],[81.665227,45.347982],[81.950119,45.144481],[82.245295,45.231814],[82.539747,45.123655],[82.631989,45.415834],[82.291493,45.533191],[82.985508,46.94251],[83.021475,47.205905],[83.905348,46.973956],[84.663545,46.983852],[84.739613,46.814766],[85.225836,47.041574],[85.498636,47.051832],[85.678987,47.274893],[85.515379,47.92028],[85.718674,48.358832],[86.565083,48.527323],[86.751996,48.715426],[86.709415,48.954222],[86.859483,49.105324],[87.400432,49.071011],[87.816324,49.165837],[87.8726,48.96802],[87.737879,48.86937],[88.05941,48.708087],[87.983032,48.552335],[88.50269,48.392551],[88.596225,48.197679],[89.045551,47.992989],[89.5418,48.031023],[89.751296,47.824317],[90.044612,47.879766],[90.082852,47.756104],[90.3448,47.658642],[90.46872,47.308922],[90.885129,46.944733],[91.047496,46.566409],[90.896188,46.302033],[91.002435,46.021843],[90.710773,45.752196],[90.651138,45.493142],[90.873243,45.186184],[93.525278,44.951263],[94.69823,44.343496],[95.397722,44.280502],[95.318967,44.017108],[95.535284,43.95768],[95.874385,43.247103],[96.318699,42.910069],[96.357767,42.724499],[97.193271,42.78726],[99.474476,42.564199],[100.016975,42.676518],[101.524945,42.537456],[102.034164,42.18461],[103.073481,42.004517],[103.691427,41.759235],[104.500784,41.870598],[104.504918,41.656554],[104.97383,41.586145],[106.767829,42.286619],[108.177355,42.454309],[109.485131,42.449296],[110.406728,42.768605],[110.973412,43.3156],[111.933353,43.696636],[111.838785,43.938792],[111.397055,44.387369],[111.738533,44.9663],[111.958261,45.084536],[112.412807,45.066036],[112.748497,44.865273],[113.604776,44.739699],[114.089294,44.961753],[114.533711,45.3855],[115.667389,45.454281],[116.169891,45.709097],[116.213195,45.908155],[116.568316,46.290871],[116.814606,46.38673],[117.337468,46.357275],[117.393795,46.57137],[117.797595,46.520262],[118.268987,46.722937],[118.720071,46.676739],[118.846523,46.765493],[119.316934,46.611678],[119.85442,46.65966],[119.896433,46.898586],[119.699959,47.159526],[118.542252,47.966246],[117.766899,47.993144],[117.360826,47.650865],[116.822047,47.876304],[116.243891,47.862894],[115.914506,47.683912],[115.575715,47.909738],[115.51422,48.131637],[115.799991,48.242328],[115.800404,48.530372],[116.684278,49.823265],[117.836869,49.50902],[118.644365,49.954575],[119.31621,50.092654],[119.356621,50.340753],[119.137565,50.392532],[119.496664,50.737059],[119.517955,50.904801],[119.740835,51.071535],[120.100452,51.659949],[120.647602,51.911019],[120.77917,52.117595],[120.626156,52.346806],[120.72398,52.542169],[120.454022,52.639036],[120.079368,52.589969],[120.032962,52.760657],[120.874255,53.28016],[122.316751,53.496012],[123.614294,53.563347],[124.870135,53.108],[125.073688,53.212205],[125.621355,53.062137],[125.733545,52.981651],[125.64647,52.884887],[125.837363,52.90672],[126.088045,52.77541],[125.990842,52.58643],[126.212327,52.533048],[126.315731,52.316213],[126.43929,52.275286],[126.316713,52.199761],[126.555975,52.130643],[126.43929,51.997861],[126.725577,51.708731],[126.676898,51.576595],[126.909442,51.391102],[126.808983,51.289067],[126.972177,51.324],[126.931766,51.063783],[127.287352,50.751012],[127.330656,50.328195],[127.590641,50.208719],[127.486668,50.02563],[127.538654,49.789934],[127.854655,49.584881],[128.671866,49.611443],[128.801678,49.565141],[128.76013,49.470883],[129.115354,49.348772],[129.480603,49.421274],[130.201799,48.882599],[130.674328,48.870817],[130.529738,48.616258],[130.626373,48.482261],[130.758974,48.485724],[130.82512,48.317775],[130.674742,48.063941],[131.023351,47.682284],[132.524655,47.707528],[132.67462,47.950614],[133.091958,48.10678],[133.524387,48.095438],[133.737914,48.251087],[134.38635,48.381337],[134.718733,48.263412],[134.559362,48.009525],[134.772579,47.710732],[134.556882,47.471186],[134.183571,47.3275],[134.22729,47.117745],[134.06916,46.981242],[134.014796,46.665034],[133.845814,46.470653],[133.902452,46.258986],[133.687374,46.141836],[133.658125,45.93451],[133.477258,45.820098],[133.477258,45.627707],[133.179808,45.493813],[133.09878,45.10779],[132.92122,45.027899],[131.968823,45.233984],[131.853068,45.337596],[131.433765,44.961288],[130.933434,44.841708],[131.264473,44.054211],[131.160707,43.53277],[131.280906,43.380221],[131.078335,43.031819],[131.103036,42.910431],[130.407161,42.735377],[130.571906,42.621818],[130.530771,42.53048],[130.262674,42.708609],[130.239006,42.90224],[129.879751,42.996033],[129.703328,42.442372],[129.535173,42.36956],[129.340146,42.445472],[129.211162,42.219956],[128.940067,42.035368],[128.034593,41.993743],[128.303,41.583406],[128.14611,41.376339],[128.001416,41.470855],[127.134648,41.522014],[127.17971,41.585163],[126.929802,41.801041],[126.788622,41.695906],[126.679482,41.735981],[126.522127,41.351947],[126.007843,40.899313],[125.760933,40.885671],[125.413254,40.631785],[124.895508,40.483628],[124.137218,39.842353],[123.773041,39.818345],[123.656749,39.919501],[123.427745,39.72663],[123.417084,39.82453],[123.252045,39.817084],[123.223155,39.679755],[123.009125,39.680487],[122.29005,39.350979],[122.042328,39.059719],[121.826915,39.036282],[121.871349,38.950629],[121.724701,39.030178],[121.587413,38.94009],[121.6963,38.862942],[121.179535,38.720933],[121.117931,38.943427],[121.674083,39.088039],[121.589939,39.264054],[121.942963,39.399359],[121.52589,39.364651],[121.436046,39.508612],[121.223399,39.528632],[121.533295,39.622301],[121.470714,39.810248],[121.87379,39.9914],[122.30185,40.502346],[122.159434,40.701606],[121.851085,40.832261],[121.867931,40.995795],[121.739552,40.849079],[121.361339,40.939643],[120.981944,40.826809],[120.939545,40.740546],[121.020738,40.71933],[120.825321,40.674033],[120.472016,40.214301],[119.535592,39.890826],[119.208588,39.569566],[119.281398,39.575014],[119.279429,39.384006],[118.926036,39.130601],[118.969981,39.193305],[118.87379,39.213813],[118.326096,39.030932],[118.02802,39.219798],[117.715424,39.111396],[117.775264,38.981058],[117.701915,38.995307],[117.543549,38.621324],[117.716082,38.378511],[118.065214,38.143082],[118.950037,38.097262],[119.259597,37.715847],[119.069472,37.740631],[118.969981,37.593451],[118.961192,37.29564],[119.145518,37.17886],[119.7706,37.151842],[119.897309,37.249416],[119.858897,37.360175],[120.32252,37.632392],[120.215668,37.684068],[120.738048,37.83397],[121.13795,37.701158],[121.171641,37.577094],[121.393565,37.622463],[121.570323,37.428656],[121.988048,37.425605],[122.121837,37.56273],[122.183197,37.418158],[122.688243,37.409817],[122.549653,37.31977],[122.628917,37.192816],[122.453949,37.154283],[122.402354,37.02147],[122.54005,37.027737],[122.507416,36.898017],[122.319835,36.822943],[122.185313,36.849921],[122.26588,36.898017],[122.166108,37.014106],[122.033051,36.898017],[122.049164,36.979926],[121.92628,36.993598],[121.625255,36.740383],[121.49643,36.774482],[121.607188,36.844957],[121.459483,36.828681],[121.401703,36.712388],[121.023529,36.58393],[120.75058,36.616848],[120.750255,36.540758],[120.963634,36.547919],[120.949962,36.459174],[120.867442,36.377183],[120.714122,36.428697],[120.627778,36.116523],[120.353526,36.040839],[120.306407,36.274237],[120.284516,36.175971],[120.097179,36.226386],[120.175304,35.993638],[120.298839,35.973131],[119.908214,35.744859],[119.904552,35.624579],[119.64796,35.58393],[119.358002,35.097113],[119.192882,35.000434],[119.192231,34.718207],[119.442231,34.746039],[119.647716,34.53384],[120.257091,34.311835],[120.483735,33.64997],[120.895763,33.013577],[120.830333,32.697659],[121.389409,32.384948],[121.44337,32.114325],[121.798644,31.970475],[121.922057,31.754378],[121.817306,31.690949],[121.286418,31.890589],[120.977817,31.814365],[120.634376,32.07701],[120.131358,31.943183],[119.842133,32.299058],[119.612885,32.35456],[119.685395,32.292426],[119.606049,32.196926],[119.788585,32.198635],[120.006396,31.950305],[120.750354,31.978336],[120.824799,31.828702],[120.731456,31.81387],[121.144402,31.684658],[121.725164,31.281567],[121.95082,30.982081],[121.960075,30.874257],[121.542937,30.816495],[120.998146,30.557924],[120.831791,30.30525],[120.479145,30.403524],[120.147094,30.198891],[120.621606,30.372563],[120.734401,30.232213],[120.631789,30.122388],[120.792247,30.066067],[120.646251,30.126939],[121.254102,30.348393],[121.429592,30.292976],[121.721934,29.960517],[122.129143,29.903777],[121.687348,29.562649],[121.44337,29.524237],[121.484864,29.39054],[121.710948,29.538642],[121.811988,29.490118],[121.79612,29.600591],[121.971202,29.593329],[121.942963,29.195868],[121.785347,29.168085],[121.786632,29.374498],[121.724328,29.182035],[121.574311,29.305121],[121.408539,29.161119],[121.62143,29.113267],[121.532074,29.020494],[121.689789,29.017076],[121.684174,28.9147],[121.491791,28.928371],[121.669932,28.825344],[121.62143,28.735907],[121.351166,28.711859],[121.142345,28.845852],[121.258393,28.675116],[121.510128,28.657059],[121.581619,28.50469],[121.511567,28.489488],[121.656342,28.339301],[121.585541,28.256822],[121.408946,28.304918],[121.345795,28.145168],[121.225165,28.238863],[121.264659,28.366034],[121.168956,28.384833],[121.024994,28.304592],[121.124753,28.23552],[120.965228,27.987145],[120.559581,28.112779],[120.868364,27.882559],[120.722614,27.71591],[120.635265,27.763332],[120.596574,27.570283],[120.681977,27.481594],[120.504893,27.344957],[120.517833,27.201606],[120.195811,27.297797],[120.182384,27.216864],[120.34726,27.24258],[120.421723,27.146959],[120.243663,27.132717],[120.255219,26.997056],[120.148692,26.981879],[120.219086,26.915432],[120.031993,26.899888],[120.134369,26.646064],[119.847179,26.523627],[120.079682,26.796942],[119.925141,26.792182],[119.879649,26.655341],[119.791759,26.68769],[119.846283,26.8522],[119.756196,26.737738],[119.685802,26.811998],[119.724946,26.697821],[119.552094,26.749091],[119.599864,26.57038],[119.784923,26.577826],[119.791759,26.413316],[119.566417,26.454901],[119.681895,26.317125],[119.825776,26.426947],[119.949962,26.364936],[119.654307,26.272406],[119.458507,25.982489],[119.093516,26.145819],[119.329845,25.944281],[119.519054,26.044501],[119.695404,26.002631],[119.566417,25.872056],[119.589936,25.687161],[119.449067,25.687161],[119.654552,25.35814],[119.579438,25.344468],[119.57602,25.467353],[119.483246,25.371161],[119.507335,25.474433],[119.305186,25.60456],[119.10255,25.420315],[119.201264,25.259711],[119.277843,25.330227],[119.344249,25.242377],[119.116096,25.213782],[119.099132,25.111151],[118.96933,25.226386],[119.027298,25.278238],[118.87558,25.243842],[118.97462,25.182563],[118.849132,25.073798],[119.004161,25.050238],[119.01767,24.960273],[118.911632,24.953437],[118.951996,24.870754],[118.716075,24.843573],[118.667735,24.953437],[118.671153,24.874661],[118.572032,24.885199],[118.76295,24.762681],[118.620453,24.545478],[118.431244,24.699693],[118.219005,24.541449],[118.160492,24.693427],[117.974864,24.55272],[118.021739,24.445746],[117.79127,24.467475],[118.042979,24.406684],[118.126475,24.26203],[117.907319,24.186265],[117.893647,24.028022],[117.748057,23.907538],[117.798106,24.021796],[117.667084,24.06273],[117.591669,23.737064],[117.571056,23.903266],[117.416596,23.946845],[117.490073,23.832579],[117.277354,23.782213],[117.257093,23.615616],[117.229503,23.692816],[117.084228,23.550606],[117.068413,23.651273],[116.916515,23.662746],[116.773224,23.349432],[116.523204,23.418524],[116.804822,23.236122],[116.667247,23.281317],[116.646755,23.162991],[116.508881,23.234117],[116.604504,23.209557],[116.494688,22.939352],[116.213634,22.982815],[116.281458,22.957857],[116.14491,22.847823],[116.042105,22.932918],[116.076178,22.867871],[115.81003,22.746091],[115.730317,22.934231],[115.560557,22.849311],[115.406016,22.925035],[115.612071,22.863593],[115.527017,22.767042],[115.575219,22.668336],[115.233391,22.788209],[115.303803,22.903022],[114.985342,22.689309],[114.862524,22.763216],[114.966629,22.676487],[114.895966,22.547524],[114.743776,22.609404],[114.775238,22.815823],[114.522065,22.705959],[114.590343,22.643866],[114.495372,22.561957],[114.617686,22.514146],[114.515816,22.452643],[114.395763,22.613511],[113.890345,22.452712],[113.758067,22.753404],[113.605561,22.847235],[113.638194,23.034898],[113.59669,22.918199],[113.617198,23.034898],[113.576182,22.938707],[113.528819,23.01081],[113.830089,23.117499],[113.417491,23.096991],[113.483979,22.924262],[113.212983,22.904527],[113.494233,22.774848],[113.377533,22.767401],[113.59917,22.57518],[113.587655,22.237882],[113.483745,22.155142],[113.165294,22.575588],[113.401971,22.179574],[113.157467,22.0247],[113.085053,22.207587],[112.911586,21.856291],[112.82602,21.966132],[112.550873,21.772854],[112.426036,21.84516],[112.493663,21.966132],[112.390636,21.955512],[112.397472,22.068508],[112.40211,21.801418],[112.286225,21.708808],[112.192638,21.843166],[112.028168,21.797349],[112.04127,21.884182],[111.969249,21.824042],[111.890391,21.925116],[112.000255,21.774319],[111.867931,21.676703],[111.678071,21.781155],[111.787934,21.616034],[111.630463,21.529853],[111.476085,21.513617],[111.432221,21.602973],[111.267345,21.439358],[111.30128,21.499335],[111.027599,21.54092],[110.992931,21.424872],[110.768158,21.397528],[110.65089,21.260403],[110.636485,21.370266],[110.76002,21.444729],[110.63559,21.381049],[110.636485,21.23017],[110.431163,21.191474],[110.486339,21.335517],[110.35849,21.435736],[110.399425,21.176581],[110.195567,21.071275],[110.156749,20.848863],[110.368988,20.848863],[110.409434,20.750963],[110.341807,20.821519],[110.300792,20.65705],[110.53419,20.478258],[110.280284,20.252997],[109.917247,20.239325],[109.862804,20.406317],[109.982432,20.351549],[110.009776,20.434231],[109.822113,20.516547],[109.751557,20.673733],[109.860444,20.715481],[109.786876,20.691148],[109.661225,20.927558],[109.765717,21.355943],[109.924083,21.362779],[109.944428,21.493109],[109.81422,21.458401],[109.773204,21.581855],[109.773204,21.485663],[109.649669,21.520453],[109.594493,21.746405],[109.464692,21.664455],[109.572765,21.581732],[109.530772,21.491645],[109.138682,21.401597],[109.039806,21.450263],[109.135753,21.602973],[108.927989,21.615058],[108.855235,21.684963],[108.924083,21.766832],[108.801362,21.818345],[108.86142,21.643948],[108.745372,21.602973],[108.677013,21.815253],[108.594493,21.74018],[108.573334,21.951809],[108.491466,21.856269],[108.458018,21.91767],[108.477794,21.698554],[108.56544,21.678534],[108.470958,21.561998],[108.389659,21.5751],[108.470958,21.671291],[108.341319,21.725816],[108.283783,21.544745],[108.211029,21.500637],[108.206065,21.642564],[107.991222,21.548407],[108.080577,21.485663],[107.970714,21.431627],[107.811641,21.647827],[107.348155,21.599355],[107.002905,21.810556],[107.009364,21.927448],[106.653107,21.968893],[106.662926,22.223296],[106.526913,22.43827],[106.789843,22.797188],[106.487794,22.925423],[106.255405,22.854653],[106.132105,22.975007],[105.853879,22.90465],[105.551572,23.059679],[105.312155,23.36581],[104.870064,23.163548],[104.700772,22.818247],[104.553545,22.836049],[104.340173,22.686368],[104.241161,22.824396],[104.086856,22.791556],[103.959525,22.507103],[103.646934,22.799049],[103.503635,22.581413],[103.309642,22.787938],[103.029039,22.430157],[102.467781,22.768586],[102.218029,22.410675],[101.867921,22.378842],[101.689121,22.478887],[101.515746,22.245362],[101.803842,21.625916],[101.75599,21.143258],[101.517607,21.242632],[101.244342,21.192868],[101.082801,21.766735],[100.621744,21.469078],[100.341968,21.530367],[100.162496,21.436367],[100.086066,21.550934],[100.142807,21.654907],[99.95026,21.721156],[99.942406,22.045529],[99.14447,22.153533],[99.35779,22.495476],[99.307974,22.745176],[99.413394,22.930746],[99.538038,22.926431],[99.333812,23.129623],[99.21661,23.057379],[98.859009,23.179387],[98.889602,23.406789],[98.780874,23.532854],[98.856012,23.610007],[98.663672,23.796947],[98.658815,23.961123],[98.865727,24.145685],[98.10505,24.101527],[97.624666,23.846711],[97.516456,23.942829],[97.720061,24.147442],[97.6473,24.432334],[97.513252,24.438587],[97.532785,24.723324],[97.765226,24.834661],[97.699597,25.065009],[97.800986,25.237634],[98.044899,25.311944],[98.140087,25.611461],[98.312066,25.557459],[98.498101,25.830724],[98.690234,25.865554],[98.54554,26.105643],[98.70553,26.174941],[98.642175,26.254523],[98.755553,26.625043],[98.679279,27.577336],[98.410251,27.684254],[98.294703,27.536615],[98.118693,28.14079],[97.670451,28.511284],[97.527721,28.529526],[97.323496,28.217478],[97.078446,28.375143],[96.301852,28.420711],[96.592584,28.757884],[96.457605,28.994588],[96.195323,28.941106],[96.174625,29.108845],[96.366241,29.257233],[96.235293,29.241214],[96.141966,29.368467],[95.744781,29.340432],[95.717165,29.218284],[95.56443,29.245606],[95.487577,29.068994],[95.367406,29.036496],[94.776571,29.166696],[94.599941,29.316635],[94.287505,29.147938],[94.347311,29.024349],[93.992019,28.844649],[93.927786,28.682752],[93.31717,28.603463],[93.207825,28.340539],[92.678611,28.133064],[92.683674,27.91045],[92.303854,27.78616],[92.239568,27.865277],[91.952247,27.72482],[91.290169,28.091413],[91.051941,27.96279],[90.475232,28.072344],[90.587726,28.233298],[90.29147,28.261351],[90.225591,28.358399],[89.561489,28.13464],[88.978366,27.530283],[88.971933,27.312385],[88.759781,27.435071],[88.81771,27.994881],[88.610488,28.105831],[88.115737,27.947262],[88.118218,27.860885],[87.836685,27.908323],[87.726821,27.807761],[87.369116,27.803937],[87.155796,27.825796],[86.680063,28.105727],[86.553559,28.104151],[86.425298,27.909925],[86.203038,28.002581],[86.15596,28.156525],[86.068731,28.076763],[86.112862,27.926798],[85.98026,27.885172],[85.692939,28.335222],[85.611807,28.251145],[85.087395,28.304113],[85.160982,28.595],[84.81196,28.54198],[84.450845,28.73388],[84.206725,28.940664],[84.08973,29.256613],[83.523718,29.183594],[83.173558,29.621268],[82.836576,29.659793],[82.541814,29.923239],[82.153827,30.058166],[82.088767,30.330088],[81.387518,30.373909],[81.350052,30.15723],[81.21683,30.008195],[81.097768,30.016929],[80.976018,30.255209],[80.179839,30.559479],[80.231412,30.724947],[80.157102,30.79316],[79.833504,30.961522],[79.401592,31.023637],[79.131397,31.438433],[78.921008,31.269685],[78.745095,31.308116],[78.699516,31.510016],[78.818889,31.607374],[78.670887,31.770517],[78.744578,31.9642],[78.457981,32.229662],[78.384807,32.547549],[78.736827,32.629844],[78.77145,32.461663],[78.943429,32.346373],[79.320466,32.592267],[79.443497,32.534773],[79.620673,32.728725],[79.333586,32.994292],[79.456096,33.250399],[78.917694,33.386258]]],[[[111.010509,19.683783],[110.876475,19.539781],[110.794444,19.601264],[110.580333,19.155178],[110.479177,19.169257],[110.554942,19.087348],[110.582286,19.150051],[110.431488,18.821479],[110.503429,18.881903],[110.534434,18.785631],[110.03419,18.511949],[110.040294,18.38227],[109.968598,18.389838],[110.020518,18.450507],[109.746104,18.395901],[109.708751,18.207221],[109.478689,18.192694],[109.439952,18.288967],[109.162608,18.287828],[108.684906,18.515204],[108.626964,19.27497],[109.008474,19.597073],[109.307384,19.711127],[109.273204,19.793647],[109.163341,19.724799],[109.255138,19.898342],[109.581716,19.855699],[109.527029,19.951361],[109.719005,20.010647],[109.990082,19.905951],[110.156993,20.067369],[110.344737,20.058051],[110.417735,19.923407],[110.382986,20.081041],[110.605805,19.923163],[110.566173,20.069525],[110.677908,20.16356],[110.788341,20.010403],[110.934581,19.995063],[111.010509,19.683783]]],[[[111.962657,21.65762],[111.888194,21.588935],[111.847179,21.647406],[111.962657,21.65762]]],[[[112.645356,21.712836],[112.616466,21.619208],[112.525401,21.598863],[112.645356,21.712836]]],[[[112.844005,21.774319],[112.764903,21.581855],[112.711681,21.702541],[112.844005,21.774319]]],[[[113.391449,22.027533],[113.343598,22.068508],[113.384044,22.085395],[113.391449,22.027533]]],[[[113.364757,22.157904],[113.268809,22.088324],[113.30421,22.141832],[113.364757,22.157904]]],[[[113.593516,22.784817],[113.521169,22.787909],[113.396169,22.898098],[113.593516,22.784817]]],[[[117.071544,23.47309],[117.128781,23.399369],[116.942989,23.430062],[117.071544,23.47309]]],[[[117.468901,23.75309],[117.431559,23.58263],[117.320483,23.574016],[117.372732,23.76675],[117.468901,23.75309]]],[[[119.305431,26.035956],[119.404959,25.977932],[119.209239,26.098578],[119.305431,26.035956]]],[[[121.255531,28.140001],[121.151573,28.041232],[121.120372,28.135688],[121.230588,28.219733],[121.255531,28.140001]]],[[[122.23878,30.313137],[122.202322,30.241929],[122.073578,30.291409],[122.23878,30.313137]]],[[[122.398936,30.456488],[122.272797,30.435981],[122.28712,30.48314],[122.398936,30.456488]]],[[[121.837738,31.375149],[121.881847,31.336615],[121.834727,31.292548],[121.837738,31.375149]]],[[[119.880707,32.12519],[119.716156,32.27265],[119.814301,32.27558],[119.880707,32.12519]]],[[[122.3213,39.165961],[122.402599,39.213813],[122.402599,39.159125],[122.3213,39.165961]]],[[[122.635997,39.23428],[122.739513,39.222235],[122.692556,39.207668],[122.635997,39.23428]]],[[[122.684418,39.262193],[122.533458,39.271674],[122.54656,39.296942],[122.684418,39.262193]]],[[[121.422537,39.474514],[121.421723,39.373684],[121.364268,39.445461],[121.259451,39.391506],[121.422537,39.474514]]],[[[122.964366,39.515448],[122.989757,39.549506],[123.029959,39.50788],[122.964366,39.515448]]],[[[110.595876,20.958726],[110.630382,20.925767],[110.563487,20.903469],[110.595876,20.958726]]],[[[110.547537,21.037258],[110.516938,20.937649],[110.24586,20.986029],[110.389822,21.095893],[110.547537,21.037258]]],[[[110.616954,21.191474],[110.543224,21.104967],[110.417735,21.178453],[110.616954,21.191474]]],[[[118.09254,24.55622],[118.181407,24.535102],[118.136485,24.429267],[118.09254,24.55622]]],[[[119.846528,25.536322],[119.757335,25.404934],[119.668468,25.48786],[119.778331,25.52204],[119.692719,25.594224],[119.76352,25.659491],[119.846528,25.536322]]],[[[121.95753,29.119534],[121.888682,29.072333],[121.868175,29.147406],[121.95753,29.119534]]],[[[122.14324,29.733385],[122.162934,29.654527],[122.032888,29.730943],[122.14324,29.733385]]],[[[122.395193,29.883612],[122.359223,29.869778],[122.341807,29.963039],[122.395193,29.883612]]],[[[121.881847,30.076361],[121.871593,29.976711],[121.835134,30.019436],[121.881847,30.076361]]],[[[122.327485,30.024482],[122.29363,29.933783],[122.019054,29.997219],[121.963145,30.142401],[122.327485,30.024482]]],[[[121.844075,31.607947],[121.977851,31.477771],[121.571544,31.529364],[121.176288,31.784323],[121.322564,31.829331],[121.844075,31.607947]]],[[[111.196544,15.775377],[111.1963,15.785712],[111.208507,15.786282],[111.196544,15.775377]]],[[[111.763357,16.043443],[111.753103,16.044664],[111.761404,16.048651],[111.763357,16.043443]]],[[[109.100922,21.021186],[109.099864,21.060696],[109.127696,21.032172],[109.100922,21.021186]]],[[[120.748383,37.938707],[120.754568,37.896674],[120.726329,37.90884],[120.748383,37.938707]]],[[[120.606781,37.979885],[120.625662,37.958686],[120.615489,37.94831],[120.606781,37.979885]]],[[[120.720063,37.980943],[120.709158,37.965766],[120.690929,37.981431],[120.720063,37.980943]]],[[[120.760427,38.170478],[120.773285,38.159735],[120.746593,38.161851],[120.760427,38.170478]]],[[[120.806488,38.288235],[120.807384,38.304877],[120.82838,38.298814],[120.806488,38.288235]]],[[[120.914236,38.384101],[120.906912,38.392564],[120.924571,38.386868],[120.914236,38.384101]]],[[[123.180675,39.091946],[123.160655,39.029242],[123.164724,39.066392],[123.180675,39.091946]]],[[[111.600108,16.527289],[111.602875,16.533352],[111.60963,16.528266],[111.600108,16.527289]]],[[[112.735037,16.657945],[112.725271,16.666205],[112.72877,16.669257],[112.735037,16.657945]]],[[[112.333181,16.825019],[112.325938,16.833238],[112.330577,16.837633],[112.333181,16.825019]]],[[[112.333669,16.933254],[112.337087,16.932034],[112.340505,16.92357],[112.333669,16.933254]]],[[[110.471365,20.647366],[110.451671,20.589179],[110.430024,20.662014],[110.471365,20.647366]]],[[[113.278005,21.925035],[113.267751,21.886461],[113.22169,21.91413],[113.278005,21.925035]]],[[[113.771747,22.000343],[113.764477,21.966818],[113.736279,21.997162],[113.771747,22.000343]]],[[[114.306814,22.057196],[114.206716,22.025784],[114.295421,22.062812],[114.306814,22.057196]]],[[[113.473481,22.098538],[113.52711,22.125881],[113.547618,22.092597],[113.473481,22.098538]]],[[[113.623379,22.439872],[113.657825,22.423751],[113.631449,22.396102],[113.623379,22.439872]]],[[[113.546759,22.741884],[113.641832,22.601624],[113.476511,22.719514],[113.546759,22.741884]]],[[[113.52921,22.960354],[113.553599,22.911281],[113.523757,22.896679],[113.52921,22.960354]]],[[[116.995616,23.563544],[116.992931,23.533881],[116.946544,23.539455],[116.995616,23.563544]]],[[[119.551036,25.209459],[119.51295,25.191392],[119.470388,25.252183],[119.551036,25.209459]]],[[[119.346528,25.566718],[119.334972,25.437974],[119.281505,25.482896],[119.346528,25.566718]]],[[[119.626964,26.107896],[119.638845,26.070502],[119.553966,26.095649],[119.626964,26.107896]]],[[[120.326834,26.939683],[120.337087,26.970038],[120.368907,26.955675],[120.326834,26.939683]]],[[[121.074002,27.479484],[121.093124,27.452894],[121.067264,27.43677],[121.074002,27.479484]]],[[[121.181651,27.864651],[121.173025,27.84101],[121.096039,27.827867],[121.181651,27.864651]]],[[[121.049327,27.950873],[121.07016,27.982896],[121.139171,27.956977],[121.049327,27.950873]]],[[[121.862153,29.129584],[121.83725,29.099799],[121.782725,29.124661],[121.862153,29.129584]]],[[[122.304698,29.81745],[122.272472,29.792141],[122.2317,29.836249],[122.304698,29.81745]]],[[[121.972179,29.94477],[121.974132,29.899848],[121.951915,29.948065],[121.972179,29.94477]]],[[[122.345714,30.241929],[122.277599,30.235541],[122.407725,30.265937],[122.345714,30.241929]]],[[[122.529307,30.720771],[122.463064,30.696357],[122.429942,30.743069],[122.529307,30.720771]]],[[[121.76238,31.373765],[121.751638,31.330512],[121.60255,31.444241],[121.76238,31.373765]]],[[[118.632743,39.074581],[118.480276,38.93482],[118.478483,39.042858],[118.632743,39.074581]]],[[[111.680268,16.578152],[111.678884,16.581122],[111.681651,16.580186],[111.680268,16.578152]]]]}},{"type":"Feature","properties":{"name":"South Korea","ISO3166-1-Alpha-3":"KOR","ISO3166-1-Alpha-2":"KR"},"geometry":{"type":"MultiPolygon","coordinates":[[[[128.364919,38.624335],[129.430186,37.073065],[129.380859,36.041487],[129.58725,36.016913],[129.4546,35.513251],[129.373546,35.532782],[129.360444,35.353583],[129.000402,35.04595],[128.95801,35.136897],[128.70045,35.096137],[128.602061,35.213935],[128.65211,35.061347],[128.478119,35.099066],[128.37143,35.013577],[128.488129,35.051174],[128.435313,34.843166],[128.335053,34.947333],[128.055675,34.931627],[128.069347,35.082465],[127.891205,34.946682],[127.719249,34.990058],[127.575287,34.913642],[127.656505,34.811916],[127.775645,34.849066],[127.640717,34.617987],[127.521251,34.889838],[127.365326,34.824042],[127.50359,34.591325],[127.349376,34.585842],[127.43922,34.540676],[127.343598,34.445014],[127.124522,34.540676],[127.357921,34.698228],[127.248057,34.766547],[126.89796,34.417711],[126.777843,34.586493],[126.521251,34.294176],[126.465912,34.472357],[126.539643,34.562974],[126.295258,34.589057],[126.290294,34.75023],[126.46461,34.584662],[126.378613,34.711182],[126.623627,34.62995],[126.364017,34.74916],[126.665294,34.808092],[126.567638,34.901435],[126.513276,34.782294],[126.373546,34.790717],[126.436371,34.981391],[126.315196,34.937893],[126.374115,35.016832],[126.254242,35.12344],[126.343028,35.156968],[126.425059,35.019761],[126.30893,35.233303],[126.458507,35.345445],[126.492663,35.525333],[126.692475,35.534369],[126.467559,35.639638],[126.662154,35.792998],[126.781993,35.76024],[126.70338,35.848456],[126.837494,35.893297],[126.521417,35.97052],[126.870697,36.061957],[126.692475,35.999905],[126.493419,36.130805],[126.603282,36.17182],[126.498779,36.420106],[126.617442,36.473456],[126.497651,36.448391],[126.479584,36.747138],[126.424238,36.606581],[126.343028,36.740383],[126.295258,36.582709],[126.274181,36.719875],[126.177745,36.673245],[126.128184,36.761298],[126.30893,36.966864],[126.282725,36.803697],[126.3567,36.788764],[126.353038,36.999986],[126.445404,37.003404],[126.483897,36.841498],[126.519135,36.947903],[126.582612,36.898017],[126.500743,37.054999],[126.631114,36.911607],[126.681544,36.994704],[126.796235,36.955756],[126.850841,36.753974],[127.042003,36.993598],[126.91269,36.929633],[126.82441,37.002616],[126.890473,37.095933],[126.755219,37.048814],[126.864513,37.179104],[126.685639,37.130113],[126.658458,37.254299],[126.870697,37.26789],[126.615087,37.379745],[126.534923,37.768215],[126.755219,37.637885],[126.665787,37.937634],[127.090464,38.285855],[128.039864,38.304278],[128.364919,38.624335]]],[[[126.405414,36.458836],[126.328143,36.471089],[126.341181,36.604134],[126.405414,36.458836]]],[[[126.295258,37.802476],[126.318207,37.762274],[126.22047,37.771308],[126.295258,37.802476]]],[[[126.946056,33.478013],[126.840587,33.310207],[126.606919,33.24061],[126.27003,33.197577],[126.161143,33.300767],[126.484935,33.520758],[126.79236,33.563797],[126.946056,33.478013]]],[[[127.173025,34.48371],[127.241873,34.445461],[127.117361,34.437567],[127.173025,34.48371]]],[[[126.380056,34.49844],[126.209972,34.358791],[126.103282,34.402777],[126.247732,34.574774],[126.380056,34.49844]]],[[[127.782074,34.684556],[127.797862,34.579739],[127.768321,34.666083],[127.782074,34.684556]]],[[[125.989024,34.713324],[125.983897,34.660631],[125.925059,34.670966],[125.989024,34.713324]]],[[[126.007172,34.780951],[125.944102,34.743232],[125.901866,34.771064],[126.007172,34.780951]]],[[[126.056,34.913642],[126.08074,34.870998],[125.986501,34.862738],[126.056,34.913642]]],[[[128.069591,34.815009],[128.055919,34.698228],[127.8921,34.712714],[127.829356,34.868964],[127.90211,34.940009],[127.919932,34.835435],[128.069591,34.815009]]],[[[128.748546,34.868964],[128.583995,34.705146],[128.604503,34.835435],[128.488455,34.868964],[128.645518,34.890692],[128.702891,35.032945],[128.748546,34.868964]]],[[[126.110606,35.051174],[126.063813,35.093085],[126.165212,35.1435],[126.110606,35.051174]]],[[[126.563303,37.514443],[126.433595,37.422406],[126.358178,37.461012],[126.563303,37.514443]]],[[[130.903575,37.545844],[130.896739,37.463121],[130.811046,37.487006],[130.903575,37.545844]]],[[[126.3567,37.695136],[126.290782,37.705634],[126.323741,37.745551],[126.3567,37.695136]]],[[[126.507823,37.596869],[126.370128,37.631049],[126.407074,37.820705],[126.516368,37.767239],[126.507823,37.596869]]],[[[124.732677,37.980455],[124.683279,37.954535],[124.684906,37.919989],[124.732677,37.980455]]],[[[127.309093,34.020087],[127.289806,34.024075],[127.283214,34.058295],[127.309093,34.020087]]],[[[127.531912,34.450588],[127.481781,34.431342],[127.45338,34.470608],[127.531912,34.450588]]],[[[127.78297,34.506985],[127.765798,34.493964],[127.70753,34.533881],[127.78297,34.506985]]],[[[126.100108,34.596747],[126.046723,34.531155],[126.050466,34.563422],[126.100108,34.596747]]],[[[126.038097,34.569485],[126.016612,34.606147],[126.052013,34.598334],[126.038097,34.569485]]],[[[125.445811,34.688463],[125.424327,34.647203],[125.398936,34.67182],[125.445811,34.688463]]],[[[126.174083,34.732815],[126.118826,34.718248],[126.105235,34.771552],[126.174083,34.732815]]],[[[126.168712,34.792304],[126.146251,34.761868],[126.102387,34.794379],[126.168712,34.792304]]],[[[126.079438,34.822659],[126.113292,34.871161],[126.1421,34.832913],[126.079438,34.822659]]],[[[128.072765,34.84512],[127.97047,34.87519],[128.018728,34.866156],[128.072765,34.84512]]],[[[126.24643,34.916246],[126.220388,34.922431],[126.247325,34.935452],[126.24643,34.916246]]],[[[126.178396,35.048489],[126.153982,35.035712],[126.136567,35.047756],[126.178396,35.048489]]],[[[128.842784,35.021877],[128.819347,35.014228],[128.801606,35.04914],[128.842784,35.021877]]],[[[126.258067,35.570624],[126.264496,35.600898],[126.302989,35.61933],[126.258067,35.570624]]],[[[126.099864,37.228013],[126.104747,37.267524],[126.15504,37.225735],[126.099864,37.228013]]],[[[126.48406,37.278998],[126.479015,37.247748],[126.442231,37.235175],[126.48406,37.278998]]],[[[126.613943,37.255194],[126.539317,37.198065],[126.542979,37.28498],[126.613943,37.255194]]],[[[125.688243,37.679267],[125.703136,37.661444],[125.684581,37.657294],[125.688243,37.679267]]],[[[124.716482,37.84691],[124.706798,37.806342],[124.684744,37.803941],[124.716482,37.84691]]],[[[125.127696,34.04857],[125.089692,34.079535],[125.122081,34.083808],[125.127696,34.04857]]],[[[126.598969,34.168647],[126.591156,34.15762],[126.507091,34.138861],[126.598969,34.168647]]],[[[126.672048,34.153266],[126.655528,34.116848],[126.638438,34.182563],[126.672048,34.153266]]],[[[126.909353,34.197699],[126.901866,34.152411],[126.849132,34.174384],[126.909353,34.197699]]],[[[126.612153,34.218166],[126.568614,34.179023],[126.556163,34.218655],[126.612153,34.218166]]],[[[126.088715,34.307929],[126.064952,34.280707],[126.021658,34.29564],[126.088715,34.307929]]],[[[126.853852,34.308539],[126.758962,34.33275],[126.850759,34.348456],[126.853852,34.308539]]],[[[127.091563,34.344916],[127.037852,34.321723],[127.007009,34.362616],[127.091563,34.344916]]],[[[126.763927,34.309231],[126.707774,34.29564],[126.645763,34.385565],[126.763927,34.309231]]],[[[126.762462,34.382961],[126.83546,34.438056],[126.833263,34.396959],[126.762462,34.382961]]],[[[128.294607,34.639553],[128.247406,34.615546],[128.225271,34.632839],[128.294607,34.639553]]],[[[128.38583,34.820125],[128.420886,34.78672],[128.368702,34.796537],[128.38583,34.820125]]],[[[128.239919,34.836168],[128.240733,34.807074],[128.212169,34.807807],[128.239919,34.836168]]],[[[126.340668,34.864081],[126.248709,34.844713],[126.289806,34.903022],[126.340668,34.864081]]],[[[126.234223,35.047065],[126.18922,35.10224],[126.229503,35.067328],[126.234223,35.047065]]],[[[131.861042,37.244006],[131.862522,37.243104],[131.861704,37.241606],[131.861042,37.244006]]]]}},{"type":"Feature","properties":{"name":"North Korea","ISO3166-1-Alpha-3":"PRK","ISO3166-1-Alpha-2":"KP"},"geometry":{"type":"MultiPolygon","coordinates":[[[[128.364919,38.624335],[128.039864,38.304278],[127.090464,38.285855],[126.593272,37.7744],[126.397716,37.89175],[126.110362,37.740912],[126.055756,37.870592],[125.921641,37.844875],[125.799327,37.992906],[125.596934,38.032213],[125.739757,37.925238],[125.630626,37.925238],[125.620128,37.765326],[125.347504,37.675605],[125.510102,37.894273],[125.30836,37.809149],[125.26002,37.932685],[124.979503,37.925238],[125.264903,38.077948],[124.667247,38.125718],[124.993012,38.226955],[124.872325,38.257636],[124.879731,38.345201],[125.016368,38.497952],[124.983949,38.591942],[125.128009,38.580281],[125.123383,38.666327],[125.657807,38.631008],[125.447765,38.777248],[125.27768,38.703315],[125.137218,38.803534],[125.335053,39.083441],[125.287364,39.15233],[125.410899,39.213813],[125.459239,39.385077],[125.34254,39.433539],[125.451752,39.571275],[125.116954,39.565863],[124.746104,39.782945],[124.743907,39.644355],[124.637452,39.590483],[124.564057,39.814276],[124.321544,39.912665],[124.499604,40.022528],[124.369965,40.098293],[124.895508,40.483628],[125.413254,40.631785],[125.760933,40.885671],[126.007843,40.899313],[126.522127,41.351947],[126.679482,41.735981],[126.788622,41.695906],[126.929802,41.801041],[127.17971,41.585163],[127.134648,41.522014],[128.001416,41.470855],[128.14611,41.376339],[128.303,41.583406],[128.034593,41.993743],[128.940067,42.035368],[129.211162,42.219956],[129.340146,42.445472],[129.535173,42.36956],[129.703328,42.442372],[129.879751,42.996033],[130.121494,42.981848],[130.239006,42.90224],[130.262674,42.708609],[130.452533,42.549342],[130.516508,42.599365],[130.699962,42.295111],[130.40745,42.324577],[129.690823,41.649716],[129.659403,41.464647],[129.806163,41.376044],[129.716558,40.834586],[129.233482,40.705714],[129.077564,40.472565],[128.636489,40.313217],[128.628875,40.180266],[128.327753,40.028216],[128.006847,40.045152],[127.503754,39.715522],[127.562104,39.31623],[127.495128,39.433417],[127.378429,39.378852],[127.473399,39.347561],[127.391938,39.341864],[127.393403,39.201728],[127.759288,39.117011],[128.364919,38.624335]]],[[[124.926741,39.604786],[124.842656,39.505162],[124.85705,39.548303],[124.926741,39.604786]]],[[[124.883474,38.528551],[124.840831,38.510688],[124.832205,38.553046],[124.883474,38.528551]]],[[[125.328787,37.766669],[125.246837,37.699856],[125.27711,37.740465],[125.328787,37.766669]]],[[[125.147716,37.78559],[125.166189,37.813707],[125.192882,37.811103],[125.147716,37.78559]]],[[[125.030447,37.836168],[125.025645,37.808295],[125.011974,37.821845],[125.030447,37.836168]]],[[[124.687673,39.527167],[124.707779,39.530399],[124.684587,39.503243],[124.687673,39.527167]]],[[[124.687022,39.544745],[124.600352,39.5362],[124.63502,39.563951],[124.687022,39.544745]]],[[[124.596039,39.430243],[124.601736,39.449327],[124.617849,39.444281],[124.596039,39.430243]]],[[[124.214651,39.807242],[124.234433,39.817628],[124.23039,39.798261],[124.214651,39.807242]]]]}},{"type":"Feature","properties":{"name":"Mongolia","ISO3166-1-Alpha-3":"MNG","ISO3166-1-Alpha-2":"MN"},"geometry":{"type":"Polygon","coordinates":[[[116.684278,49.823265],[115.800404,48.530372],[115.799991,48.242328],[115.51422,48.131637],[115.575715,47.909738],[115.914506,47.683912],[116.243891,47.862894],[116.822047,47.876304],[117.360826,47.650865],[117.766899,47.993144],[118.472799,47.989449],[118.767406,47.756156],[119.08346,47.661562],[119.133896,47.527539],[119.699959,47.159526],[119.896433,46.898586],[119.872662,46.673225],[119.316934,46.611678],[118.846523,46.765493],[118.720071,46.676739],[118.268987,46.722937],[117.797595,46.520262],[117.393795,46.57137],[117.337468,46.357275],[116.814606,46.38673],[116.568316,46.290871],[116.213195,45.908155],[116.169891,45.709097],[115.667389,45.454281],[114.533711,45.3855],[114.089294,44.961753],[113.604776,44.739699],[112.748497,44.865273],[112.412807,45.066036],[111.958261,45.084536],[111.738533,44.9663],[111.397055,44.387369],[111.838785,43.938792],[111.933353,43.696636],[110.973412,43.3156],[110.406728,42.768605],[109.485131,42.449296],[108.177355,42.454309],[106.767829,42.286619],[104.97383,41.586145],[104.504918,41.656554],[104.500784,41.870598],[103.691427,41.759235],[103.073481,42.004517],[102.034164,42.18461],[101.524945,42.537456],[100.016975,42.676518],[99.474476,42.564199],[97.193271,42.78726],[96.357767,42.724499],[96.318699,42.910069],[95.874385,43.247103],[95.535284,43.95768],[95.318967,44.017108],[95.397722,44.280502],[94.69823,44.343496],[93.525278,44.951263],[90.873243,45.186184],[90.651138,45.493142],[90.710773,45.752196],[91.002435,46.021843],[90.896188,46.302033],[91.047496,46.566409],[90.885129,46.944733],[90.46872,47.308922],[90.3448,47.658642],[90.082852,47.756104],[90.044612,47.879766],[89.751296,47.824317],[89.5418,48.031023],[89.074697,47.984256],[88.635809,48.175846],[88.50269,48.392551],[87.95182,48.575202],[88.05941,48.708087],[87.735709,48.886733],[87.8726,48.96802],[87.816324,49.165837],[88.143953,49.27074],[88.174752,49.443857],[89.160738,49.502716],[89.216445,49.634491],[89.37194,49.581678],[89.702411,49.719964],[89.615336,49.84192],[89.667684,49.92729],[90.683901,50.216212],[91.012046,50.425295],[91.415743,50.461365],[91.749779,50.684091],[92.15885,50.689103],[92.360905,50.868369],[92.649776,50.674066],[92.961695,50.777884],[93.104942,50.598825],[94.25867,50.557535],[94.354478,50.223602],[94.603455,50.019739],[94.921575,50.045887],[95.500661,49.886724],[95.827876,50.020152],[95.946319,49.938503],[96.055976,49.99881],[96.585143,49.857526],[96.969202,49.886672],[97.343339,49.734175],[97.566582,49.916799],[98.047999,50.023046],[98.262457,50.283805],[98.293462,50.518623],[98.038491,50.622958],[97.984644,50.846923],[97.80636,51.001126],[98.039731,51.4573],[98.220392,51.475205],[98.33222,51.718317],[98.682689,51.819474],[98.886398,52.128551],[99.917911,51.749478],[100.510898,51.726895],[101.350175,51.450452],[102.074679,51.374824],[102.193379,51.307205],[102.146509,51.097632],[102.216789,50.798864],[102.329392,50.718817],[102.302933,50.563892],[102.927391,50.302977],[103.20169,50.296983],[103.276776,50.197557],[104.121685,50.148258],[104.405802,50.300548],[105.32864,50.476455],[106.222281,50.292384],[106.656518,50.327007],[107.192196,50.006044],[107.946517,49.933491],[107.927448,49.670044],[108.538057,49.32743],[109.286693,49.33854],[110.731359,49.137674],[111.338454,49.36474],[112.777126,49.501372],[113.06083,49.595992],[113.182683,49.801974],[113.579661,50.019945],[114.286285,50.276881],[114.75375,50.236211],[115.387819,49.891064],[116.21764,50.013848],[116.684278,49.823265]]]}},{"type":"Feature","properties":{"name":"Vietnam","ISO3166-1-Alpha-3":"VNM","ISO3166-1-Alpha-2":"VN"},"geometry":{"type":"MultiPolygon","coordinates":[[[[107.520393,14.704582],[107.558168,14.886715],[107.445565,15.025389],[107.589071,15.058178],[107.664105,15.268552],[107.148787,15.773457],[107.435643,16.068839],[107.298959,16.064189],[106.956551,16.307068],[106.846687,16.530052],[106.670677,16.444424],[106.540659,16.659139],[106.524536,16.989248],[106.411365,16.995708],[106.284551,17.284786],[106.185435,17.257397],[105.723086,17.673496],[105.46672,18.180959],[105.365537,18.151038],[105.166169,18.306791],[105.079973,18.454353],[105.169477,18.61486],[105.112684,18.698343],[104.71028,18.796089],[103.84842,19.299908],[104.089956,19.48367],[104.000969,19.680738],[104.614265,19.607435],[104.805003,19.790886],[104.780663,19.908088],[104.94949,19.995499],[104.907994,20.175333],[104.657053,20.212695],[104.680928,20.340982],[104.35981,20.439735],[104.615195,20.646493],[104.092282,20.961202],[103.785324,20.845964],[103.676338,20.656518],[103.440435,20.815733],[103.115287,20.868391],[102.801301,21.254828],[102.974107,21.575325],[102.947804,21.737124],[102.84719,21.704464],[102.806727,21.836084],[102.650664,21.657801],[102.59103,21.901352],[102.118655,22.397549],[102.218029,22.410675],[102.442718,22.765175],[103.029039,22.430157],[103.309642,22.787938],[103.503635,22.581413],[103.646934,22.799049],[103.959525,22.507103],[104.086856,22.791556],[104.241161,22.824396],[104.340173,22.686368],[104.553545,22.836049],[104.700772,22.818247],[104.870064,23.163548],[105.312155,23.36581],[105.551572,23.059679],[105.853879,22.90465],[106.132105,22.975007],[106.255405,22.854653],[106.487794,22.925423],[106.789843,22.797188],[106.526913,22.43827],[106.662926,22.223296],[106.653107,21.968893],[107.009364,21.927448],[107.002905,21.810556],[107.348155,21.599355],[107.777896,21.655992],[107.991222,21.485663],[107.766856,21.520209],[107.590587,21.293891],[107.415294,21.328681],[107.374278,21.027574],[107.197032,20.937649],[107.066091,20.958726],[107.149181,21.040595],[107.025645,21.03384],[107.000987,20.951077],[106.85377,20.992255],[106.943126,20.910305],[106.867931,20.882717],[106.798106,21.024807],[106.6421,21.020168],[106.755138,20.938544],[106.805919,20.677558],[106.586762,20.663275],[106.624766,20.594631],[106.518565,20.540961],[106.569615,20.231994],[106.380707,20.211982],[106.176036,19.992336],[105.955577,19.925482],[105.790863,19.603461],[105.808767,19.280178],[105.613292,18.985541],[106.093435,18.258734],[106.270844,18.204088],[106.34669,18.059475],[106.434825,18.123521],[106.498057,17.710639],[106.285167,17.772121],[106.504405,17.682766],[106.763927,17.335517],[107.111827,17.088284],[107.203868,16.919257],[107.141775,16.867743],[107.216482,16.907945],[107.635265,16.587226],[107.44337,16.648017],[107.663097,16.551825],[107.812266,16.313178],[108.042979,16.346381],[108.053966,16.235989],[108.204356,16.216702],[108.19752,16.00373],[108.245372,16.162014],[108.331391,16.155341],[108.279145,15.995673],[108.683442,15.517768],[108.628917,15.455715],[108.697113,15.490424],[108.77296,15.325344],[108.827485,15.429023],[108.951671,15.25023],[108.862478,15.152493],[109.086111,14.715318],[109.307384,13.87637],[109.303966,13.759263],[109.251475,13.890937],[109.220714,13.806138],[109.2942,13.530341],[109.210134,13.630805],[109.339692,13.465481],[109.245128,13.485175],[109.232188,13.393134],[109.465017,12.913316],[109.368826,12.824612],[109.451345,12.570746],[109.342052,12.660102],[109.358897,12.797309],[109.204926,12.64643],[109.345958,12.396308],[109.149669,12.440375],[109.2942,11.871243],[109.176768,12.129462],[109.125824,11.863593],[109.242931,11.735663],[109.135997,11.570217],[109.020274,11.632799],[109.005626,11.343655],[108.531261,11.153266],[108.300059,10.912828],[108.106456,10.918158],[107.998302,10.699368],[107.271983,10.378485],[106.991466,10.480862],[106.984141,10.699368],[106.963634,10.46662],[106.943126,10.600653],[106.747569,10.673651],[106.733409,10.522447],[106.581879,10.452786],[106.741059,10.468004],[106.790782,10.284857],[106.422374,10.316962],[106.797618,10.157213],[106.648936,9.974351],[106.292003,10.261705],[106.668712,9.842841],[106.113292,10.23428],[106.574962,9.739081],[106.543712,9.585028],[106.38502,9.548285],[105.819021,10.007961],[106.197032,9.541164],[106.19337,9.36933],[105.538748,9.12934],[105.101472,8.634275],[104.728526,8.599514],[104.963145,8.719387],[104.774595,8.817867],[104.856558,9.738037],[105.054861,9.933417],[105.113292,9.857082],[105.107107,9.952704],[104.771983,10.22663],[104.613048,10.144477],[104.451345,10.419664],[104.566826,10.528067],[104.854406,10.531322],[105.066744,10.713947],[105.077906,10.946904],[105.317891,10.838849],[105.410496,10.963001],[105.752904,11.015608],[105.878684,10.828074],[105.931342,10.896364],[106.177322,10.766863],[106.160321,11.053512],[105.844423,11.28988],[105.80489,11.624925],[106.01542,11.770497],[106.425834,11.66208],[106.394002,11.969813],[106.70158,11.970795],[107.211884,12.30571],[107.415851,12.254085],[107.514295,12.343847],[107.565093,12.606415],[107.460396,13.021609],[107.604315,13.498531],[107.31994,14.119837],[107.520393,14.704582]]],[[[106.210704,9.620917],[106.284434,9.543687],[106.093435,9.760891],[106.210704,9.620917]]],[[[106.724132,10.268622],[106.738292,10.229153],[106.559581,10.275377],[106.724132,10.268622]]],[[[107.172048,10.464586],[107.187755,10.42064],[107.087169,10.323188],[107.172048,10.464586]]],[[[106.93629,10.439276],[106.88795,10.370998],[106.927501,10.521186],[106.93629,10.439276]]],[[[106.908946,10.532375],[106.867931,10.617133],[106.927419,10.586127],[106.908946,10.532375]]],[[[109.32838,12.221259],[109.31658,12.197496],[109.254568,12.211127],[109.32838,12.221259]]],[[[106.662608,8.739814],[106.600434,8.684963],[106.597992,8.732327],[106.662608,8.739814]]],[[[106.498057,9.891181],[106.535655,9.829169],[106.422374,9.939032],[106.498057,9.891181]]],[[[104.082042,10.370998],[104.05128,10.007961],[103.846039,10.371283],[104.004731,10.450995],[104.082042,10.370998]]],[[[106.874278,10.460395],[106.770681,10.464301],[106.751964,10.665839],[106.874278,10.460395]]],[[[107.080333,20.800442],[107.046153,20.70425],[106.912852,20.8369],[107.080333,20.800442]]],[[[106.840099,20.879869],[106.873546,20.789537],[106.785411,20.930813],[106.840099,20.879869]]],[[[107.525401,20.910305],[107.553233,20.972357],[107.463878,20.814114],[107.525401,20.910305]]],[[[107.745128,21.020168],[107.779145,20.992255],[107.738292,20.937649],[107.745128,21.020168]]],[[[107.532725,21.020168],[107.511729,20.923977],[107.474294,20.946723],[107.532725,21.020168]]],[[[107.621267,21.116034],[107.5796,20.98314],[107.570079,21.026679],[107.621267,21.116034]]],[[[107.580577,21.211982],[107.372895,21.059556],[107.455333,21.275702],[107.580577,21.211982]]],[[[107.813487,21.3605],[107.819347,21.350246],[107.714366,21.310126],[107.813487,21.3605]]],[[[107.868663,21.390082],[107.922374,21.372626],[107.859386,21.364081],[107.868663,21.390082]]],[[[108.942556,10.551947],[108.966156,10.517646],[108.930186,10.514553],[108.942556,10.551947]]],[[[109.393403,12.601874],[109.347423,12.588202],[109.320323,12.627997],[109.393403,12.601874]]],[[[107.36964,20.825914],[107.380219,20.797553],[107.350271,20.81094],[107.36964,20.825914]]],[[[107.382172,20.887885],[107.387869,20.864976],[107.33546,20.876939],[107.382172,20.887885]]],[[[107.825694,21.02497],[107.856293,21.033271],[107.827403,20.989081],[107.825694,21.02497]]]]}},{"type":"Feature","properties":{"name":"Cambodia","ISO3166-1-Alpha-3":"KHM","ISO3166-1-Alpha-2":"KH"},"geometry":{"type":"MultiPolygon","coordinates":[[[[107.520393,14.704582],[107.31994,14.119837],[107.604315,13.498531],[107.460396,13.021609],[107.565093,12.606415],[107.522253,12.366585],[107.415851,12.254085],[107.211884,12.30571],[106.70158,11.970795],[106.394002,11.969813],[106.425834,11.66208],[106.01542,11.770497],[105.80489,11.624925],[105.844423,11.28988],[106.160321,11.053512],[106.177322,10.766863],[105.931342,10.896364],[105.878684,10.828074],[105.752904,11.015608],[105.410496,10.963001],[105.317891,10.838849],[105.077906,10.946904],[105.042456,10.690821],[104.469571,10.415774],[104.249848,10.570258],[103.945567,10.588121],[103.866384,10.699368],[103.820567,10.544013],[103.623871,10.500922],[103.501964,10.617133],[103.688731,10.740953],[103.722423,10.894843],[103.53297,11.162746],[103.40211,10.884345],[103.12672,10.881293],[103.057628,11.220771],[103.15211,11.318101],[103.064464,11.447252],[103.174327,11.426174],[103.03712,11.604926],[102.9546,11.557115],[103.084972,11.727851],[102.893077,11.830268],[102.9546,11.570217],[102.699963,12.138743],[102.762078,12.43609],[102.486385,12.661192],[102.490157,12.996081],[102.328203,13.27516],[102.313424,13.541009],[102.597747,13.60545],[102.54235,13.669709],[102.69862,13.761797],[102.934058,14.200969],[103.637064,14.44328],[103.885162,14.340418],[104.771672,14.439869],[104.97383,14.380648],[105.047314,14.214069],[105.184308,14.34574],[105.337787,14.109993],[105.533175,14.16433],[105.899665,13.922614],[106.069163,13.916542],[106.149469,14.053562],[105.973975,14.365843],[106.17324,14.369667],[106.230084,14.49046],[106.41922,14.466457],[106.512496,14.590351],[106.806896,14.312926],[106.933607,14.320161],[107.28728,14.598516],[107.414921,14.543429],[107.520393,14.704582]]],[[[103.784434,10.515041],[103.778331,10.453803],[103.75587,10.485989],[103.784434,10.515041]]],[[[103.29713,10.731024],[103.268728,10.679633],[103.228526,10.78266],[103.29713,10.731024]]],[[[103.03712,11.357896],[103.007579,11.255072],[102.989268,11.426174],[103.03712,11.357896]]],[[[103.030284,11.501899],[103.034923,11.431708],[102.99586,11.513739],[103.030284,11.501899]]],[[[103.334158,10.58393],[103.312755,10.551663],[103.321544,10.610338],[103.334158,10.58393]]]]}},{"type":"Feature","properties":{"name":"Laos","ISO3166-1-Alpha-3":"LAO","ISO3166-1-Alpha-2":"LA"},"geometry":{"type":"Polygon","coordinates":[[[102.118655,22.397549],[102.59103,21.901352],[102.650664,21.657801],[102.806727,21.836084],[102.84719,21.704464],[102.947804,21.737124],[102.974107,21.575325],[102.801301,21.254828],[103.130015,20.854904],[103.440435,20.815733],[103.676338,20.656518],[103.785324,20.845964],[104.092282,20.961202],[104.615195,20.646493],[104.35981,20.439735],[104.680928,20.340982],[104.657053,20.212695],[104.907994,20.175333],[104.94949,19.995499],[104.780663,19.908088],[104.805003,19.790886],[104.614265,19.607435],[104.000969,19.680738],[104.089956,19.48367],[103.84842,19.299908],[104.71028,18.796089],[105.112684,18.698343],[105.169477,18.61486],[105.079973,18.454353],[105.166169,18.306791],[105.365537,18.151038],[105.46672,18.180959],[105.723086,17.673496],[106.185435,17.257397],[106.284551,17.284786],[106.411365,16.995708],[106.524536,16.989248],[106.540659,16.659139],[106.670677,16.444424],[106.846687,16.530052],[106.956551,16.307068],[107.298959,16.064189],[107.435643,16.068839],[107.148787,15.773457],[107.664105,15.268552],[107.589071,15.058178],[107.445565,15.025389],[107.558168,14.886715],[107.414921,14.543429],[107.28728,14.598516],[106.835835,14.307061],[106.512496,14.590351],[106.393795,14.456173],[106.230084,14.49046],[106.17324,14.369667],[105.969428,14.354861],[106.149469,14.053562],[106.069163,13.916542],[105.899665,13.922614],[105.533175,14.16433],[105.36409,14.10405],[105.256913,14.182443],[105.184308,14.34574],[105.507544,14.564048],[105.593068,14.990792],[105.443775,15.133806],[105.563975,15.272531],[105.477468,15.352811],[105.604282,15.439214],[105.640921,15.68199],[105.412046,15.79976],[105.422071,16.009877],[105.058114,16.121188],[104.76516,16.511345],[104.816423,17.372791],[104.452001,17.665951],[103.975441,18.330665],[103.306851,18.425672],[103.037927,17.990686],[102.852719,17.972031],[102.68291,17.810077],[102.599608,17.955184],[102.078503,18.213799],[101.904301,18.037117],[101.790407,18.073575],[101.729067,17.912189],[101.132307,17.461674],[100.886017,17.57376],[101.165173,18.053421],[101.155407,18.322888],[101.030298,18.427791],[101.23473,18.658449],[101.326404,19.020546],[101.172356,19.376389],[101.254884,19.547154],[100.879816,19.613584],[100.753002,19.48243],[100.474259,19.524985],[100.379175,19.745669],[100.546503,20.167917],[100.344345,20.389971],[100.152522,20.239153],[100.099812,20.362221],[100.27453,20.76199],[100.65213,20.876608],[100.517823,20.906322],[100.725407,21.311672],[101.159024,21.552691],[101.259741,21.179484],[101.517607,21.242632],[101.766739,21.150648],[101.823738,21.234467],[101.715579,21.338182],[101.803842,21.625916],[101.515746,22.245362],[101.71315,22.491548],[101.8426,22.383338],[102.118655,22.397549]]]}},{"type":"Feature","properties":{"name":"Thailand","ISO3166-1-Alpha-3":"THA","ISO3166-1-Alpha-2":"TH"},"geometry":{"type":"MultiPolygon","coordinates":[[[[102.913585,11.645901],[102.605724,12.221259],[102.582367,12.049262],[102.295909,12.190009],[102.352061,12.367255],[102.291677,12.318061],[102.304047,12.427395],[102.20574,12.435777],[102.228282,12.323676],[102.064464,12.570746],[102.056977,12.468329],[101.766124,12.705878],[101.418142,12.595649],[100.857921,12.652655],[100.995779,13.496161],[100.679861,13.509223],[100.59783,13.61225],[100.575857,13.519599],[100.275076,13.516669],[99.962738,13.309882],[100.10434,13.057318],[99.96046,12.667914],[100.02003,12.192694],[99.641856,11.523261],[99.496349,11.13288],[99.511567,10.86636],[99.240408,10.521877],[99.285004,10.364488],[99.151622,10.357367],[99.254649,10.234442],[99.151622,10.103461],[99.144786,9.788235],[99.323578,9.391547],[99.255056,9.232489],[99.474783,9.200995],[99.803396,9.322659],[99.885997,9.233303],[99.967133,8.605658],[100.144216,8.388821],[100.131114,8.514553],[100.22047,8.448717],[100.5746,7.209153],[100.425548,7.267564],[100.406016,7.527655],[100.272634,7.531073],[100.320567,7.707953],[100.210623,7.780911],[100.17921,7.531195],[100.424436,7.171206],[100.555869,7.144695],[100.58542,7.224402],[100.997573,6.856675],[101.351329,6.875922],[101.291731,6.954572],[101.557384,6.841783],[101.771658,6.500718],[102.07309,6.257514],[101.800483,5.739909],[101.557914,5.911346],[101.122179,5.62989],[100.965289,5.792412],[101.07877,5.938166],[101.081664,6.246467],[100.832997,6.236675],[100.729954,6.493197],[100.387391,6.522084],[100.263316,6.700006],[100.166836,6.695122],[100.127289,6.442288],[99.685802,6.877346],[99.748057,7.126044],[99.557872,7.197455],[99.603526,7.376166],[99.378184,7.32095],[99.292735,7.620673],[99.130544,7.767239],[99.033214,7.722805],[99.069591,7.924872],[98.917979,8.051337],[98.770274,8.023668],[98.655447,8.379625],[98.428233,8.316962],[98.424978,8.148424],[98.286876,8.219916],[98.199474,8.534369],[98.391287,9.035305],[98.322276,9.209377],[98.531098,9.566107],[98.46339,9.604438],[98.583018,9.842841],[98.512706,9.836859],[98.72047,10.227932],[98.756793,10.666068],[99.212993,11.108264],[99.630022,11.815766],[99.541655,12.140655],[99.452255,12.12939],[99.403265,12.575926],[99.224465,12.717468],[99.093207,13.038327],[99.190152,13.229504],[99.090003,13.870111],[98.54771,14.377676],[98.243336,14.805118],[98.160447,15.106366],[98.283024,15.289972],[98.559906,15.355317],[98.546987,16.047497],[98.807229,16.110542],[98.902521,16.381637],[98.839579,16.472432],[98.663259,16.286656],[98.456657,16.723218],[98.50947,16.892665],[97.759335,17.691479],[97.637585,18.306326],[97.486483,18.29214],[97.351401,18.551169],[97.509531,18.491276],[97.745692,18.571064],[97.657842,18.925719],[97.810804,19.11222],[97.767086,19.397525],[98.008312,19.639112],[98.024538,19.802978],[98.237548,19.664692],[98.80785,19.806544],[98.899317,19.748615],[99.073466,20.101229],[99.295675,20.062497],[99.510339,20.15381],[99.420629,20.375553],[99.651932,20.306824],[99.937135,20.445006],[100.152522,20.239153],[100.344345,20.389971],[100.548674,20.158021],[100.379175,19.745669],[100.474259,19.524985],[100.753002,19.48243],[100.879816,19.613584],[101.254884,19.547154],[101.172356,19.376389],[101.326404,19.020546],[101.23473,18.658449],[101.030298,18.427791],[101.155407,18.322888],[101.165173,18.053421],[101.000842,17.884801],[100.901934,17.561927],[101.132307,17.461674],[101.729067,17.912189],[101.790407,18.073575],[101.904301,18.037117],[102.078503,18.213799],[102.599608,17.955184],[102.68291,17.810077],[102.852719,17.972031],[103.037927,17.990686],[103.168204,18.249766],[103.295379,18.287774],[103.244065,18.380068],[103.396768,18.441408],[104.000039,18.318444],[104.452001,17.665951],[104.792704,17.423485],[104.754515,16.528915],[105.058114,16.121188],[105.422071,16.009877],[105.412046,15.79976],[105.640921,15.68199],[105.604282,15.439214],[105.477468,15.352811],[105.563975,15.272531],[105.443775,15.133806],[105.593068,14.990792],[105.507544,14.564048],[105.047314,14.214069],[104.97383,14.380648],[104.771672,14.439869],[103.885162,14.340418],[103.637064,14.44328],[103.138231,14.319747],[102.918606,14.185492],[102.69862,13.761797],[102.54235,13.669709],[102.597747,13.60545],[102.332234,13.5646],[102.479253,12.677108],[102.762078,12.43609],[102.692212,12.178483],[102.913585,11.645901]]],[[[97.871837,9.379584],[97.837738,9.419338],[97.85727,9.428697],[97.871837,9.379584]]],[[[99.698741,9.542222],[99.703461,9.521308],[99.681488,9.512885],[99.698741,9.542222]]],[[[99.684255,9.620022],[99.678071,9.610419],[99.678233,9.624091],[99.684255,9.620022]]],[[[99.247813,6.574856],[99.217296,6.536933],[99.186046,6.559394],[99.247813,6.574856]]],[[[99.672374,6.516547],[99.600271,6.583441],[99.656993,6.723822],[99.672374,6.516547]]],[[[99.405447,7.266303],[99.440603,7.24022],[99.394298,7.205471],[99.405447,7.266303]]],[[[99.034923,7.644273],[99.117442,7.479193],[99.029063,7.606187],[99.034923,7.644273]]],[[[99.124278,7.657375],[99.108735,7.594184],[99.081879,7.616034],[99.124278,7.657375]]],[[[98.540538,8.104926],[98.567556,7.963365],[98.565929,8.034735],[98.540538,8.104926]]],[[[98.41863,7.903754],[98.29184,7.777493],[98.281423,8.191799],[98.439138,8.082506],[98.41863,7.903754]]],[[[98.637543,8.171291],[98.570079,8.118883],[98.615896,8.176174],[98.637543,8.171291]]],[[[98.295665,9.145168],[98.309337,9.048977],[98.248383,9.143378],[98.295665,9.145168]]],[[[100.07016,9.586412],[100.060883,9.463813],[99.946625,9.418199],[99.92628,9.565985],[100.07016,9.586412]]],[[[98.411632,9.768297],[98.416677,9.733466],[98.389659,9.742418],[98.411632,9.768297]]],[[[100.035411,9.7956],[100.090099,9.665269],[99.987641,9.719916],[100.035411,9.7956]]],[[[102.564138,11.707953],[102.598318,11.563381],[102.543712,11.638495],[102.564138,11.707953]]],[[[102.399669,12.043158],[102.441173,11.967434],[102.290375,11.97484],[102.249522,12.153022],[102.399669,12.043158]]],[[[97.869965,9.425238],[97.895274,9.467353],[97.894786,9.438707],[97.869965,9.425238]]],[[[98.288422,9.004462],[98.293956,8.934638],[98.255707,8.939765],[98.288422,9.004462]]]]}},{"type":"Feature","properties":{"name":"East Timor","ISO3166-1-Alpha-3":"TLS","ISO3166-1-Alpha-2":"TL"},"geometry":{"type":"MultiPolygon","coordinates":[[[[124.450531,-9.18019],[124.310066,-9.488722],[124.03004,-9.341974],[124.450531,-9.18019]]],[[[124.919507,-8.962016],[125.144298,-8.631443],[125.381033,-8.571466],[126.411632,-8.419122],[126.548839,-8.486749],[126.967052,-8.309015],[127.313243,-8.415216],[127.021169,-8.675714],[126.583263,-8.805841],[126.472423,-8.942804],[125.593028,-9.18963],[125.061615,-9.485772],[124.957933,-9.211943],[125.150634,-9.185381],[125.162365,-9.060634],[125.086814,-8.98622],[124.933025,-9.074484],[124.919507,-8.962016]]],[[[125.569347,-8.196384],[125.650645,-8.142836],[125.573578,-8.317315],[125.503673,-8.270766],[125.569347,-8.196384]]]]}},{"type":"Feature","properties":{"name":"Brunei","ISO3166-1-Alpha-3":"BRN","ISO3166-1-Alpha-2":"BN"},"geometry":{"type":"MultiPolygon","coordinates":[[[[115.146169,4.908515],[115.346272,4.313769],[115.091817,4.405417],[115.029778,4.820642],[115.146169,4.908515]]],[[[114.9817,4.889065],[114.741967,4.729454],[114.84563,4.395108],[114.627762,4.016681],[114.41992,4.260129],[114.282667,4.264909],[114.245564,4.481433],[113.99879,4.601142],[114.326671,4.606879],[115.101736,5.049872],[114.9817,4.889065]]]]}},{"type":"Feature","properties":{"name":"Papua New Guinea","ISO3166-1-Alpha-3":"PNG","ISO3166-1-Alpha-2":"PG"},"geometry":{"type":"MultiPolygon","coordinates":[[[[140.974457,-2.600518],[141.27589,-2.642348],[142.062836,-3.060154],[143.52296,-3.435968],[144.021495,-3.802992],[144.513438,-3.81756],[144.557791,-3.979425],[144.867849,-4.099216],[145.07781,-4.356622],[145.345714,-4.390232],[145.801443,-4.842462],[145.759613,-5.476983],[146.460948,-5.599298],[147.116466,-5.969008],[147.511404,-6.000258],[147.826671,-6.335382],[147.854015,-6.691013],[146.962657,-6.747003],[146.956228,-6.954685],[147.07252,-7.014418],[147.188487,-7.462579],[147.487315,-7.616306],[147.726817,-7.932061],[148.146332,-8.045668],[148.229503,-8.55462],[148.445323,-8.674737],[148.585623,-9.06406],[149.309337,-9.017022],[149.226573,-9.486749],[150.048839,-9.684503],[149.730968,-9.80934],[149.854503,-10.014907],[150.627208,-10.277927],[150.874034,-10.224705],[150.653087,-10.338474],[150.366466,-10.326918],[150.687348,-10.56756],[150.211274,-10.701349],[149.854503,-10.55047],[150.081554,-10.461114],[149.92335,-10.488458],[149.748383,-10.338311],[148.747813,-10.234633],[148.689301,-10.104913],[148.402029,-10.200453],[148.15504,-10.070733],[147.977387,-10.166274],[147.867524,-10.04339],[147.716807,-10.098077],[147.310069,-9.538832],[147.069998,-9.473403],[146.894867,-9.268243],[146.975352,-9.033461],[146.872813,-9.106541],[146.601817,-9.006036],[146.606456,-8.802016],[146.099864,-8.083266],[145.798106,-8.007013],[145.79127,-7.911879],[145.441905,-7.944106],[144.879568,-7.781671],[144.852306,-7.569431],[144.824962,-7.68255],[144.653575,-7.561293],[144.604015,-7.656915],[144.522309,-7.496189],[144.513927,-7.67197],[144.407237,-7.514093],[144.507823,-7.798028],[144.311046,-7.610284],[144.214854,-7.795994],[143.85141,-7.651788],[143.646251,-7.438409],[143.956798,-7.972263],[143.803966,-7.93255],[143.913829,-8.007582],[143.767345,-8.040216],[143.364024,-7.896417],[143.559825,-8.044854],[143.612478,-8.23919],[142.494477,-8.333266],[142.360037,-8.167087],[142.146169,-8.21738],[142.354015,-8.188735],[142.452159,-8.373305],[142.728282,-8.316664],[143.102061,-8.467218],[143.395274,-8.768731],[143.372569,-8.99977],[142.652599,-9.330255],[142.210704,-9.158949],[141.621267,-9.234063],[141.345876,-9.141534],[141.152599,-9.232192],[140.97698,-9.106134],[140.977162,-6.896632],[140.849211,-6.702846],[140.976904,-6.335116],[140.974457,-2.600518]]],[[[153.761567,-11.58587],[153.555349,-11.635675],[153.288097,-11.523126],[153.205577,-11.317071],[153.761567,-11.58587]]],[[[154.281749,-11.34824],[154.268077,-11.420668],[154.007498,-11.385919],[154.281749,-11.34824]]],[[[153.185069,-11.277439],[153.104503,-11.185479],[153.253917,-11.242608],[153.185069,-11.277439]]],[[[152.808279,-10.632501],[152.871104,-10.674412],[152.753673,-10.708185],[152.540782,-10.625665],[152.808279,-10.632501]]],[[[151.074718,-10.605727],[150.92449,-10.680271],[150.934093,-10.599867],[151.074718,-10.605727]]],[[[150.875499,-10.53631],[150.891938,-10.647149],[150.793468,-10.639907],[150.875499,-10.53631]]],[[[151.177013,-9.954685],[151.300629,-9.967706],[151.23227,-10.200453],[150.958018,-10.104913],[150.992524,-9.993829],[150.907237,-9.997328],[150.763927,-9.702813],[151.089692,-10.027927],[151.177013,-9.954685]]],[[[150.800955,-9.652439],[150.433604,-9.63128],[150.513682,-9.54697],[150.43214,-9.36533],[150.79835,-9.425714],[150.930919,-9.652439],[150.800955,-9.652439]]],[[[150.368907,-9.37184],[150.312266,-9.519464],[150.112804,-9.299412],[150.214529,-9.205824],[150.368907,-9.37184]]],[[[152.995469,-9.141299],[152.967416,-9.256546],[152.744234,-9.181268],[152.735896,-9.2604],[152.644216,-9.182558],[152.704511,-9.144571],[152.451666,-8.96527],[152.421424,-9.083721],[152.388623,-8.991155],[152.794171,-9.003497],[152.995469,-9.141299]]],[[[151.112559,-8.76865],[151.142914,-8.830662],[151.04363,-8.726983],[151.122406,-8.58294],[150.999034,-8.518162],[151.129242,-8.419122],[151.112559,-8.76865]]],[[[143.608409,-8.638116],[143.628917,-8.730401],[143.178884,-8.419122],[143.608409,-8.638116]]],[[[143.379405,-8.425958],[143.316661,-8.372247],[143.573741,-8.373712],[143.610606,-8.47503],[143.379405,-8.425958]]],[[[148.049164,-5.606134],[147.991059,-5.856215],[147.771332,-5.506931],[148.049164,-5.606134]]],[[[155.933442,-6.640802],[155.930186,-6.793634],[155.915782,-6.727146],[155.697032,-6.876642],[155.330089,-6.719659],[155.173106,-6.527927],[155.214854,-6.317071],[154.75587,-5.947849],[154.700206,-5.431085],[155.064952,-5.547784],[155.21339,-5.869887],[155.813324,-6.364841],[155.933442,-6.640802]]],[[[148.100352,-5.37656],[148.146495,-5.41961],[148.091319,-5.456638],[148.100352,-5.37656]]],[[[147.606944,-5.287205],[147.628673,-5.347263],[147.564301,-5.330499],[147.606944,-5.287205]]],[[[147.209646,-5.269952],[147.161876,-5.444757],[147.005138,-5.319431],[147.112559,-5.191827],[147.209646,-5.269952]]],[[[154.727387,-5.211358],[154.631847,-5.45908],[154.535655,-5.137465],[154.62436,-5.01336],[154.727387,-5.211358]]],[[[149.121918,-4.883071],[149.180431,-4.879164],[149.143077,-4.917657],[149.121918,-4.883071]]],[[[146.202891,-4.82464],[146.258149,-4.809259],[146.249522,-4.833917],[146.202891,-4.82464]]],[[[149.519298,-4.643487],[149.560232,-4.71795],[149.4546,-4.692478],[149.519298,-4.643487]]],[[[145.996837,-4.534275],[146.055186,-4.659926],[145.93922,-4.760919],[145.880707,-4.649591],[145.996837,-4.534275]]],[[[152.417979,-4.34531],[152.29184,-4.935479],[151.974376,-4.984145],[151.97755,-5.148614],[152.147472,-5.345798],[152.098888,-5.455743],[151.834239,-5.59295],[151.464122,-5.534275],[151.532563,-5.664727],[151.182791,-5.964288],[150.821462,-6.01393],[150.796072,-6.120294],[150.465099,-6.274021],[149.635427,-6.308201],[149.320567,-6.054864],[149.052908,-6.161716],[149.053071,-6.006524],[148.328949,-5.68377],[148.429942,-5.444757],[148.556407,-5.539972],[148.978038,-5.465265],[149.224376,-5.599298],[149.670095,-5.478936],[149.718435,-5.568943],[149.911469,-5.515069],[150.112559,-5.007745],[150.202403,-5.062107],[150.032074,-5.29518],[150.161306,-5.546645],[150.474132,-5.447931],[150.633962,-5.556736],[150.809581,-5.443292],[150.917003,-5.486423],[151.082856,-5.163832],[151.368907,-4.903497],[151.678966,-4.90016],[151.540294,-4.17669],[151.964692,-4.331231],[152.008637,-4.191664],[152.185069,-4.142511],[152.18572,-4.308526],[152.417979,-4.34531]]],[[[145.078868,-4.047052],[145.090505,-4.124688],[145.023692,-4.070489],[145.078868,-4.047052]]],[[[153.191742,-3.470961],[153.258962,-3.482354],[153.249766,-3.497247],[153.191742,-3.470961]]],[[[153.301606,-3.368585],[153.34783,-3.395685],[153.289236,-3.401951],[153.301606,-3.368585]]],[[[154.641971,-3.262332],[154.731779,-3.460814],[154.55318,-3.206315],[154.641971,-3.262332]]],[[[152.650645,-3.114679],[152.643809,-3.224542],[152.531557,-3.075272],[152.650645,-3.114679]]],[[[150.992198,-2.957696],[150.769786,-2.979587],[150.882335,-2.903009],[150.992198,-2.957696]]],[[[152.071544,-2.916681],[152.025356,-2.996072],[151.971934,-2.847833],[152.071544,-2.916681]]],[[[152.013194,-2.806817],[151.91584,-2.84429],[151.913038,-2.705389],[152.013194,-2.806817]]],[[[151.982432,-2.662774],[151.999522,-2.594496],[152.037364,-2.642348],[151.982432,-2.662774]]],[[[153.137218,-4.269464],[153.075206,-4.601821],[152.897716,-4.848321],[152.689789,-4.547784],[152.687836,-4.163832],[152.288585,-3.569757],[151.809093,-3.361098],[151.090587,-2.832696],[150.759776,-2.768813],[150.892426,-2.697524],[150.812673,-2.555841],[151.216319,-2.869236],[152.052501,-3.246677],[152.574962,-3.821059],[152.946056,-3.985528],[153.137218,-4.269464]]],[[[150.465099,-2.532485],[150.451345,-2.65838],[150.186778,-2.679457],[149.958751,-2.462986],[150.207856,-2.37477],[150.465099,-2.532485]]],[[[147.826671,-2.237563],[147.858165,-2.324477],[147.730479,-2.32643],[147.826671,-2.237563]]],[[[147.432791,-1.983819],[147.20574,-2.18613],[146.702403,-2.114353],[146.571544,-2.228123],[146.520193,-2.149591],[146.657888,-1.963311],[147.432791,-1.983819]]],[[[149.735037,-1.473565],[149.792979,-1.580336],[149.539806,-1.42547],[149.618663,-1.353774],[149.735037,-1.473565]]],[[[154.192149,-4.464614],[154.185313,-4.519952],[154.226329,-4.503595],[154.192149,-4.464614]]],[[[154.151378,-4.438084],[154.138194,-4.395196],[154.151215,-4.378839],[154.151378,-4.438084]]],[[[152.486583,-4.136326],[152.486583,-4.21087],[152.443044,-4.169122],[152.486583,-4.136326]]],[[[153.664806,-4.040704],[153.599864,-4.099298],[153.594412,-4.079522],[153.664806,-4.040704]]],[[[153.719249,-3.9992],[153.745616,-4.030532],[153.696544,-4.023207],[153.719249,-3.9992]]],[[[152.094493,-10.402032],[152.099132,-10.390883],[152.110118,-10.39129],[152.094493,-10.402032]]],[[[151.86964,-10.344822],[151.868419,-10.337823],[151.877452,-10.334161],[151.86964,-10.344822]]],[[[151.852712,-10.259535],[151.862315,-10.250258],[151.864594,-10.254653],[151.852712,-10.259535]]],[[[144.600271,-3.49977],[144.619802,-3.51629],[144.599864,-3.518162],[144.600271,-3.49977]]],[[[144.061569,-3.215308],[144.095799,-3.188539],[144.134499,-3.230088],[144.061569,-3.215308]]],[[[142.818126,-1.733331],[142.833507,-1.697035],[142.859141,-1.705336],[142.818126,-1.733331]]],[[[151.024669,-9.63893],[151.003184,-9.642511],[151.022227,-9.591404],[151.024669,-9.63893]]],[[[143.815929,-8.495375],[143.813487,-8.530857],[143.780284,-8.513279],[143.815929,-8.495375]]],[[[143.674327,-8.390558],[143.667735,-8.427992],[143.550629,-8.336196],[143.674327,-8.390558]]],[[[143.662934,-8.109308],[143.688243,-8.153578],[143.599376,-8.110772],[143.662934,-8.109308]]],[[[143.675629,-8.053806],[143.675955,-8.093357],[143.573904,-8.051039],[143.675629,-8.053806]]],[[[151.188487,-4.891534],[151.195974,-4.951755],[151.119477,-4.925714],[151.188487,-4.891534]]],[[[143.585216,-3.378676],[143.523123,-3.361017],[143.52296,-3.314223],[143.585216,-3.378676]]],[[[150.004242,-1.672621],[149.948253,-1.67311],[149.920421,-1.6513],[150.004242,-1.672621]]]]}},{"type":"Feature","properties":{"name":"Hong Kong S.A.R.","ISO3166-1-Alpha-3":"HKG","ISO3166-1-Alpha-2":"HK"},"geometry":{"type":"MultiPolygon","coordinates":[[[[114.229828,22.555813],[114.335134,22.506415],[114.209321,22.398668],[114.39975,22.436143],[114.357595,22.332424],[114.258393,22.362087],[114.296723,22.258287],[113.896983,22.408759],[114.229828,22.555813]]],[[[114.13738,22.178778],[114.1067,22.235785],[114.125743,22.205227],[114.13738,22.178778]]],[[[114.215587,22.285631],[114.207693,22.189561],[114.112559,22.271511],[114.215587,22.285631]]],[[[113.846446,22.197089],[114.054861,22.33633],[114.000173,22.216132],[113.846446,22.197089]]]]}},{"type":"Feature","properties":{"name":"Philippines","ISO3166-1-Alpha-3":"PHL","ISO3166-1-Alpha-2":"PH"},"geometry":{"type":"MultiPolygon","coordinates":[[[[120.860688,5.574368],[120.897797,5.498521],[120.823741,5.533637],[120.860688,5.574368]]],[[[121.902354,6.033637],[121.937755,6.029446],[121.784679,6.059556],[121.902354,6.033637]]],[[[125.79127,6.948188],[125.674083,7.070217],[125.715831,7.19595],[125.79127,6.948188]]],[[[122.97169,7.383612],[122.800548,7.32095],[122.82838,7.430813],[122.97169,7.383612]]],[[[121.252452,9.631171],[121.210948,9.575873],[121.244884,9.624416],[121.252452,9.631171]]],[[[125.990245,9.685736],[125.946951,9.56623],[125.934825,9.759914],[125.990245,9.685736]]],[[[126.569184,7.301093],[126.466156,7.003119],[126.309581,6.94892],[126.33961,6.786526],[126.17213,6.903876],[126.257172,6.744818],[126.200206,6.283189],[125.853201,7.336005],[125.668305,7.257025],[125.377615,6.674221],[125.589854,6.499172],[125.699229,6.040473],[125.371267,5.572943],[125.181163,5.798326],[125.250743,6.093085],[125.157888,6.108791],[125.088715,5.884711],[124.963634,5.858588],[124.201671,6.221747],[123.96518,6.832343],[124.02947,7.115139],[124.246755,7.40412],[123.703949,7.809394],[123.444672,7.801337],[123.485688,7.66356],[123.353526,7.572089],[123.431,7.36872],[123.280284,7.520209],[123.140636,7.513129],[123.117931,7.74136],[123.006602,7.472357],[122.917247,7.547512],[122.822032,7.459418],[122.814708,7.743354],[122.618663,7.774075],[122.347992,7.452541],[122.15447,6.928127],[121.898936,7.057196],[122.25172,7.980129],[122.67921,8.164211],[122.945323,8.161851],[123.042003,8.490139],[123.318207,8.533515],[123.397146,8.723212],[123.581309,8.582831],[123.61671,8.670722],[123.7588,8.607489],[123.844737,8.452216],[123.882986,8.164496],[123.676443,7.963365],[123.968923,8.167792],[124.23227,8.212877],[124.405772,8.607896],[124.657481,8.514553],[124.636485,8.431952],[124.753184,8.50023],[124.809418,9.009467],[125.105968,8.829779],[125.208751,9.086493],[125.311778,8.99433],[125.516612,9.015937],[125.398692,9.681057],[125.459483,9.822943],[125.643565,9.611274],[125.97283,9.480292],[125.910981,9.404934],[126.057953,9.245998],[126.2199,9.30565],[126.178966,9.093004],[126.34547,8.853258],[126.110525,8.607123],[126.405284,8.492621],[126.338634,8.214586],[126.459321,8.24018],[126.466156,8.095526],[126.383067,7.885688],[126.582856,7.719428],[126.569184,7.301093]]],[[[125.295095,9.970649],[125.263845,9.938218],[125.149099,10.165961],[125.295095,9.970649]]],[[[124.379731,10.691311],[124.300629,10.590074],[124.313731,10.677802],[124.379731,10.691311]]],[[[124.465831,10.713609],[124.5088,10.641547],[124.40919,10.648261],[124.465831,10.713609]]],[[[125.822032,10.734687],[125.769379,10.700385],[125.687266,10.805162],[125.822032,10.734687]]],[[[119.632091,11.069892],[119.641287,11.015286],[119.596934,11.034735],[119.632091,11.069892]]],[[[119.613129,11.200263],[119.589529,11.141791],[119.572927,11.179145],[119.613129,11.200263]]],[[[124.59962,11.563381],[124.609141,11.486558],[124.472667,11.473944],[124.349132,11.68008],[124.523204,11.686265],[124.59962,11.563381]]],[[[124.815196,11.63227],[124.831554,11.536322],[124.732677,11.721625],[124.815196,11.63227]]],[[[122.297211,18.403876],[122.135753,17.737291],[122.25115,17.360175],[122.414561,17.319078],[122.41684,17.145819],[122.529063,17.090522],[122.204275,16.43476],[122.203868,16.236518],[121.997895,16.031073],[122.135265,16.260728],[121.567393,15.915717],[121.629161,15.661119],[121.391124,15.266262],[121.724946,14.73078],[121.608165,14.630194],[121.731619,14.188218],[121.93629,13.995185],[122.231944,13.90644],[122.183442,13.988959],[122.313731,14.016303],[122.162934,14.167792],[122.263682,14.247382],[122.300141,14.092027],[122.41627,14.324774],[122.679861,14.350531],[123.042247,14.098049],[123.108246,13.722113],[123.301768,13.789455],[123.33546,13.982164],[123.21811,13.992743],[123.331798,14.099514],[123.417328,13.90644],[123.711681,13.934394],[123.937755,13.784003],[123.965505,13.714667],[123.570486,13.722968],[123.526622,13.606024],[123.855642,13.228664],[123.767589,13.224311],[123.745779,13.064154],[123.882986,13.146064],[124.081554,13.009508],[124.184581,13.057318],[124.054942,12.537258],[123.79363,12.831448],[124.025157,12.955308],[123.725352,12.84512],[123.441254,13.036851],[123.310069,13.012356],[123.168793,13.449205],[122.859141,13.606106],[122.536876,13.961127],[122.413097,13.948065],[122.672699,13.379299],[122.690684,13.228664],[122.588145,13.174018],[122.369477,13.549791],[121.724864,13.969143],[121.278819,13.595038],[121.03891,13.632758],[121.003754,13.780911],[120.887462,13.693508],[120.87672,13.912258],[120.704845,13.927436],[120.649669,13.784247],[120.573497,14.174547],[120.970388,14.501899],[120.943126,14.65351],[120.585704,14.902818],[120.58839,14.466986],[120.40211,14.455756],[120.242361,14.729641],[120.292247,14.82567],[120.079926,14.803941],[120.005138,15.269436],[119.888194,15.429023],[119.963878,15.51435],[119.89503,15.87401],[119.75587,15.944566],[119.801931,16.357856],[119.916352,16.380845],[119.901866,16.2508],[120.138845,16.046129],[120.299083,16.017401],[120.40211,16.165473],[120.276134,16.611884],[120.43629,17.008002],[120.443696,17.388495],[120.333832,17.556383],[120.57016,18.501776],[120.812999,18.644517],[120.926931,18.56623],[121.106781,18.642727],[121.649669,18.313951],[121.986827,18.290432],[122.152843,18.518785],[122.297211,18.403876]]],[[[120.251964,5.266506],[120.216563,5.114976],[120.120942,5.218004],[119.819347,5.059801],[120.187836,5.34512],[120.251964,5.266506]]],[[[120.588145,6.380764],[120.577322,6.251532],[120.49464,6.249335],[120.588145,6.380764]]],[[[122.296723,6.633246],[122.18865,6.451077],[121.96225,6.404853],[121.806814,6.619289],[122.066661,6.740709],[122.296723,6.633246]]],[[[118.537608,7.006293],[118.44516,6.982327],[118.474783,7.037014],[118.537608,7.006293]]],[[[117.084972,8.057847],[117.009939,7.800279],[116.961681,8.061998],[117.084972,8.057847]]],[[[117.030528,8.068264],[116.99586,8.103013],[117.06837,8.09276],[117.030528,8.068264]]],[[[117.167735,8.178127],[117.204845,8.166815],[117.161794,8.156724],[117.167735,8.178127]]],[[[117.32545,8.32274],[117.331879,8.193183],[117.284434,8.32274],[117.32545,8.32274]]],[[[117.242849,8.315253],[117.263927,8.301011],[117.189464,8.299547],[117.242849,8.315253]]],[[[124.78419,9.199774],[124.770193,9.077379],[124.636485,9.182359],[124.78419,9.199774]]],[[[123.698009,9.165025],[123.632335,9.098334],[123.471202,9.185452],[123.6421,9.293647],[123.698009,9.165025]]],[[[126.165863,9.829169],[126.048595,9.754625],[125.965994,9.850246],[126.071462,10.059068],[126.165863,9.829169]]],[[[124.565278,9.870754],[124.596202,9.737291],[124.499848,9.768297],[124.2942,9.606757],[123.937511,9.617499],[123.801036,9.757758],[124.222667,10.151923],[124.577647,10.033922],[124.565278,9.870754]]],[[[125.719574,9.911689],[125.495291,10.10871],[125.637706,10.460395],[125.719574,9.911689]]],[[[119.950206,10.603746],[119.984141,10.531317],[119.788585,10.456977],[119.837901,10.637519],[119.950206,10.603746]]],[[[122.711111,10.734687],[122.68686,10.506008],[122.536632,10.41942],[122.536632,10.607489],[122.711111,10.734687]]],[[[123.574474,10.830959],[123.156749,9.867621],[123.135509,9.55268],[123.317638,9.256903],[123.033214,9.035305],[122.8449,9.347073],[122.551768,9.490953],[122.395193,9.842841],[122.47462,9.974351],[122.872813,10.100409],[122.814708,10.515041],[122.993826,10.906724],[123.259776,10.994818],[123.574474,10.830959]]],[[[124.047374,10.834052],[124.014903,10.372463],[123.652599,10.063625],[123.479503,9.54857],[123.327647,9.408149],[123.387055,9.973782],[123.723155,10.494208],[124.045665,11.277167],[124.047374,10.834052]]],[[[123.801036,11.179145],[123.733653,11.154283],[123.745779,11.292467],[123.801036,11.179145]]],[[[119.671886,10.552558],[119.575857,10.38052],[119.285981,10.261379],[119.1963,10.056342],[118.774181,9.934149],[118.756358,9.66767],[118.365001,9.193061],[118.136974,9.130845],[118.013682,8.8876],[117.190766,8.338324],[117.263927,8.610093],[117.655528,9.057929],[118.133556,9.343166],[118.771658,10.130805],[118.832367,10.083645],[118.815766,10.18891],[119.02475,10.309556],[119.001964,10.397528],[119.278087,10.508205],[119.344981,10.723578],[119.222504,10.941718],[119.46754,10.732652],[119.319998,11.000881],[119.334972,11.102932],[119.415294,11.05622],[119.501964,11.423326],[119.572439,11.015326],[119.504568,10.884955],[119.671886,10.552558]]],[[[119.867198,11.51557],[119.832856,11.378363],[119.716156,11.460354],[119.867198,11.51557]]],[[[125.273936,10.323188],[125.14088,10.278795],[125.151052,10.185452],[124.990977,10.381334],[125.031749,10.02025],[124.780447,10.151923],[124.778819,10.821438],[124.622325,11.002021],[124.514496,10.873684],[124.396007,10.934068],[124.404307,11.30268],[124.300629,11.542873],[124.629893,11.304429],[124.845714,11.43301],[124.976329,11.392035],[125.013845,10.754584],[125.194102,10.602973],[125.273936,10.323188]]],[[[123.170421,11.48078],[123.131358,11.182685],[122.789317,10.97606],[122.744802,10.79564],[122.226573,10.642239],[121.949718,10.433173],[122.107188,11.657945],[121.853852,11.769436],[121.896821,11.893785],[122.377208,11.733222],[122.622325,11.508734],[122.830333,11.605292],[122.944509,11.522406],[122.900727,11.437934],[123.163585,11.59809],[123.170421,11.48078]]],[[[120.02475,11.892971],[120.079926,11.789252],[119.96697,11.664374],[120.004893,11.782538],[119.854015,11.954413],[120.02475,11.892971]]],[[[120.347504,12.029486],[120.00115,12.011176],[119.847667,12.166734],[119.88502,12.322699],[120.196056,12.112006],[120.229747,12.218655],[120.347504,12.029486]]],[[[122.687511,12.402818],[122.611827,12.276516],[122.423025,12.462877],[122.632091,12.484524],[122.687511,12.402818]]],[[[125.712738,11.148749],[125.760509,11.022773],[125.651541,11.1494],[125.246837,11.09219],[125.172374,11.265204],[125.000987,11.289781],[125.007009,11.426174],[124.828298,11.508734],[125.043712,11.757758],[124.892426,11.761461],[124.679861,12.029731],[124.493175,12.097805],[124.283458,12.570624],[125.16627,12.578111],[125.272146,12.49901],[125.314789,12.296373],[125.538259,12.183498],[125.459483,12.125678],[125.466319,11.611762],[125.637706,11.368476],[125.555024,11.211859],[125.712738,11.148749]]],[[[124.054942,11.799791],[124.054861,11.725572],[123.742931,11.926947],[123.485362,12.218085],[123.159679,11.917792],[123.294607,12.217231],[123.21811,12.228095],[123.234711,12.59276],[123.356456,12.549262],[123.326427,12.438056],[123.434093,12.518622],[123.79363,12.187161],[123.889659,12.207668],[124.054942,11.799791]]],[[[122.279633,12.605455],[122.254649,12.511176],[122.245616,12.570746],[122.279633,12.605455]]],[[[122.115245,12.666327],[122.012218,12.10456],[121.924083,12.339342],[121.99586,12.592719],[122.115245,12.666327]]],[[[123.787364,12.375556],[123.588145,12.64643],[123.704926,12.611721],[123.787364,12.375556]]],[[[123.280284,12.864936],[123.375824,12.69359],[122.944509,13.111314],[123.039806,13.128079],[123.280284,12.864936]]],[[[121.526134,12.704495],[121.395763,12.289537],[121.113617,12.251288],[120.797862,12.729438],[120.664887,13.155911],[120.321544,13.487779],[120.977387,13.530341],[121.121593,13.372016],[121.197113,13.440904],[121.552989,13.111314],[121.526134,12.704495]]],[[[122.101573,13.416693],[122.0088,13.204779],[121.813731,13.35224],[121.858653,13.565497],[122.101573,13.416693]]],[[[120.260916,13.711575],[120.210216,13.7272],[120.093028,13.865302],[120.260916,13.711575]]],[[[124.417979,13.872952],[124.334727,13.557603],[124.047374,13.606024],[124.136892,14.078355],[124.417979,13.872952]]],[[[122.104747,14.102607],[122.177013,14.007066],[121.926606,14.221259],[122.104747,14.102607]]],[[[122.235362,14.797756],[122.115245,14.814846],[122.157074,14.834296],[122.235362,14.797756]]],[[[122.005382,15.010688],[122.023692,14.722602],[121.940196,14.640082],[121.826427,15.012152],[122.005382,15.010688]]],[[[121.388438,18.902981],[121.477794,18.881903],[121.279145,18.862006],[121.388438,18.902981]]],[[[121.971202,18.984931],[121.834158,18.834296],[121.892589,18.996487],[121.971202,18.984931]]],[[[121.210948,19.176703],[121.238536,19.118394],[121.209239,19.050238],[121.210948,19.176703]]],[[[121.526134,19.320705],[121.498302,19.259263],[121.350841,19.375922],[121.516612,19.393541],[121.526134,19.320705]]],[[[121.977306,19.577379],[121.978038,19.498847],[121.898204,19.53677],[121.977306,19.577379]]],[[[121.841645,20.346015],[121.89324,20.313666],[121.850841,20.273424],[121.841645,20.346015]]],[[[122.009776,20.488471],[121.968761,20.413398],[121.938975,20.3487],[122.009776,20.488471]]],[[[121.877208,20.770331],[121.786388,20.70307],[121.855805,20.838324],[121.877208,20.770331]]],[[[119.483246,4.850898],[119.456554,4.655707],[119.435395,4.902777],[119.483246,4.850898]]],[[[121.217459,5.820746],[121.197032,5.80093],[121.142263,5.833889],[121.217459,5.820746]]],[[[121.381602,6.005683],[121.292491,5.858832],[121.227794,5.942125],[120.934093,5.885688],[120.871837,5.961005],[121.042247,6.097113],[121.381602,6.005683]]],[[[121.628917,6.657416],[121.610362,6.569566],[121.58253,6.631659],[121.628917,6.657416]]],[[[121.094493,10.895819],[121.062266,10.817572],[121.032074,10.87051],[121.094493,10.895819]]],[[[120.285167,11.930162],[120.267914,11.81623],[120.203298,11.947577],[120.285167,11.930162]]],[[[121.406423,12.062445],[121.384288,12.000922],[121.358653,12.114691],[121.406423,12.062445]]],[[[119.959727,8.880601],[119.960623,8.877102],[119.958344,8.877183],[119.959727,8.880601]]],[[[119.969249,8.880927],[119.968272,8.884101],[119.971934,8.882392],[119.969249,8.880927]]],[[[119.965343,8.887193],[119.966075,8.885688],[119.964203,8.885565],[119.965343,8.887193]]],[[[119.967784,8.891547],[119.968516,8.890041],[119.966807,8.889879],[119.967784,8.891547]]],[[[121.723969,12.913967],[121.706716,12.905097],[121.68865,12.94717],[121.723969,12.913967]]],[[[121.088634,13.530341],[121.043468,13.567572],[121.077485,13.572252],[121.088634,13.530341]]],[[[121.936697,21.065619],[121.929698,21.064521],[121.934825,21.073228],[121.936697,21.065619]]],[[[121.947439,21.116156],[121.950694,21.122382],[121.954275,21.118394],[121.947439,21.116156]]],[[[119.830903,4.82095],[119.857677,4.79857],[119.833995,4.796617],[119.830903,4.82095]]],[[[119.836925,4.86286],[119.793142,4.921861],[119.842621,4.904853],[119.836925,4.86286]]],[[[119.79656,5.057603],[119.745779,5.044013],[119.805512,5.105048],[119.79656,5.057603]]],[[[125.418712,5.425482],[125.411632,5.368109],[125.334239,5.387681],[125.418712,5.425482]]],[[[120.860118,5.703843],[120.860118,5.675849],[120.799327,5.667629],[120.860118,5.703843]]],[[[120.904307,5.759101],[120.929373,5.733222],[120.909923,5.700019],[120.904307,5.759101]]],[[[123.841319,9.642401],[123.785167,9.552314],[123.739268,9.594062],[123.841319,9.642401]]],[[[124.606944,10.140326],[124.540375,10.060858],[124.542247,10.115953],[124.606944,10.140326]]],[[[121.474132,11.866848],[121.455821,11.831732],[121.417979,11.837795],[121.474132,11.866848]]],[[[124.206228,12.081244],[124.198578,12.052639],[124.146251,12.053046],[124.206228,12.081244]]],[[[121.115977,12.196763],[121.099376,12.16942],[121.039561,12.251532],[121.115977,12.196763]]],[[[124.16863,12.398139],[124.1338,12.459418],[124.160492,12.456041],[124.16863,12.398139]]],[[[124.148611,13.185777],[124.065603,13.210761],[124.178722,13.222968],[124.148611,13.185777]]],[[[124.086274,13.260443],[123.939301,13.244452],[124.015798,13.280422],[124.086274,13.260443]]],[[[123.89031,13.274075],[123.857758,13.250149],[123.848888,13.354153],[123.89031,13.274075]]],[[[123.801524,13.366034],[123.80421,13.391547],[123.842947,13.371812],[123.801524,13.366034]]],[[[122.411794,14.725816],[122.374848,14.681464],[122.341563,14.712592],[122.411794,14.725816]]],[[[120.005056,16.268622],[119.922374,16.303778],[119.98406,16.3487],[120.005056,16.268622]]],[[[123.991649,10.324284],[124.026095,10.306539],[123.946765,10.245997],[123.991649,10.324284]]]]}},{"type":"Feature","properties":{"name":"Taiwan","ISO3166-1-Alpha-3":"TWN","ISO3166-1-Alpha-2":"CN-TW"},"geometry":{"type":"MultiPolygon","coordinates":[[[[121.905772,24.9501],[121.806814,24.778754],[121.881847,24.597805],[121.607432,24.07685],[121.400076,23.145494],[120.948253,22.526801],[120.840343,21.904608],[120.714366,21.937486],[120.621267,22.295071],[120.285167,22.580064],[120.333669,22.525946],[120.166189,23.031724],[120.055186,23.043687],[120.184418,23.76439],[121.059337,25.050238],[121.443207,25.13642],[121.43629,25.241441],[121.580821,25.283026],[122.005382,25.001899],[121.905772,24.9501]]],[[[121.563487,22.044623],[121.53891,22.018215],[121.492035,22.08218],[121.563487,22.044623]]],[[[118.394216,24.522691],[118.463356,24.431523],[118.283946,24.401272],[118.394216,24.522691]]],[[[119.64796,23.603461],[119.582367,23.518948],[119.55714,23.565009],[119.64796,23.603461]]],[[[119.477061,23.603461],[119.490245,23.582465],[119.456554,23.562486],[119.477061,23.603461]]],[[[119.572602,23.627672],[119.566417,23.679185],[119.586925,23.645006],[119.572602,23.627672]]],[[[121.460704,22.659003],[121.502778,22.669501],[121.496104,22.63467],[121.460704,22.659003]]],[[[120.021861,23.451644],[120.12477,23.550454],[120.047912,23.458085],[120.021861,23.451644]]]]}},{"type":"Feature","properties":{"name":"Japan","ISO3166-1-Alpha-3":"JPN","ISO3166-1-Alpha-2":"JP"},"geometry":{"type":"MultiPolygon","coordinates":[[[[129.783214,31.799628],[129.74171,31.676174],[129.676298,31.666966],[129.783214,31.799628]]],[[[131.65979,32.47682],[131.338227,31.372626],[131.071788,31.449612],[131.013611,31.36307],[131.132114,31.279513],[130.657722,31.003191],[130.795252,31.344425],[130.590889,31.585988],[130.758637,31.563788],[130.776378,31.710273],[130.644786,31.714748],[130.529145,31.513251],[130.66033,31.27143],[130.586436,31.155422],[130.222205,31.2463],[130.118988,31.408637],[130.228282,31.381293],[130.334483,31.562405],[130.171431,31.790137],[130.179861,32.093451],[130.512462,32.338202],[130.668305,32.648749],[130.448009,32.621405],[130.625987,32.704006],[130.611339,32.785468],[130.241396,33.188234],[130.127565,33.120937],[130.22231,32.975205],[130.105317,32.875922],[130.33942,32.856579],[130.360827,32.687963],[130.165987,32.592956],[130.207585,32.752162],[130.093789,32.79486],[129.740351,32.568442],[129.85906,32.724514],[129.63843,32.926546],[129.681612,33.094092],[129.823277,32.979538],[129.7944,32.874921],[130.003148,32.845379],[129.945623,33.015758],[129.552144,33.225839],[129.580413,33.371007],[129.851573,33.280015],[129.787257,33.454519],[129.871349,33.442939],[129.853187,33.552502],[130.016856,33.445787],[130.208011,33.665076],[130.390866,33.604874],[130.289263,33.681545],[130.444591,33.718207],[130.488943,33.855373],[131.007148,33.966055],[130.961681,33.81623],[131.102976,33.624253],[131.36762,33.574802],[131.667366,33.667192],[131.737295,33.484608],[131.506029,33.363074],[131.51038,33.273404],[131.902625,33.266042],[131.809574,33.127649],[131.996113,33.091711],[131.903168,32.983059],[132.081189,32.94323],[131.65979,32.47682]]],[[[134.689789,33.82807],[134.312348,33.572506],[134.176527,33.236128],[133.925205,33.493693],[133.739397,33.537507],[133.292247,33.364691],[133.225434,33.159084],[133.001702,32.986957],[133.002208,32.711656],[132.627661,32.752093],[132.709158,32.90941],[132.504161,32.891669],[132.471495,33.040686],[132.382402,33.019779],[132.490082,33.132758],[132.394676,33.203895],[132.548364,33.226903],[132.52561,33.314664],[132.378673,33.319485],[132.421153,33.444485],[132.010539,33.348989],[132.676606,33.715644],[132.8975,34.122714],[133.127011,33.933291],[133.510997,33.965237],[133.641287,34.079169],[133.55836,34.259467],[133.701427,34.231269],[133.937022,34.375067],[134.143565,34.391791],[134.439767,34.208349],[134.646871,34.239252],[134.594574,34.029771],[134.689789,33.82807]]],[[[133.121349,36.109768],[133.12322,36.062934],[133.078624,36.049994],[133.121349,36.109768]]],[[[133.090587,36.117865],[133.093272,36.123358],[133.113617,36.113511],[133.090587,36.117865]]],[[[133.074229,36.127916],[133.044932,36.055121],[132.993175,36.066352],[133.074229,36.127916]]],[[[133.422211,34.445014],[133.281749,34.321519],[133.247325,34.4265],[133.185557,34.280504],[133.076427,34.259589],[133.168468,34.355048],[133.093272,34.389797],[132.656261,34.199286],[132.554454,34.192369],[132.517589,34.353013],[132.346039,34.348822],[132.222504,34.238959],[132.161632,33.841702],[132.055919,33.777167],[132.099457,33.87226],[131.741466,34.05622],[131.389903,34.03974],[131.257986,33.924791],[131.035595,34.047975],[130.879405,33.937934],[130.893077,34.343492],[131.033607,34.381789],[130.958751,34.427436],[131.414317,34.423977],[131.596872,34.659589],[131.858409,34.714504],[132.638679,35.294645],[132.635359,35.440955],[133.091261,35.601485],[133.308772,35.577189],[133.264659,35.496161],[133.400157,35.454291],[134.237765,35.546651],[134.536987,35.672203],[134.927013,35.641181],[135.226846,35.772321],[135.306163,35.671536],[135.188324,35.545258],[135.248226,35.591694],[135.319021,35.446967],[135.463222,35.603327],[135.529552,35.492743],[135.834321,35.534369],[135.811685,35.643406],[135.980574,35.630481],[136.019705,35.765347],[136.069114,35.66188],[135.963217,35.999923],[136.689685,36.730827],[136.767613,36.980999],[136.670259,37.149957],[136.783767,37.373892],[137.350874,37.506103],[137.230235,37.292141],[136.95107,37.234483],[136.860926,37.076775],[137.04713,37.098822],[137.005544,36.835924],[137.298673,36.757009],[137.447602,36.933539],[138.244895,37.183789],[138.550629,37.377916],[138.857677,37.827826],[139.425141,38.151272],[139.492686,38.454169],[139.99531,39.327329],[140.027599,39.82453],[139.760102,39.858059],[139.697731,39.988566],[139.866925,39.984297],[140.011152,40.235458],[139.860362,40.608791],[140.270763,40.812405],[140.321922,41.027445],[140.407793,41.025698],[140.248095,41.123361],[140.342283,41.265731],[140.632702,41.194258],[140.703122,40.853292],[140.852068,40.883849],[140.888675,41.010778],[141.126269,40.872919],[141.277882,41.15533],[141.205911,41.26472],[140.765796,41.145019],[140.907093,41.538548],[141.276096,41.353196],[141.460579,41.430223],[141.437387,40.670141],[141.830414,40.251166],[142.004893,39.772691],[141.96046,39.61164],[142.070323,39.550198],[141.952973,39.460761],[142.058442,39.466295],[141.905284,39.330471],[141.980968,39.350979],[141.843761,39.15233],[141.913341,39.097724],[141.727712,39.036282],[141.730235,38.951158],[141.638357,38.985419],[141.673595,38.851955],[141.588552,38.882229],[141.566417,38.703559],[141.463064,38.661363],[141.535167,38.632025],[141.467052,38.569525],[141.547618,38.518622],[141.47047,38.429511],[141.525401,38.267808],[141.304454,38.407904],[141.079438,38.360907],[140.966807,38.170478],[141.007823,37.133857],[140.741873,36.768459],[140.564107,36.283096],[140.879405,35.720526],[140.483467,35.565991],[140.37763,35.176357],[140.134603,35.122645],[139.926396,34.907357],[139.756994,34.956284],[139.869965,34.999335],[139.781003,35.318061],[140.102049,35.567087],[139.983614,35.668645],[139.765272,35.65351],[139.788097,35.513251],[139.642302,35.454261],[139.745453,35.248969],[139.685069,35.140448],[139.544178,35.307893],[139.183538,35.263267],[139.076732,35.075094],[139.14088,34.870551],[138.993663,34.649848],[138.835297,34.595893],[138.746593,34.691474],[138.761894,34.979903],[138.907563,35.030666],[138.803332,35.121909],[138.554082,35.096069],[138.215989,34.712283],[138.23329,34.594589],[137.546998,34.677289],[137.016095,34.578785],[137.340819,34.726543],[137.279959,34.808092],[137.018248,34.783289],[136.978852,34.924221],[136.971497,34.696411],[136.855968,34.739814],[136.830118,35.078831],[136.65919,34.983954],[136.519542,34.680854],[136.916026,34.433987],[136.895681,34.266913],[136.706798,34.334296],[136.336681,34.184027],[136.218516,34.075141],[136.273204,33.971422],[136.104744,33.891411],[135.76002,33.433336],[135.444835,33.550849],[135.327695,33.671193],[135.391612,33.713568],[135.05886,33.880033],[135.189952,34.149604],[135.061044,34.267275],[135.372562,34.484513],[135.412934,34.692084],[135.045769,34.624967],[134.491222,34.787055],[133.936697,34.587226],[134.046153,34.581529],[133.93629,34.451239],[133.723399,34.527574],[133.422211,34.445014]]],[[[143.896495,44.158149],[143.975841,44.148261],[143.813731,44.168402],[143.896495,44.158149]]],[[[145.767426,43.387274],[145.53061,43.16885],[145.138438,43.12816],[145.014334,42.989488],[144.798676,43.046698],[144.741954,42.924221],[144.323009,43.002631],[143.886404,42.844184],[143.348969,42.319159],[143.241547,41.928046],[141.817149,42.599595],[141.427745,42.564399],[140.977306,42.299628],[140.733653,42.564154],[140.500662,42.579169],[140.32545,42.432807],[140.291759,42.259589],[140.548839,42.105536],[140.713552,42.13349],[141.199962,41.799465],[141.006358,41.712144],[140.660411,41.827135],[140.208995,41.401109],[140.038259,41.442572],[139.979828,41.581732],[140.14503,41.982652],[139.767589,42.310981],[139.876964,42.663398],[140.200369,42.814276],[140.281505,42.75727],[140.521169,42.996283],[140.338064,43.210517],[140.360118,43.325181],[140.487153,43.372382],[140.796153,43.195502],[141.169119,43.140855],[141.42335,43.317857],[141.337413,43.712836],[141.640636,43.937934],[141.796072,44.64175],[141.583751,45.251166],[141.64796,45.437201],[141.919444,45.515855],[142.981456,44.586493],[143.776622,44.189276],[143.680431,44.182359],[143.728282,44.113471],[144.119314,44.129055],[144.152843,44.019843],[144.242931,44.119208],[144.379405,43.956488],[144.740489,43.914618],[145.341482,44.345526],[145.371837,44.248765],[145.071462,43.774604],[145.393565,43.305365],[145.258311,43.327094],[145.5171,43.22899],[145.767426,43.387274]]],[[[123.814708,24.39175],[123.934418,24.367499],[123.873057,24.258246],[123.668224,24.296617],[123.814708,24.39175]]],[[[123.002615,24.474311],[122.998383,24.439521],[122.938162,24.45482],[123.002615,24.474311]]],[[[124.329112,24.583564],[124.241873,24.363715],[124.14031,24.341986],[124.07838,24.435492],[124.329112,24.583564]]],[[[141.357758,24.789618],[141.330577,24.76911],[141.292654,24.773871],[141.357758,24.789618]]],[[[125.387218,24.782172],[125.452647,24.74494],[125.2588,24.733385],[125.260265,24.885199],[125.387218,24.782172]]],[[[131.255138,25.874986],[131.257335,25.827094],[131.212738,25.841457],[131.255138,25.874986]]],[[[126.810069,26.351874],[126.78891,26.303453],[126.703624,26.355292],[126.810069,26.351874]]],[[[142.193207,26.646064],[142.122406,26.720445],[142.165782,26.674384],[142.193207,26.646064]]],[[[128.337657,26.796942],[128.138357,26.554023],[127.851736,26.44123],[127.919932,26.309638],[127.651703,26.084377],[127.722504,26.429918],[127.960216,26.564114],[127.878266,26.694525],[128.057384,26.644761],[128.255056,26.886298],[128.337657,26.796942]]],[[[142.193207,27.091742],[142.241059,27.084296],[142.180186,27.07807],[142.193207,27.091742]]],[[[128.700694,27.45482],[128.618175,27.379706],[128.525157,27.38467],[128.700694,27.45482]]],[[[128.98878,27.811103],[128.929454,27.686713],[128.894542,27.891303],[128.98878,27.811103]]],[[[129.296641,28.119574],[129.285411,28.081488],[129.187022,28.174994],[129.296641,28.119574]]],[[[130.030284,28.373481],[130.00766,28.306545],[129.956554,28.284817],[130.030284,28.373481]]],[[[129.70753,28.462144],[129.447439,28.29092],[129.375987,28.119574],[129.145763,28.249945],[129.70753,28.462144]]],[[[129.714854,29.654527],[129.753754,29.645413],[129.721039,29.606147],[129.714854,29.654527]]],[[[129.893565,29.874742],[129.920421,29.819648],[129.850981,29.88673],[129.893565,29.874742]]],[[[130.674571,30.374579],[130.485977,30.225777],[130.376247,30.394436],[130.498951,30.467962],[130.674571,30.374579]]],[[[131.052013,30.840237],[131.057615,30.611269],[130.870381,30.343904],[131.052013,30.840237]]],[[[130.153087,32.203762],[130.173595,32.124335],[130.12322,32.158922],[130.153087,32.203762]]],[[[130.410004,32.511623],[130.362315,32.374986],[130.213064,32.43651],[130.410004,32.511623]]],[[[130.160492,32.546332],[130.20338,32.338853],[129.995453,32.19066],[130.064301,32.306789],[129.979747,32.332994],[130.00294,32.533352],[130.160492,32.546332]]],[[[128.878427,32.673925],[128.77311,32.571666],[128.600439,32.614178],[128.660818,32.782782],[128.80849,32.799908],[128.878427,32.673925]]],[[[139.791026,33.135321],[139.869395,33.075507],[139.787608,33.058417],[139.791026,33.135321]]],[[[129.097992,32.988267],[129.182807,32.984686],[129.045723,32.822093],[128.98146,32.960352],[129.10818,33.166688],[129.097992,32.988267]]],[[[129.555684,33.410805],[129.493095,33.245163],[129.342501,33.17962],[129.555684,33.410805]]],[[[132.243663,33.79328],[132.27296,33.768541],[132.188324,33.77969],[132.243663,33.79328]]],[[[129.776378,33.773424],[129.657127,33.742555],[129.688648,33.871146],[129.776378,33.773424]]],[[[132.236176,33.869045],[132.201915,33.94477],[132.469493,33.937934],[132.374034,33.841702],[132.236176,33.869045]]],[[[139.487071,34.060777],[139.523448,34.112372],[139.56129,34.058092],[139.487071,34.060777]]],[[[132.555186,34.071357],[132.455333,34.088121],[132.519298,34.174384],[132.555186,34.071357]]],[[[132.999475,34.208377],[132.990896,34.232123],[133.01002,34.291246],[132.999475,34.208377]]],[[[129.312528,34.279756],[129.276587,34.129111],[129.171634,34.106807],[129.207361,34.329277],[129.312528,34.279756]]],[[[139.270356,34.395982],[139.300955,34.417914],[139.267833,34.322699],[139.270356,34.395982]]],[[[135.002682,34.608423],[134.895763,34.372748],[134.958254,34.270356],[134.728677,34.190939],[134.68326,34.328226],[135.002682,34.608423]]],[[[129.452647,34.619452],[129.400756,34.337924],[129.228913,34.355601],[129.3233,34.648072],[129.464561,34.700805],[129.452647,34.619452]]],[[[139.418224,34.780829],[139.453787,34.678941],[139.351195,34.720034],[139.418224,34.780829]]],[[[133.012462,36.014797],[133.066661,36.006537],[133.027843,35.993638],[133.012462,36.014797]]],[[[133.367035,36.274237],[133.32602,36.158149],[133.187755,36.216132],[133.292003,36.342475],[133.367035,36.274237]]],[[[138.459239,38.069892],[138.575206,38.074286],[138.500499,37.906684],[138.222667,37.802232],[138.34254,37.966864],[138.242198,38.071479],[138.514171,38.323065],[138.459239,38.069892]]],[[[139.548513,42.243354],[139.445649,42.054836],[139.423839,42.191596],[139.548513,42.243354]]],[[[145.311534,43.593329],[145.283539,43.51789],[145.332042,43.565416],[145.202403,43.613837],[145.311534,43.593329]]],[[[144.448253,43.942206],[144.455089,43.942206],[144.448985,43.942043],[144.448253,43.942206]]],[[[141.327159,45.172349],[141.251231,45.099189],[141.131847,45.210273],[141.327159,45.172349]]],[[[141.052745,45.450426],[141.035655,45.264879],[140.966807,45.463446],[141.052745,45.450426]]],[[[140.869965,27.218248],[140.867931,27.233954],[140.874197,27.238227],[140.869965,27.218248]]],[[[127.809825,26.735419],[127.785655,26.702582],[127.754649,26.728583],[127.809825,26.735419]]],[[[127.995372,27.091742],[127.993175,27.066718],[127.925792,27.009752],[127.995372,27.091742]]],[[[130.220063,30.471584],[130.231845,30.423542],[130.163108,30.468717],[130.220063,30.471584]]],[[[134.367361,34.554267],[134.346934,34.430813],[134.161388,34.479193],[134.367361,34.554267]]],[[[141.452973,24.222398],[141.469981,24.226264],[141.467947,24.213772],[141.452973,24.222398]]],[[[153.972992,24.2897],[153.985606,24.291083],[153.978282,24.282416],[153.972992,24.2897]]],[[[141.287446,25.417711],[141.270518,25.440375],[141.297537,25.445299],[141.287446,25.417711]]],[[[131.289724,25.951361],[131.327891,25.937079],[131.309581,25.922756],[131.289724,25.951361]]],[[[127.222179,26.598944],[127.244151,26.586412],[127.214854,26.57746],[127.222179,26.598944]]],[[[128.454356,27.047512],[128.406098,27.035102],[128.408702,27.050849],[128.454356,27.047512]]],[[[142.18922,27.145494],[142.185313,27.17414],[142.204112,27.173896],[142.18922,27.145494]]],[[[142.195323,27.599107],[142.179454,27.612494],[142.183116,27.619452],[142.195323,27.599107]]],[[[142.080577,27.716946],[142.078624,27.72724],[142.082286,27.729885],[142.080577,27.716946]]],[[[128.236583,27.866523],[128.243419,27.857245],[128.23227,27.852851],[128.236583,27.866523]]],[[[129.591563,29.4501],[129.598155,29.472357],[129.610688,29.465562],[129.591563,29.4501]]],[[[129.52768,29.90233],[129.543305,29.908149],[129.551524,29.893622],[129.52768,29.90233]]],[[[129.943696,29.965277],[129.913333,29.960902],[129.912364,29.991889],[129.943696,29.965277]]],[[[140.307628,30.491156],[140.325938,30.485175],[140.306488,30.473619],[140.307628,30.491156]]],[[[129.428233,30.846422],[129.430919,30.848212],[129.433849,30.84455],[129.428233,30.846422]]],[[[129.9463,30.844713],[129.927745,30.813422],[129.908214,30.838446],[129.9463,30.844713]]],[[[140.043468,31.443101],[140.044444,31.445054],[140.045665,31.443305],[140.043468,31.443101]]],[[[140.04127,31.444159],[140.041352,31.446479],[140.043142,31.444566],[140.04127,31.444159]]],[[[139.756358,32.452297],[139.757091,32.470364],[139.773774,32.440985],[139.756358,32.452297]]],[[[139.299083,33.650092],[139.296153,33.651068],[139.299083,33.650702],[139.299083,33.650092]]],[[[139.622813,33.885565],[139.622895,33.856757],[139.579763,33.880316],[139.622813,33.885565]]],[[[139.372895,41.522162],[139.374278,41.50434],[139.336436,41.5185],[139.372895,41.522162]]],[[[153.966238,24.308661],[153.953461,24.292507],[153.940684,24.311469],[153.966238,24.308661]]],[[[125.202891,24.846259],[125.168142,24.800971],[125.157563,24.833808],[125.202891,24.846259]]],[[[127.36964,26.214586],[127.363617,26.177558],[127.342296,26.179999],[127.36964,26.214586]]],[[[142.105154,27.727037],[142.108816,27.729682],[142.111664,27.725857],[142.105154,27.727037]]],[[[129.93336,31.867825],[129.889903,31.810736],[129.824229,31.842271],[129.93336,31.867825]]],[[[130.243907,32.301825],[130.242849,32.263088],[130.212901,32.276679],[130.243907,32.301825]]],[[[130.446788,32.596829],[130.421397,32.540758],[130.416515,32.613959],[130.446788,32.596829]]],[[[132.562022,32.742133],[132.563243,32.709947],[132.539887,32.733791],[132.562022,32.742133]]],[[[128.89975,32.818305],[128.840099,32.777574],[128.869884,32.801093],[128.89975,32.818305]]],[[[128.953136,32.874213],[128.945079,32.804348],[128.880707,32.862616],[128.953136,32.874213]]],[[[129.027843,32.899807],[128.97755,32.864],[128.983735,32.906643],[129.027843,32.899807]]],[[[129.135509,33.299872],[129.127289,33.247504],[129.075043,33.259914],[129.135509,33.299872]]],[[[129.555919,33.493964],[129.539399,33.475165],[129.503184,33.4737],[129.555919,33.493964]]],[[[132.641368,34.014065],[132.63502,33.97484],[132.596365,33.980943],[132.641368,34.014065]]],[[[133.093516,34.174302],[133.0171,34.118842],[133.033946,34.161363],[133.093516,34.174302]]],[[[132.738536,34.196967],[132.740001,34.159898],[132.697927,34.181342],[132.738536,34.196967]]],[[[132.921153,34.27733],[132.916759,34.221869],[132.846446,34.24022],[132.921153,34.27733]]],[[[132.33839,34.304429],[132.325531,34.264716],[132.267263,34.253607],[132.33839,34.304429]]],[[[133.715668,34.396145],[133.712901,34.359442],[133.688487,34.366156],[133.715668,34.396145]]],[[[135.205179,34.430491],[135.240971,34.454647],[135.224416,34.416304],[135.205179,34.430491]]],[[[134.049001,34.474351],[134.054861,34.488837],[134.104503,34.490261],[134.049001,34.474351]]],[[[136.891968,34.496692],[136.906906,34.49415],[136.883204,34.475366],[136.891968,34.496692]]],[[[136.890179,34.531201],[136.902486,34.531974],[136.873985,34.513413],[136.890179,34.531201]]],[[[136.79806,34.876401],[136.823503,34.862037],[136.814701,34.846307],[136.79806,34.876401]]],[[[137.048106,37.152289],[136.947276,37.096991],[136.950206,37.144761],[137.048106,37.152289]]],[[[123.606293,25.739],[123.604666,25.738756],[123.600434,25.739366],[123.606293,25.739]]],[[[123.545339,25.761786],[123.511485,25.758083],[123.531423,25.773342],[123.545339,25.761786]]],[[[123.673025,25.928697],[123.672048,25.927476],[123.671723,25.929755],[123.673025,25.928697]]]]}},{"type":"Feature","properties":{"name":"Marshall Islands","ISO3166-1-Alpha-3":"MHL","ISO3166-1-Alpha-2":"MH"},"geometry":{"type":"MultiPolygon","coordinates":[[[[168.101085,5.599311],[168.121104,5.597357],[168.124522,5.631049],[168.101085,5.599311]]],[[[171.72462,6.101711],[171.743175,6.083197],[171.728201,6.079291],[171.72462,6.101711]]],[[[171.909679,7.098782],[171.921235,7.118476],[171.908946,7.092271],[171.909679,7.098782]]],[[[168.685395,4.573798],[168.744314,4.598619],[168.758474,4.604641],[168.685395,4.573798]]],[[[169.590343,5.80093],[169.645193,5.917141],[169.721446,5.97663],[169.590343,5.80093]]],[[[172.029796,6.054145],[171.962413,6.051825],[171.956798,6.064154],[172.029796,6.054145]]],[[[171.756684,6.972113],[171.613943,7.00609],[171.597992,7.024726],[171.756684,6.972113]]],[[[171.393565,7.109931],[171.202159,7.072455],[171.052257,7.154853],[171.393565,7.109931]]],[[[168.757823,7.307929],[168.830089,7.307929],[168.675059,7.320868],[168.757823,7.307929]]],[[[168.576834,7.40412],[168.555186,7.430325],[168.562511,7.464342],[168.576834,7.40412]]],[[[166.904145,11.172919],[166.875255,11.144965],[166.835785,11.159247],[166.904145,11.172919]]],[[[169.114513,5.638129],[169.116466,5.649237],[169.120616,5.647406],[169.114513,5.638129]]],[[[171.792247,7.054999],[171.797862,7.061916],[171.785981,7.038235],[171.792247,7.054999]]],[[[168.965587,7.574652],[168.951345,7.595689],[168.965587,7.595364],[168.965587,7.574652]]],[[[167.401703,8.317816],[167.407725,8.307278],[167.399669,8.310777],[167.401703,8.317816]]],[[[167.731619,8.724595],[167.730317,8.735256],[167.740245,8.743842],[167.731619,8.724595]]],[[[170.851736,8.897773],[170.838552,8.888373],[170.837169,8.889594],[170.851736,8.897773]]],[[[170.240245,9.449774],[170.23878,9.466702],[170.243907,9.466376],[170.240245,9.449774]]],[[[170.874685,10.274604],[170.874522,10.286607],[170.878591,10.287177],[170.874685,10.274604]]],[[[165.540212,11.633775],[165.542817,11.633002],[165.550629,11.626939],[165.540212,11.633775]]],[[[165.282237,11.695787],[165.282237,11.708441],[165.286794,11.710883],[165.282237,11.695787]]],[[[169.010753,14.610175],[169.007335,14.602769],[168.987315,14.586859],[169.010753,14.610175]]]]}},{"type":"Feature","properties":{"name":"Indian Ocean Territories","ISO3166-1-Alpha-3":"-99","ISO3166-1-Alpha-2":"-99"},"geometry":{"type":"MultiPolygon","coordinates":[[[[96.863129,-12.181736],[96.823416,-12.150974],[96.829845,-12.144464],[96.863129,-12.181736]]],[[[96.902192,-12.199965],[96.88852,-12.187433],[96.916189,-12.161798],[96.902192,-12.199965]]],[[[105.704112,-10.430841],[105.694591,-10.564874],[105.584972,-10.516371],[105.704112,-10.430841]]]]}},{"type":"Feature","properties":{"name":"Singapore","ISO3166-1-Alpha-3":"SGP","ISO3166-1-Alpha-2":"SG"},"geometry":{"type":"Polygon","coordinates":[[[103.960785,1.391099],[103.838878,1.266262],[103.640391,1.322252],[103.708344,1.429389],[103.960785,1.391099]]]}},{"type":"Feature","properties":{"name":"Solomon Islands","ISO3166-1-Alpha-3":"SLB","ISO3166-1-Alpha-2":"SB"},"geometry":{"type":"MultiPolygon","coordinates":[[[[160.503673,-11.736017],[160.582205,-11.794854],[160.483165,-11.844985],[159.969249,-11.503188],[160.503673,-11.736017]]],[[[159.804698,-11.29046],[159.853201,-11.324477],[159.777354,-11.283624],[159.804698,-11.29046]]],[[[161.740977,-10.272556],[161.717296,-10.231378],[161.770518,-10.278416],[161.740977,-10.272556]]],[[[162.374848,-10.823663],[161.792166,-10.734959],[161.524669,-10.564223],[161.510997,-10.364923],[161.284923,-10.323907],[161.300059,-10.207127],[161.835704,-10.446954],[162.113617,-10.456476],[162.271739,-10.814386],[162.374848,-10.823663]]],[[[167.17335,-9.886407],[167.170177,-9.859145],[167.195974,-9.885919],[167.17335,-9.886407]]],[[[167.091807,-9.803318],[167.104503,-9.801853],[167.108246,-9.80462],[167.091807,-9.803318]]],[[[161.977794,-9.851007],[161.940196,-9.692153],[161.970876,-9.706964],[161.977794,-9.851007]]],[[[161.394786,-9.412774],[161.35434,-9.338556],[161.558604,-9.788995],[161.400727,-9.670017],[161.394786,-9.412774]]],[[[160.826345,-9.837335],[160.644786,-9.937107],[159.835623,-9.793878],[159.601817,-9.521905],[159.609548,-9.309828],[159.743663,-9.259535],[159.939708,-9.432875],[160.366384,-9.412774],[160.826345,-9.837335]]],[[[159.828868,-9.172621],[159.811534,-9.111098],[159.832693,-9.103692],[159.828868,-9.172621]]],[[[160.25408,-9.158949],[160.314952,-9.0617],[160.414236,-9.131606],[160.25408,-9.158949]]],[[[159.19516,-9.056573],[159.2317,-9.032647],[159.222504,-9.079685],[159.19516,-9.056573]]],[[[160.09669,-9.056573],[160.147716,-8.989679],[160.301443,-9.061619],[160.264496,-9.131606],[160.09669,-9.056573]]],[[[159.167166,-9.017999],[159.147309,-9.103692],[159.039317,-9.068536],[159.167166,-9.017999]]],[[[160.079112,-9.023045],[160.079112,-8.977716],[160.108409,-8.961196],[160.079112,-9.023045]]],[[[157.615489,-8.73447],[157.476736,-8.739516],[157.543793,-8.69492],[157.615489,-8.73447]]],[[[158.22877,-8.774672],[158.153656,-8.796563],[158.208263,-8.679132],[158.22877,-8.774672]]],[[[158.056895,-8.528253],[158.132498,-8.545505],[158.105724,-8.691095],[157.957042,-8.755955],[157.89975,-8.562433],[158.056895,-8.528253]]],[[[157.358653,-8.576755],[157.413829,-8.726983],[157.200938,-8.565851],[157.347504,-8.41253],[157.358653,-8.576755]]],[[[159.68865,-8.507908],[159.549815,-8.470798],[159.558279,-8.389418],[159.68865,-8.507908]]],[[[162.738617,-8.38836],[162.734874,-8.373793],[162.75408,-8.382501],[162.738617,-8.38836]]],[[[161.360688,-9.617608],[160.867931,-9.152114],[160.601329,-8.325453],[160.758962,-8.316664],[160.996837,-8.603774],[160.946625,-8.813735],[161.284923,-9.186212],[161.235362,-9.281183],[161.360688,-9.617608]]],[[[157.125173,-8.275079],[157.152517,-8.337172],[157.022634,-8.192804],[157.125173,-8.275079]]],[[[157.207693,-8.288751],[157.150401,-8.215916],[157.09783,-8.158949],[157.207693,-8.288751]]],[[[156.810557,-8.055352],[156.824718,-8.069594],[156.81544,-8.111993],[156.810557,-8.055352]]],[[[157.797374,-8.562433],[157.577647,-8.436212],[157.549653,-8.261407],[157.228201,-8.316664],[157.441091,-7.979669],[157.605642,-8.007582],[157.639659,-8.240899],[157.83839,-8.337172],[157.906912,-8.490899],[157.886078,-8.58294],[157.797374,-8.562433]]],[[[156.611176,-8.072686],[156.587413,-8.199395],[156.549815,-7.939223],[156.611176,-8.072686]]],[[[157.104666,-8.124933],[156.947032,-7.979669],[157.091075,-7.850518],[157.200938,-8.000746],[157.104666,-8.124933]]],[[[156.80714,-7.720147],[156.659679,-7.939223],[156.504161,-7.63006],[156.611176,-7.569431],[156.80714,-7.720147]]],[[[155.570323,-7.322931],[155.618175,-7.363946],[155.507986,-7.375746],[155.570323,-7.322931]]],[[[155.816742,-7.020685],[155.850922,-7.099298],[155.672862,-7.089532],[155.734874,-6.966078],[155.816742,-7.020685]]],[[[156.118419,-6.918227],[156.042735,-6.980401],[156.076834,-6.815199],[156.118419,-6.918227]]],[[[166.92392,-11.640972],[166.984149,-11.709863],[166.767203,-11.61712],[166.92392,-11.640972]]],[[[166.557252,-11.283644],[166.500764,-11.288876],[166.47976,-11.247422],[166.557252,-11.283644]]],[[[166.147905,-10.694046],[165.861965,-10.86854],[165.756474,-10.812161],[165.878062,-10.656847],[166.147905,-10.694046]]],[[[158.486095,-7.610284],[158.421153,-7.643813],[158.352224,-7.582452],[158.486095,-7.610284]]],[[[159.859386,-8.511326],[158.94809,-8.049086],[158.451996,-7.531996],[158.75172,-7.593438],[159.085704,-7.903578],[159.402599,-7.982354],[159.842052,-8.325616],[159.756847,-8.391778],[159.859386,-8.511326]]],[[[158.365245,-7.548272],[158.268565,-7.466974],[158.434825,-7.527765],[158.365245,-7.548272]]],[[[157.611583,-7.404229],[157.580414,-7.452813],[157.511404,-7.413507],[157.611583,-7.404229]]],[[[158.283214,-7.411798],[158.249034,-7.47324],[158.214854,-7.417901],[158.283214,-7.411798]]],[[[157.776215,-7.407973],[157.797374,-7.47324],[157.678559,-7.448175],[157.776215,-7.407973]]],[[[157.529796,-7.333185],[157.447927,-7.432224],[157.014659,-7.282647],[156.454438,-6.630792],[157.042654,-6.897149],[157.187266,-7.178888],[157.529796,-7.333185]]],[[[168.812266,-12.26629],[168.825857,-12.281508],[168.802419,-12.290623],[168.812266,-12.26629]]],[[[165.745291,-10.421645],[165.722911,-10.412856],[165.732188,-10.389907],[165.745291,-10.421645]]],[[[160.635753,-7.891046],[160.632009,-7.927016],[160.612071,-7.876723],[160.635753,-7.891046]]],[[[166.984874,-11.614353],[166.963227,-11.650323],[166.944347,-11.625421],[166.984874,-11.614353]]],[[[166.252452,-10.264907],[166.237315,-10.31113],[166.23585,-10.255304],[166.252452,-10.264907]]],[[[156.545421,-7.791681],[156.555431,-7.817315],[156.517914,-7.809259],[156.545421,-7.791681]]]]}},{"type":"Feature","properties":{"name":"Tuvalu","ISO3166-1-Alpha-3":"TUV","ISO3166-1-Alpha-2":"TV"},"geometry":{"type":"MultiPolygon","coordinates":[[[[179.191254,-8.542087],[179.19809,-8.497817],[179.207205,-8.498468],[179.191254,-8.542087]]],[[[178.380544,-8.070001],[178.373302,-8.069024],[178.383149,-8.039239],[178.380544,-8.070001]]],[[[177.152599,-7.197361],[177.150401,-7.190362],[177.153005,-7.195001],[177.152599,-7.197361]]],[[[176.314301,-6.302341],[176.319184,-6.289239],[176.322927,-6.288832],[176.314301,-6.302341]]],[[[177.344086,-6.121026],[177.338145,-6.111017],[177.348806,-6.110528],[177.344086,-6.121026]]],[[[176.135265,-5.692804],[176.125255,-5.679132],[176.140391,-5.687188],[176.135265,-5.692804]]],[[[179.906749,-9.399347],[179.905284,-9.420668],[179.898611,-9.386814],[179.906749,-9.399347]]],[[[179.867849,-9.343194],[179.878429,-9.360772],[179.871755,-9.350193],[179.867849,-9.343194]]],[[[178.682791,-7.491469],[178.665212,-7.454034],[178.69337,-7.483982],[178.682791,-7.491469]]]]}},{"type":"Feature","properties":{"name":"Nauru","ISO3166-1-Alpha-3":"NRU","ISO3166-1-Alpha-2":"NR"},"geometry":{"type":"Polygon","coordinates":[[[166.938813,-0.490411],[166.958263,-0.517673],[166.916352,-0.54754],[166.938813,-0.490411]]]}},{"type":"Feature","properties":{"name":"Federated States of Micronesia","ISO3166-1-Alpha-3":"FSM","ISO3166-1-Alpha-2":"FM"},"geometry":{"type":"MultiPolygon","coordinates":[[[[163.026052,5.340888],[163.019216,5.272691],[162.91212,5.304185],[163.026052,5.340888]]],[[[158.290782,6.937974],[158.313813,6.808661],[158.180186,6.802476],[158.132498,6.941352],[158.290782,6.937974]]],[[[151.588634,7.383612],[151.622732,7.342678],[151.574229,7.347724],[151.588634,7.383612]]],[[[151.87672,7.458726],[151.917654,7.458726],[151.855642,7.436957],[151.87672,7.458726]]],[[[138.192393,9.575873],[138.156586,9.525784],[138.126231,9.565985],[138.192393,9.575873]]],[[[154.808116,0.927802],[154.817638,0.922187],[154.801768,0.918199],[154.808116,0.927802]]],[[[154.714854,0.965562],[154.721934,0.969184],[154.726817,0.960639],[154.714854,0.965562]]],[[[154.793142,0.972113],[154.792328,0.962877],[154.778168,0.968817],[154.793142,0.972113]]],[[[154.879242,3.751939],[154.87672,3.767971],[154.891856,3.778795],[154.879242,3.751939]]],[[[154.789317,3.791815],[154.791759,3.776557],[154.773692,3.766262],[154.789317,3.791815]]],[[[153.667735,5.286038],[153.685313,5.309719],[153.707693,5.305365],[153.667735,5.286038]]],[[[157.161876,5.773871],[157.158946,5.777899],[157.16391,5.778713],[157.161876,5.773871]]],[[[149.315766,6.696926],[149.316905,6.709906],[149.325694,6.712551],[149.315766,6.696926]]],[[[157.936371,6.71719],[157.942068,6.730536],[157.948253,6.725775],[157.936371,6.71719]]],[[[151.856781,7.316596],[151.854503,7.370063],[151.865571,7.350653],[151.856781,7.316596]]],[[[149.18572,7.371649],[149.180837,7.381171],[149.188243,7.379788],[149.18572,7.371649]]],[[[150.407481,8.575507],[150.404633,8.586005],[150.409841,8.582343],[150.407481,8.575507]]],[[[149.668712,8.574693],[149.667817,8.604234],[149.688813,8.607327],[149.668712,8.574693]]],[[[150.118175,8.976304],[150.127452,8.987494],[150.130544,8.980943],[150.118175,8.976304]]],[[[140.514171,9.767808],[140.531261,9.77558],[140.524669,9.764472],[140.514171,9.767808]]]]}},{"type":"Feature","properties":{"name":"Palau","ISO3166-1-Alpha-3":"PLW","ISO3166-1-Alpha-2":"PW"},"geometry":{"type":"MultiPolygon","coordinates":[[[[134.271495,7.07453],[134.280935,7.049628],[134.257823,7.013088],[134.271495,7.07453]]],[[[134.463878,7.294257],[134.392914,7.224514],[134.401703,7.246487],[134.463878,7.294257]]],[[[134.471365,7.362494],[134.511892,7.30858],[134.468028,7.343817],[134.471365,7.362494]]],[[[134.648204,7.719428],[134.528005,7.357571],[134.487559,7.469916],[134.648204,7.719428]]],[[[131.1421,3.047309],[131.183604,3.060289],[131.160492,3.022773],[131.1421,3.047309]]],[[[132.220388,5.292222],[132.213878,5.307115],[132.220225,5.310248],[132.220388,5.292222]]],[[[134.159679,6.884467],[134.136729,6.919094],[134.173188,6.924872],[134.159679,6.884467]]],[[[131.791515,2.977729],[131.812999,2.960435],[131.778819,2.952826],[131.791515,2.977729]]],[[[134.709676,8.096618],[134.727343,8.082879],[134.701245,8.050245],[134.709676,8.096618]]]]}},{"type":"Feature","properties":{"name":"Guam","ISO3166-1-Alpha-3":"GUM","ISO3166-1-Alpha-2":"GU"},"geometry":{"type":"Polygon","coordinates":[[[144.886404,13.640204],[144.952159,13.586859],[144.680675,13.246772],[144.624197,13.43122],[144.886404,13.640204]]]}},{"type":"Feature","properties":{"name":"Northern Mariana Islands","ISO3166-1-Alpha-3":"MNP","ISO3166-1-Alpha-2":"MP"},"geometry":{"type":"MultiPolygon","coordinates":[[[[145.20574,14.181383],[145.290538,14.181383],[145.119314,14.129584],[145.20574,14.181383]]],[[[145.647309,15.072089],[145.667817,14.982733],[145.592133,14.982733],[145.647309,15.072089]]],[[[145.787852,15.267279],[145.766124,15.155015],[145.683849,15.131293],[145.787852,15.267279]]],[[[145.709483,16.367499],[145.669119,16.339179],[145.629405,16.373684],[145.709483,16.367499]]],[[[145.771118,18.175209],[145.835623,18.128323],[145.719493,18.054185],[145.771118,18.175209]]],[[[145.661632,18.72427],[145.688324,18.807359],[145.709483,18.74844],[145.661632,18.72427]]],[[[145.789236,16.675482],[145.769054,16.69477],[145.785899,16.7001],[145.789236,16.675482]]],[[[145.854991,17.285793],[145.835948,17.305162],[145.851248,17.309394],[145.854991,17.285793]]],[[[145.854259,17.566881],[145.826915,17.593207],[145.862966,17.598538],[145.854259,17.566881]]],[[[145.40561,19.652777],[145.382091,19.672797],[145.409923,19.684475],[145.40561,19.652777]]],[[[145.250743,20.009711],[145.23878,20.050442],[145.261485,20.034613],[145.250743,20.009711]]],[[[144.915701,20.517157],[144.90211,20.540025],[144.931814,20.549221],[144.915701,20.517157]]]]}},{"type":"Feature","properties":{"name":"Spratly Islands","ISO3166-1-Alpha-3":"-99","ISO3166-1-Alpha-2":"-99"},"geometry":{"type":"MultiPolygon","coordinates":[[[[115.367198,10.237494],[115.365977,10.239163],[115.367931,10.239163],[115.367198,10.237494]]],[[[114.37322,9.687649],[114.381033,9.692206],[114.376475,9.680121],[114.37322,9.687649]]],[[[114.029633,10.011868],[114.029307,10.017401],[114.04005,10.019477],[114.029633,10.011868]]],[[[114.365408,10.175482],[114.358653,10.179348],[114.365977,10.187201],[114.365408,10.175482]]],[[[114.464203,10.367377],[114.46461,10.377997],[114.469737,10.376654],[114.464203,10.367377]]],[[[114.36378,10.367865],[114.358165,10.377427],[114.366384,10.37401],[114.36378,10.367865]]],[[[114.454845,10.388332],[114.449962,10.394436],[114.454926,10.397203],[114.454845,10.388332]]],[[[115.830577,10.734605],[115.830414,10.727444],[115.812836,10.727688],[115.830577,10.734605]]],[[[115.840343,10.823188],[115.8296,10.831773],[115.845225,10.831204],[115.840343,10.823188]]],[[[114.278575,11.040432],[114.272227,11.045844],[114.282725,11.050686],[114.278575,11.040432]]],[[[115.018403,11.107123],[115.009125,11.113227],[115.020763,11.117987],[115.018403,11.107123]]],[[[114.361339,9.767117],[114.359955,9.770046],[114.362804,9.76911],[114.361339,9.767117]]]]}},{"type":"Feature","properties":{"name":"Macao S.A.R","ISO3166-1-Alpha-3":"MAC","ISO3166-1-Alpha-2":"MO"},"geometry":{"type":"MultiPolygon","coordinates":[[[[113.558604,22.163031],[113.586681,22.129543],[113.552257,22.107693],[113.558604,22.163031]]],[[[113.536469,22.217068],[113.553803,22.195868],[113.519867,22.183743],[113.536469,22.217068]]]]}},{"type":"Feature","properties":{"name":"Scarborough Reef","ISO3166-1-Alpha-3":"-99","ISO3166-1-Alpha-2":"-99"},"geometry":{"type":"Polygon","coordinates":[[[117.753887,15.154369],[117.755692,15.151887],[117.753887,15.150082],[117.753887,15.154369]]]}}]}
