{"type":"FeatureCollection","features":[{"type":"Feature","properties":{"name":"Dhekelia Sovereign Base Area","ISO3166-1-Alpha-3":"-99","ISO3166-1-Alpha-2":"-99"},"geometry":{"type":"Polygon","coordinates":[[[33.780935,34.976345],[33.678853,35.055794],[33.889435,35.118994],[33.799001,35.038534],[33.891841,34.958139],[33.780935,34.976345]],[[33.742792,35.001233],[33.752063,35.0144],[33.740239,35.010101],[33.742792,35.001233]]]}},{"type":"Feature","properties":{"name":"Cyprus","ISO3166-1-Alpha-3":"CYP","ISO3166-1-Alpha-2":"CY"},"geometry":{"type":"MultiPolygon","coordinates":[[[[33.78183,34.976223],[33.765411,34.985566],[33.782568,34.984687],[33.78183,34.976223]]],[[[33.742792,35.001233],[33.740239,35.010101],[33.752063,35.0144],[33.742792,35.001233]]],[[[33.702935,34.987943],[33.605642,34.821763],[32.962515,34.625019],[32.458995,34.721869],[32.271739,35.072821],[32.413829,35.043036],[32.659813,35.187082],[32.825986,35.058946],[33.415924,35.160336],[33.458815,34.977763],[33.702935,34.987943]]],[[[33.898116,35.061272],[34.099132,34.965155],[33.838068,34.963707],[33.804375,35.049541],[33.898116,35.061272]]]]}},{"type":"Feature","properties":{"name":"Syria","ISO3166-1-Alpha-3":"SYR","ISO3166-1-Alpha-2":"SY"},"geometry":{"type":"Polygon","coordinates":[[[35.75759,32.744347],[35.888073,32.944941],[35.763842,33.334401],[36.035247,33.567797],[35.948431,33.70921],[36.13829,33.850622],[36.357501,33.823776],[36.288565,33.946508],[36.604101,34.199102],[36.52514,34.422939],[36.319881,34.514122],[36.440184,34.62936],[35.9699,34.649849],[35.866873,34.924221],[35.962413,35.197943],[35.918956,35.41767],[35.723399,35.582099],[35.840343,35.747463],[35.798595,35.849677],[35.980263,35.926852],[36.157617,35.822569],[36.196891,35.951708],[36.358018,35.99398],[36.373004,36.227609],[36.664253,36.229004],[36.531237,36.479015],[36.639861,36.828089],[36.964699,36.75383],[37.053066,36.619936],[37.446117,36.634199],[38.224261,36.908394],[38.725005,36.693937],[39.239599,36.661278],[39.765252,36.742151],[40.708967,37.100476],[41.479773,37.075568],[42.009249,37.175613],[42.211201,37.324906],[42.346696,37.239769],[42.377186,37.062235],[41.843781,36.617869],[41.385411,36.516377],[41.276994,36.354785],[41.236687,36.060332],[41.363501,35.655241],[41.20134,35.243018],[41.204234,34.793123],[40.965282,34.401855],[36.819385,32.316788],[36.387887,32.379317],[35.75759,32.744347]]]}},{"type":"Feature","properties":{"name":"France","ISO3166-1-Alpha-3":"-99","ISO3166-1-Alpha-2":"-99"},"geometry":{"type":"MultiPolygon","coordinates":[[[[-54.111527,2.11427],[-54.615292,2.326267],[-54.375617,2.483777],[-54.170203,2.853057],[-54.211182,3.127407],[-54.00303,3.455397],[-53.994813,3.623604],[-54.406571,4.191528],[-54.486721,4.902958],[-53.934023,5.744765],[-52.896519,5.405668],[-52.388987,4.895901],[-52.279124,4.93122],[-52.340484,4.724595],[-52.231923,4.875434],[-52.024526,4.693549],[-51.950754,4.454006],[-52.046295,4.333564],[-51.936513,4.391913],[-51.909169,4.655707],[-51.801503,4.612698],[-51.649037,4.15233],[-52.355327,3.151592],[-52.690603,2.372983],[-52.980922,2.173253],[-53.268501,2.195733],[-53.344104,2.349625],[-53.531792,2.247047],[-53.764801,2.368694],[-54.111527,2.11427]]],[[[2.5218,51.087541],[2.586746,50.845425],[2.786734,50.723365],[3.129245,50.779072],[3.271045,50.526943],[3.608286,50.476507],[3.696859,50.298223],[4.0033,50.34406],[4.197604,50.258484],[4.131665,49.974987],[4.645845,49.984495],[4.815551,50.161332],[4.849037,49.794171],[5.259244,49.691335],[5.456132,49.498944],[6.402741,49.465457],[6.713781,49.158861],[7.410483,49.168938],[7.634965,49.037783],[8.200305,48.958563],[7.810252,48.615018],[7.585666,48.129725],[7.511872,47.707322],[7.586028,47.584619],[7.378547,47.430646],[6.9733,47.489092],[6.86664,47.354165],[7.036552,47.329515],[6.442635,46.944164],[6.429199,46.760816],[6.118417,46.583463],[6.094026,46.253044],[5.954809,46.19992],[5.95884,46.130467],[6.140328,46.150207],[6.281198,46.240073],[6.269105,46.375026],[6.482942,46.448587],[6.787058,46.414171],[6.765664,46.151603],[7.022083,45.92526],[6.800804,45.826455],[6.795946,45.718141],[7.160679,45.410924],[7.055466,45.213675],[6.602728,45.10345],[6.745407,44.907803],[7.007096,44.822071],[7.055155,44.684871],[6.835737,44.534027],[6.866123,44.372125],[7.331004,44.125266],[7.655636,44.176064],[7.689949,44.067337],[7.47641,43.764635],[6.731146,43.407847],[6.590892,43.268898],[6.693374,43.272973],[6.679801,43.201553],[6.193198,43.108773],[6.180072,43.035922],[5.34698,43.215899],[5.294173,43.355472],[5.034022,43.335476],[5.226329,43.480292],[5.029145,43.55858],[5.051117,43.429267],[4.868175,43.421454],[4.855778,43.341779],[4.694591,43.579088],[4.820279,43.346356],[3.952973,43.539944],[3.114024,43.106309],[3.04184,42.629055],[3.18097,42.431484],[2.933702,42.470225],[2.662194,42.339019],[2.277411,42.428626],[1.995671,42.348682],[1.712174,42.493712],[1.721993,42.609855],[1.429297,42.595386],[1.342584,42.70866],[0.812901,42.831624],[0.656321,42.83842],[0.643609,42.684476],[-0.038933,42.685148],[-0.322792,42.842502],[-0.56903,42.772636],[-0.759665,42.946501],[-1.286041,43.109179],[-1.457141,43.045074],[-1.403501,43.243331],[-1.621886,43.247],[-1.796449,43.374382],[-1.476877,43.580064],[-1.257232,44.556057],[-1.044749,44.66942],[-1.172231,44.778266],[-1.260365,44.627427],[-1.085276,45.569037],[-0.766184,45.326077],[-0.534657,44.894965],[-0.596181,45.024644],[-0.493764,44.997992],[-0.655995,45.099107],[-0.795481,45.477118],[-1.247304,45.709906],[-1.163808,45.806708],[-0.987172,45.717353],[-1.151723,45.86815],[-1.048695,46.038804],[-1.210805,46.174547],[-1.110748,46.30268],[-1.7954,46.494534],[-2.118764,46.819973],[-1.990712,47.035386],[-2.241119,47.142483],[-2.160553,47.271186],[-1.72704,47.210761],[-2.010121,47.319729],[-2.541982,47.300116],[-2.436187,47.307034],[-2.556386,47.383246],[-2.391835,47.423651],[-2.49474,47.491197],[-2.363922,47.506171],[-2.90925,47.558417],[-2.741444,47.551337],[-2.706532,47.642727],[-2.97468,47.663804],[-2.939931,47.560777],[-3.12328,47.598782],[-3.131703,47.478217],[-3.200592,47.639594],[-3.118031,47.732123],[-3.358266,47.697333],[-3.282623,47.78734],[-3.446441,47.704576],[-4.132192,47.923896],[-4.185211,47.813381],[-4.371816,47.807196],[-4.434641,47.975653],[-4.728139,48.040595],[-4.28539,48.115383],[-4.379262,48.232367],[-4.557485,48.177191],[-4.626332,48.287055],[-4.546702,48.346829],[-4.187489,48.307522],[-4.453725,48.335395],[-4.289906,48.431586],[-4.768381,48.345404],[-4.764556,48.520209],[-3.973988,48.732815],[-3.851715,48.629625],[-3.810129,48.733222],[-3.584788,48.682807],[-3.515289,48.841946],[-3.229726,48.87226],[-3.22053,48.794135],[-3.091461,48.871283],[-3.125478,48.759955],[-3.008168,48.821438],[-2.682362,48.509019],[-2.31607,48.698554],[-2.213694,48.581855],[-2.052358,48.650092],[-1.980295,48.513577],[-2.028717,48.643256],[-1.945627,48.698554],[-1.79601,48.615912],[-1.356557,48.643256],[-1.553619,48.747138],[-1.548411,49.225491],[-1.816477,49.383734],[-1.935211,49.724107],[-1.263051,49.695502],[-1.306264,49.558092],[-1.122874,49.345445],[-0.219472,49.280097],[0.411306,49.452053],[0.493175,49.493598],[0.076589,49.53498],[0.23585,49.729315],[1.221202,49.97899],[1.521007,50.214667],[1.672537,50.192532],[1.541515,50.277899],[1.580577,50.868801],[2.5218,51.087541]],[[1.983372,42.441261],[1.999495,42.443896],[1.956604,42.481775],[1.983372,42.441261]]],[[[-60.810414,14.461982],[-61.069569,14.466702],[-60.996002,14.565009],[-61.219472,14.846503],[-60.879303,14.777289],[-60.937489,14.666409],[-60.810414,14.461982]]],[[[-61.194,15.932074],[-61.332021,15.931952],[-61.2683,16.009263],[-61.194,15.932074]]],[[[-60.989247,16.346381],[-61.068593,16.302232],[-61.078521,16.312201],[-60.989247,16.346381]]],[[[-61.551666,16.285549],[-61.565989,16.033515],[-61.694936,15.949164],[-61.797353,16.312201],[-61.551666,16.285549]]],[[[-61.544179,16.285386],[-61.462514,16.513088],[-61.163564,16.252997],[-61.462148,16.202338],[-61.544179,16.285386]]],[[[55.787852,-21.103448],[55.812022,-21.342543],[55.575043,-21.367934],[55.34962,-21.271417],[55.225434,-21.029718],[55.287446,-20.911716],[55.57838,-20.87477],[55.787852,-21.103448]]],[[[45.262218,-12.76336],[45.282563,-12.743422],[45.288422,-12.788344],[45.262218,-12.76336]]],[[[45.200694,-12.722914],[45.186371,-12.968845],[45.097179,-12.982354],[45.042491,-12.698419],[45.200694,-12.722914]]],[[[9.456554,42.647406],[9.482107,42.620103],[9.476899,42.620103],[9.456554,42.647406]]],[[[8.565766,42.208564],[8.687755,42.272935],[8.549083,42.377102],[8.709158,42.579169],[9.117849,42.732001],[9.292166,42.67475],[9.34669,43.00373],[9.464041,42.990058],[9.559581,42.146552],[9.403168,41.952948],[9.401622,41.706448],[9.223155,41.372504],[8.791759,41.561225],[8.922699,41.694648],[8.655121,41.749905],[8.805431,41.906928],[8.614268,41.900784],[8.586274,41.96898],[8.744965,42.056586],[8.565766,42.208564]]],[[[-1.21939,45.943915],[-1.209218,45.814154],[-1.404937,46.053168],[-1.21939,45.943915]]],[[[-1.281402,46.156195],[-1.498118,46.261908],[-1.411122,46.238105],[-1.281402,46.156195]]],[[[-2.337229,46.731594],[-2.268951,46.697414],[-2.382924,46.722642],[-2.337229,46.731594]]],[[[-2.200103,46.985419],[-2.142568,46.909857],[-2.295644,47.033189],[-2.200103,46.985419]]],[[[-3.114654,47.331488],[-3.223459,47.312161],[-3.249623,47.395209],[-3.114654,47.331488]]],[[[-5.050282,48.478827],[-5.087961,48.447211],[-5.097768,48.46133],[-5.050282,48.478827]]],[[[-61.624664,15.871243],[-61.616078,15.860053],[-61.627553,15.846991],[-61.624664,15.871243]]],[[[-61.566477,15.878363],[-61.582183,15.861802],[-61.585113,15.870673],[-61.566477,15.878363]]],[[[6.235037,43.022406],[6.216482,42.990383],[6.202973,43.008002],[6.235037,43.022406]]]]}},{"type":"Feature","properties":{"name":"Ukraine","ISO3166-1-Alpha-3":"UKR","ISO3166-1-Alpha-2":"UA"},"geometry":{"type":"MultiPolygon","coordinates":[[[[31.764345,52.100568],[31.910383,52.029073],[32.233309,52.080853],[32.394281,52.326807],[32.908978,52.241102],[33.182863,52.367296],[33.510078,52.287533],[33.804065,52.354609],[34.065341,52.158626],[34.096244,51.951817],[34.41271,51.777693],[34.089113,51.666615],[34.223678,51.514764],[34.185851,51.394151],[34.308737,51.33462],[34.185954,51.248914],[35.078716,51.207625],[35.143622,51.058487],[35.355082,51.025595],[35.284802,50.944333],[35.468873,50.668536],[35.377716,50.621821],[35.611397,50.351708],[36.105837,50.42111],[36.594386,50.20443],[37.415214,50.431858],[38.000398,49.899798],[38.299915,50.060511],[38.937395,49.803473],[39.15578,49.873598],[39.26089,49.74451],[39.557513,49.723994],[39.801529,49.542197],[40.115515,49.590566],[40.0349,49.487058],[40.141663,49.245781],[39.673991,48.970139],[40.05278,48.849733],[39.779411,48.80772],[39.63172,48.586906],[39.855066,48.556107],[39.924105,48.376118],[39.815895,48.308164],[39.990665,48.253748],[39.759878,48.014951],[39.733833,47.815997],[38.877244,47.86124],[38.734514,47.677143],[38.319035,47.591308],[38.188707,47.30099],[38.298158,47.256031],[38.142263,47.037665],[37.546397,47.08161],[37.335216,46.882473],[37.227061,46.936998],[36.853689,46.800482],[36.769298,46.637397],[36.802501,46.724758],[36.696056,46.779975],[36.278331,46.607408],[35.901622,46.652737],[34.982107,46.077826],[35.342133,46.335761],[35.188324,46.512437],[35.108409,46.297756],[34.812266,46.176663],[34.975667,45.717322],[34.688637,45.974015],[34.464614,45.955347],[33.846216,46.195705],[33.67028,46.218106],[33.516287,46.046332],[33.21461,46.128241],[33.235118,46.223822],[32.503429,46.076117],[31.801117,46.285061],[32.06186,46.393785],[31.748546,46.499945],[31.686534,46.429877],[31.508311,46.587592],[32.317556,46.464342],[32.645518,46.649604],[32.335785,46.562161],[32.022797,46.629136],[31.940278,46.758857],[31.976899,47.009345],[31.865245,47.026353],[31.74171,47.259101],[31.837413,47.00845],[31.968272,46.936998],[31.864757,46.806586],[31.899425,46.649604],[31.493012,46.62873],[31.618175,46.813463],[31.440684,46.800482],[31.50587,46.720404],[31.416189,46.629136],[30.790701,46.552924],[30.772472,46.39643],[30.494151,46.080471],[30.138438,45.81977],[30.127452,45.891343],[29.92628,45.813788],[29.932384,45.724189],[29.802419,45.737494],[29.860118,45.668931],[29.733735,45.614325],[29.638194,45.826321],[29.589692,45.559068],[29.707042,45.57331],[29.605724,45.478176],[29.75587,45.427883],[29.67449,45.213568],[29.650262,45.346122],[29.430637,45.430406],[28.929893,45.279098],[28.789746,45.321421],[28.710061,45.226956],[28.330239,45.322919],[28.199498,45.461774],[28.502012,45.508748],[28.474003,45.657938],[28.738276,45.837565],[28.74024,45.953217],[28.956868,46.001379],[28.945809,46.454788],[29.184244,46.538039],[29.200677,46.35712],[29.457612,46.484709],[29.615639,46.361822],[29.714134,46.47117],[29.828132,46.339395],[30.131576,46.422826],[29.901926,46.53083],[29.928178,46.809754],[29.558691,46.94574],[29.6021,47.061005],[29.47787,47.111544],[29.556573,47.324038],[29.409553,47.279751],[29.155615,47.449999],[29.236024,47.870723],[29.123989,47.975987],[28.950356,47.934801],[28.799255,48.111793],[28.573635,48.154969],[28.479584,48.064923],[28.411578,48.170704],[28.317424,48.135358],[28.357731,48.238607],[28.093251,48.237444],[27.582998,48.486034],[27.208551,48.360615],[26.831933,48.391363],[26.774365,48.287183],[26.30349,48.212045],[26.173058,47.993144],[25.261744,47.898576],[24.896599,47.710061],[24.542098,47.943819],[23.460821,47.971337],[23.139083,48.098125],[22.877601,47.946739],[22.801429,48.090968],[22.605472,48.097039],[22.271849,48.403455],[22.13284,48.404798],[22.138731,48.569595],[22.539637,49.0722],[22.866955,49.009981],[22.681747,49.161238],[22.665831,49.567363],[23.682203,50.368245],[23.981306,50.40478],[24.107706,50.540844],[23.957638,50.808011],[24.143156,50.856432],[23.635177,51.304699],[23.697602,51.404435],[23.616677,51.624783],[23.981306,51.586],[24.39079,51.880013],[25.767915,51.928511],[27.151086,51.756764],[27.267462,51.587498],[27.692655,51.589229],[27.714256,51.463707],[27.831252,51.612923],[28.070824,51.557629],[28.21004,51.651965],[28.333857,51.52838],[28.603918,51.553547],[28.728768,51.401256],[28.799875,51.532618],[29.063218,51.630596],[29.319946,51.365574],[29.637756,51.490889],[30.14863,51.48443],[30.539613,51.235168],[30.64555,51.36746],[30.515119,51.603673],[30.918815,52.059175],[31.764345,52.100568]]],[[[29.918712,45.69066],[30.125987,45.811469],[29.730968,45.591376],[29.918712,45.69066]]],[[[32.989268,46.042629],[33.057465,46.025214],[32.619395,46.060004],[32.989268,46.042629]]],[[[31.940278,46.204576],[32.16627,46.149359],[31.580333,46.262763],[31.504405,46.373358],[31.618175,46.259223],[31.940278,46.204576]]]]}},{"type":"Feature","properties":{"name":"Belarus","ISO3166-1-Alpha-3":"BLR","ISO3166-1-Alpha-2":"BY"},"geometry":{"type":"Polygon","coordinates":[[[23.606238,51.517399],[23.532444,51.658967],[23.637451,52.084471],[23.165645,52.289393],[23.392298,52.509638],[23.922498,52.742596],[23.893663,53.151951],[23.485625,53.939293],[24.377871,53.886841],[24.806372,53.975311],[24.821565,54.134526],[25.459355,54.298909],[25.553975,54.231265],[25.516044,54.144758],[25.763057,54.156437],[25.695981,54.320975],[25.528653,54.320975],[25.740423,54.568505],[25.782695,54.869675],[26.138642,54.968946],[26.264422,55.140098],[26.600939,55.120823],[26.80072,55.27332],[26.450044,55.327063],[26.615615,55.687971],[26.981071,55.826878],[27.592713,55.794244],[27.64501,55.922841],[28.110976,56.156806],[28.310912,56.042679],[28.611462,56.088464],[28.73192,55.946793],[29.030765,56.024178],[29.395601,55.947723],[29.343614,55.786984],[29.480867,55.681099],[30.200254,55.857987],[30.886156,55.600483],[30.918298,55.387783],[30.794275,55.285515],[31.005632,55.022999],[30.814842,54.928018],[30.770607,54.786011],[31.167947,54.621577],[31.064646,54.492282],[31.20903,54.448047],[31.324682,54.229249],[31.822636,54.053446],[31.744656,53.794857],[32.442133,53.713932],[32.429421,53.56159],[32.719532,53.439478],[32.717465,53.334937],[32.454845,53.300443],[32.117295,53.081102],[31.378529,53.182026],[31.247064,53.014388],[31.560843,52.787063],[31.480641,52.68247],[31.628643,52.54806],[31.55056,52.511886],[31.567354,52.311382],[31.764345,52.100568],[30.918815,52.059175],[30.515119,51.603673],[30.64555,51.36746],[30.550672,51.236796],[30.14863,51.48443],[29.637756,51.490889],[29.319946,51.365574],[29.063218,51.630596],[28.799875,51.532618],[28.728768,51.401256],[28.603918,51.553547],[28.333857,51.52838],[28.21004,51.651965],[28.070824,51.557629],[27.831252,51.612923],[27.714256,51.463707],[27.692655,51.589229],[27.267462,51.587498],[27.151086,51.756764],[25.767915,51.928511],[24.39079,51.880013],[23.981306,51.586],[23.628976,51.629046],[23.606238,51.517399]]]}},{"type":"Feature","properties":{"name":"Lithuania","ISO3166-1-Alpha-3":"LTU","ISO3166-1-Alpha-2":"LT"},"geometry":{"type":"MultiPolygon","coordinates":[[[[26.594531,55.666991],[26.450044,55.327063],[26.80072,55.27332],[26.600939,55.120823],[26.264422,55.140098],[26.138642,54.968946],[25.782695,54.869675],[25.740423,54.568505],[25.528653,54.320975],[25.695981,54.320975],[25.763057,54.156437],[25.516044,54.144758],[25.553975,54.231265],[25.459355,54.298909],[24.821565,54.134526],[24.788698,53.969678],[23.627116,53.89821],[23.485625,53.939293],[23.354471,54.217054],[22.706965,54.418747],[22.700867,54.679558],[22.848352,54.813813],[22.565475,55.067803],[22.076823,55.02858],[21.37485,55.28996],[21.267589,55.248684],[21.053396,56.072618],[22.094082,56.41741],[24.138919,56.257446],[24.481327,56.26884],[24.870967,56.442602],[25.073125,56.197811],[25.661875,56.140812],[26.279718,55.743239],[26.594531,55.666991]]],[[[20.989431,55.273116],[20.924569,55.282658],[21.082367,55.497626],[21.085216,55.722846],[21.106212,55.42121],[20.989431,55.273116]]]]}},{"type":"Feature","properties":{"name":"Czechia","ISO3166-1-Alpha-3":"CZE","ISO3166-1-Alpha-2":"CZ"},"geometry":{"type":"Polygon","coordinates":[[[14.810393,50.858447],[14.982062,50.859067],[14.960978,50.992651],[15.144429,51.011564],[15.356096,50.775455],[15.792245,50.742692],[15.982001,50.603631],[16.331644,50.644042],[16.425901,50.567561],[16.199559,50.406278],[16.660616,50.093016],[17.014806,50.218486],[16.892953,50.432943],[17.424187,50.240552],[17.707994,50.311039],[17.747578,50.217504],[17.589448,50.163244],[17.632753,50.106348],[17.839355,49.973643],[18.002446,50.046765],[18.559208,49.907187],[18.833196,49.510261],[18.535643,49.481684],[18.160576,49.2587],[18.075516,49.047188],[17.727217,48.86291],[17.167458,48.859758],[16.945043,48.604166],[16.873006,48.718991],[16.519539,48.805601],[16.085354,48.742866],[15.003973,49.009774],[14.939584,48.762813],[14.800367,48.776507],[14.675621,48.576235],[14.458166,48.643182],[14.315746,48.557916],[14.040827,48.601169],[13.608657,48.946161],[13.427273,48.959958],[12.999806,49.294925],[12.643548,49.42949],[12.383616,49.742856],[12.524072,49.904965],[12.079552,50.242722],[12.149315,50.311711],[12.300417,50.160815],[12.510223,50.38876],[12.952573,50.40416],[13.556567,50.706725],[14.346545,50.880203],[14.238335,50.982471],[14.287531,51.036834],[14.482144,51.037196],[14.613195,50.84558],[14.810393,50.858447]]]}},{"type":"Feature","properties":{"name":"Germany","ISO3166-1-Alpha-3":"DEU","ISO3166-1-Alpha-2":"DE"},"geometry":{"type":"MultiPolygon","coordinates":[[[[13.815725,48.76643],[13.716506,48.521691],[13.454558,48.573445],[13.405569,48.376583],[12.738943,48.113447],[12.991227,47.847106],[12.892009,47.723548],[13.072049,47.659469],[13.001873,47.466019],[12.77894,47.554825],[12.761991,47.666859],[12.49658,47.628903],[12.242229,47.732023],[12.173603,47.60508],[11.620458,47.589654],[11.237019,47.393956],[10.429213,47.57702],[10.428283,47.396049],[10.159876,47.271121],[10.209278,47.372484],[10.082878,47.359074],[9.945935,47.540769],[8.881711,47.656136],[8.558216,47.801166],[8.391301,47.665464],[8.607309,47.656291],[8.574133,47.592445],[7.609747,47.564746],[7.511872,47.707322],[7.578948,48.11448],[7.810252,48.615018],[8.200305,48.958563],[7.634965,49.037783],[7.410483,49.168938],[6.725563,49.155554],[6.511674,49.424736],[6.345307,49.455349],[6.502579,49.79567],[6.302592,49.834944],[6.096403,50.048626],[6.146839,50.214042],[6.374525,50.315483],[6.336905,50.481003],[6.170817,50.517951],[6.249055,50.614431],[5.972999,50.781811],[6.063743,50.90754],[5.858174,51.019342],[6.147252,51.152254],[6.056612,51.211707],[6.207817,51.387666],[5.931451,51.81565],[6.743753,51.908331],[6.809176,51.979542],[6.679881,52.060467],[7.02632,52.230637],[6.9733,52.451373],[6.671716,52.541678],[6.737035,52.634695],[7.018465,52.625988],[7.192821,52.998006],[7.194591,53.245022],[7.366547,53.302802],[7.023611,53.37641],[7.141775,53.537177],[7.086762,53.586859],[7.226085,53.66649],[8.031423,53.708075],[8.167979,53.553209],[8.076996,53.468695],[8.205333,53.410712],[8.315115,53.474921],[8.270681,53.61286],[8.552094,53.543606],[8.504405,53.358059],[8.565766,53.546698],[8.486095,53.700426],[8.587576,53.870429],[9.210704,53.871975],[9.582367,53.591295],[9.832042,53.543606],[9.583669,53.612454],[9.395193,53.831],[8.916026,53.937405],[8.833344,54.036444],[9.018321,54.097886],[8.812836,54.180487],[8.963145,54.317613],[8.599864,54.33808],[9.011567,54.506334],[8.688731,54.735297],[8.660776,54.896311],[9.94752,54.779527],[10.026866,54.559963],[9.840099,54.475287],[10.143403,54.491848],[10.141775,54.324408],[10.31837,54.443305],[10.731293,54.310207],[11.135509,54.385891],[11.06658,54.183905],[10.752615,54.050116],[10.90211,53.961371],[11.175059,54.018012],[11.457693,53.906155],[11.689708,54.155219],[12.088145,54.194078],[12.115001,54.097886],[12.108897,54.18301],[12.533865,54.488267],[12.921153,54.433498],[12.438487,54.387519],[12.368826,54.269192],[13.0088,54.438056],[13.114919,54.280015],[13.483572,54.091295],[13.711925,54.173651],[13.906016,53.943061],[13.817068,53.852932],[14.264496,53.751614],[14.44163,53.251841],[14.123923,52.850651],[14.644821,52.576921],[14.545396,52.382153],[14.761403,52.076667],[14.585807,51.803893],[14.732465,51.658347],[14.710037,51.530241],[14.955397,51.435415],[15.022059,51.23677],[14.955293,51.064042],[14.759233,50.810181],[14.613195,50.84558],[14.482144,51.037196],[14.287531,51.036834],[14.238335,50.982471],[14.346545,50.880203],[13.556567,50.706725],[12.952573,50.40416],[12.510223,50.38876],[12.300417,50.160815],[12.076141,50.315173],[12.24688,50.044957],[12.524072,49.904965],[12.383616,49.742856],[12.643548,49.42949],[13.815725,48.76643]]],[[[14.210053,53.938463],[13.840099,53.850287],[13.90447,53.995429],[14.05128,54.005072],[13.774099,54.022773],[13.75294,54.153144],[14.210053,53.938463]]],[[[6.798106,53.604438],[6.749522,53.572414],[6.695079,53.570299],[6.798106,53.604438]]],[[[6.87379,53.672756],[6.910818,53.683661],[7.047048,53.694159],[6.87379,53.672756]]],[[[7.133149,53.708075],[7.346202,53.727973],[7.342296,53.722113],[7.133149,53.708075]]],[[[7.366547,53.727973],[7.422618,53.734198],[7.429047,53.72248],[7.366547,53.727973]]],[[[8.120128,53.721137],[8.195974,53.727973],[8.15089,53.714301],[8.120128,53.721137]]],[[[7.517426,53.762112],[7.623302,53.749986],[7.481944,53.727118],[7.517426,53.762112]]],[[[7.660899,53.762112],[7.812836,53.776353],[7.719493,53.759914],[7.660899,53.762112]]],[[[7.87379,53.776353],[7.897634,53.796291],[7.946056,53.784003],[7.87379,53.776353]]],[[[11.375662,53.981838],[11.468272,53.970689],[11.438731,53.99726],[11.375662,53.981838]]],[[[11.528494,54.0751],[11.601899,54.104153],[11.552745,54.073065],[11.528494,54.0751]]],[[[8.963145,54.523668],[8.925792,54.486762],[8.823741,54.485541],[8.963145,54.523668]]],[[[11.255626,54.478705],[11.31422,54.413804],[11.005707,54.468451],[11.255626,54.478705]]],[[[13.143403,54.598131],[13.069591,54.489651],[13.139822,54.606024],[13.143403,54.598131]]],[[[13.698253,54.392076],[13.723155,54.278388],[13.499685,54.344916],[13.35963,54.275458],[13.407237,54.228217],[13.115489,54.33808],[13.266856,54.385891],[13.143403,54.542914],[13.369395,54.58515],[13.507091,54.488267],[13.520763,54.570787],[13.253266,54.564643],[13.230968,54.653306],[13.390798,54.688178],[13.424571,54.58515],[13.670665,54.56623],[13.57545,54.471869],[13.698253,54.392076]]],[[[8.332367,54.693793],[8.330251,54.631415],[8.360362,54.71483],[8.332367,54.693793]]],[[[8.497569,54.756415],[8.593761,54.721666],[8.394542,54.71483],[8.497569,54.756415]]],[[[8.360362,54.948188],[8.65447,54.893622],[8.30714,54.865383],[8.284434,54.742377],[8.298025,54.912543],[8.46339,55.050686],[8.360362,54.948188]]],[[[8.634532,54.542629],[8.66977,54.501899],[8.595876,54.513658],[8.634532,54.542629]]],[[[7.904145,54.180406],[7.893565,54.183092],[7.879893,54.193915],[7.904145,54.180406]]],[[[7.912364,54.192288],[7.929861,54.195299],[7.933442,54.189887],[7.912364,54.192288]]]]}},{"type":"Feature","properties":{"name":"Estonia","ISO3166-1-Alpha-3":"EST","ISO3166-1-Alpha-2":"EE"},"geometry":{"type":"MultiPolygon","coordinates":[[[[24.306159,57.868186],[24.551036,58.333726],[24.361827,58.397284],[24.111664,58.241034],[23.740977,58.343085],[23.678966,58.524156],[23.501475,58.562486],[23.497732,58.696601],[23.87436,58.771674],[23.429454,58.764838],[23.526134,58.81977],[23.422048,58.928697],[23.627696,58.979153],[23.408376,59.02558],[23.51824,59.07331],[23.470876,59.212144],[24.080577,59.271308],[24.034841,59.388658],[24.221934,59.35517],[24.163097,59.402289],[24.333832,59.470608],[24.772634,59.4501],[24.803477,59.570502],[25.409434,59.491034],[25.543712,59.535142],[25.484874,59.669827],[25.676768,59.566067],[25.694672,59.670885],[25.826182,59.575263],[25.988536,59.634345],[26.937673,59.4501],[27.873302,59.40762],[28.019054,59.481757],[28.186475,59.37493],[27.882308,59.275659],[27.713326,58.991904],[27.410606,58.754864],[27.554886,58.395248],[27.495355,58.22146],[27.664957,57.918404],[27.799316,57.861069],[27.524604,57.8073],[27.352935,57.527601],[26.872654,57.627181],[26.49955,57.515819],[26.014515,57.842827],[25.281692,58.073407],[25.232496,57.985376],[25.094209,58.067309],[24.306159,57.868186]]],[[[23.94337,58.113186],[23.955333,58.151801],[24.022146,58.129869],[23.94337,58.113186]]],[[[23.230642,58.504828],[23.333263,58.456366],[23.156505,58.477525],[22.723155,58.225409],[22.295095,58.192857],[22.04835,57.915107],[21.96339,57.984036],[22.202973,58.147895],[21.843761,58.293606],[22.011241,58.353949],[21.832367,58.510972],[22.089366,58.422187],[22.187755,58.542873],[22.550304,58.629584],[23.230642,58.504828]]],[[[23.381602,58.579901],[23.059337,58.603461],[23.197765,58.680609],[23.381602,58.579901]]],[[[23.364024,59.028957],[23.299083,58.970893],[23.119395,59.016099],[23.364024,59.028957]]],[[[22.291759,58.895209],[22.044688,58.936184],[22.666677,59.084906],[23.040538,58.840766],[22.555675,58.686998],[22.291759,58.895209]]],[[[24.51588,59.59809],[24.550059,59.557766],[24.489106,59.559638],[24.51588,59.59809]]],[[[23.260509,57.813544],[23.270193,57.785631],[23.218598,57.809516],[23.260509,57.813544]]]]}},{"type":"Feature","properties":{"name":"Latvia","ISO3166-1-Alpha-3":"LVA","ISO3166-1-Alpha-2":"LV"},"geometry":{"type":"Polygon","coordinates":[[[27.352935,57.527601],[27.528169,57.528479],[27.511323,57.430397],[27.840295,57.290639],[27.62837,56.844154],[27.913521,56.82015],[27.865461,56.742687],[28.126117,56.547764],[28.217275,56.270727],[28.148907,56.142414],[27.64501,55.922841],[27.592713,55.794244],[26.981071,55.826878],[26.822838,55.70611],[26.48105,55.678308],[25.661875,56.140812],[25.073125,56.197811],[24.870967,56.442602],[24.481327,56.26884],[24.138919,56.257446],[22.094082,56.41741],[21.053396,56.072618],[20.973399,56.232001],[21.006358,56.519965],[21.079763,56.403062],[20.992198,56.548896],[21.052745,56.828925],[21.382498,57.008938],[21.433604,57.306464],[21.729666,57.573798],[22.483735,57.742499],[22.610362,57.754625],[22.656098,57.585761],[23.130219,57.370795],[23.260916,57.098944],[23.69516,56.967271],[24.400645,57.258124],[24.306159,57.868186],[25.094209,58.067309],[26.014515,57.842827],[26.49955,57.515819],[26.872654,57.627181],[27.352935,57.527601]]]}},{"type":"Feature","properties":{"name":"Norway","ISO3166-1-Alpha-3":"-99","ISO3166-1-Alpha-2":"-99"},"geometry":{"type":"MultiPolygon","coordinates":[[[[20.623165,69.036356],[20.102266,69.022145],[20.341115,68.910058],[20.356514,68.804587],[19.962223,68.541192],[20.245927,68.477372],[19.971215,68.351281],[18.436218,68.573852],[18.161506,68.530185],[18.188584,68.198732],[17.921004,67.972855],[17.321454,68.105301],[16.782882,67.896994],[16.587235,67.625899],[16.127108,67.422759],[16.43789,67.200318],[16.415566,67.052704],[15.426272,66.491214],[15.481876,66.274871],[14.540538,66.125448],[14.648852,65.802393],[14.514287,65.318081],[13.642764,64.584018],[14.096948,64.465317],[14.147797,64.169004],[13.964243,64.009531],[12.982442,64.05883],[12.170295,63.598135],[12.219801,63.474266],[11.992425,63.288903],[12.222695,63.001479],[12.093298,62.907427],[12.091231,62.58631],[12.314266,62.286122],[12.161717,61.724838],[12.888184,61.349616],[12.703803,61.046197],[12.253288,61.001704],[12.605308,60.419156],[12.491723,60.312289],[12.483248,60.081243],[12.143734,59.898412],[11.849592,59.872419],[11.897237,59.713979],[11.674925,59.607112],[11.811661,59.249666],[11.664383,58.920074],[11.451993,58.896044],[11.389334,59.080756],[11.182384,59.116034],[11.176443,59.196845],[11.032481,59.127997],[10.738129,59.216702],[10.779145,59.312934],[10.591645,59.43065],[10.690278,59.480658],[10.560232,59.726223],[10.655528,59.856676],[10.717784,59.738105],[10.688731,59.91177],[10.475434,59.850043],[10.614594,59.607733],[10.542735,59.535549],[10.436697,59.518378],[10.397634,59.688056],[10.224376,59.723822],[10.379242,59.658352],[10.381033,59.535346],[10.237315,59.559963],[10.47755,59.429633],[10.514171,59.302924],[10.36085,59.271308],[10.306895,59.059719],[10.224376,59.114325],[10.207042,59.016425],[9.846202,58.955634],[9.539073,59.120551],[9.723969,58.983954],[9.298839,58.881537],[9.450369,58.833157],[9.070974,58.741197],[9.216319,58.702786],[8.122895,58.102037],[8.029552,58.22484],[7.956309,58.093248],[7.578868,58.017524],[7.006602,57.99315],[7.147472,58.100084],[6.900564,58.052314],[6.80421,58.100084],[6.989268,58.141059],[6.731456,58.119859],[6.722423,58.189439],[6.782563,58.065334],[6.6185,58.068305],[6.530528,58.120551],[6.845958,58.271389],[6.681407,58.223049],[6.687266,58.327338],[6.562348,58.243109],[6.010102,58.384914],[5.646251,58.548651],[5.477951,58.754747],[5.53712,58.956122],[5.626231,58.925605],[5.550548,59.03856],[5.715587,58.977118],[5.715587,58.867255],[5.853526,58.965033],[6.228852,58.839993],[6.057628,58.902045],[6.626231,59.052802],[6.033865,58.905178],[5.975108,58.963446],[6.050792,58.998236],[5.875499,59.06623],[6.461681,59.31977],[6.154145,59.267768],[6.084972,59.306708],[6.236339,59.31977],[5.995453,59.334052],[6.041515,59.383694],[6.5442,59.559963],[6.236339,59.525824],[6.286469,59.649237],[5.924164,59.35578],[5.886241,59.446967],[6.153168,59.477444],[5.807384,59.539374],[5.646169,59.408515],[5.85963,59.350775],[5.61199,59.293036],[5.586599,59.41649],[5.505382,59.277737],[5.433116,59.405097],[5.399425,59.296698],[5.348399,59.415961],[5.297211,59.344672],[5.201671,59.546291],[5.344249,59.64765],[5.413341,59.594672],[5.489106,59.738105],[5.416759,59.504706],[5.564138,59.676663],[5.754405,59.609849],[5.879405,59.655504],[5.746104,59.675523],[5.81422,59.729071],[6.291759,59.840318],[6.002289,59.758612],[5.968923,59.861029],[5.831716,59.772203],[5.646169,59.854193],[6.291026,60.121649],[6.105317,60.107367],[6.074962,60.198391],[6.351817,60.368109],[6.640391,60.41649],[6.523774,60.080756],[6.654063,60.382392],[7.105968,60.505845],[6.900564,60.505845],[6.988048,60.589545],[6.656098,60.43301],[6.695079,60.518948],[6.297211,60.388577],[6.177501,60.471015],[6.239431,60.378974],[6.118988,60.368109],[6.18865,60.355048],[6.139903,60.25434],[5.99643,60.26496],[5.739268,59.994452],[5.68865,60.060858],[5.797537,60.094387],[5.708263,60.176337],[5.790701,60.211086],[5.543712,60.162665],[5.708263,60.232164],[5.571544,60.238349],[5.736583,60.392035],[5.409841,60.131334],[5.140961,60.351386],[5.297862,60.395982],[5.237071,60.473782],[5.305837,60.528266],[5.653575,60.430813],[5.749766,60.718166],[5.22283,60.574164],[4.926768,60.800116],[5.433849,60.62873],[5.23585,60.77619],[5.536876,60.8758],[5.131033,60.812079],[4.981944,60.950873],[5.100759,60.877753],[5.14031,60.991889],[5.016124,61.046536],[5.448416,60.995429],[6.098481,61.122219],[6.355968,61.010932],[6.600597,61.175238],[6.955821,61.08808],[7.009776,61.008938],[6.87379,60.937242],[7.051443,60.964545],[7.105968,60.861558],[7.161306,60.950873],[7.000336,61.092922],[7.435557,61.101142],[7.346202,61.142727],[7.694998,61.232082],[7.388438,61.198188],[7.312022,61.287299],[7.572032,61.485338],[7.263682,61.395941],[7.305186,61.163235],[6.953136,61.11164],[7.003591,61.183661],[6.557872,61.224595],[6.701915,61.402777],[6.434337,61.114732],[5.961436,61.163235],[6.03712,61.204169],[5.193858,61.105292],[5.044119,61.163235],[5.250173,61.183661],[4.9546,61.25259],[5.633067,61.361802],[5.058442,61.323472],[4.99879,61.376899],[5.111664,61.430732],[4.947927,61.416409],[5.804454,61.457994],[5.178233,61.509752],[5.358165,61.561021],[5.146495,61.595201],[5.427013,61.588935],[4.968272,61.636135],[4.988129,61.746894],[5.167654,61.725531],[5.064464,61.759711],[5.394786,61.911078],[5.742931,61.848456],[5.619395,61.814927],[5.940929,61.845038],[5.899262,61.738593],[5.992035,61.835395],[6.181163,61.766547],[6.057628,61.835395],[6.818614,61.87641],[5.155772,61.896064],[5.14031,61.97134],[5.400157,62.020006],[5.084972,62.191067],[5.461681,62.006741],[5.591563,62.068183],[5.390961,62.123236],[5.454275,62.191067],[5.749766,62.088609],[5.667247,62.1706],[5.905528,62.190904],[5.845388,62.019721],[5.9546,62.13996],[6.36671,62.061347],[5.926036,62.225491],[6.064464,62.204739],[5.947765,62.245673],[6.310802,62.372056],[6.530528,62.109117],[6.580903,62.160346],[6.400238,62.387193],[6.708751,62.451728],[6.989268,62.273017],[6.955821,62.102281],[7.187836,62.102281],[6.97934,62.11286],[7.028087,62.266018],[7.41505,62.239447],[6.957042,62.325344],[6.790701,62.47842],[6.242931,62.451117],[6.674571,62.492743],[6.24936,62.574652],[7.092296,62.650946],[7.127126,62.533677],[7.157481,62.629218],[7.542491,62.503607],[7.778168,62.574652],[7.418224,62.633002],[7.520193,62.584662],[7.523204,62.674384],[7.835948,62.732123],[8.147472,62.691962],[8.073009,62.780097],[7.359711,62.698188],[7.681326,62.794379],[6.948985,62.732896],[7.215831,62.814846],[6.880056,62.911078],[7.237641,63.014716],[7.50115,62.910834],[8.075531,62.950873],[8.154307,62.814846],[8.545258,62.657172],[8.147472,62.951402],[7.877208,63.010403],[8.086681,63.109687],[8.330089,62.973375],[8.329275,62.880683],[8.702973,62.822252],[8.415701,62.958808],[8.668793,62.979315],[8.374034,62.97309],[8.470225,63.02025],[8.165538,63.115302],[8.943126,63.212063],[8.623709,63.201483],[8.47641,63.294013],[8.764415,63.34927],[8.672374,63.42121],[9.018321,63.466539],[9.148611,63.375922],[9.093435,63.294013],[9.434581,63.380439],[9.169119,63.42121],[9.480724,63.487047],[9.148611,63.485826],[9.699067,63.644477],[9.960623,63.42772],[9.833263,63.328803],[10.259044,63.267279],[10.040863,63.406399],[10.908051,63.456244],[10.7588,63.517483],[10.922618,63.602484],[10.656423,63.554755],[11.457693,63.789984],[11.096446,63.889635],[11.497895,64.020819],[11.254242,64.037909],[11.299978,64.107164],[10.573741,63.809149],[11.056,63.861274],[10.910004,63.731024],[9.980154,63.493354],[9.799083,63.69184],[10.10141,63.767564],[9.544119,63.665595],[9.778087,63.767564],[9.545909,63.7744],[10.197032,63.9383],[9.93629,63.959418],[10.013682,64.118801],[10.192068,64.101467],[10.107677,64.117092],[10.169688,64.198961],[10.374522,64.18537],[10.245372,64.233791],[10.648936,64.356635],[10.483084,64.423733],[10.834972,64.369127],[10.656423,64.452216],[10.956716,64.487006],[10.971202,64.602607],[11.341563,64.431708],[11.247406,64.325588],[11.656261,64.48017],[11.437755,64.465888],[11.506033,64.548407],[11.779796,64.596869],[11.516775,64.572943],[11.396169,64.706732],[11.841807,64.794867],[11.64324,64.82274],[11.745453,64.884182],[12.224864,64.939439],[11.911632,64.949408],[11.260997,64.734361],[11.429698,64.815904],[11.252696,64.837836],[11.697113,64.912177],[11.267263,64.869818],[11.978526,65.068834],[12.194021,64.994859],[12.931,65.312405],[12.502778,65.144924],[12.355154,65.226874],[12.712087,65.254136],[12.245291,65.233629],[12.499197,65.370836],[12.69158,65.32982],[12.478689,65.446519],[12.712087,65.370836],[12.629405,65.432318],[12.780284,65.459621],[12.355154,65.604193],[12.495372,65.733344],[12.78712,65.638373],[12.557791,65.75373],[12.71754,65.78913],[12.611664,65.834662],[12.682302,65.926663],[13.176036,65.85578],[12.924327,65.994045],[13.040375,66.083441],[12.670421,66.062893],[13.527192,66.240139],[13.535899,66.110541],[13.821625,66.14704],[13.609548,66.185777],[14.143891,66.333808],[13.040375,66.179633],[13.534434,66.309312],[13.037283,66.319973],[13.163829,66.466986],[12.972016,66.522203],[13.362071,66.455512],[13.259532,66.522203],[13.671072,66.515367],[13.458751,66.563788],[13.726248,66.604804],[13.239024,66.548407],[13.403494,66.62523],[13.191173,66.666571],[13.547374,66.638251],[13.225352,66.714016],[13.693126,66.691311],[13.890147,66.735093],[13.507091,66.782294],[13.993012,66.78974],[13.54363,66.921861],[13.972667,66.994574],[13.890147,66.953559],[13.958995,66.926947],[14.059906,67.060858],[14.151541,66.971625],[14.272146,67.060004],[14.568207,67.018134],[14.267426,67.08393],[14.363048,67.159654],[14.750336,67.123928],[14.513927,67.180121],[14.60377,67.20425],[14.97934,67.214301],[14.890636,67.152818],[14.993907,67.099066],[14.931651,67.152818],[15.094574,67.213365],[15.501475,67.070258],[15.37672,67.200629],[15.740408,67.173285],[15.062511,67.247748],[15.16505,67.310492],[14.328298,67.241604],[14.623057,67.42064],[15.049001,67.447008],[14.726817,67.488674],[15.058849,67.577338],[15.158865,67.535793],[14.829275,67.475002],[15.429047,67.482978],[15.658458,67.275702],[15.528656,67.467475],[15.89796,67.556871],[15.239268,67.529242],[15.466075,67.577338],[15.178559,67.618354],[15.301117,67.720201],[15.836599,67.694037],[15.630544,67.762356],[15.692638,67.796454],[15.411388,67.796454],[15.432791,67.860745],[14.836111,67.642524],[14.726817,67.659369],[15.117198,67.741889],[14.77296,67.815985],[15.860118,67.899644],[16.063162,68.016181],[15.281749,68.036689],[15.643728,68.168931],[15.737478,68.102769],[15.628429,68.053046],[15.844493,68.096259],[15.979666,68.250067],[16.104015,68.160224],[16.042003,68.029853],[16.484711,67.797797],[16.207042,68.00259],[16.466563,67.899563],[16.333507,68.002427],[16.542247,67.961005],[16.389171,68.059272],[16.688975,68.071031],[16.289073,68.091295],[16.590099,68.16706],[16.103363,68.283149],[16.802989,68.13227],[16.220063,68.351386],[17.127289,68.37287],[17.333995,68.16706],[17.419932,68.235907],[17.247895,68.405992],[17.871837,68.393012],[17.467621,68.447577],[17.54656,68.530097],[17.046641,68.434149],[16.987966,68.50967],[16.534841,68.4383],[16.46461,68.509996],[16.960704,68.704535],[17.679373,68.660468],[17.234386,68.756049],[17.78297,68.748603],[17.467621,68.831204],[17.825938,68.893744],[17.426117,68.899482],[17.658865,69.116889],[18.152354,69.153957],[17.988536,69.235256],[18.158458,69.459621],[18.487153,69.382025],[18.502452,69.235256],[18.564789,69.364651],[18.691661,69.263495],[19.01295,69.287055],[18.4546,69.454332],[18.852712,69.552314],[19.014415,69.39704],[19.379405,69.321845],[19.177501,69.253485],[19.477224,69.220771],[19.429535,69.341742],[18.992686,69.48314],[19.229259,69.567939],[19.016368,69.534369],[18.944347,69.615302],[19.249034,69.777086],[19.78419,69.804389],[19.650157,69.459621],[19.530284,69.400336],[19.688487,69.444729],[19.743175,69.612616],[20.112559,69.585354],[19.824474,69.7119],[20.292654,69.971015],[20.425304,69.877183],[20.318614,69.681545],[20.382579,69.598782],[19.91684,69.269273],[20.482432,69.577867],[20.853038,69.495917],[20.492361,69.627265],[20.482432,69.763414],[21.09254,69.948391],[20.893891,69.852851],[21.17921,69.819485],[21.325938,69.907457],[21.209239,69.93476],[21.289887,70.021064],[22.098155,69.749823],[21.915538,69.838568],[22.018077,69.845404],[21.913585,69.945258],[22.113617,70.030341],[21.79835,70.037177],[22.099376,70.120347],[21.719493,70.060614],[21.209239,70.208482],[21.489757,70.208482],[21.552989,70.321031],[21.874034,70.14704],[21.805675,70.257229],[21.986827,70.323432],[22.117198,70.233466],[22.305837,70.287299],[22.274669,70.135484],[22.559337,70.126614],[22.325938,70.167548],[22.400645,70.258287],[22.967052,70.207465],[22.284923,70.044013],[23.018565,70.14704],[23.094412,69.955268],[23.329845,69.948391],[23.539317,70.024115],[23.175548,70.092434],[23.422048,70.195461],[23.243907,70.215888],[23.531912,70.243842],[23.312836,70.256985],[23.614431,70.304674],[23.463634,70.318345],[23.513194,70.365546],[23.917979,70.509426],[24.350271,70.456244],[24.102712,70.541409],[24.352387,70.690985],[24.723481,70.621039],[24.245128,70.784491],[24.395763,70.866889],[24.635427,70.779771],[24.613292,70.859361],[24.724864,70.873236],[24.573985,70.935289],[24.666026,70.977688],[24.820486,70.908026],[25.033458,70.97134],[24.916026,70.873236],[25.153575,70.919501],[25.245616,70.791327],[25.392263,70.884426],[25.365001,70.976142],[25.535981,70.922919],[25.441661,70.841498],[25.925792,70.863674],[25.073578,70.503323],[25.28712,70.456122],[25.081065,70.35932],[25.201345,70.307074],[24.979828,70.229438],[25.004242,70.064032],[25.094737,70.153876],[25.252696,70.101304],[25.540375,70.297838],[25.441091,70.342231],[26.613617,70.949123],[26.725352,70.927883],[26.691173,70.736029],[26.341645,70.647935],[26.656993,70.64053],[26.50587,70.36286],[27.102061,70.469794],[26.972911,70.565375],[27.266612,70.585273],[27.099864,70.641099],[27.110606,70.728705],[27.629649,70.804999],[27.1338,70.950019],[27.348969,70.942125],[27.253184,71.026313],[27.55421,70.955268],[27.524587,71.074408],[27.650157,71.127102],[28.548839,70.972602],[28.26588,70.794989],[27.76002,70.791327],[28.130544,70.736029],[27.650157,70.60635],[28.30128,70.702582],[27.849376,70.482856],[28.335297,70.517646],[28.160655,70.382799],[28.167247,70.135484],[28.013845,70.071357],[28.18393,70.115546],[28.232677,70.399115],[28.507335,70.448717],[28.555024,70.510728],[28.401703,70.558987],[28.794688,70.873236],[29.404796,70.784491],[29.306407,70.652899],[30.104747,70.710761],[30.347341,70.596137],[30.000743,70.538072],[30.581798,70.542182],[30.786632,70.42064],[30.946951,70.450019],[31.076996,70.284247],[30.548839,70.248684],[30.158946,70.071357],[28.616547,70.176907],[28.849946,70.098578],[28.732677,70.085598],[29.685883,69.96955],[29.36378,69.859687],[29.741222,69.907457],[29.775401,69.838568],[29.487315,69.661078],[30.030447,69.775946],[29.939301,69.68773],[30.18629,69.68773],[30.110606,69.756008],[30.206798,69.77025],[30.165212,69.879543],[30.289236,69.886542],[30.402599,69.831244],[30.337087,69.674058],[30.443533,69.678412],[30.482921,69.818183],[30.840954,69.805842],[30.927703,69.672131],[30.898248,69.544232],[30.755311,69.521494],[30.119071,69.634562],[30.231622,69.558339],[30.123411,69.441912],[29.37679,69.301611],[29.064768,69.034702],[28.826953,69.106842],[28.86478,69.216603],[29.344544,69.464392],[29.14714,69.663914],[28.40455,69.802252],[27.866908,70.07531],[27.10034,69.901755],[26.533863,69.925242],[26.00511,69.689339],[25.737219,69.218205],[25.79582,68.993309],[25.627769,68.874143],[25.201283,68.812648],[25.13245,68.647646],[24.905177,68.556953],[23.929009,68.816214],[23.197581,68.618035],[22.409205,68.712913],[22.371378,68.822622],[21.638813,69.27138],[21.098381,69.239496],[21.033579,69.181205],[21.156362,69.087619],[21.071509,69.036666],[20.744397,69.104362],[20.623165,69.036356]]],[[[14.872406,68.222724],[14.795584,68.246161],[14.940115,68.302151],[14.872406,68.222724]]],[[[14.199229,68.315172],[14.26824,68.28262],[14.040375,68.312567],[14.199229,68.315172]]],[[[14.027843,68.262641],[14.158865,68.255276],[13.456716,68.07099],[13.589122,68.159613],[13.479259,68.186916],[13.615896,68.22663],[13.500011,68.242255],[13.636729,68.294338],[13.983084,68.337307],[14.027843,68.262641]]],[[[14.763031,68.494859],[14.604177,68.558661],[15.000011,68.554755],[14.763031,68.494859]]],[[[5.276866,59.299262],[5.297091,59.168884],[5.208551,59.142886],[5.185883,59.41474],[5.276866,59.299262]]],[[[5.30714,59.758612],[5.290782,59.683539],[5.194184,59.74494],[5.152843,59.59162],[5.187999,59.758612],[5.070649,59.782782],[5.153982,59.874661],[5.30714,59.758612]]],[[[5.489106,59.861029],[5.389659,59.758612],[5.250173,59.90941],[5.326182,59.976508],[5.489106,59.861029]]],[[[5.619151,60.07392],[5.639903,59.915595],[5.361827,59.995347],[5.619151,60.07392]]],[[[5.111664,60.200507],[4.947927,60.258857],[5.036632,60.313463],[4.948904,60.439154],[5.111664,60.200507]]],[[[4.977794,60.524319],[5.192393,60.418769],[5.078136,60.471137],[4.977794,60.524319]]],[[[5.687673,60.676581],[5.608897,60.443793],[5.323985,60.54682],[5.687673,60.676581]]],[[[4.960785,61.177436],[4.985362,61.104885],[4.803233,61.046536],[4.844737,61.197333],[4.960785,61.177436]]],[[[4.865245,61.88939],[5.22283,61.848456],[4.91627,61.780951],[4.803233,61.84162],[4.865245,61.88939]]],[[[5.736095,62.280463],[5.790701,62.214993],[5.502126,62.225816],[5.736095,62.280463]]],[[[5.988617,62.39647],[6.078787,62.341864],[5.81129,62.245673],[5.815603,62.385728],[5.988617,62.39647]]],[[[6.263031,62.423814],[6.33253,62.410793],[6.023448,62.437445],[6.263031,62.423814]]],[[[6.852794,62.745917],[6.914073,62.698188],[6.646658,62.67829],[6.852794,62.745917]]],[[[6.832286,62.841539],[6.942149,62.825914],[6.770356,62.816962],[6.832286,62.841539]]],[[[7.778168,63.081732],[7.914724,63.081732],[7.681326,63.05508],[7.778168,63.081732]]],[[[7.640391,63.05508],[7.706309,63.006659],[7.526541,62.946031],[7.366547,62.996731],[7.565196,63.02025],[7.585134,63.116523],[7.640391,63.05508]]],[[[8.113292,63.239407],[8.188487,63.157457],[7.928396,63.177924],[8.113292,63.239407]]],[[[8.483897,63.246812],[8.565766,63.177924],[8.264171,63.232611],[8.483897,63.246812]]],[[[7.914724,63.342475],[7.997325,63.342475],[7.778168,63.411322],[8.070567,63.473293],[8.181651,63.390204],[7.914724,63.342475]]],[[[9.138682,63.567776],[8.277843,63.466539],[8.788259,63.640041],[9.138682,63.567776]]],[[[8.360362,63.671373],[8.271739,63.685045],[8.805431,63.815375],[8.825531,63.734076],[8.360362,63.671373]]],[[[11.286306,64.558987],[11.451427,64.51496],[11.180186,64.507473],[11.191742,64.595608],[11.037364,64.614447],[11.286306,64.558987]]],[[[11.091075,64.901597],[10.826915,64.850084],[11.101329,64.953111],[11.266368,64.893704],[11.046072,64.850084],[11.091075,64.901597]]],[[[10.841156,64.877387],[10.710948,64.863715],[11.115001,64.972968],[10.841156,64.877387]]],[[[12.224864,65.123765],[12.309093,65.110582],[11.979015,65.082831],[12.167247,65.211127],[12.224864,65.123765]]],[[[12.451427,65.426093],[12.053477,65.219957],[12.328461,65.467027],[12.197439,65.473863],[12.258637,65.574612],[12.451427,65.426093]]],[[[12.005138,65.689602],[11.91684,65.589993],[11.759288,65.617906],[12.005138,65.689602]]],[[[12.698009,65.997748],[12.903819,66.015082],[12.368826,65.891588],[12.698009,65.997748]]],[[[12.574229,66.075914],[12.2942,66.015082],[12.551443,66.220364],[12.656912,66.103909],[12.574229,66.075914]]],[[[14.273692,67.165839],[14.192231,67.003567],[13.993012,67.077704],[14.273692,67.165839]]],[[[13.054698,68.098131],[13.156993,68.08511],[13.050304,68.024563],[13.123871,67.943996],[12.976817,67.969468],[13.013682,67.879096],[12.78712,67.810126],[13.054698,68.098131]]],[[[13.280528,68.129136],[13.437673,68.126044],[13.366222,68.012763],[13.172699,68.009019],[13.32838,68.063422],[13.280528,68.129136]]],[[[15.000499,68.365058],[14.198497,68.152777],[14.356212,68.242133],[14.253184,68.249579],[14.303396,68.311998],[14.495616,68.306057],[14.383556,68.372504],[15.172374,68.454413],[15.000499,68.365058]]],[[[16.422862,68.491929],[16.398611,68.413479],[16.0949,68.397528],[16.22169,68.523749],[16.422862,68.491929]]],[[[17.052908,68.817532],[17.145681,68.770331],[16.816661,68.735582],[17.052908,68.817532]]],[[[17.206391,68.893256],[17.44044,68.865912],[17.223643,68.793036],[17.083507,68.913764],[17.282237,68.858466],[17.206391,68.893256]]],[[[16.528575,68.721991],[16.497569,68.554023],[16.105968,68.53852],[15.940929,68.380316],[15.870779,68.495429],[15.62436,68.300482],[15.322602,68.351386],[15.611339,68.474921],[15.553722,68.511176],[14.986827,68.269477],[15.356781,68.461249],[15.217296,68.556871],[15.630544,68.612128],[15.438731,68.707668],[15.713634,68.701402],[15.455577,68.769029],[15.63795,68.824937],[15.548595,68.852281],[15.644786,68.954739],[15.9074,68.959418],[15.761485,68.735582],[15.989594,68.763495],[15.740408,68.530097],[16.083018,68.638739],[16.033214,68.711371],[16.213227,68.735582],[16.097179,68.831204],[16.284028,68.840318],[16.254649,68.903225],[16.555919,68.824937],[16.528575,68.721991]]],[[[16.566173,68.968329],[16.587169,68.897447],[16.476248,68.88581],[16.261729,68.968329],[16.566173,68.968329]]],[[[14.397227,68.660468],[14.541759,68.735582],[14.488455,68.795356],[14.62379,68.735582],[14.628429,68.829901],[14.686534,68.757473],[14.907074,68.76024],[14.952647,68.865912],[15.158865,68.817532],[15.009288,68.963324],[15.084483,69.011217],[15.185395,68.88581],[15.295258,68.906928],[15.240733,68.824937],[15.384044,68.852281],[15.274913,68.797065],[15.375255,68.669908],[15.062673,68.578518],[14.806407,68.615953],[15.151378,68.756049],[14.520681,68.609036],[14.397227,68.660468]]],[[[15.528656,68.913764],[15.431488,68.884223],[15.425059,68.962144],[15.569672,69.105536],[16.149913,69.290839],[15.847911,69.029242],[15.528656,69.009345],[15.528656,68.913764]]],[[[18.070811,69.437934],[18.090994,69.358344],[17.878673,69.249498],[17.988455,69.187445],[17.472179,69.200141],[17.129405,69.011542],[17.042003,69.016791],[17.109874,69.084703],[16.773123,69.088202],[17.172374,69.201117],[16.898611,69.194892],[17.145681,69.256334],[16.906016,69.297919],[17.131847,69.310981],[16.926524,69.393541],[17.495779,69.42829],[17.186534,69.502753],[17.3921,69.482245],[17.343272,69.537543],[17.645274,69.461819],[17.467621,69.599555],[17.657888,69.50849],[17.658946,69.599555],[17.859141,69.586737],[17.830821,69.448147],[17.944102,69.523261],[18.050548,69.495917],[17.940684,69.42829],[18.070811,69.437934]]],[[[18.999034,69.828599],[19.057384,69.763414],[18.794119,69.675605],[18.769298,69.571682],[17.995372,69.592108],[18.400076,69.64057],[18.214366,69.714179],[18.632823,69.701972],[18.351817,69.729926],[18.382335,69.797593],[18.653168,69.804389],[18.762462,69.68773],[18.678884,69.886054],[18.999034,69.828599]]],[[[21.667979,69.948391],[21.736176,69.948391],[21.695811,69.927924],[21.667979,69.948391]]],[[[19.900157,70.01675],[19.947927,70.026801],[19.949962,70.009711],[19.900157,70.01675]]],[[[20.958832,70.003079],[21.099376,70.010484],[20.891938,69.937974],[20.760509,69.999661],[20.958832,70.003079]]],[[[21.041026,70.061347],[21.02003,70.028144],[20.966319,70.03498],[21.041026,70.061347]]],[[[19.619151,70.01675],[19.683116,69.985785],[19.374766,69.82331],[19.121593,69.787828],[18.728852,69.947821],[19.208181,70.098578],[19.392589,69.991889],[19.619151,70.01675]]],[[[20.791515,70.092434],[20.389903,70.102688],[20.733897,70.236721],[20.824392,70.209866],[20.791515,70.092434]]],[[[19.982188,70.14704],[20.154063,70.11286],[19.776134,70.067328],[19.53712,70.250067],[19.677745,70.290432],[19.982188,70.14704]]],[[[22.922374,70.304674],[23.016287,70.254299],[22.373709,70.331977],[22.756358,70.394965],[22.922374,70.304674]]],[[[23.656016,70.503323],[23.216319,70.282782],[23.082042,70.301663],[23.134613,70.414537],[23.03891,70.340969],[22.854015,70.407701],[23.175548,70.547593],[23.278575,70.47663],[23.539317,70.544867],[23.390961,70.617987],[23.573497,70.613186],[23.656016,70.503323]]],[[[24.066905,70.660956],[24.101573,70.58869],[23.80421,70.513332],[23.635509,70.692043],[23.815684,70.751166],[24.066905,70.660956]]],[[[22.42213,70.510728],[22.15447,70.472317],[22.333344,70.613186],[21.950369,70.647935],[22.415212,70.626207],[22.384532,70.709377],[22.541026,70.717475],[22.724864,70.603583],[22.826182,70.647935],[22.722992,70.748481],[22.969086,70.6612],[23.182384,70.736029],[23.066254,70.812445],[23.484141,70.798774],[23.088878,70.586249],[22.42213,70.510728]]],[[[24.07309,70.962592],[24.245128,70.955797],[23.885753,70.996161],[24.22462,70.996772],[24.07309,70.962592]]],[[[26.135997,71.037746],[26.21811,71.031562],[25.553396,70.927883],[25.41627,70.9831],[25.560802,71.017279],[25.292491,71.028144],[25.718516,71.051988],[25.553396,71.140774],[25.667328,71.165269],[26.029796,71.116523],[25.889822,71.051988],[25.956391,71.002021],[26.135997,71.037746]]],[[[12.875336,66.285631],[12.750824,66.2331],[12.795258,66.305121],[12.875336,66.285631]]],[[[12.940766,66.460191],[12.898936,66.355048],[12.800792,66.384711],[12.940766,66.460191]]],[[[15.295665,67.945258],[14.961192,67.941596],[15.113617,67.994859],[15.295665,67.945258]]],[[[15.930186,68.008246],[15.679373,67.993598],[15.483165,68.006049],[15.930186,68.008246]]],[[[15.166189,67.986762],[15.189464,68.018988],[15.258067,68.009752],[15.166189,67.986762]]],[[[14.996593,68.901597],[14.858735,68.883368],[14.851899,68.918769],[14.996593,68.901597]]],[[[20.702891,69.888821],[20.706716,69.817288],[20.526703,69.821112],[20.702891,69.888821]]],[[[30.021169,69.832343],[30.107432,69.828599],[29.713227,69.763414],[29.842459,69.908922],[30.021169,69.832343]]],[[[19.813324,70.00259],[19.720551,69.864691],[19.434255,69.840522],[19.813324,70.00259]]],[[[18.666759,70.027574],[18.721365,70.116034],[18.975597,70.073635],[18.666759,70.027574]]],[[[20.894216,70.079576],[20.808116,70.080552],[20.831798,70.150946],[20.894216,70.079576]]],[[[19.538748,70.093695],[19.34311,70.118394],[19.446625,70.155422],[19.538748,70.093695]]],[[[19.242361,70.200873],[19.174164,70.115139],[18.99586,70.152086],[19.168305,70.254869],[19.242361,70.200873]]],[[[21.738129,70.378241],[21.793712,70.323432],[21.703136,70.261786],[21.738129,70.378241]]],[[[-7.962554,71.174872],[-8.005971,71.032538],[-8.986562,70.810777],[-9.117421,70.874905],[-7.962554,71.174872]]],[[[19.16033,74.526028],[19.283376,74.444037],[19.073741,74.347357],[18.789806,74.478217],[19.16033,74.526028]]],[[[25.478363,76.712063],[25.580821,76.698432],[24.94337,76.445136],[25.478363,76.712063]]],[[[24.424765,77.825936],[23.234541,77.263683],[22.401622,77.284003],[22.504649,77.335883],[22.42213,77.431464],[22.778331,77.554918],[21.09254,77.439154],[20.865489,77.456204],[20.929861,77.501614],[20.831798,77.540717],[21.216075,77.609565],[21.260753,77.7331],[21.661794,77.918036],[20.876964,78.098578],[21.696788,78.211086],[22.966075,78.256293],[23.47047,78.158271],[23.105479,78.088121],[23.120453,77.985907],[23.628266,77.870307],[24.304942,77.911851],[24.424765,77.825936]]],[[[21.024262,78.219143],[20.647227,78.194037],[20.791515,78.274359],[20.468761,78.315334],[20.661143,78.391059],[20.153575,78.475409],[21.178233,78.623236],[22.064789,78.597113],[22.235362,78.48786],[22.271251,78.267524],[21.024262,78.219143]]],[[[27.020763,78.69892],[26.737559,78.626451],[26.396332,78.775214],[27.020763,78.69892]]],[[[12.142833,78.237047],[11.121837,78.43887],[10.484386,78.890692],[10.999848,78.834174],[11.183849,78.733629],[11.060313,78.692694],[11.272634,78.610175],[11.259044,78.528225],[11.872244,78.447943],[12.142833,78.237047]]],[[[29.438975,78.904975],[29.707042,78.898139],[27.84197,78.843492],[28.41863,78.966986],[29.438975,78.904975]]],[[[30.069591,79.008002],[30.337087,78.99433],[30.22047,78.973212],[30.069591,79.008002]]],[[[20.098888,79.124091],[20.831798,79.055162],[20.358246,78.994696],[20.0442,79.04149],[20.13502,79.060696],[20.098888,79.124091]]],[[[20.057872,79.377265],[20.177989,79.35342],[19.626475,79.391588],[20.057872,79.377265]]],[[[11.032481,79.706936],[10.821544,79.650539],[10.710948,79.721177],[11.032481,79.706936]]],[[[10.717459,79.741645],[10.645763,79.761135],[11.011974,79.741645],[10.717459,79.741645]]],[[[20.208751,78.638088],[18.961762,78.45246],[19.066417,78.377875],[18.954356,78.281806],[19.085216,78.229926],[18.920584,78.178534],[19.098318,78.103013],[18.406261,78.021145],[18.502452,77.98017],[18.330414,77.904975],[18.4546,77.774075],[18.299815,77.520209],[17.624766,77.445746],[17.337413,77.047268],[17.097179,77.054674],[17.323741,76.978949],[16.919119,76.793931],[17.192068,76.696845],[16.809581,76.56684],[16.343761,76.572414],[16.284028,76.707913],[15.501475,76.876532],[16.528575,77.000067],[16.028982,77.08515],[15.345714,77.008531],[15.040212,77.134752],[14.447765,77.181383],[13.973806,77.409857],[14.054535,77.452541],[13.910655,77.534491],[15.042328,77.566718],[16.221365,77.440863],[16.309581,77.466213],[14.740489,77.664211],[17.124522,77.78148],[16.789317,77.877143],[17.007823,77.938544],[13.957042,77.719916],[13.737315,77.749945],[13.821788,77.801418],[13.651134,77.849799],[13.589122,78.055854],[13.957693,78.095689],[14.330089,77.964423],[14.232758,78.093451],[15.693533,78.21483],[15.59018,78.288642],[15.795095,78.342922],[17.296397,78.432603],[16.329926,78.45246],[16.827159,78.648017],[16.55421,78.719306],[16.001964,78.482733],[15.439464,78.458401],[15.192882,78.589586],[15.465099,78.654608],[15.486583,78.808783],[15.381521,78.851386],[15.199067,78.740465],[15.261241,78.665351],[14.982677,78.597398],[14.80128,78.644232],[14.814952,78.733629],[14.445567,78.678412],[14.58961,78.555487],[14.383556,78.500922],[14.733653,78.391059],[14.285981,78.387437],[14.322032,78.308498],[14.075857,78.242906],[13.746104,78.267524],[13.855968,78.212877],[13.009613,78.203843],[12.886485,78.347724],[12.362559,78.48725],[13.198009,78.542467],[11.903575,78.638088],[11.64324,78.74726],[11.901703,78.844306],[11.334158,78.973212],[12.506602,78.911811],[12.424327,78.996649],[11.683604,79.069403],[12.135997,79.213446],[12.060313,79.240709],[12.115001,79.302191],[11.834972,79.295966],[11.91684,79.240709],[11.852875,79.22602],[11.594737,79.309638],[11.722667,79.187567],[11.228282,79.100653],[10.841156,79.371039],[10.900076,79.470649],[10.676768,79.542426],[11.183849,79.562934],[10.854991,79.596991],[11.013682,79.64997],[11.457693,79.631781],[11.213878,79.708075],[11.227306,79.788031],[11.822276,79.845038],[12.297048,79.664984],[12.34962,79.717475],[12.163341,79.809272],[12.536632,79.746283],[13.797048,79.881903],[13.972667,79.775214],[12.451427,79.569078],[13.451671,79.592434],[13.259532,79.473538],[13.616954,79.480943],[14.041677,79.265815],[14.158214,79.343166],[13.883149,79.542426],[14.280528,79.617499],[14.143891,79.631781],[14.548595,79.811469],[15.295258,79.603827],[15.497325,79.330024],[15.772716,79.242174],[15.68214,79.112209],[15.881602,79.161038],[16.435232,78.911444],[15.959483,79.309638],[15.853038,79.528998],[15.917979,79.562934],[15.644786,79.768297],[15.715831,79.877143],[16.137706,79.870754],[15.95574,79.945299],[16.294688,80.067369],[16.555919,80.04267],[16.820079,79.8758],[17.269542,79.945543],[18.098399,79.727362],[17.590668,79.54857],[17.78297,79.494045],[17.653168,79.369371],[18.346934,79.62995],[18.881847,79.441107],[18.879161,79.315863],[18.591807,79.261217],[18.945079,79.156968],[19.786306,79.165107],[19.906423,79.014228],[21.545421,78.834052],[21.383311,78.658596],[20.208751,78.638088]]],[[[33.098643,80.227688],[33.640391,80.220771],[31.477061,80.103949],[33.098643,80.227688]]],[[[18.296397,80.276068],[18.118826,80.28974],[18.316905,80.364203],[18.755626,80.30272],[18.296397,80.276068]]],[[[24.169281,80.446112],[24.265473,80.446112],[24.167166,80.383368],[24.169281,80.446112]]],[[[24.292247,80.488349],[23.97755,80.494574],[24.059418,80.508246],[24.292247,80.488349]]],[[[27.171072,80.073432],[27.102061,79.974433],[27.207367,79.873684],[25.82602,79.626044],[25.968761,79.515448],[25.829112,79.442206],[24.288097,79.309882],[24.053071,79.18887],[22.644705,79.309638],[22.89503,79.419501],[20.816905,79.378079],[19.633311,79.611314],[21.154552,79.569078],[20.475597,79.686428],[21.850352,79.706936],[22.287446,79.805732],[18.783865,79.72309],[18.11199,79.905504],[18.933767,80.056342],[17.78297,80.138251],[19.584809,80.151923],[19.224294,80.197699],[19.033458,80.357978],[19.851817,80.220771],[19.71518,80.248114],[19.913829,80.38524],[19.468761,80.408881],[19.674327,80.439887],[19.656749,80.505032],[20.036794,80.467841],[20.105479,80.378485],[20.389822,80.423489],[20.591807,80.30272],[20.839203,80.309556],[20.749034,80.268622],[20.852875,80.213935],[21.84669,80.272121],[21.897634,80.213446],[21.59962,80.12523],[22.065196,80.110989],[22.283214,79.983059],[22.477306,80.015367],[22.346934,80.070014],[22.463064,80.070014],[22.373709,80.110989],[22.57602,80.299018],[22.337738,80.383857],[22.68214,80.426907],[22.613292,80.357978],[22.750336,80.330024],[22.833018,80.412584],[22.781586,80.517279],[23.360606,80.433051],[23.120942,80.391547],[23.35377,80.337551],[23.055024,80.248358],[23.006684,80.162095],[23.122325,80.11758],[23.230235,80.12523],[23.086762,80.172431],[23.804861,80.184556],[23.76531,80.309068],[24.40211,80.323188],[24.148774,80.350531],[24.259776,80.3758],[24.600759,80.317043],[24.521332,80.255683],[24.829926,80.355902],[24.888682,80.323188],[24.780121,80.248114],[25.355479,80.282294],[25.225108,80.25434],[27.239106,80.097317],[27.171072,80.073432]]],[[[19.906993,80.488349],[19.871349,80.516913],[20.100352,80.528388],[19.906993,80.488349]]],[[[20.757498,80.624905],[20.496104,80.659613],[20.776134,80.641303],[20.757498,80.624905]]],[[[21.17449,80.659613],[21.024262,80.693793],[21.366954,80.680121],[21.17449,80.659613]]],[[[20.633311,80.734768],[20.517833,80.769477],[21.003184,80.71426],[20.633311,80.734768]]],[[[3.457286,-54.390069],[3.471934,-54.435805],[3.357921,-54.457208],[3.457286,-54.390069]]],[[[11.070323,59.079332],[11.046397,59.026801],[10.993419,59.062323],[11.070323,59.079332]]],[[[10.910492,59.116441],[10.855724,59.074164],[10.865245,59.116604],[10.910492,59.116441]]],[[[5.289724,60.074286],[5.268809,59.994859],[5.171723,60.049465],[5.289724,60.074286]]],[[[4.922374,60.867499],[4.833181,60.908393],[4.843272,60.93887],[4.922374,60.867499]]],[[[4.721446,61.040229],[4.691742,61.002509],[4.644705,61.060248],[4.721446,61.040229]]],[[[5.120291,62.025784],[5.095225,61.927436],[4.984223,62.009467],[5.120291,62.025784]]],[[[5.635997,62.319281],[5.685313,62.362047],[5.733735,62.333075],[5.635997,62.319281]]],[[[5.593923,62.339789],[5.515636,62.340318],[5.547374,62.367865],[5.593923,62.339789]]],[[[8.314789,63.181342],[8.195811,63.167182],[8.188162,63.225328],[8.314789,63.181342]]],[[[9.160004,63.647773],[9.014008,63.626695],[9.057872,63.661078],[9.160004,63.647773]]],[[[9.930837,64.027533],[9.853852,64.008938],[9.843761,64.033189],[9.930837,64.027533]]],[[[11.465505,64.587836],[11.432872,64.542426],[11.3685,64.603583],[11.465505,64.587836]]],[[[11.350759,64.651557],[11.297862,64.603461],[11.181814,64.65351],[11.350759,64.651557]]],[[[11.761729,65.119371],[11.657237,65.042426],[11.525076,65.065416],[11.761729,65.119371]]],[[[17.54713,69.092108],[17.524913,69.047919],[17.344086,69.003241],[17.54713,69.092108]]],[[[24.836925,71.094875],[24.687673,71.038153],[24.739106,71.07331],[24.836925,71.094875]]],[[[5.764008,59.117865],[5.601573,59.11522],[5.634776,59.131496],[5.764008,59.117865]]],[[[5.462087,59.210883],[5.432628,59.167222],[5.378429,59.226752],[5.462087,59.210883]]],[[[6.016368,59.292182],[6.099864,59.276557],[5.929861,59.243476],[6.016368,59.292182]]],[[[4.845876,60.628119],[4.790782,60.600287],[4.79127,60.666083],[4.845876,60.628119]]],[[[4.836274,61.674547],[4.870291,61.714667],[4.902354,61.654608],[4.836274,61.674547]]],[[[14.408458,67.425767],[14.256114,67.373847],[14.269298,67.400214],[14.408458,67.425767]]]]}},{"type":"Feature","properties":{"name":"Sweden","ISO3166-1-Alpha-3":"SWE","ISO3166-1-Alpha-2":"SE"},"geometry":{"type":"MultiPolygon","coordinates":[[[[20.623165,69.036356],[22.072172,68.47701],[22.808251,68.394896],[23.066943,68.290251],[23.165645,68.122045],[23.306515,68.145609],[23.662152,67.950427],[23.481285,67.864644],[23.553528,67.587038],[23.431262,67.48552],[23.765195,67.420072],[23.58133,67.153137],[24.004043,66.8052],[23.892422,66.750914],[23.88188,66.563535],[23.652437,66.458839],[23.662772,66.316522],[24.163097,65.822699],[23.195974,65.826972],[23.237641,65.768704],[23.103038,65.704657],[22.653005,65.908393],[22.663748,65.757514],[22.405528,65.863918],[22.32602,65.7355],[22.209239,65.761217],[22.38795,65.672512],[22.18922,65.624091],[22.308604,65.669379],[22.405284,65.541938],[21.764171,65.727729],[22.202973,65.548977],[21.853526,65.535346],[22.031586,65.467027],[21.448904,65.357164],[21.701671,65.285875],[21.622813,65.24079],[21.277843,65.350043],[21.609874,65.16885],[21.585948,65.069159],[21.037364,64.832709],[21.305837,64.768297],[21.229177,64.747707],[21.304942,64.665717],[21.111176,64.699368],[21.606456,64.452216],[20.966563,64.1494],[20.674653,63.789252],[20.503429,63.822008],[20.394298,63.681098],[20.32545,63.753974],[20.307953,63.654364],[20.284434,63.732856],[20.242849,63.650865],[20.034516,63.656806],[19.687348,63.431342],[19.4463,63.560858],[19.516612,63.41474],[19.293224,63.466539],[19.052745,63.17886],[18.75115,63.259467],[18.913341,63.212063],[18.70045,63.225775],[18.755626,63.157457],[18.564464,63.177924],[18.654633,63.113715],[18.24171,62.999823],[18.576671,62.958401],[18.403331,62.96483],[18.52296,62.92475],[18.207042,62.869452],[18.282725,62.841539],[18.195079,62.777411],[17.935313,62.817043],[17.830821,62.999823],[17.693614,62.993598],[18.002696,62.70897],[17.871837,62.670844],[18.06422,62.595771],[17.937022,62.615627],[17.707367,62.437445],[17.426768,62.541083],[17.330821,62.487738],[17.380626,62.332668],[17.65268,62.232001],[17.508637,62.218411],[17.46046,62.003323],[17.344574,61.936672],[17.496349,61.635077],[17.138031,61.725531],[17.268565,61.690823],[17.097179,61.636135],[17.247895,61.608832],[17.056326,61.58218],[17.186534,61.561021],[17.080089,61.550482],[17.220388,61.447984],[17.104015,61.399359],[17.276052,61.314032],[17.097179,61.320868],[17.212738,61.235297],[17.158702,61.019843],[17.247895,61.012356],[17.158214,60.948432],[17.335704,60.766913],[17.186697,60.692369],[17.574962,60.647895],[17.670584,60.504096],[17.974864,60.587836],[18.234874,60.327094],[18.427989,60.348782],[18.604828,60.238349],[18.316905,60.32095],[18.578136,60.07392],[18.651378,60.148261],[18.796641,60.00495],[18.816905,60.11758],[18.903087,59.947211],[19.071625,59.896308],[19.034679,59.835028],[18.885997,59.929877],[18.924083,59.852281],[18.733897,59.768785],[19.074474,59.749701],[18.269054,59.477444],[18.307302,59.396796],[18.008962,59.408515],[18.220551,59.31977],[18.470063,59.337104],[18.48463,59.434231],[18.646495,59.330268],[18.29127,59.322699],[18.424164,59.143948],[18.013682,59.044908],[17.892833,58.861029],[17.773611,58.960679],[17.774425,58.886217],[17.768809,59.120551],[17.71046,59.052802],[17.658946,59.168891],[17.590668,58.861029],[17.447276,58.895209],[17.488292,58.799628],[17.357758,58.751166],[17.028168,58.751166],[17.145681,58.696601],[16.924164,58.625434],[16.17921,58.634508],[16.789317,58.607164],[16.940196,58.491116],[16.412608,58.477484],[16.799164,58.323635],[16.706798,58.278266],[16.8213,58.207099],[16.777192,58.13052],[16.617442,58.203111],[16.768809,57.887844],[16.51531,57.998847],[16.57252,57.893948],[16.460297,57.902086],[16.706798,57.750637],[16.419444,57.89468],[16.714854,57.702826],[16.520518,57.627143],[16.688975,57.471747],[16.469086,57.275377],[16.583263,57.044908],[16.439789,57.051744],[16.47169,56.777411],[16.246349,56.642401],[15.851736,56.086371],[15.586436,56.208889],[14.724946,56.167629],[14.767751,56.030707],[14.497406,56.040473],[14.234711,55.862698],[14.195811,55.725653],[14.367524,55.545396],[14.181163,55.390815],[12.832774,55.382554],[12.985688,55.447903],[12.917491,55.547187],[13.054861,55.694037],[12.451427,56.304429],[12.814464,56.236151],[12.621593,56.419338],[12.890147,56.455268],[12.934418,56.547065],[12.356456,56.923814],[12.101329,57.236721],[12.059255,57.458808],[11.979015,57.346584],[11.903331,57.394355],[11.91684,57.620917],[11.834972,57.661933],[11.923676,57.702826],[11.705414,57.698432],[11.810395,57.781399],[11.656261,57.839423],[11.759288,57.902086],[11.882823,58.332831],[11.50587,58.243069],[11.669932,58.422187],[11.553233,58.463202],[11.396169,58.264594],[11.424083,58.442694],[11.220876,58.346259],[11.286306,58.579901],[11.177419,58.718573],[11.197602,58.922512],[11.108165,58.953559],[11.320974,59.099514],[11.451993,58.896044],[11.664383,58.920074],[11.811661,59.249666],[11.674925,59.607112],[11.897237,59.713979],[11.849592,59.872419],[12.143734,59.898412],[12.483248,60.081243],[12.491723,60.312289],[12.605308,60.419156],[12.253288,61.001704],[12.703803,61.046197],[12.888184,61.349616],[12.161717,61.724838],[12.314266,62.286122],[12.091231,62.58631],[12.093298,62.907427],[12.222695,63.001479],[11.992425,63.288903],[12.219801,63.474266],[12.170295,63.598135],[12.755273,63.991392],[13.234106,64.090869],[13.964243,64.009531],[14.147797,64.169004],[14.096948,64.465317],[13.642764,64.584018],[14.514287,65.318081],[14.648852,65.802393],[14.540538,66.125448],[15.481876,66.274871],[15.426272,66.491214],[16.39965,67.035961],[16.43789,67.200318],[16.127108,67.422759],[16.180748,67.496398],[16.482952,67.557841],[16.782882,67.896994],[17.321454,68.105301],[17.921004,67.972855],[18.188584,68.198732],[18.171841,68.535921],[20.010282,68.36389],[20.245927,68.477372],[19.962223,68.541192],[20.356514,68.804587],[20.341115,68.910058],[20.102266,69.022145],[20.623165,69.036356]]],[[[17.124522,57.319281],[16.428477,56.217963],[16.419444,56.585639],[16.966482,57.304592],[17.124522,57.319281]]],[[[19.040212,57.867906],[18.764659,57.626899],[18.773204,57.472235],[18.92628,57.392646],[18.406423,57.143012],[18.311534,56.948065],[18.138682,56.922024],[18.290212,57.092719],[18.200857,57.065375],[18.099376,57.258979],[18.17921,57.379543],[18.128184,57.548163],[18.677745,57.913886],[18.803477,57.825751],[18.851329,57.915107],[19.040212,57.867906]]],[[[19.27296,57.976549],[19.338552,57.963568],[19.129649,57.846869],[19.036794,57.905219],[19.27296,57.976549]]],[[[11.73878,58.058539],[11.594737,57.935614],[11.497895,58.028062],[11.73878,58.058539]]],[[[11.806977,58.230414],[11.708181,58.098212],[11.406586,58.13109],[11.686371,58.291205],[11.806977,58.230414]]],[[[19.331716,58.367621],[19.250336,58.342841],[19.222423,58.394965],[19.331716,58.367621]]],[[[18.430431,59.258287],[18.344737,59.299262],[18.612315,59.258287],[18.430431,59.258287]]],[[[18.550141,60.327094],[18.402192,60.369818],[18.378754,60.507799],[18.550141,60.327094]]],[[[20.839203,63.767564],[20.920421,63.773749],[20.87322,63.770697],[20.839203,63.767564]]],[[[18.485362,59.097561],[18.413585,59.011664],[18.349783,59.052924],[18.485362,59.097561]]],[[[18.715831,59.208808],[18.737966,59.19774],[18.665701,59.187934],[18.715831,59.208808]]],[[[18.797048,59.294867],[18.77768,59.257025],[18.737315,59.258979],[18.797048,59.294867]]],[[[18.676036,59.340277],[18.69809,59.373603],[18.726573,59.311998],[18.676036,59.340277]]],[[[18.1067,59.384955],[18.223888,59.365709],[18.165538,59.340644],[18.1067,59.384955]]],[[[18.854259,59.402533],[18.869477,59.393459],[18.855724,59.385932],[18.854259,59.402533]]],[[[18.942393,59.393622],[18.921072,59.37934],[18.899425,59.400702],[18.942393,59.393622]]],[[[18.925792,59.434027],[18.872325,59.408637],[18.898611,59.445705],[18.925792,59.434027]]],[[[18.656586,59.506741],[18.556407,59.422309],[18.510509,59.48314],[18.739106,59.540432],[18.656586,59.506741]]],[[[18.977712,59.633857],[18.968028,59.619371],[18.88559,59.578599],[18.977712,59.633857]]],[[[18.854259,59.601142],[18.756847,59.572659],[18.924327,59.656928],[18.854259,59.601142]]],[[[18.996349,59.80976],[18.935557,59.79267],[18.959158,59.863715],[18.996349,59.80976]]],[[[18.723969,60.196601],[18.772634,60.191962],[18.806895,60.16059],[18.723969,60.196601]]],[[[15.705333,56.1164],[15.698497,56.100531],[15.651134,56.089993],[15.705333,56.1164]]],[[[16.86671,58.304592],[16.87908,58.280585],[16.847423,58.275458],[16.86671,58.304592]]],[[[16.891612,58.333726],[16.809418,58.348456],[16.859711,58.400295],[16.891612,58.333726]]],[[[18.321462,58.969143],[18.289806,58.941392],[18.198253,58.908149],[18.321462,58.969143]]],[[[18.198253,59.00967],[18.131114,58.964748],[18.081554,58.996731],[18.198253,59.00967]]],[[[17.707286,58.993354],[17.684825,58.900824],[17.652192,59.071519],[17.707286,58.993354]]],[[[18.124685,62.687934],[18.006114,62.705552],[18.159841,62.747138],[18.124685,62.687934]]],[[[20.87086,63.669379],[20.85613,63.650946],[20.827647,63.653144],[20.87086,63.669379]]],[[[20.898123,63.754096],[20.944184,63.761135],[20.908865,63.695299],[20.898123,63.754096]]],[[[22.408051,65.455268],[22.294932,65.428168],[22.316661,65.452216],[22.408051,65.455268]]],[[[22.153575,65.430365],[22.156586,65.474351],[22.227224,65.436672],[22.153575,65.430365]]],[[[22.5949,65.528266],[22.614268,65.511908],[22.552989,65.530097],[22.5949,65.528266]]],[[[22.218761,65.506781],[22.326834,65.520575],[22.278819,65.513251],[22.218761,65.506781]]],[[[22.577973,65.58275],[22.612153,65.563788],[22.569591,65.554999],[22.577973,65.58275]]],[[[22.57016,65.594794],[22.554454,65.605373],[22.595063,65.612982],[22.57016,65.594794]]],[[[22.962657,65.716295],[22.960948,65.690131],[22.886241,65.737372],[22.962657,65.716295]]],[[[23.797211,65.75373],[23.738292,65.696723],[23.719249,65.750678],[23.797211,65.75373]]],[[[22.741059,65.713609],[22.730479,65.738593],[22.790782,65.750312],[22.741059,65.713609]]]]}},{"type":"Feature","properties":{"name":"Finland","ISO3166-1-Alpha-3":"FIN","ISO3166-1-Alpha-2":"FI"},"geometry":{"type":"MultiPolygon","coordinates":[[[[28.954077,69.027261],[28.410234,68.898535],[28.801477,68.835489],[28.447907,68.52972],[28.663759,68.204003],[29.33085,68.072694],[30.009413,67.685844],[29.916241,67.508129],[29.051539,66.907803],[29.900169,66.108059],[30.111733,65.712011],[29.702869,65.62938],[29.838571,65.564888],[29.580085,65.235399],[29.833197,65.205013],[29.850198,65.121504],[29.598379,65.034378],[29.633622,64.90715],[29.78028,64.795581],[30.118864,64.767934],[30.180824,64.642774],[29.954843,64.56898],[30.070391,64.47188],[30.032461,64.396949],[30.558475,64.219699],[30.552326,64.021726],[29.980785,63.741537],[31.203966,63.21268],[31.569525,62.905929],[31.243757,62.503344],[29.203158,61.245901],[27.705414,60.485419],[27.456798,60.46369],[27.21461,60.584947],[26.962413,60.447211],[26.482677,60.468004],[26.625011,60.609605],[26.753184,60.574164],[26.65919,60.651801],[26.342052,60.375556],[25.917247,60.485419],[26.108165,60.335924],[25.842052,60.402167],[25.930186,60.245185],[25.753754,60.320746],[25.848888,60.265692],[25.735525,60.24726],[25.66863,60.364651],[25.029307,60.147854],[24.554047,60.155951],[24.594493,60.060248],[24.445649,59.992255],[24.312673,59.997504],[24.319672,60.075832],[23.429454,59.95661],[23.546153,60.07392],[23.251313,59.841132],[22.905121,59.811225],[23.326427,60.009345],[23.110688,59.923285],[23.257579,60.03974],[22.874685,60.149604],[23.080577,60.355048],[22.525076,60.20425],[22.648123,60.278713],[22.459158,60.26496],[22.624278,60.399075],[21.78533,60.477973],[21.840505,60.62873],[21.612071,60.488837],[21.408539,60.58039],[21.469981,60.608303],[21.353282,60.690172],[21.469981,60.731147],[21.328868,60.827541],[21.428396,60.902533],[21.298676,61.060126],[21.48227,61.060126],[21.442638,61.169989],[21.558116,61.204169],[21.448904,61.402777],[21.572439,61.416409],[21.42213,61.485338],[21.592133,61.485338],[21.48227,61.567857],[21.716319,61.526923],[21.414073,61.906887],[21.236583,61.985012],[21.374278,62.266791],[21.312266,62.232001],[21.270681,62.410793],[21.216075,62.335028],[21.133556,62.403957],[21.193533,62.600898],[21.065196,62.595771],[21.113536,62.781195],[21.390798,62.880316],[21.444102,63.04092],[21.688487,63.027086],[21.496593,63.20897],[21.894542,63.260484],[21.983897,63.143215],[22.02475,63.239407],[22.330089,63.28384],[22.195567,63.43122],[22.401622,63.418158],[22.281423,63.52619],[22.4074,63.456936],[22.589041,63.703315],[22.773448,63.627509],[22.902517,63.794867],[23.415782,63.924628],[23.396495,64.056138],[23.604503,64.027655],[23.573578,64.107245],[24.344086,64.530748],[24.538422,64.805325],[25.094737,64.918362],[25.354828,64.829576],[25.359548,64.911119],[25.190929,64.966783],[25.443533,64.966783],[25.211436,65.123765],[25.327485,65.226874],[25.323578,65.506781],[24.675792,65.635443],[24.550466,65.763495],[24.710623,65.912095],[24.206228,65.778754],[24.01965,66.048941],[23.689437,66.25699],[23.652437,66.458839],[23.88188,66.563535],[23.892422,66.750914],[24.004043,66.8052],[23.58133,67.153137],[23.765195,67.420072],[23.431262,67.48552],[23.553528,67.587038],[23.481285,67.864644],[23.662152,67.950427],[23.306515,68.145609],[23.165645,68.122045],[23.066943,68.290251],[22.808251,68.394896],[22.072172,68.47701],[20.623165,69.036356],[20.744397,69.104362],[21.071509,69.036666],[21.156362,69.087619],[21.033579,69.181205],[21.098381,69.239496],[21.638813,69.27138],[22.371378,68.822622],[22.409205,68.712913],[23.197581,68.618035],[23.929009,68.816214],[24.905177,68.556953],[25.13245,68.647646],[25.201283,68.812648],[25.627769,68.874143],[25.79582,68.993309],[25.737219,69.218205],[26.00511,69.689339],[26.533863,69.925242],[27.10034,69.901755],[27.866908,70.07531],[28.40455,69.802252],[29.14714,69.663914],[29.344544,69.464392],[28.852171,69.203529],[28.827573,69.090771],[28.954077,69.027261]]],[[[22.408376,60.052802],[22.435802,59.997504],[22.353201,60.032294],[22.408376,60.052802]]],[[[21.496593,60.135321],[21.636974,60.123684],[21.514415,60.097357],[21.496593,60.135321]]],[[[21.743663,60.190619],[21.887706,60.176337],[21.695811,60.121649],[21.743663,60.190619]]],[[[21.353282,60.211086],[21.448904,60.183743],[21.270681,60.190619],[21.353282,60.211086]]],[[[22.05893,60.211086],[22.031505,60.158515],[21.935395,60.176337],[22.05893,60.211086]]],[[[25.81422,60.207668],[25.840587,60.218817],[25.852061,60.199774],[25.81422,60.207668]]],[[[22.209239,60.20425],[22.24586,60.243069],[22.296886,60.221259],[22.209239,60.20425]]],[[[25.622325,60.238349],[25.598318,60.290717],[25.6338,60.218329],[25.622325,60.238349]]],[[[22.843516,60.241767],[22.956391,60.292955],[22.729828,60.00495],[22.4699,59.997504],[22.42213,60.114814],[22.600271,60.142157],[22.415212,60.149604],[22.44809,60.221381],[22.843516,60.241767]]],[[[22.106781,60.313463],[22.289806,60.273139],[22.156993,60.281724],[22.106781,60.313463]]],[[[22.38795,60.32095],[22.312836,60.32095],[22.477306,60.32095],[22.38795,60.32095]]],[[[21.997569,60.33393],[21.794119,60.373969],[21.808116,60.466702],[21.997569,60.33393]]],[[[21.725922,60.481676],[21.687999,60.455308],[21.741873,60.526435],[21.725922,60.481676]]],[[[21.319102,60.481676],[21.26059,60.519721],[21.250255,60.559882],[21.319102,60.481676]]],[[[21.394216,60.559882],[21.442638,60.471137],[21.328624,60.525336],[21.394216,60.559882]]],[[[21.298676,60.567328],[21.222911,60.601467],[21.271495,60.634467],[21.298676,60.567328]]],[[[21.264415,60.882025],[21.27003,60.967963],[21.374278,60.930406],[21.264415,60.882025]]],[[[21.42213,63.246812],[21.243419,63.150702],[21.078949,63.287787],[21.42213,63.246812]]],[[[21.318533,63.287787],[21.229177,63.328803],[21.374278,63.34927],[21.318533,63.287787]]],[[[24.993437,65.055104],[25.061818,65.04348],[24.819657,65.04328],[24.734711,64.950914],[24.562755,65.037177],[24.993437,65.055104]]],[[[23.915212,59.973456],[23.896007,59.954291],[23.856212,59.953315],[23.915212,59.973456]]],[[[22.88738,60.067776],[22.900727,60.037543],[22.855724,60.041327],[22.88738,60.067776]]],[[[22.95753,60.110785],[22.933279,60.089748],[22.856619,60.09162],[22.95753,60.110785]]],[[[21.991547,60.12995],[21.987641,60.112047],[21.929942,60.124579],[21.991547,60.12995]]],[[[22.313162,60.191962],[22.319102,60.160102],[22.292247,60.156317],[22.313162,60.191962]]],[[[21.983165,60.28498],[21.972911,60.285346],[22.008311,60.297309],[21.983165,60.28498]]],[[[21.956879,60.281399],[21.896007,60.2897],[21.908539,60.309394],[21.956879,60.281399]]],[[[22.299653,60.36758],[22.191091,60.341742],[22.157074,60.358303],[22.299653,60.36758]]],[[[22.206228,60.382554],[22.112478,60.352932],[22.122081,60.371649],[22.206228,60.382554]]],[[[21.338064,60.383368],[21.345714,60.353827],[21.303884,60.364244],[21.338064,60.383368]]],[[[26.602061,60.446519],[26.55893,60.397406],[26.560883,60.416815],[26.602061,60.446519]]],[[[22.026215,63.322211],[22.004568,63.291164],[21.989024,63.31037],[22.026215,63.322211]]],[[[22.144216,63.25141],[22.069184,63.318549],[22.231293,63.338813],[22.144216,63.25141]]],[[[21.957205,63.33161],[21.986583,63.377875],[22.088878,63.377631],[21.957205,63.33161]]],[[[22.807953,63.779527],[22.793224,63.74022],[22.683116,63.758612],[22.807953,63.779527]]],[[[22.498546,59.877631],[22.443696,59.851467],[22.427745,59.865912],[22.498546,59.877631]]],[[[21.600434,60.254828],[21.606456,60.228258],[21.562266,60.239936],[21.600434,60.254828]]],[[[21.259532,60.853095],[21.205333,60.843248],[21.221528,60.858954],[21.259532,60.853095]]],[[[21.421886,61.176744],[21.34669,61.177558],[21.357432,61.199774],[21.421886,61.176744]]],[[[21.521251,61.633979],[21.514659,61.624945],[21.478363,61.620836],[21.521251,61.633979]]],[[[21.208507,62.946234],[21.150564,62.963568],[21.151622,63.010321],[21.208507,62.946234]]]]}},{"type":"Feature","properties":{"name":"Luxembourg","ISO3166-1-Alpha-3":"LUX","ISO3166-1-Alpha-2":"LU"},"geometry":{"type":"Polygon","coordinates":[[[6.117487,50.120456],[6.2227,49.887137],[6.502579,49.79567],[6.345307,49.455349],[5.9607,49.441324],[5.790685,49.537753],[5.885459,49.643534],[5.718958,49.891374],[5.96163,50.165621],[6.117487,50.120456]]]}},{"type":"Feature","properties":{"name":"Belgium","ISO3166-1-Alpha-3":"BEL","ISO3166-1-Alpha-2":"BE"},"geometry":{"type":"Polygon","coordinates":[[[2.5218,51.087541],[3.349415,51.375223],[3.391658,51.24677],[3.927026,51.206255],[4.221491,51.368001],[4.30836,51.271226],[4.261068,51.369379],[4.411234,51.356737],[4.429424,51.461976],[4.778654,51.495359],[4.762117,51.413375],[4.910325,51.391903],[5.027527,51.476807],[5.215423,51.258733],[5.493235,51.286535],[5.829132,51.156465],[5.624493,50.830284],[6.249055,50.614431],[6.170817,50.517951],[6.336905,50.481003],[6.374525,50.315483],[6.117487,50.120456],[5.96163,50.165621],[5.718958,49.891374],[5.885459,49.643534],[5.8374,49.56111],[5.456132,49.498944],[5.259244,49.691335],[4.849037,49.794171],[4.783925,49.958295],[4.862679,50.147586],[4.464771,49.935609],[4.131665,49.974987],[4.197604,50.258484],[4.0033,50.34406],[3.696859,50.298223],[3.608286,50.476507],[3.271045,50.526943],[3.129245,50.779072],[2.786734,50.723365],[2.586746,50.845425],[2.5218,51.087541]]]}},{"type":"Feature","properties":{"name":"Georgia","ISO3166-1-Alpha-3":"GEO","ISO3166-1-Alpha-2":"GE"},"geometry":{"type":"Polygon","coordinates":[[[41.551195,42.406457],[41.424327,42.739895],[41.150238,42.79564],[40.855968,43.063056],[40.335134,43.140855],[40.219086,43.319037],[39.985976,43.38899],[40.059187,43.535199],[40.651916,43.538971],[41.577544,43.215296],[42.829768,43.168761],[43.155588,42.942393],[43.800613,42.746462],[43.722581,42.624867],[43.939726,42.55221],[44.508115,42.750286],[44.773473,42.609648],[44.85936,42.75951],[45.155362,42.693261],[45.32269,42.530118],[45.739616,42.471466],[45.631405,42.201172],[46.406552,41.91504],[46.328314,41.766418],[46.188994,41.740141],[46.192767,41.610174],[46.694803,41.269782],[46.47492,41.044111],[45.281711,41.452923],[44.820706,41.273347],[44.847784,41.208907],[44.180331,41.229939],[43.450453,41.104676],[43.103136,41.248801],[43.18401,41.298979],[42.766516,41.504341],[42.800932,41.57922],[42.585235,41.578755],[42.463072,41.431839],[41.947961,41.505581],[41.812982,41.421814],[41.520763,41.514228],[41.773936,41.821601],[41.551195,42.406457]]]}},{"type":"Feature","properties":{"name":"North Macedonia","ISO3166-1-Alpha-3":"MKD","ISO3166-1-Alpha-2":"MK"},"geometry":{"type":"Polygon","coordinates":[[[20.567147,41.873182],[20.702953,41.849591],[20.784912,42.082032],[21.098484,42.195953],[21.28886,42.089706],[21.436345,42.24688],[22.268852,42.370335],[22.531058,42.129109],[22.838223,42.019478],[23.009582,41.71637],[22.940852,41.349829],[22.751303,41.315205],[22.704898,41.139661],[22.048194,41.151856],[21.581556,40.866292],[20.965262,40.849394],[20.717216,40.913214],[20.500071,41.23552],[20.540172,41.400678],[20.444157,41.549661],[20.534694,41.585266],[20.567147,41.873182]]]}},{"type":"Feature","properties":{"name":"Albania","ISO3166-1-Alpha-3":"ALB","ISO3166-1-Alpha-2":"AL"},"geometry":{"type":"Polygon","coordinates":[[[20.567147,41.873182],[20.534694,41.585266],[20.444157,41.549661],[20.540172,41.400678],[20.500071,41.23552],[20.717216,40.913214],[20.956684,40.894766],[21.036679,40.639743],[20.93684,40.472518],[20.770649,40.421978],[20.647556,40.09404],[20.297913,39.986914],[20.397028,39.818087],[20.280033,39.80398],[20.184122,39.637013],[19.989024,39.686713],[20.009776,39.865668],[19.863455,40.045356],[19.476248,40.21369],[19.289561,40.420396],[19.474946,40.348375],[19.386404,40.54328],[19.4546,40.55386],[19.304373,40.653144],[19.381196,40.908271],[19.523448,40.92064],[19.495453,41.002631],[19.447765,40.934312],[19.516612,41.256415],[19.39324,41.41352],[19.516612,41.513414],[19.440929,41.585395],[19.612966,41.605292],[19.591645,41.818793],[19.365082,41.852362],[19.372491,42.104253],[19.272033,42.180682],[19.699293,42.654814],[19.784456,42.474566],[20.039221,42.557765],[20.237762,42.319924],[20.481674,42.230705],[20.567147,41.873182]]]}},{"type":"Feature","properties":{"name":"Kosovo","ISO3166-1-Alpha-3":"-99","ISO3166-1-Alpha-2":"-99"},"geometry":{"type":"Polygon","coordinates":[[[20.064956,42.546758],[20.034673,42.751423],[20.4763,42.855525],[20.459454,42.950015],[20.664919,43.085407],[20.604044,43.197959],[20.79442,43.263071],[21.40844,42.846998],[21.378674,42.744136],[21.772758,42.647501],[21.51603,42.341939],[21.564066,42.246289],[21.366788,42.223858],[21.299299,42.091411],[21.098484,42.195953],[20.784912,42.082032],[20.681456,41.84401],[20.567147,41.873182],[20.500795,42.211223],[20.237762,42.319924],[20.064956,42.546758]]]}},{"type":"Feature","properties":{"name":"Turkey","ISO3166-1-Alpha-3":"TUR","ISO3166-1-Alpha-2":"TR"},"geometry":{"type":"MultiPolygon","coordinates":[[[[43.440428,41.106588],[43.720618,40.762888],[43.559491,40.477892],[43.721393,40.169384],[43.665427,40.110163],[44.325645,40.034663],[44.806993,39.639902],[44.565734,39.765894],[44.387967,39.414495],[44.014863,39.374084],[44.275002,38.843573],[44.289524,38.382258],[44.458764,38.338333],[44.202087,37.897171],[44.59612,37.716381],[44.565941,37.447173],[44.801585,37.292686],[44.766135,37.14192],[44.610279,37.178352],[44.284821,36.969166],[44.180021,37.087608],[44.235005,37.236772],[44.088037,37.31116],[43.809398,37.199694],[42.780468,37.375498],[42.545237,37.140887],[42.357238,37.109984],[42.211201,37.324906],[42.009249,37.175613],[41.479773,37.075568],[40.708967,37.100476],[39.765252,36.742151],[39.239599,36.661278],[38.725005,36.693937],[38.224261,36.908394],[37.446117,36.634199],[37.053066,36.619936],[36.964699,36.75383],[36.639861,36.828089],[36.531237,36.479015],[36.67004,36.237324],[36.373004,36.227609],[36.358018,35.99398],[36.196891,35.951708],[36.138497,35.819779],[35.911305,35.91775],[35.975434,36.0185],[35.787364,36.304267],[36.211192,36.642401],[36.188975,36.801744],[36.020274,36.926337],[35.6067,36.740383],[35.709158,36.719875],[35.623546,36.602525],[35.346039,36.541083],[34.692882,36.81387],[34.276215,36.586982],[33.958995,36.213568],[33.871104,36.314887],[33.688243,36.13703],[33.156912,36.13703],[32.803722,36.027167],[32.365489,36.177965],[32.018809,36.546536],[31.340831,36.80858],[30.686534,36.891181],[30.569835,36.781317],[30.427419,36.226386],[30.158539,36.298651],[29.672374,36.123358],[29.096365,36.390937],[29.114919,36.55268],[29.014415,36.547919],[29.096365,36.665229],[28.938975,36.751288],[28.828868,36.602525],[28.451996,36.883612],[28.396007,36.789496],[28.257172,36.846177],[28.295095,36.719875],[28.035899,36.564765],[27.959239,36.602525],[28.08961,36.64411],[27.966075,36.688788],[28.118419,36.800605],[27.404307,36.665229],[27.355805,36.712388],[27.645356,36.806464],[28.027517,36.781317],[28.04184,36.93891],[28.165294,36.911607],[28.329356,37.03677],[27.263194,36.963365],[27.25294,37.123969],[27.565115,37.125637],[27.615977,37.274726],[27.463634,37.252021],[27.407237,37.412746],[27.190766,37.357327],[27.208507,37.596869],[27.011485,37.665717],[27.249522,37.74433],[27.239106,37.987942],[26.873057,38.035102],[26.760265,38.216742],[26.594981,38.103949],[26.233084,38.28026],[26.513031,38.432929],[26.387869,38.45425],[26.414073,38.679389],[26.630382,38.519232],[26.673106,38.307196],[26.702403,38.430162],[26.795095,38.358629],[27.164236,38.446601],[26.935395,38.434882],[26.719086,38.652655],[27.062673,38.886868],[26.806488,38.950141],[26.875255,39.090888],[26.609223,39.275214],[26.937673,39.574774],[26.069998,39.496283],[26.167654,39.973578],[26.735606,40.403551],[27.286957,40.468207],[27.452322,40.322008],[27.762706,40.315375],[27.883556,40.386298],[27.684255,40.496161],[27.76002,40.537055],[28.034434,40.474433],[27.944672,40.366034],[29.051606,40.367336],[29.151541,40.434068],[28.792654,40.55329],[29.939301,40.735053],[29.254568,40.810777],[29.007579,41.030504],[29.169688,41.2331],[31.231212,41.091986],[31.392751,41.188422],[31.403575,41.316474],[32.263357,41.72016],[33.324474,42.019029],[34.694184,41.94595],[35.023936,42.092515],[35.216319,42.023627],[35.092133,41.928046],[35.298188,41.715155],[35.576671,41.629706],[36.044932,41.701483],[36.134451,41.4619],[36.39503,41.256415],[36.758067,41.366278],[37.135509,41.146633],[37.52475,41.037177],[37.783865,41.122626],[37.895763,40.982123],[38.330903,40.917873],[39.430186,41.112494],[40.142751,40.922797],[41.390391,41.37934],[41.520763,41.514228],[41.812982,41.421814],[41.947961,41.505581],[42.463072,41.431839],[42.660992,41.588264],[42.819949,41.572347],[42.766516,41.504341],[43.18401,41.298979],[43.103136,41.248801],[43.440428,41.106588]]],[[[28.016775,41.972561],[27.972016,41.822252],[28.232758,41.518988],[29.109223,41.235297],[28.992361,41.008205],[28.625255,40.968411],[28.551931,41.080512],[28.541352,40.989569],[28.165294,41.08515],[27.941254,40.971096],[27.524181,40.989203],[27.287934,40.703559],[26.68336,40.455471],[26.157481,40.055325],[26.271983,40.230414],[26.219086,40.331448],[26.828949,40.601996],[26.053722,40.66059],[26.033214,40.735053],[26.359093,40.964684],[26.320543,41.246217],[26.631738,41.357528],[26.595461,41.612448],[26.334185,41.789543],[27.046545,42.082936],[27.273353,42.091747],[27.546411,41.901164],[28.016775,41.972561]]],[[[26.060557,39.837592],[26.059093,39.786078],[25.986013,39.842231],[26.060557,39.837592]]],[[[26.012218,40.166571],[25.663259,40.126166],[25.925955,40.242825],[26.012218,40.166571]]],[[[27.657563,40.653144],[27.732677,40.62519],[27.526378,40.639106],[27.657563,40.653144]]],[[[27.645193,40.459866],[27.631521,40.453762],[27.599132,40.496527],[27.645193,40.459866]]]]}},{"type":"Feature","properties":{"name":"Spain","ISO3166-1-Alpha-3":"ESP","ISO3166-1-Alpha-2":"ES"},"geometry":{"type":"MultiPolygon","coordinates":[[[[-5.340728,35.847357],[-5.398859,35.924504],[-5.28307,35.911689],[-5.340728,35.847357]]],[[[-2.947825,35.329779],[-2.913197,35.277248],[-2.943046,35.267874],[-2.947825,35.329779]]],[[[-1.794075,43.386015],[-1.747356,43.291002],[-1.403501,43.243331],[-1.457141,43.045074],[-1.286041,43.109179],[-0.759665,42.946501],[-0.56903,42.772636],[-0.322792,42.842502],[-0.038933,42.685148],[0.275388,42.668689],[0.656735,42.68799],[0.656321,42.83842],[0.812901,42.831624],[1.342584,42.70866],[1.447901,42.434646],[1.707006,42.502781],[2.00921,42.34708],[3.18097,42.431484],[3.317719,42.322984],[3.118826,42.218329],[3.232188,41.946031],[2.130544,41.303656],[1.017426,41.051785],[0.714203,40.815212],[0.858084,40.686265],[0.563487,40.590033],[-0.323354,39.516221],[-0.15803,39.002143],[0.234548,38.742255],[-0.509836,38.338365],[-0.504018,38.207221],[-0.623687,38.162421],[-0.856109,37.742499],[-0.705312,37.619534],[-1.323735,37.561991],[-1.670888,37.363308],[-2.126698,36.736396],[-2.361684,36.836778],[-2.718251,36.682034],[-4.403188,36.723863],[-4.65925,36.507636],[-5.186554,36.4112],[-5.338773,36.14112],[-5.425445,36.179755],[-5.438629,36.062812],[-5.611765,36.006456],[-6.036773,36.189521],[-6.310007,36.534125],[-6.179351,36.513536],[-6.394683,36.636908],[-6.433339,36.751207],[-6.194814,36.932115],[-6.38801,36.808173],[-6.892893,37.166571],[-6.852691,37.295233],[-6.928456,37.172349],[-7.414418,37.192816],[-7.514343,37.601401],[-7.272704,37.977011],[-7.023985,38.022564],[-6.947504,38.196636],[-7.103515,38.173588],[-7.35921,38.446362],[-7.27043,38.737507],[-6.973291,39.013951],[-7.258079,39.211303],[-7.313528,39.457438],[-7.557286,39.679801],[-7.021143,39.694012],[-6.879705,40.009187],[-7.043105,40.181373],[-6.794438,40.356401],[-6.816194,40.856835],[-6.942491,41.015999],[-6.205947,41.57028],[-6.541534,41.658905],[-6.609488,41.962324],[-7.145373,41.98749],[-7.442719,41.805951],[-7.906102,41.913851],[-8.179574,41.810705],[-8.230216,41.904678],[-8.095083,42.040923],[-8.222362,42.15363],[-8.881256,41.893297],[-8.895497,42.119086],[-8.622711,42.34748],[-8.867502,42.256415],[-8.655263,42.441352],[-8.942616,42.469306],[-8.826527,42.461859],[-8.730946,42.688422],[-9.026357,42.543118],[-9.030141,42.707709],[-8.887685,42.831122],[-9.10025,42.757514],[-9.134511,42.917548],[-9.273061,42.893337],[-9.27953,43.054999],[-9.107737,43.14114],[-9.2176,43.155341],[-8.829986,43.341213],[-8.330719,43.405666],[-8.210194,43.313218],[-8.175404,43.416327],[-8.305165,43.451077],[-8.168568,43.492011],[-8.333119,43.471503],[-8.312652,43.567125],[-7.685536,43.793443],[-7.271067,43.561143],[-7.044301,43.559394],[-7.044586,43.479193],[-6.943959,43.565985],[-6.069163,43.569688],[-5.852203,43.66295],[-5.41393,43.506537],[-4.481679,43.383612],[-3.579416,43.518256],[-3.008168,43.320909],[-2.946685,43.430772],[-2.768625,43.452501],[-2.127797,43.287421],[-1.794075,43.386015]]],[[[1.983372,42.441261],[1.945648,42.463817],[1.988436,42.458185],[1.983372,42.441261]]],[[[-17.933949,27.852037],[-17.979482,27.642524],[-18.16039,27.722357],[-17.933949,27.852037]]],[[[-15.391591,28.030219],[-15.377838,27.852281],[-15.577952,27.734361],[-15.821197,27.92178],[-15.706207,28.167385],[-15.409291,28.179755],[-15.391591,28.030219]]],[[[-17.309673,28.207117],[-17.09842,28.100764],[-17.257888,28.02457],[-17.309673,28.207117]]],[[[-16.427695,28.14967],[-16.692683,27.999847],[-16.916058,28.35497],[-16.117747,28.572089],[-16.355514,28.38115],[-16.427695,28.14967]]],[[[-13.972646,28.735907],[-13.824371,28.681789],[-13.933705,28.244208],[-14.34317,28.050686],[-14.507069,28.071194],[-14.224436,28.218573],[-13.972646,28.735907]]],[[[-17.755767,28.818508],[-17.837066,28.45539],[-17.996816,28.780097],[-17.755767,28.818508]]],[[[-13.482981,29.239936],[-13.417795,29.20893],[-13.482045,28.999457],[-13.867299,28.864895],[-13.798492,29.048082],[-13.482981,29.239936]]],[[[-13.486684,29.284613],[-13.517079,29.226264],[-13.525746,29.251207],[-13.486684,29.284613]]],[[[-0.732737,37.747748],[-0.746897,37.683783],[-0.748199,37.773179],[-0.732737,37.747748]]],[[[1.526383,38.677768],[1.38295,38.642061],[1.431326,38.754869],[1.526383,38.677768]]],[[[1.605968,39.091295],[1.403105,38.832278],[1.216645,38.885077],[1.356781,39.077623],[1.605968,39.091295]]],[[[3.354503,39.784369],[3.474376,39.749701],[3.453868,39.659695],[3.060802,39.26907],[2.786632,39.375922],[2.681651,39.558661],[2.492686,39.470242],[2.350759,39.576483],[2.813243,39.872585],[3.179454,39.968777],[3.096934,39.91352],[3.206798,39.893012],[3.136485,39.788764],[3.354503,39.784369]]],[[[4.302908,39.925523],[4.248139,39.816474],[3.803152,40.018134],[4.105072,40.079413],[4.302908,39.925523]]],[[[2.985367,39.166176],[2.962154,39.116062],[2.913614,39.151963],[2.985367,39.166176]]],[[[-4.300045,35.172724],[-4.2969,35.172249],[-4.300935,35.172071],[-4.300045,35.172724]]],[[[-3.902962,35.21531],[-3.902329,35.215905],[-3.902533,35.214787],[-3.902962,35.21531]]],[[[-3.900732,35.217827],[-3.899818,35.217285],[-3.901003,35.217217],[-3.900732,35.217827]]],[[[-2.434243,35.18523],[-2.429394,35.186038],[-2.431414,35.178766],[-2.434243,35.18523]]],[[[-5.418774,35.915597],[-5.41597,35.913531],[-5.42025,35.911612],[-5.418774,35.915597]]]]}},{"type":"Feature","properties":{"name":"Denmark","ISO3166-1-Alpha-3":"DNK","ISO3166-1-Alpha-2":"DK"},"geometry":{"type":"MultiPolygon","coordinates":[[[[8.660776,54.896311],[8.681895,55.133205],[8.458832,55.103461],[8.488943,55.19717],[8.689464,55.141588],[8.617686,55.437934],[8.313162,55.582709],[8.239024,55.557929],[8.313324,55.469306],[8.095225,55.549058],[8.181651,55.729071],[8.127778,55.987616],[8.193614,55.811835],[8.393321,55.909166],[8.2824,56.075873],[8.149669,56.111151],[8.107921,56.024319],[8.178722,56.672065],[8.307384,56.554348],[8.565766,56.578803],[8.726573,56.483222],[8.681895,56.626532],[9.063162,56.812567],[9.176036,56.708564],[9.060557,56.565741],[9.155447,56.661322],[9.326182,56.530341],[9.305675,56.695461],[9.169119,56.688666],[9.242524,56.747056],[9.200206,56.93891],[9.915782,57.05858],[9.114513,57.05858],[8.679535,56.952541],[8.491384,56.794257],[8.527029,56.695299],[8.408214,56.688666],[8.586274,56.688666],[8.559581,56.593004],[8.302013,56.763739],[8.24586,56.704006],[8.247895,56.812445],[8.618012,57.12287],[9.41212,57.165432],[9.96697,57.591376],[10.648936,57.737006],[10.430431,57.570543],[10.54656,57.435289],[10.539073,57.236721],[10.347179,57.010199],[9.926931,57.05858],[10.313731,56.982856],[10.340587,56.717353],[9.805919,56.640204],[10.334239,56.703843],[10.18336,56.46955],[10.330333,56.603217],[10.822276,56.534247],[10.964122,56.448432],[10.911632,56.334052],[10.738617,56.154527],[10.628591,56.237535],[10.548025,56.101264],[10.354666,56.202053],[10.491222,56.216295],[10.403005,56.298245],[10.220225,56.147895],[10.277517,56.017768],[10.18214,55.833686],[9.867442,55.851996],[10.045746,55.813951],[10.005219,55.701117],[9.556407,55.711575],[9.85377,55.626654],[9.498057,55.489447],[9.660167,55.477973],[9.586762,55.427436],[9.710297,55.248684],[9.434337,55.037543],[9.730968,54.995429],[9.745942,54.836005],[9.615001,54.932685],[9.317033,54.801617],[8.660776,54.896311]]],[[[11.845225,54.73192],[11.474376,54.626125],[10.999197,54.78677],[11.108165,54.831529],[11.0324,54.919257],[11.2317,54.961249],[11.594737,54.811103],[11.649425,54.91352],[11.845225,54.73192]]],[[[10.450206,54.899807],[10.518565,54.851996],[10.383474,54.830756],[10.18922,54.977484],[10.450206,54.899807]]],[[[12.417166,55.030219],[12.551768,54.95718],[12.115001,54.907294],[12.286876,54.989203],[12.250987,55.060736],[12.417166,55.030219]]],[[[10.011404,54.975531],[10.064464,54.881008],[9.953624,54.862616],[9.628429,55.058051],[10.011404,54.975531]]],[[[10.854991,55.04385],[10.956716,55.153713],[10.693858,54.735297],[10.601085,54.838324],[10.854991,55.04385]]],[[[15.151378,55.133205],[15.072666,54.991638],[14.684173,55.101347],[14.760916,55.309272],[15.151378,55.133205]]],[[[8.47641,55.345445],[8.364268,55.449042],[8.46339,55.427436],[8.47641,55.345445]]],[[[10.66627,55.064276],[10.065929,55.092231],[10.156016,55.140082],[10.003591,55.197333],[9.985525,55.127753],[9.703461,55.468411],[9.812185,55.441067],[9.67628,55.495673],[10.307628,55.618232],[10.518809,55.533433],[10.471528,55.443061],[10.609141,55.49258],[10.627615,55.613593],[10.742361,55.487494],[10.554047,55.442572],[10.697927,55.440253],[10.834321,55.290269],[10.66627,55.064276]]],[[[12.615733,55.688137],[12.674571,55.601264],[12.556326,55.550482],[12.615733,55.688137]]],[[[10.559418,55.866278],[10.543956,55.997992],[10.669281,55.880032],[10.582205,55.759752],[10.559418,55.866278]]],[[[12.040375,54.893012],[12.170177,54.838324],[11.960704,54.694078],[11.949067,54.56859],[11.711436,54.940823],[11.882823,54.981757],[11.615896,55.092231],[11.827485,55.050686],[11.717621,55.125718],[11.806977,55.146877],[11.260997,55.200588],[11.087738,55.358547],[11.214203,55.403795],[11.080903,55.513088],[11.145681,55.576117],[10.929942,55.667629],[11.087738,55.660142],[10.875499,55.742743],[11.192638,55.700344],[11.505219,55.86872],[11.272634,55.996568],[11.768321,55.970526],[11.663097,55.907172],[11.717621,55.810981],[11.607758,55.783026],[11.73878,55.797349],[11.657237,55.730862],[11.779796,55.660142],[11.934744,55.933661],[12.051931,55.73664],[11.910167,55.660142],[12.060313,55.653998],[12.026134,55.941352],[11.865571,55.972724],[12.245128,56.12873],[12.621918,56.043769],[12.512706,55.92829],[12.602224,55.708564],[12.19809,55.487494],[12.465017,55.290269],[12.014659,55.167467],[12.177013,55.105292],[12.148936,54.994127],[11.897146,54.995429],[12.040375,54.893012]]],[[[11.512218,56.695461],[11.649425,56.722154],[11.604259,56.701158],[11.512218,56.695461]]],[[[8.825857,56.743842],[8.514659,56.738227],[8.651622,56.894192],[8.928884,56.97663],[8.825857,56.743842]]],[[[11.142345,57.332343],[11.028835,57.201914],[10.854991,57.264635],[11.142345,57.332343]]]]}},{"type":"Feature","properties":{"name":"Tunisia","ISO3166-1-Alpha-3":"TUN","ISO3166-1-Alpha-2":"TN"},"geometry":{"type":"MultiPolygon","coordinates":[[[[11.505112,33.181225],[11.449926,32.637957],[11.546354,32.434275],[10.873217,32.136696],[10.605946,31.953606],[10.498873,31.744317],[10.263952,31.680496],[10.106235,31.429194],[10.253927,30.841788],[9.871314,30.355151],[9.519708,30.228905],[9.045008,32.071842],[8.331253,32.527628],[8.282884,32.836369],[8.086824,33.094286],[7.724985,33.231409],[7.484897,33.855015],[7.517453,34.095026],[8.236479,34.647654],[8.300454,35.06768],[8.431299,35.241726],[8.294356,35.32508],[8.24144,35.827737],[8.357712,36.430387],[8.169919,36.525834],[8.430369,36.662621],[8.413109,36.783906],[8.641725,36.836357],[8.60251,36.939511],[9.210704,37.233832],[9.74464,37.345201],[9.858897,37.328803],[9.815929,37.151842],[9.914317,37.17829],[9.819591,37.227607],[9.882498,37.263577],[10.272146,37.178534],[10.128103,37.158677],[10.347179,36.880276],[10.188487,36.797593],[10.355317,36.731187],[11.051036,37.080308],[11.130545,36.854039],[10.799929,36.451885],[10.550928,36.377256],[10.474695,36.112486],[10.622081,35.842597],[11.040998,35.63773],[11.042233,35.334435],[11.15916,35.218757],[10.597023,34.544713],[10.12672,34.325629],[10.005219,34.17064],[10.0713,33.946234],[10.330251,33.702826],[10.716645,33.706936],[10.738129,33.478013],[11.042817,33.617865],[11.102074,33.364081],[11.293712,33.286811],[11.133637,33.311428],[11.179535,33.211086],[11.505112,33.181225]]],[[[10.991466,33.841702],[11.060313,33.800727],[10.887786,33.640142],[10.740154,33.715478],[10.736013,33.884752],[10.991466,33.841702]]],[[[10.964122,34.656684],[11.101329,34.670966],[11.055708,34.620962],[10.964122,34.656684]]],[[[11.265798,34.773383],[11.152687,34.706877],[11.217502,34.781615],[11.265798,34.773383]]]]}},{"type":"Feature","properties":{"name":"Romania","ISO3166-1-Alpha-3":"ROU","ISO3166-1-Alpha-2":"RO"},"geometry":{"type":"Polygon","coordinates":[[[22.877601,47.946739],[23.139083,48.098125],[23.460821,47.971337],[24.542098,47.943819],[24.896599,47.710061],[25.261744,47.898576],[26.173058,47.993144],[26.30349,48.212045],[26.688531,48.274832],[26.938128,48.204811],[27.572353,47.375197],[28.069067,46.988503],[28.234121,46.662424],[28.246058,46.427865],[28.082709,46.014712],[28.167975,45.632461],[28.062142,45.593601],[28.330239,45.322919],[28.710061,45.226956],[29.322117,45.443842],[29.569699,45.394956],[29.699555,45.161811],[29.617849,44.861477],[29.000743,44.68891],[29.138682,44.804023],[29.044119,44.865546],[29.110606,44.970038],[28.869395,44.943345],[28.946137,44.765204],[28.784028,44.649237],[28.987559,44.675279],[28.757823,44.626776],[28.758474,44.465277],[28.924978,44.620551],[28.635102,44.316392],[28.671723,43.997382],[28.57838,43.741278],[28.221254,43.761981],[27.98101,43.84934],[27.912074,43.993336],[27.383837,44.015092],[27.027476,44.177046],[26.150734,44.012405],[25.781144,43.732009],[25.403131,43.65005],[23.484695,43.880604],[22.888763,43.839522],[22.885869,43.994525],[23.030976,44.093072],[22.690739,44.228878],[22.477005,44.463954],[22.765153,44.58281],[22.426052,44.733653],[22.126639,44.502659],[21.994347,44.658567],[21.395934,44.790239],[21.355523,44.856591],[21.536287,44.889302],[21.351389,44.998236],[21.493292,45.145101],[20.767135,45.479344],[20.785739,45.752557],[20.242826,46.108091],[21.144476,46.283739],[21.300953,46.603926],[21.501767,46.703507],[21.632819,47.022686],[22.001582,47.393827],[22.007886,47.517411],[22.27309,47.723755],[22.637719,47.771555],[22.877601,47.946739]]]}},{"type":"Feature","properties":{"name":"Hungary","ISO3166-1-Alpha-3":"HUN","ISO3166-1-Alpha-2":"HU"},"geometry":{"type":"Polygon","coordinates":[[[22.877601,47.946739],[22.637719,47.771555],[22.27309,47.723755],[22.007886,47.517411],[21.501767,46.703507],[21.300953,46.603926],[21.280695,46.416393],[21.051459,46.236094],[20.819638,46.271699],[20.663989,46.137753],[20.242826,46.108091],[19.549948,46.16416],[19.263454,45.981432],[18.655636,45.907587],[18.404385,45.741809],[17.858062,45.771729],[17.345328,45.955697],[16.837659,46.381873],[16.515302,46.501711],[16.325339,46.839442],[16.094035,46.862774],[16.274903,47.004315],[16.486363,46.998554],[16.433963,47.39685],[16.689141,47.53803],[16.407815,47.66133],[16.567805,47.754192],[17.075371,47.708484],[17.004057,47.863281],[17.184821,48.020274],[17.825713,47.750006],[18.692843,47.777963],[18.816453,47.83256],[18.743176,47.971052],[18.838467,48.040015],[19.428199,48.085852],[19.623226,48.227006],[19.928633,48.130087],[20.324268,48.279948],[20.481674,48.526083],[21.424563,48.561275],[21.759012,48.333769],[22.271849,48.403455],[22.357116,48.243103],[22.801429,48.090968],[22.877601,47.946739]]]}},{"type":"Feature","properties":{"name":"Slovakia","ISO3166-1-Alpha-3":"SVK","ISO3166-1-Alpha-2":"SK"},"geometry":{"type":"Polygon","coordinates":[[[22.539637,49.0722],[22.138731,48.569595],[22.09646,48.379425],[21.727697,48.340901],[21.424563,48.561275],[20.51051,48.533783],[20.324268,48.279948],[19.928633,48.130087],[19.623226,48.227006],[19.428199,48.085852],[18.838467,48.040015],[18.743176,47.971052],[18.816453,47.83256],[18.692843,47.777963],[17.741997,47.76538],[17.337887,47.998725],[17.069686,48.035674],[16.84448,48.365602],[17.167458,48.859758],[17.727217,48.86291],[18.075516,49.047188],[18.160576,49.2587],[18.535643,49.481684],[18.932208,49.504318],[18.962284,49.389183],[19.141705,49.394195],[19.443392,49.60178],[19.627044,49.401868],[19.769263,49.39311],[19.785903,49.188162],[20.050486,49.173227],[20.317653,49.391612],[20.689517,49.4005],[20.91896,49.290326],[21.260542,49.449438],[21.819577,49.377246],[22.040752,49.197463],[22.539637,49.0722]]]}},{"type":"Feature","properties":{"name":"Poland","ISO3166-1-Alpha-3":"POL","ISO3166-1-Alpha-2":"PL"},"geometry":{"type":"Polygon","coordinates":[[[18.833196,49.510261],[18.559208,49.907187],[18.002446,50.046765],[17.839355,49.973643],[17.632753,50.106348],[17.589448,50.163244],[17.747578,50.217504],[17.707994,50.311039],[17.424187,50.240552],[16.892953,50.432943],[17.014806,50.218486],[16.660616,50.093016],[16.199559,50.406278],[16.425901,50.567561],[16.331644,50.644042],[15.982001,50.603631],[15.792245,50.742692],[15.356096,50.775455],[15.144429,51.011564],[14.960978,50.992651],[14.982062,50.859067],[14.810393,50.858447],[15.019476,51.271678],[14.945061,51.449186],[14.710037,51.530241],[14.732465,51.658347],[14.585807,51.803893],[14.761403,52.076667],[14.545396,52.382153],[14.644821,52.576921],[14.123923,52.850651],[14.44163,53.251841],[14.263901,53.699976],[14.590587,53.598375],[14.630626,53.851508],[14.431895,53.906155],[14.318858,53.818183],[14.175289,53.906478],[16.17921,54.263007],[16.569591,54.557196],[18.152354,54.838324],[18.75172,54.69009],[18.835297,54.603095],[18.413097,54.746527],[18.588064,54.433661],[18.885916,54.350165],[19.609548,54.456732],[22.837603,54.400918],[23.449039,54.154938],[23.590942,53.611251],[23.893663,53.151951],[23.922498,52.742596],[23.392298,52.509638],[23.165645,52.289393],[23.637451,52.084471],[23.5434,51.592743],[23.697602,51.404435],[23.635177,51.304699],[24.143156,50.856432],[23.957638,50.808011],[24.107706,50.540844],[23.981306,50.40478],[23.682203,50.368245],[22.665831,49.567363],[22.681747,49.161238],[22.855276,48.994013],[22.040752,49.197463],[21.928408,49.330788],[21.601193,49.426493],[21.068822,49.419207],[20.91896,49.290326],[20.689517,49.4005],[20.317653,49.391612],[20.050486,49.173227],[19.760685,49.194208],[19.769263,49.39311],[19.627044,49.401868],[19.457344,49.598059],[19.141705,49.394195],[18.962284,49.389183],[18.961147,49.492794],[18.833196,49.510261]]]}},{"type":"Feature","properties":{"name":"Ireland","ISO3166-1-Alpha-3":"IRL","ISO3166-1-Alpha-2":"IE"},"geometry":{"type":"MultiPolygon","coordinates":[[[[-7.2471,55.069322],[-7.405254,55.003569],[-7.543075,54.741673],[-7.929666,54.696714],[-7.707871,54.604162],[-8.173837,54.461741],[-7.856441,54.211421],[-7.326964,54.113597],[-7.153331,54.224237],[-7.19245,54.334721],[-7.017836,54.413166],[-6.640339,54.168013],[-6.630624,54.041819],[-6.354827,54.110652],[-6.107289,54.013617],[-6.359853,54.016018],[-6.378285,53.934882],[-6.077301,53.554633],[-6.194814,53.461086],[-6.062001,53.367377],[-6.21817,53.347154],[-6.096995,53.285549],[-5.99352,52.957424],[-6.366119,52.344428],[-6.49649,52.364325],[-6.347035,52.197252],[-6.764027,52.261298],[-6.932118,52.124661],[-6.997385,52.289211],[-7.017201,52.138373],[-7.599965,52.10102],[-7.589915,51.991156],[-7.849843,51.980129],[-8.020579,51.82392],[-8.408844,51.891791],[-8.297353,51.766018],[-8.55842,51.706366],[-8.531728,51.610785],[-8.757639,51.644965],[-8.696156,51.576646],[-9.223785,51.487291],[-9.443267,51.559516],[-9.820221,51.445705],[-9.545888,51.610785],[-9.847524,51.549384],[-9.458608,51.683987],[-9.560211,51.761623],[-10.156077,51.582831],[-9.580719,51.877672],[-10.13561,51.741156],[-10.234609,51.85102],[-10.341054,51.788275],[-10.395619,51.884508],[-10.25414,51.908677],[-10.266225,51.988471],[-9.758168,52.152045],[-10.436594,52.097398],[-10.461293,52.179999],[-10.059804,52.309638],[-9.73766,52.248236],[-9.949941,52.412095],[-9.634633,52.473578],[-9.648305,52.57038],[-8.751169,52.67296],[-8.960846,52.693671],[-8.942616,52.775214],[-9.285797,52.590806],[-9.580719,52.665961],[-9.93635,52.556708],[-9.498647,52.752509],[-9.354075,52.933498],[-9.477651,52.940334],[-9.272206,53.146674],[-9.072865,53.118476],[-9.128163,53.15941],[-8.894846,53.220893],[-9.612294,53.236151],[-9.552805,53.385403],[-9.806711,53.301581],[-9.902252,53.32392],[-9.799184,53.419501],[-10.176503,53.412665],[-10.012074,53.481513],[-10.180287,53.555487],[-9.696767,53.598212],[-9.908437,53.646064],[-9.908437,53.762112],[-9.560211,53.865139],[-9.943756,53.879381],[-9.915883,53.953843],[-9.787506,53.916083],[-9.898915,54.025336],[-9.833892,54.112128],[-9.970693,54.078559],[-9.908437,54.118354],[-10.010894,54.218329],[-10.117421,54.095893],[-10.115102,54.235053],[-9.997792,54.303941],[-9.909901,54.204413],[-9.765004,54.255561],[-9.785512,54.33808],[-9.268422,54.303941],[-9.141225,54.145697],[-9.051259,54.289496],[-8.51122,54.20775],[-8.621002,54.255561],[-8.470286,54.276597],[-8.519154,54.326728],[-8.663889,54.35928],[-8.210194,54.501939],[-8.120839,54.646552],[-8.456614,54.564643],[-8.387685,54.619859],[-8.79776,54.691962],[-8.408193,54.762641],[-8.55842,54.817857],[-8.490712,54.851996],[-8.325673,54.831529],[-8.456614,55.002875],[-8.319976,55.034329],[-8.278472,55.160549],[-7.976796,55.22191],[-7.856435,55.138983],[-7.798695,55.25609],[-7.702504,55.099066],[-7.695058,55.207465],[-7.788157,55.218573],[-7.643951,55.272773],[-7.525787,55.116156],[-7.681386,54.954413],[-7.456166,55.056138],[-7.524322,55.290269],[-7.256744,55.284003],[-7.384429,55.386379],[-6.939565,55.239081],[-7.2471,55.069322]]],[[[-9.662668,53.275458],[-9.710357,53.238593],[-9.710357,53.275458],[-9.662668,53.275458]]],[[[-9.963612,53.953843],[-9.957997,53.880601],[-10.26594,53.981838],[-9.975901,54.021145],[-9.963612,53.953843]]],[[[-8.524892,55.009711],[-8.565826,54.975531],[-8.5454,55.002875],[-8.524892,55.009711]]],[[[-9.816965,51.638861],[-9.813547,51.627631],[-9.915517,51.629055],[-9.816965,51.638861]]],[[[-10.312652,51.925523],[-10.361562,51.892035],[-10.412017,51.90412],[-10.312652,51.925523]]],[[[-9.648346,53.101711],[-9.778717,53.123481],[-9.715688,53.138251],[-9.648346,53.101711]]]]}},{"type":"Feature","properties":{"name":"United Kingdom","ISO3166-1-Alpha-3":"GBR","ISO3166-1-Alpha-2":"GB"},"geometry":{"type":"MultiPolygon","coordinates":[[[[-7.2471,55.069322],[-7.0537,55.048733],[-6.962554,55.194648],[-6.100982,55.212388],[-5.986236,54.981757],[-5.689849,54.793118],[-5.907379,54.605618],[-5.574696,54.68008],[-5.433827,54.461005],[-5.515777,54.33808],[-5.558013,54.511908],[-5.701975,54.577704],[-5.6256,54.441107],[-5.708852,54.351752],[-5.579701,54.383694],[-5.553049,54.298529],[-5.86205,54.230536],[-5.893788,54.104682],[-6.079579,54.034573],[-6.354827,54.110652],[-6.630624,54.041819],[-6.640339,54.168013],[-7.017836,54.413166],[-7.19245,54.334721],[-7.153331,54.224237],[-7.280042,54.126155],[-7.609014,54.139901],[-8.173837,54.461741],[-7.707871,54.604162],[-7.929666,54.696714],[-7.543075,54.741673],[-7.405254,55.003569],[-7.2471,55.069322]]],[[[-2.665354,51.617255],[-2.97468,51.562974],[-3.184804,51.39761],[-3.539174,51.398505],[-3.841624,51.621527],[-4.289906,51.555569],[-4.070546,51.675971],[-4.315297,51.677476],[-4.365102,51.789049],[-4.941029,51.596503],[-5.11974,51.678412],[-4.844838,51.713813],[-4.82433,51.795722],[-5.182851,51.689276],[-5.249501,51.73371],[-5.11026,51.77851],[-5.125885,51.856024],[-5.310943,51.864],[-5.070221,52.026353],[-4.84142,52.014838],[-4.315826,52.216295],[-3.947336,52.549262],[-4.125478,52.603909],[-3.988271,52.73428],[-4.149037,52.812079],[-4.077626,52.926663],[-4.762847,52.789496],[-4.177968,53.217597],[-3.831288,53.28913],[-3.878407,53.337592],[-3.330312,53.351793],[-3.087758,53.234687],[-3.18635,53.392768],[-3.058258,53.43476],[-2.8815,53.288398],[-2.699778,53.351793],[-2.924957,53.350002],[-3.101918,53.558051],[-2.899037,53.735419],[-3.049184,53.769517],[-3.05663,53.906155],[-2.857981,53.967597],[-2.918202,54.034329],[-2.795969,54.248725],[-2.939198,54.155097],[-3.049184,54.222073],[-3.145375,54.063788],[-3.240956,54.112128],[-3.207387,54.263007],[-3.306793,54.191881],[-3.634185,54.512885],[-3.387929,54.883368],[-3.02184,54.975531],[-3.570546,54.995429],[-3.581695,54.883612],[-4.011708,54.768215],[-4.402903,54.907294],[-4.382395,54.68008],[-4.85912,54.866278],[-4.954823,54.804755],[-4.85912,54.632961],[-5.157135,54.879096],[-5.170806,55.008694],[-4.995595,54.920315],[-5.007802,55.141181],[-4.617787,55.495592],[-4.920522,55.708564],[-4.886464,55.919664],[-4.481679,55.92829],[-4.82433,56.078518],[-4.77892,55.992092],[-4.851552,55.988023],[-4.755523,56.206529],[-4.851674,56.112616],[-4.920522,56.167914],[-4.983144,55.871039],[-5.123606,56.009914],[-5.086537,55.901272],[-5.180653,55.969306],[-5.20108,55.831488],[-5.296702,55.852688],[-5.338287,55.996568],[-4.920522,56.277777],[-5.444407,56.027574],[-5.317779,55.783026],[-5.490102,55.644599],[-5.584625,55.427436],[-5.525054,55.358629],[-5.782867,55.313544],[-5.680898,55.674465],[-5.454986,55.845771],[-5.66039,55.797349],[-5.571034,55.934516],[-5.696401,55.915961],[-5.571034,56.037543],[-5.707509,55.942572],[-5.531606,56.08633],[-5.509633,56.188381],[-5.605784,56.13996],[-5.492828,56.260403],[-5.592152,56.249823],[-5.572581,56.32807],[-5.064565,56.565131],[-5.20108,56.462104],[-5.468617,56.475735],[-5.242055,56.565131],[-5.41393,56.544664],[-5.317779,56.661322],[-4.995595,56.715969],[-5.238271,56.71662],[-5.11974,56.818427],[-5.674062,56.496894],[-6.008168,56.642279],[-5.543691,56.695461],[-6.234486,56.728583],[-5.756663,56.784857],[-5.851186,56.828925],[-5.66039,56.872992],[-5.921132,56.89411],[-5.831695,56.997138],[-5.523264,57.003974],[-5.776194,57.075832],[-5.40038,57.106391],[-5.680898,57.157904],[-5.578236,57.26675],[-5.407216,57.229926],[-5.501943,57.277655],[-5.440663,57.319281],[-5.729319,57.298163],[-5.44811,57.421698],[-5.807769,57.354926],[-5.839182,57.579291],[-5.512685,57.54149],[-5.805898,57.642646],[-5.674062,57.709662],[-5.811187,57.833197],[-5.698638,57.869086],[-5.605784,57.770494],[-5.61262,57.928778],[-5.221588,57.846869],[-5.3662,57.943061],[-5.07079,57.833197],[-5.447011,58.084377],[-5.242055,58.147895],[-5.392079,58.261379],[-4.933583,58.223049],[-5.173207,58.353949],[-5.016184,58.388129],[-5.105621,58.505561],[-4.988189,58.628323],[-4.660024,58.555854],[-4.760976,58.447984],[-4.58495,58.574164],[-4.426503,58.546373],[-4.495351,58.44953],[-4.029042,58.59516],[-3.019114,58.640326],[-3.129791,58.369289],[-4.084381,57.964179],[-4.009348,57.867906],[-4.392405,57.908271],[-3.779449,57.855658],[-4.428456,57.577541],[-4.009348,57.688544],[-4.248931,57.497463],[-3.409169,57.723334],[-1.99767,57.702826],[-1.829457,57.613471],[-1.759348,57.473578],[-1.980295,57.319281],[-2.186391,56.914537],[-2.514556,56.591498],[-3.323476,56.365912],[-2.884999,56.457994],[-2.576812,56.277777],[-3.342681,56.027167],[-3.837473,56.106431],[-3.078236,55.946845],[-2.635121,56.058051],[-2.13801,55.914618],[-1.630849,55.58511],[-1.517934,55.157131],[-1.172231,54.701239],[-1.203725,54.625718],[-0.562978,54.477362],[-0.370473,54.247707],[-0.07551,54.112128],[-0.219472,54.022773],[0.131196,53.573432],[-0.260365,53.735419],[-0.726471,53.700629],[-0.279368,53.707099],[0.219493,53.419501],[0.356619,53.145738],[0.010265,52.886461],[0.384532,52.768378],[0.569591,52.969306],[1.274669,52.929185],[1.644216,52.775824],[1.747244,52.62519],[1.582286,52.081488],[1.332286,51.94009],[1.157888,52.02851],[1.274425,51.960883],[1.069102,51.953437],[1.281993,51.946601],[1.199555,51.877672],[1.276378,51.844794],[1.06544,51.775295],[0.979828,51.843573],[0.698578,51.720038],[0.930024,51.743598],[0.92449,51.588324],[0.384532,51.453111],[1.448253,51.38288],[1.384451,51.151679],[1.066905,51.064399],[0.979828,50.918158],[0.271007,50.747382],[-0.269683,50.831285],[-0.789947,50.730048],[-0.939198,50.843248],[-1.151112,50.781399],[-1.46642,50.918158],[-1.317291,50.800238],[-2.038971,50.739936],[-1.965199,50.6022],[-2.398346,50.645575],[-2.453359,50.527655],[-2.864817,50.733791],[-3.368153,50.617092],[-3.464426,50.678534],[-3.556264,50.432115],[-3.487457,50.404771],[-3.660634,50.221015],[-4.054351,50.30036],[-4.200551,50.459418],[-4.289906,50.397366],[-4.193756,50.322252],[-4.694325,50.343451],[-5.002431,50.14411],[-5.052968,50.195787],[-5.125966,50.09634],[-5.056508,50.060614],[-5.191151,49.959133],[-5.474843,50.130439],[-5.705149,50.052314],[-5.684641,50.161526],[-5.314849,50.253607],[-5.015614,50.538031],[-4.844838,50.514065],[-4.920522,50.589179],[-4.57726,50.774726],[-4.526438,51.01496],[-4.207997,51.076361],[-4.228505,51.19245],[-3.02184,51.19245],[-2.97468,51.384223],[-2.383372,51.773261],[-2.665354,51.617255]]],[[[-1.082753,50.713324],[-1.279205,50.582506],[-1.569488,50.658026],[-1.318512,50.772162],[-1.082753,50.713324]]],[[[-0.959869,50.808254],[-0.938832,50.788398],[-0.972564,50.829779],[-0.959869,50.808254]]],[[[0.911469,51.412177],[0.79477,51.370551],[0.746837,51.439643],[0.911469,51.412177]]],[[[-4.57726,53.27204],[-4.602406,53.253079],[-4.667307,53.32392],[-4.57726,53.27204]]],[[[-4.098134,53.309638],[-4.406606,53.130601],[-4.571034,53.392768],[-4.324696,53.419501],[-4.098134,53.309638]]],[[[-6.236399,55.311347],[-6.194814,55.262926],[-6.235829,55.296698],[-6.236399,55.311347]]],[[[-5.07079,55.509345],[-5.304677,55.462144],[-5.392893,55.646552],[-5.198313,55.704332],[-5.07079,55.509345]]],[[[-5.029775,55.749498],[-5.139638,55.841986],[-5.080922,55.879584],[-5.029775,55.749498]]],[[[-6.030385,55.729071],[-6.287343,55.578437],[-6.249989,55.776842],[-6.503529,55.681342],[-6.445221,55.848822],[-6.33137,55.88996],[-6.310902,55.818427],[-6.140126,55.941352],[-6.030385,55.729071]]],[[[-6.205719,56.102729],[-6.133372,56.112616],[-6.269887,56.037543],[-6.205719,56.102729]]],[[[-5.797597,56.112616],[-5.687978,56.124091],[-5.962066,55.804755],[-6.062408,55.809475],[-6.075185,55.915961],[-5.797597,56.112616]]],[[[-5.688303,56.202053],[-5.673655,56.178941],[-5.749135,56.161078],[-5.688303,56.202053]]],[[[-5.633127,56.263495],[-5.61262,56.263495],[-5.637441,56.189276],[-5.633127,56.263495]]],[[[-5.633127,56.318752],[-5.584625,56.325588],[-5.598988,56.283922],[-5.633127,56.318752]]],[[[-5.557973,56.414293],[-5.502756,56.421129],[-5.557973,56.386461],[-5.557973,56.414293]]],[[[-6.160024,56.46955],[-6.263661,56.483222],[-6.229604,56.503323],[-6.160024,56.46955]]],[[[-6.818593,56.537828],[-6.729237,56.530341],[-6.881581,56.444281],[-6.989898,56.503648],[-6.818593,56.537828]]],[[[-5.688303,56.434801],[-5.808705,56.318915],[-6.366119,56.32217],[-6.020823,56.382025],[-6.203236,56.380316],[-6.016672,56.503648],[-6.338206,56.552069],[-6.151275,56.651801],[-5.688303,56.434801]]],[[[-6.459218,56.678127],[-6.616322,56.575181],[-6.674469,56.588446],[-6.459218,56.678127]]],[[[-7.393951,57.010199],[-7.445302,56.947089],[-7.475697,57.023017],[-7.393951,57.010199]]],[[[-6.325185,57.05858],[-6.276031,56.953111],[-6.455474,57.003974],[-6.325185,57.05858]]],[[[-6.606353,57.051744],[-6.537465,57.072821],[-6.489654,57.05858],[-6.606353,57.051744]]],[[[-5.958608,57.284491],[-6.007802,57.303616],[-5.955719,57.321601],[-5.958608,57.284491]]],[[[-7.243764,57.325507],[-7.353017,57.242906],[-7.259918,57.159817],[-7.346181,57.147935],[-7.215891,57.113837],[-7.353017,57.099555],[-7.428131,57.3876],[-7.243764,57.325507]]],[[[-7.26358,57.4831],[-7.205434,57.418606],[-7.407623,57.445624],[-7.26358,57.4831]]],[[[-6.064443,57.346584],[-5.993316,57.507025],[-5.989491,57.347317],[-6.064443,57.346584]]],[[[-5.968251,57.51789],[-5.975697,57.558824],[-5.975697,57.572333],[-5.968251,57.51789]]],[[[-7.129384,57.652899],[-7.065053,57.633979],[-7.215891,57.633979],[-7.1256,57.571112],[-7.312082,57.552069],[-7.157541,57.511054],[-7.54483,57.592963],[-7.129384,57.652899]]],[[[-6.564117,57.346584],[-6.783844,57.456448],[-6.606801,57.443915],[-6.640452,57.607327],[-6.310902,57.462633],[-6.415679,57.645819],[-6.310902,57.702826],[-6.153879,57.589545],[-6.153879,57.305609],[-5.647369,57.264635],[-6.006744,57.028388],[-5.845367,57.1883],[-6.318349,57.161038],[-6.482167,57.311835],[-6.323883,57.311428],[-6.530629,57.415473],[-6.564117,57.346584]]],[[[-7.222646,57.709662],[-7.161204,57.737006],[-7.170033,57.715155],[-7.222646,57.709662]]],[[[-8.621002,57.833197],[-8.569081,57.823676],[-8.568959,57.807563],[-8.621002,57.833197]]],[[[-7.044586,57.902086],[-7.079335,57.880316],[-7.03775,57.916327],[-7.044586,57.902086]]],[[[-6.87328,58.216783],[-6.882314,58.236274],[-6.818593,58.23725],[-6.87328,58.216783]]],[[[-6.955149,57.743842],[-7.125071,57.8369],[-6.839101,57.935614],[-7.112782,57.99022],[-6.934641,58.052314],[-7.058217,58.038642],[-7.112782,58.182034],[-6.907338,58.216783],[-6.859609,58.106879],[-6.869496,58.189439],[-6.709381,58.189439],[-6.818593,58.285102],[-6.223053,58.499213],[-6.16747,58.346503],[-6.366119,58.23725],[-6.160024,58.216783],[-6.619374,58.086412],[-6.352447,58.038642],[-6.544911,58.017524],[-6.455474,57.976549],[-6.537465,57.921332],[-6.660959,57.928778],[-6.709381,58.003892],[-6.59203,58.058539],[-6.688303,58.058539],[-6.764027,58.003892],[-6.660959,57.880316],[-6.787017,57.89883],[-6.741933,57.831488],[-6.955149,57.743842]]],[[[-2.952952,58.839993],[-2.883656,58.83218],[-2.939931,58.730699],[-3.035553,58.820054],[-2.952952,58.839993]]],[[[-3.248402,58.792182],[-3.131703,58.806464],[-3.299306,58.77912],[-3.433339,58.884955],[-3.246083,58.896186],[-3.172719,58.820054],[-3.248402,58.792182]]],[[[-2.727651,58.970893],[-2.823842,58.881537],[-3.366689,59.016099],[-3.323801,59.127427],[-3.182729,59.147162],[-2.994496,59.07331],[-3.116689,58.998196],[-2.727651,58.970893]]],[[[-2.541982,59.120551],[-2.686106,59.089179],[-2.617787,59.148424],[-2.541982,59.120551]]],[[[-3.004791,59.127997],[-3.120432,59.176581],[-2.952952,59.183173],[-3.004791,59.127997]]],[[[-2.830068,59.196845],[-2.761098,59.252102],[-2.734486,59.148424],[-2.830068,59.196845]]],[[[-2.446401,59.293036],[-2.588612,59.238674],[-2.59557,59.264838],[-2.446401,59.293036]]],[[[-3.049184,59.31977],[-2.960357,59.326565],[-2.878407,59.251939],[-3.049184,59.31977]]],[[[-1.651275,59.528957],[-1.582387,59.555121],[-1.610422,59.539496],[-1.651275,59.528957]]],[[[-0.784576,60.615139],[-0.870473,60.587836],[-0.938832,60.62873],[-0.784576,60.615139]]],[[[-1.097035,60.41649],[-1.034413,60.450629],[-1.172231,60.347602],[-1.089752,60.272528],[-1.21939,60.238349],[-1.123769,60.149604],[-1.274566,59.854193],[-1.375966,59.908637],[-1.26773,60.245185],[-1.411122,60.258857],[-1.349721,60.211086],[-1.455434,60.156195],[-1.690175,60.285142],[-1.260365,60.355048],[-1.609364,60.483344],[-1.384429,60.512112],[-1.480092,60.539374],[-1.301422,60.643052],[-1.370229,60.402167],[-1.217519,60.497992],[-1.151723,60.430813],[-1.220774,60.409125],[-1.097035,60.41649]]],[[[-0.987172,60.697699],[-1.062327,60.662909],[-1.023793,60.502997],[-1.153879,60.508368],[-1.113922,60.714748],[-0.987172,60.697699]]],[[[-0.904693,60.684027],[-0.938832,60.800116],[-0.77184,60.833401],[-0.904693,60.684027]]],[[[-6.298818,49.935492],[-6.284169,49.922756],[-6.297271,49.909613],[-6.298818,49.935492]]],[[[-6.333648,49.959703],[-6.332509,49.941718],[-6.348948,49.964342],[-6.333648,49.959703]]],[[[-4.665435,51.18358],[-4.670481,51.160102],[-4.676422,51.193101],[-4.665435,51.18358]]],[[[-13.690419,57.596259],[-13.691314,57.597154],[-13.687652,57.597154],[-13.690419,57.596259]]],[[[-1.315094,60.093736],[-1.333119,60.073676],[-1.338002,60.093451],[-1.315094,60.093736]]],[[[-2.053212,60.155504],[-2.062978,60.117987],[-2.110341,60.145331],[-2.053212,60.155504]]],[[[-1.062856,60.164049],[-1.083892,60.10517],[-1.097524,60.175727],[-1.062856,60.164049]]],[[[-0.918772,60.386176],[-0.975982,60.340318],[-1.006418,60.368964],[-0.918772,60.386176]]]]}},{"type":"Feature","properties":{"name":"Greece","ISO3166-1-Alpha-3":"GRC","ISO3166-1-Alpha-2":"GR"},"geometry":{"type":"MultiPolygon","coordinates":[[[[20.965262,40.849394],[21.581556,40.866292],[22.048194,41.151856],[22.704898,41.139661],[22.780966,41.334894],[23.612439,41.371016],[24.23328,41.561805],[24.510162,41.56165],[24.774436,41.348072],[24.886367,41.400627],[25.285722,41.239396],[26.120865,41.357787],[26.163136,41.529146],[26.048105,41.689084],[26.226182,41.749675],[26.595461,41.612448],[26.636389,41.399593],[26.320543,41.246217],[26.359093,40.964684],[26.081591,40.735551],[26.053966,40.830959],[25.138438,41.010077],[24.802013,40.853461],[24.505138,40.961615],[24.110118,40.727851],[23.7317,40.751858],[23.700206,40.673651],[23.914887,40.538886],[23.823009,40.506985],[23.868175,40.41352],[24.011404,40.449164],[24.393809,40.152493],[23.936534,40.36518],[23.730479,40.358954],[23.716319,40.255316],[23.991222,40.11872],[23.991222,39.953599],[23.675466,40.217922],[23.438487,40.279202],[23.363617,40.150458],[23.747895,39.930487],[23.360606,39.961086],[23.299083,40.235419],[22.888194,40.386298],[22.821625,40.502143],[22.983165,40.55268],[22.910492,40.644599],[22.579112,40.468207],[22.661143,40.369045],[22.5713,40.054267],[23.343761,39.179633],[23.052013,39.097724],[23.217133,39.179633],[22.935883,39.360582],[22.826182,39.221259],[22.963878,39.008979],[23.07309,39.036282],[22.525076,38.85814],[23.042003,38.746731],[23.104503,38.638414],[23.305919,38.652655],[23.334972,38.503607],[23.567231,38.501125],[24.080577,38.166002],[23.989024,38.122626],[24.087413,37.785224],[24.032725,37.651516],[23.574555,38.04678],[22.995128,37.882148],[23.182384,37.809149],[23.16863,37.614163],[23.336681,37.535468],[23.398692,37.637885],[23.395274,37.51496],[23.525645,37.439195],[23.16863,37.299506],[23.07309,37.355211],[23.132009,37.448635],[22.72641,37.566352],[23.114106,36.781317],[23.035655,36.649075],[23.196056,36.432522],[22.685557,36.809475],[22.48406,36.606635],[22.490977,36.390937],[22.153168,37.021186],[21.943126,36.993313],[21.970225,36.794989],[21.882579,36.726549],[21.707367,36.81802],[21.569672,37.116197],[21.674815,37.395982],[21.106212,37.878079],[21.325938,38.02143],[21.374278,38.220649],[21.622325,38.154771],[21.849457,38.341295],[22.867198,37.939521],[22.975352,37.97899],[22.875499,38.049302],[23.223399,38.159247],[22.805675,38.226955],[22.646495,38.38996],[22.562511,38.293524],[22.401622,38.453437],[22.382335,38.342678],[21.957856,38.411689],[21.517751,38.295803],[21.32252,38.496283],[21.336599,38.395697],[21.15561,38.3039],[20.988129,38.664008],[20.72934,38.80976],[20.769786,38.95897],[21.085216,38.864325],[21.177419,38.876044],[21.159923,38.997748],[20.8449,39.036933],[20.822439,39.114488],[20.743175,39.029486],[20.831798,38.96369],[20.735118,38.9501],[20.482432,39.28266],[20.236013,39.399359],[20.263927,39.508612],[20.133556,39.529731],[20.181814,39.624457],[19.999848,39.693508],[20.24603,39.662903],[20.280033,39.80398],[20.397028,39.818087],[20.297913,39.986914],[20.647556,40.09404],[20.770649,40.421978],[21.018799,40.558972],[20.965262,40.849394]]],[[[24.128429,34.855292],[24.135265,34.815009],[24.066905,34.858466],[24.128429,34.855292]]],[[[26.976085,35.431342],[26.958751,35.390326],[26.851899,35.376695],[26.976085,35.431342]]],[[[26.321137,35.315253],[26.277517,35.100043],[26.147227,35.002265],[25.019054,34.931627],[24.738536,34.931627],[24.742849,35.077216],[24.40211,35.191107],[23.51824,35.294135],[23.580333,35.575914],[23.718435,35.512844],[23.741547,35.686957],[23.817149,35.534817],[24.182953,35.585598],[24.071951,35.498358],[24.252452,35.479071],[24.340099,35.348334],[24.720958,35.427232],[25.453624,35.294135],[25.766368,35.335679],[25.712738,35.182847],[25.795258,35.115139],[26.321137,35.315253]]],[[[27.211925,35.520697],[27.136241,35.403998],[27.067882,35.588935],[27.220958,35.82925],[27.211925,35.520697]]],[[[23.278005,35.897447],[23.333263,35.829169],[23.280935,35.882473],[23.278005,35.897447]]],[[[23.011729,36.308295],[23.103852,36.237209],[22.990733,36.13703],[22.901622,36.338324],[23.011729,36.308295]]],[[[25.735606,36.38345],[25.855154,36.363593],[25.776866,36.353827],[25.735606,36.38345]]],[[[28.239757,36.432522],[28.08961,36.055121],[27.732677,35.915107],[27.684255,36.158149],[27.899669,36.340155],[28.239757,36.432522]]],[[[25.382091,36.479641],[25.465099,36.342434],[25.361664,36.356757],[25.436778,36.390937],[25.382091,36.479641]]],[[[27.396821,36.438666],[27.404307,36.38345],[27.309337,36.420152],[27.396821,36.438666]]],[[[26.362153,36.637885],[26.465994,36.582709],[26.300955,36.513251],[26.261485,36.587633],[26.362153,36.637885]]],[[[27.869884,36.589504],[27.805919,36.560126],[27.822276,36.623765],[27.869884,36.589504]]],[[[24.868175,36.665229],[24.937999,36.597724],[24.863455,36.63817],[24.868175,36.665229]]],[[[25.146251,36.719875],[25.182465,36.7119],[25.067393,36.637885],[25.146251,36.719875]]],[[[21.764171,36.753974],[21.777843,36.699368],[21.764171,36.719875],[21.764171,36.753974]]],[[[24.474376,36.747138],[24.546072,36.688788],[24.326996,36.650946],[24.354259,36.753974],[24.474376,36.747138]]],[[[24.642263,36.788764],[24.667735,36.763983],[24.608165,36.781317],[24.642263,36.788764]]],[[[25.27296,36.719875],[25.306977,36.794989],[25.409434,36.712388],[25.27296,36.719875]]],[[[21.695811,36.740383],[21.718435,36.796576],[21.720388,36.783515],[21.695811,36.740383]]],[[[24.608165,36.835924],[24.529552,36.803656],[24.573985,36.84276],[24.608165,36.835924]]],[[[25.423106,36.832506],[25.470958,36.870673],[25.478526,36.860012],[25.423106,36.832506]]],[[[27.280935,36.907904],[27.355805,36.863227],[26.917735,36.716132],[27.280935,36.907904]]],[[[25.608653,36.883734],[25.637462,36.903225],[25.684418,36.891181],[25.608653,36.883734]]],[[[26.00587,36.93891],[26.074718,36.893297],[25.739024,36.794989],[26.00587,36.93891]]],[[[25.081065,36.952623],[25.02589,37.00788],[25.087901,37.041978],[25.081065,36.952623]]],[[[24.704356,37.035142],[24.695811,36.923245],[24.644054,37.035631],[24.704356,37.035142]]],[[[26.911632,36.945787],[26.889822,37.089789],[27.044281,36.996243],[26.911632,36.945787]]],[[[25.807384,37.10342],[25.780528,37.123969],[25.82838,37.123969],[25.807384,37.10342]]],[[[25.279796,37.048814],[25.103363,37.012885],[25.23878,37.151842],[25.279796,37.048814]]],[[[25.526134,37.196234],[25.580821,37.017768],[25.44988,36.918443],[25.341807,37.082953],[25.526134,37.196234]]],[[[24.443696,37.178534],[24.518891,37.132066],[24.462087,37.13349],[24.443696,37.178534]]],[[[23.128429,37.288398],[23.164724,37.253811],[23.109141,37.264146],[23.128429,37.288398]]],[[[23.587169,37.370917],[23.5088,37.329901],[23.374278,37.30268],[23.587169,37.370917]]],[[[24.367931,37.411933],[24.436209,37.487006],[24.482677,37.412421],[24.367931,37.309516],[24.367931,37.411933]]],[[[25.395193,37.418158],[25.312673,37.488227],[25.462901,37.470038],[25.395193,37.418158]]],[[[24.94337,37.435492],[24.881847,37.363511],[24.895356,37.510443],[24.94337,37.435492]]],[[[23.477306,37.555894],[23.492035,37.53913],[23.481212,37.509589],[23.477306,37.555894]]],[[[25.091319,37.582587],[24.984874,37.67886],[25.259288,37.590033],[25.091319,37.582587]]],[[[24.374766,37.686265],[24.279959,37.595771],[24.320649,37.672593],[24.374766,37.686265]]],[[[26.362153,37.686265],[25.976329,37.516018],[26.074229,37.637885],[26.362153,37.686265]]],[[[23.546153,37.7744],[23.484141,37.67886],[23.42449,37.761786],[23.546153,37.7744]]],[[[27.047537,37.72724],[26.797374,37.64468],[26.580251,37.74079],[26.806407,37.814521],[27.047537,37.72724]]],[[[20.901378,37.792426],[20.996349,37.699286],[20.815115,37.651516],[20.619477,37.864407],[20.708995,37.925238],[20.901378,37.792426]]],[[[24.99171,37.768215],[24.95753,37.686265],[24.693614,37.965766],[24.953868,37.905992],[24.99171,37.768215]]],[[[23.408376,37.898586],[23.497732,37.966864],[23.429454,37.987942],[23.573497,37.952541],[23.408376,37.898586]]],[[[20.733572,38.062405],[20.509776,38.110785],[20.445323,38.27619],[20.345388,38.182115],[20.399913,38.364081],[20.529796,38.33747],[20.537771,38.473944],[20.797699,38.131293],[20.733572,38.062405]]],[[[20.715831,38.392035],[20.763682,38.323065],[20.619477,38.481391],[20.715831,38.392035]]],[[[20.941091,38.604234],[20.909353,38.562934],[20.893891,38.549018],[20.941091,38.604234]]],[[[26.163585,38.542792],[26.112071,38.222602],[25.889822,38.220649],[25.989024,38.379299],[25.848888,38.58039],[26.163585,38.542792]]],[[[25.588878,38.611721],[25.571544,38.541246],[25.526134,38.604234],[25.588878,38.611721]]],[[[20.58546,38.617906],[20.68629,38.850084],[20.715994,38.627021],[20.58546,38.617906]]],[[[24.676524,38.80976],[24.566661,38.762519],[24.461111,38.967678],[24.676524,38.80976]]],[[[24.587657,38.159247],[24.566661,37.987942],[24.371755,37.97191],[24.042247,38.401516],[23.649181,38.405666],[23.614106,38.557929],[23.202322,38.829901],[22.833751,38.845404],[23.299083,39.042467],[23.594005,38.770209],[24.15561,38.652655],[24.252452,38.227973],[24.587657,38.159247]]],[[[23.43629,39.146145],[23.423513,39.172431],[23.503754,39.194281],[23.43629,39.146145]]],[[[23.669688,39.11815],[23.587169,39.207587],[23.792654,39.124416],[23.669688,39.11815]]],[[[20.140391,39.241685],[20.190115,39.202623],[20.158702,39.189154],[20.140391,39.241685]]],[[[23.936534,39.221259],[23.833507,39.146145],[23.957042,39.289496],[23.936534,39.221259]]],[[[26.612315,39.049262],[26.489268,39.113674],[26.54713,38.98786],[26.165701,39.022406],[26.087901,39.083441],[26.28004,39.196438],[26.063975,39.090888],[25.842052,39.228013],[26.362153,39.378852],[26.612315,39.049262]]],[[[25.012218,39.56387],[24.99171,39.466986],[24.997895,39.550198],[25.012218,39.56387]]],[[[20.092052,39.433539],[20.105724,39.364651],[19.911794,39.430325],[19.626475,39.748236],[19.948009,39.790351],[19.844981,39.652655],[19.936534,39.472968],[20.092052,39.433539]]],[[[25.44988,40.0362],[25.348969,39.787665],[25.250662,39.918524],[25.214529,39.803412],[25.047048,39.837592],[25.033376,39.995266],[25.285167,39.953355],[25.44988,40.0362]]],[[[25.690684,40.447699],[25.532563,40.415025],[25.546641,40.515326],[25.690684,40.447699]]],[[[24.786388,40.735053],[24.780121,40.612209],[24.516775,40.639106],[24.642263,40.803941],[24.786388,40.735053]]],[[[23.884288,36.843573],[23.889008,36.834296],[23.876964,36.836493],[23.884288,36.843573]]],[[[23.459646,36.921373],[23.463878,36.903998],[23.452485,36.916449],[23.459646,36.921373]]],[[[27.565684,36.24494],[27.610118,36.216498],[27.531505,36.211737],[27.565684,36.24494]]],[[[27.185802,36.615668],[27.198009,36.568305],[27.129731,36.569525],[27.185802,36.615668]]],[[[26.871837,37.134101],[26.843028,37.125149],[26.800304,37.199286],[26.871837,37.134101]]],[[[26.598806,37.355414],[26.558442,37.329739],[26.533865,37.325141],[26.598806,37.355414]]],[[[24.739431,37.613837],[24.672374,37.600491],[24.703868,37.624701],[24.739431,37.613837]]],[[[20.94516,38.652493],[20.914561,38.612616],[20.870616,38.582506],[20.94516,38.652493]]],[[[20.800955,38.665269],[20.773285,38.618476],[20.74643,38.663479],[20.800955,38.665269]]],[[[24.081309,39.352362],[24.053722,39.305243],[24.044932,39.341498],[24.081309,39.352362]]]]}},{"type":"Feature","properties":{"name":"Austria","ISO3166-1-Alpha-3":"AUT","ISO3166-1-Alpha-2":"AT"},"geometry":{"type":"Polygon","coordinates":[[[16.945043,48.604166],[16.84448,48.365602],[17.148338,48.005443],[17.004057,47.863281],[17.075371,47.708484],[16.567805,47.754192],[16.407815,47.66133],[16.689141,47.53803],[16.433963,47.39685],[16.486363,46.998554],[16.274903,47.004315],[15.981691,46.827685],[16.016723,46.670691],[15.061954,46.649557],[14.540332,46.378643],[12.40501,46.690123],[12.126887,46.908869],[12.180631,47.085215],[11.174491,46.963853],[10.99693,46.76911],[10.486264,46.846366],[10.373403,46.996254],[10.1113,46.847116],[9.581203,47.05687],[9.521155,47.262801],[9.649519,47.409717],[9.547482,47.534547],[9.782121,47.588414],[10.022623,47.487955],[10.082878,47.359074],[10.209278,47.372484],[10.159876,47.271121],[10.428283,47.396049],[10.429213,47.57702],[11.237019,47.393956],[11.620458,47.589654],[12.173603,47.60508],[12.242229,47.732023],[12.49658,47.628903],[12.761991,47.666859],[12.77894,47.554825],[13.001873,47.466019],[13.072049,47.659469],[12.892009,47.723548],[12.991227,47.847106],[12.745041,48.12063],[13.405569,48.376583],[13.454558,48.573445],[13.716506,48.521691],[13.815725,48.76643],[14.07483,48.591712],[14.675621,48.576235],[14.800367,48.776507],[14.939584,48.762813],[14.982062,49.007914],[16.085354,48.742866],[16.519539,48.805601],[16.873006,48.718991],[16.945043,48.604166]]]}},{"type":"Feature","properties":{"name":"Italy","ISO3166-1-Alpha-3":"ITA","ISO3166-1-Alpha-2":"IT"},"geometry":{"type":"MultiPolygon","coordinates":[[[[7.022083,45.92526],[7.843738,45.919214],[8.110595,46.126953],[8.087341,46.271802],[8.399156,46.452179],[8.43812,46.23537],[8.80895,46.089746],[8.767919,45.983086],[9.002427,45.820718],[9.002117,46.03931],[9.224842,46.231184],[9.282306,46.49737],[9.434648,46.498326],[9.536451,46.298622],[9.918443,46.37115],[10.075746,46.220022],[10.140755,46.402905],[10.032752,46.532975],[10.192122,46.626819],[10.443993,46.537729],[10.369165,46.672398],[10.453811,46.864427],[10.99693,46.76911],[11.174491,46.963853],[12.180631,47.085215],[12.126887,46.908869],[12.40501,46.690123],[13.700951,46.519746],[13.365261,46.290302],[13.637389,46.180386],[13.461793,46.006392],[13.605867,45.985411],[13.565973,45.83033],[13.778724,45.743411],[13.847764,45.584661],[13.711762,45.593207],[13.808116,45.614325],[13.574229,45.789618],[13.401703,45.675442],[13.119314,45.771959],[13.084972,45.641913],[12.423676,45.438056],[12.581716,45.552883],[12.396739,45.539252],[12.15447,45.313463],[12.307302,45.230699],[12.368826,45.010972],[12.533865,44.970038],[12.416189,44.80329],[12.266368,44.826646],[12.368826,44.250678],[12.69158,43.990627],[13.615571,43.560492],[14.075369,42.598822],[14.740733,42.084621],[15.165375,41.927802],[16.140473,41.919908],[16.184337,41.779608],[15.900076,41.614651],[15.961111,41.459459],[18.007009,40.650702],[18.516124,40.139228],[18.389171,39.817084],[18.071544,39.911526],[17.863129,40.285631],[17.200206,40.420396],[17.323253,40.498481],[16.976085,40.492621],[16.604747,40.084459],[16.631602,39.966213],[16.489757,39.775214],[16.545909,39.660875],[17.158702,39.406195],[17.172374,38.960517],[16.585623,38.797838],[16.569591,38.429511],[16.169444,38.143215],[16.077159,37.939887],[15.684418,37.953518],[15.632823,38.220282],[15.812836,38.300605],[15.917817,38.516791],[15.836599,38.648993],[16.152599,38.730902],[16.22169,38.856594],[15.624278,40.077786],[15.261241,40.029364],[14.911143,40.241645],[14.998267,40.397559],[14.781993,40.669867],[14.342621,40.570624],[14.474132,40.729682],[14.2942,40.838772],[14.047697,40.789589],[13.721853,41.252387],[13.044607,41.227525],[12.239024,41.736274],[12.020356,41.993069],[11.827485,42.034166],[11.658214,42.279364],[11.376638,42.406887],[11.106619,42.391262],[11.158458,42.564032],[10.731293,42.804429],[10.76352,42.91828],[10.499522,42.940497],[10.528168,43.246772],[10.090587,44.025377],[8.76238,44.432115],[8.466075,44.304267],[8.067719,43.896674],[7.502289,43.792222],[7.689949,44.067337],[7.655636,44.176064],[7.340616,44.123664],[6.973403,44.249445],[6.835737,44.534027],[7.055155,44.684871],[7.004926,44.827963],[6.745407,44.907803],[6.602728,45.10345],[7.108382,45.259202],[7.160679,45.410924],[6.781994,45.777465],[7.022083,45.92526]],[[12.42945,43.892056],[12.48216,43.927919],[12.453325,43.979053],[12.42945,43.892056]],[[12.453137,41.902752],[12.453983,41.903862],[12.452767,41.903439],[12.453137,41.902752]]],[[[11.999522,36.835924],[12.03061,36.74136],[11.924978,36.811957],[11.999522,36.835924]]],[[[12.273204,37.939521],[12.3213,37.940497],[12.342133,37.913235],[12.273204,37.939521]]],[[[15.528656,38.302639],[15.651622,38.275295],[15.091563,37.477484],[15.332367,37.011623],[15.158376,36.924221],[15.093923,36.654934],[14.487315,36.793362],[14.278819,37.044013],[13.715831,37.171373],[13.174083,37.487006],[12.659353,37.565131],[12.427013,37.797024],[12.492931,38.02143],[12.731781,38.192776],[12.901134,38.028062],[13.318126,38.220649],[13.391368,38.103176],[13.790782,37.973619],[14.511729,38.044379],[14.907074,38.18769],[15.087901,38.128241],[15.237153,38.264797],[15.528656,38.302639]]],[[[14.966319,38.432929],[15.00172,38.391262],[14.963552,38.381659],[14.966319,38.432929]]],[[[14.907725,38.473944],[14.966075,38.516262],[14.957856,38.46955],[14.907725,38.473944]]],[[[14.863292,38.549018],[14.793793,38.571601],[14.866954,38.581122],[14.863292,38.549018]]],[[[8.455903,39.073554],[8.409841,38.961819],[8.346039,39.097724],[8.455903,39.073554]]],[[[8.305837,39.193305],[8.29005,39.098822],[8.232677,39.14411],[8.305837,39.193305]]],[[[13.944672,40.701606],[13.859711,40.70775],[13.883149,40.762397],[13.944672,40.701606]]],[[[8.27475,41.057278],[8.209646,40.995795],[8.326182,41.126125],[8.27475,41.057278]]],[[[9.792247,40.556952],[9.62615,40.263088],[9.73227,40.08393],[9.566417,39.149237],[9.013927,39.263902],[9.025727,38.995307],[8.640961,38.864325],[8.372813,39.222073],[8.444021,39.757025],[8.565766,39.701077],[8.555186,39.852688],[8.394542,39.912665],[8.377208,40.033759],[8.490001,40.104478],[8.379893,40.468695],[8.291515,40.595364],[8.147309,40.593207],[8.193044,40.963772],[8.520518,40.826972],[9.230642,41.262641],[9.442882,41.091986],[9.559581,41.126125],[9.511892,41.016262],[9.662608,41.002631],[9.504242,40.926907],[9.723969,40.844916],[9.657888,40.799872],[9.792247,40.556952]]],[[[10.895844,42.386705],[10.939764,42.33066],[10.861827,42.366278],[10.895844,42.386705]]],[[[10.44337,42.845445],[10.415538,42.708889],[10.106781,42.757392],[10.44337,42.845445]]],[[[9.840099,43.065172],[9.847504,43.05858],[9.801498,43.007805],[9.840099,43.065172]]],[[[12.352061,45.405463],[12.430919,45.415676],[12.321462,45.348009],[12.352061,45.405463]]],[[[12.859874,35.872219],[12.87672,35.855862],[12.850922,35.855902],[12.859874,35.872219]]],[[[14.346446,38.535142],[14.342784,38.547268],[14.357188,38.551215],[14.346446,38.535142]]],[[[14.57602,38.576646],[14.58546,38.55744],[14.543712,38.57453],[14.57602,38.576646]]],[[[13.169281,38.717271],[13.197439,38.708319],[13.153494,38.69477],[13.169281,38.717271]]],[[[15.227794,38.810289],[15.229666,38.783026],[15.187022,38.792711],[15.227794,38.810289]]],[[[13.418956,40.7956],[13.424164,40.800238],[13.426931,40.790839],[13.418956,40.7956]]],[[[12.621755,35.509752],[12.603038,35.4914],[12.533865,35.521633],[12.621755,35.509752]]],[[[12.072276,37.967922],[12.064789,37.950832],[12.030447,37.984361],[12.072276,37.967922]]],[[[9.474783,41.23607],[9.474864,41.179267],[9.437022,41.18594],[9.474783,41.23607]]],[[[9.430919,41.224799],[9.373057,41.229885],[9.40797,41.258124],[9.430919,41.224799]]],[[[10.297048,42.344875],[10.306407,42.351549],[10.313243,42.32392],[10.297048,42.344875]]],[[[10.091645,42.595771],[10.085785,42.572455],[10.062755,42.592027],[10.091645,42.595771]]],[[[12.329845,45.458808],[12.36378,45.449652],[12.33725,45.427395],[12.329845,45.458808]]]]}},{"type":"Feature","properties":{"name":"Switzerland","ISO3166-1-Alpha-3":"CHE","ISO3166-1-Alpha-2":"CH"},"geometry":{"type":"Polygon","coordinates":[[[10.453811,46.864427],[10.369165,46.672398],[10.443993,46.537729],[10.192122,46.626819],[10.032752,46.532975],[10.140755,46.402905],[10.117914,46.231133],[9.918443,46.37115],[9.536451,46.298622],[9.434648,46.498326],[9.263186,46.485122],[9.224842,46.231184],[9.002117,46.03931],[9.002427,45.820718],[8.767919,45.983086],[8.80895,46.089746],[8.43812,46.23537],[8.399156,46.452179],[8.087341,46.271802],[8.110595,46.126953],[7.831232,45.91446],[7.541121,45.984119],[7.066938,45.890223],[6.774346,46.134808],[6.787058,46.414171],[6.613684,46.455899],[6.301558,46.394482],[6.214122,46.315469],[6.281198,46.240073],[5.95884,46.130467],[6.1364,46.359342],[6.054235,46.419416],[6.118417,46.583463],[6.429199,46.760816],[6.442635,46.944164],[7.036552,47.329515],[6.86664,47.354165],[6.9733,47.489092],[7.23809,47.416797],[7.637032,47.594977],[8.560697,47.589396],[8.607309,47.656291],[8.391301,47.665464],[8.558216,47.801166],[8.881711,47.656136],[9.273211,47.65009],[9.650346,47.452092],[9.477023,47.063898],[9.857982,47.015478],[10.1113,46.847116],[10.378984,46.995505],[10.453811,46.864427]]]}},{"type":"Feature","properties":{"name":"Netherlands","ISO3166-1-Alpha-3":"NLD","ISO3166-1-Alpha-2":"NL"},"geometry":{"type":"MultiPolygon","coordinates":[[[[7.194591,53.245022],[7.036655,52.647382],[6.737035,52.634695],[6.671716,52.541678],[7.048231,52.365074],[7.02632,52.230637],[6.672957,52.050054],[6.810726,51.960576],[5.931451,51.81565],[6.205337,51.458436],[6.056612,51.211707],[6.147252,51.152254],[5.85249,51.042751],[6.063743,50.90754],[5.99491,50.749927],[5.624493,50.830284],[5.829132,51.156465],[5.493235,51.286535],[5.215423,51.258733],[5.027527,51.476807],[4.910325,51.391903],[4.762117,51.413375],[4.778654,51.495359],[4.630136,51.418206],[4.483064,51.474327],[4.377128,51.442882],[4.392217,51.350407],[3.99879,51.453111],[3.827159,51.391059],[3.45102,51.529731],[3.851085,51.610785],[4.283214,51.447699],[3.988129,51.590277],[4.207286,51.590277],[4.112966,51.63939],[4.176931,51.685858],[3.862315,51.816067],[4.077647,51.843573],[4.015636,51.987698],[4.508149,52.336371],[4.745453,52.967597],[5.078136,52.954006],[5.591563,53.302802],[5.980805,53.406073],[6.829112,53.450588],[7.194591,53.245022]]],[[[3.349415,51.375223],[4.221491,51.368001],[3.808687,51.205325],[3.391658,51.24677],[3.349415,51.375223]]],[[[-68.211537,12.228095],[-68.254221,12.023627],[-68.417388,12.257025],[-68.211537,12.228095]]],[[[-62.997141,17.525621],[-62.965257,17.498916],[-62.958723,17.464571],[-62.997141,17.525621]]],[[[4.036632,51.685858],[4.099376,51.65412],[3.686697,51.692694],[4.036632,51.685858]]],[[[4.892589,53.111029],[4.707693,53.028469],[4.85434,53.18773],[4.892589,53.111029]]],[[[4.878917,53.220893],[5.104828,53.309638],[5.036469,53.291815],[4.878917,53.220893]]],[[[5.423595,53.430365],[5.585297,53.453599],[5.167654,53.368232],[5.423595,53.430365]]],[[[5.674001,53.467922],[5.855642,53.447414],[5.653575,53.433743],[5.674001,53.467922]]],[[[6.211762,53.508857],[6.338715,53.502021],[6.127452,53.459906],[6.211762,53.508857]]],[[[6.441173,53.556627],[6.505626,53.543769],[6.49643,53.5362],[6.441173,53.556627]]],[[[-63.238433,17.646918],[-63.223704,17.629218],[-63.238393,17.614691],[-63.238433,17.646918]]]]}},{"type":"Feature","properties":{"name":"Liechtenstein","ISO3166-1-Alpha-3":"LIE","ISO3166-1-Alpha-2":"LI"},"geometry":{"type":"Polygon","coordinates":[[[9.521155,47.262801],[9.581203,47.05687],[9.477023,47.063898],[9.521155,47.262801]]]}},{"type":"Feature","properties":{"name":"Republic of Serbia","ISO3166-1-Alpha-3":"SRB","ISO3166-1-Alpha-2":"RS"},"geometry":{"type":"Polygon","coordinates":[[[20.242826,46.108091],[20.785739,45.752557],[20.767135,45.479344],[21.493292,45.145101],[21.351389,44.998236],[21.536287,44.889302],[21.355523,44.856591],[21.395934,44.790239],[21.994347,44.658567],[22.126639,44.502659],[22.426052,44.733653],[22.765153,44.58281],[22.484136,44.499766],[22.69164,44.228435],[22.592967,44.063926],[22.399594,43.993336],[22.349467,43.807921],[22.518863,43.474247],[22.984571,43.174627],[22.727015,42.886892],[22.427395,42.813615],[22.425328,42.572855],[22.536536,42.47839],[22.423985,42.325893],[21.575044,42.242022],[21.51603,42.341939],[21.764387,42.669619],[21.378674,42.744136],[21.40844,42.846998],[20.819432,43.257412],[20.604044,43.197959],[20.643835,43.052257],[20.345352,42.827439],[20.337084,42.906969],[19.598111,43.176203],[19.175914,43.480887],[19.252706,43.588633],[19.48959,43.564448],[19.507367,43.647182],[19.243507,44.002018],[19.618885,44.035711],[19.116693,44.343703],[19.129922,44.518317],[19.376626,44.862999],[19.015821,44.865635],[19.131679,44.953175],[19.044863,45.137246],[19.407838,45.203133],[18.977491,45.371209],[19.106255,45.511642],[18.90358,45.573085],[18.968485,45.668738],[18.855314,45.857357],[19.549948,46.16416],[20.242826,46.108091]]]}},{"type":"Feature","properties":{"name":"Croatia","ISO3166-1-Alpha-3":"HRV","ISO3166-1-Alpha-2":"HR"},"geometry":{"type":"MultiPolygon","coordinates":[[[[16.515302,46.501711],[16.837659,46.381873],[17.290138,45.984636],[17.858062,45.771729],[18.404385,45.741809],[18.655636,45.907587],[18.901306,45.931203],[18.844978,45.815706],[18.968485,45.668738],[18.90358,45.573085],[19.106255,45.511642],[18.977491,45.371209],[19.407838,45.203133],[19.121861,45.195795],[19.044863,45.137246],[19.131679,44.953175],[18.889627,44.86119],[18.684058,45.084794],[18.237884,45.157451],[17.835738,45.064434],[17.684739,45.163963],[17.187095,45.148563],[16.924372,45.284524],[16.811718,45.181223],[16.528944,45.222254],[16.316244,45.001234],[16.020448,45.213934],[15.792348,45.189801],[15.728476,44.769103],[16.028303,44.624719],[16.326889,44.082375],[17.270501,43.463214],[17.289931,43.30343],[17.63451,42.950403],[16.880626,43.405951],[16.433849,43.54975],[15.959483,43.503974],[15.95045,43.688544],[15.706309,43.763414],[15.144542,44.195461],[15.140636,44.282457],[15.295258,44.250678],[15.261241,44.332587],[15.528656,44.271796],[15.007335,44.569729],[14.8838,44.723619],[14.852794,45.093655],[14.570811,45.293647],[14.311534,45.34398],[14.151378,44.977484],[14.040294,45.038967],[14.000011,44.813056],[13.903168,44.772406],[13.62322,45.073065],[13.726248,45.134508],[13.595958,45.145413],[13.507091,45.511908],[13.889002,45.423637],[13.971891,45.514226],[14.372797,45.477845],[14.580949,45.667808],[14.797164,45.465185],[15.325193,45.452834],[15.268556,45.601662],[15.373769,45.640213],[15.255017,45.723463],[15.676076,45.841699],[15.639799,46.207672],[16.275626,46.373165],[16.234905,46.493339],[16.344149,46.546979],[16.515302,46.501711]]],[[[18.437355,42.559212],[18.49643,42.416327],[17.892833,42.790839],[17.001638,43.0515],[17.741466,42.83926],[17.653331,42.890937],[17.81176,42.909863],[18.437355,42.559212]]],[[[16.858165,42.784003],[16.882172,42.736396],[16.822276,42.755113],[16.858165,42.784003]]],[[[17.658946,42.742987],[17.748871,42.694566],[17.323741,42.790839],[17.658946,42.742987]]],[[[17.131847,42.96955],[17.200206,42.92178],[16.631684,42.982611],[17.131847,42.96955]]],[[[16.241222,43.071967],[16.121349,43.013373],[16.057302,43.070217],[16.241222,43.071967]]],[[[16.693126,43.127265],[16.371593,43.195502],[17.19337,43.127265],[16.693126,43.127265]]],[[[16.500743,43.284247],[16.42628,43.39411],[16.892345,43.312201],[16.500743,43.284247]]],[[[16.391449,43.346381],[16.206391,43.391791],[16.220063,43.415229],[16.391449,43.346381]]],[[[15.678884,43.648017],[15.663097,43.645697],[15.615489,43.676988],[15.678884,43.648017]]],[[[15.261241,43.867092],[15.395681,43.772406],[15.261241,43.839789],[15.261241,43.867092]]],[[[15.302745,43.966376],[15.391612,43.942206],[15.407074,43.896145],[15.302745,43.966376]]],[[[15.254405,44.01789],[15.201427,44.054999],[15.070811,44.137641],[15.254405,44.01789]]],[[[14.842784,44.148261],[14.86378,44.148139],[14.819835,44.153022],[14.842784,44.148261]]],[[[15.144542,43.949652],[15.194509,43.872626],[14.84962,44.175605],[15.144542,43.949652]]],[[[14.876964,44.55976],[14.733653,44.703192],[15.254405,44.340033],[15.128754,44.311998],[14.876964,44.55976]]],[[[14.445567,44.565985],[14.534353,44.484076],[14.363048,44.573432],[14.335785,44.716783],[14.445567,44.565985]]],[[[14.740489,44.778266],[14.685802,44.847154],[14.85906,44.717353],[14.740489,44.778266]]],[[[14.513927,44.662177],[14.427908,44.656562],[14.2942,44.908637],[14.411388,44.956366],[14.31365,45.172431],[14.473481,44.971422],[14.513927,44.662177]]],[[[14.723399,44.943345],[14.425059,45.087348],[14.548839,45.248725],[14.814952,44.977484],[14.723399,44.943345]]],[[[16.310313,43.507758],[16.375255,43.49018],[16.211436,43.490058],[16.310313,43.507758]]],[[[14.759776,44.29206],[14.775401,44.266588],[14.738129,44.272121],[14.759776,44.29206]]],[[[14.613455,44.340806],[14.661388,44.308661],[14.640798,44.311835],[14.613455,44.340806]]],[[[14.797862,44.377672],[14.756196,44.364],[14.782888,44.418931],[14.797862,44.377672]]],[[[14.244151,44.661444],[14.257335,44.656724],[14.271169,44.612535],[14.244151,44.661444]]]]}},{"type":"Feature","properties":{"name":"Slovenia","ISO3166-1-Alpha-3":"SVN","ISO3166-1-Alpha-2":"SI"},"geometry":{"type":"Polygon","coordinates":[[[13.64292,45.45943],[13.568614,45.539252],[13.894686,45.631841],[13.581269,45.809246],[13.605867,45.985411],[13.461793,46.006392],[13.637389,46.180386],[13.365261,46.290302],[13.700951,46.519746],[14.540332,46.378643],[15.061954,46.649557],[16.016723,46.670691],[15.971976,46.820632],[16.094035,46.862774],[16.325339,46.839442],[16.500832,46.544809],[16.263947,46.515922],[16.275626,46.373165],[15.639799,46.207672],[15.676076,45.841699],[15.255017,45.723463],[15.373769,45.640213],[15.268556,45.601662],[15.325193,45.452834],[14.797164,45.465185],[14.580949,45.667808],[14.372797,45.477845],[13.64292,45.45943]]]}},{"type":"Feature","properties":{"name":"Bulgaria","ISO3166-1-Alpha-3":"BGR","ISO3166-1-Alpha-2":"BG"},"geometry":{"type":"Polygon","coordinates":[[[26.333359,41.713036],[26.053686,41.701513],[26.175642,41.431891],[25.882017,41.304043],[25.23911,41.240895],[24.886367,41.400627],[24.774436,41.348072],[24.510162,41.56165],[22.916978,41.335773],[23.008859,41.739934],[22.838223,42.019478],[22.345023,42.313439],[22.533125,42.45759],[22.425328,42.572855],[22.427395,42.813615],[22.727015,42.886892],[22.981367,43.198992],[22.518863,43.474247],[22.349467,43.807921],[22.399594,43.993336],[22.592967,44.063926],[22.69164,44.228435],[23.030976,44.093072],[22.885869,43.994525],[22.888763,43.839522],[23.484695,43.880604],[25.403131,43.65005],[25.781144,43.732009],[26.150734,44.012405],[27.027476,44.177046],[27.383837,44.015092],[27.912074,43.993336],[27.98101,43.84934],[28.221254,43.761981],[28.57838,43.741278],[28.560313,43.453843],[28.473155,43.366848],[28.118826,43.391547],[27.903982,43.202338],[27.892263,42.710517],[27.732677,42.714504],[27.650157,42.558051],[27.452891,42.480129],[27.719005,42.4147],[28.016775,41.972561],[27.546411,41.901164],[27.273353,42.091747],[27.046545,42.082936],[26.605693,41.967414],[26.333359,41.713036]]]}},{"type":"Feature","properties":{"name":"San Marino","ISO3166-1-Alpha-3":"SMR","ISO3166-1-Alpha-2":"SM"},"geometry":{"type":"Polygon","coordinates":[[[12.42945,43.892056],[12.453325,43.979053],[12.48216,43.927919],[12.42945,43.892056]]]}},{"type":"Feature","properties":{"name":"Monaco","ISO3166-1-Alpha-3":"MCO","ISO3166-1-Alpha-2":"MC"},"geometry":{"type":"Polygon","coordinates":[[[7.437454,43.743361],[7.404319,43.717969],[7.372655,43.745832],[7.437454,43.743361]]]}},{"type":"Feature","properties":{"name":"Andorra","ISO3166-1-Alpha-3":"AND","ISO3166-1-Alpha-2":"AD"},"geometry":{"type":"Polygon","coordinates":[[[1.707006,42.502781],[1.508466,42.428677],[1.406456,42.52924],[1.543089,42.649362],[1.721993,42.609855],[1.707006,42.502781]]]}},{"type":"Feature","properties":{"name":"Montenegro","ISO3166-1-Alpha-3":"MNE","ISO3166-1-Alpha-2":"ME"},"geometry":{"type":"Polygon","coordinates":[[[18.49643,42.416327],[18.437355,42.559212],[18.550009,42.668069],[18.433531,42.954201],[18.638996,43.020243],[18.664318,43.233176],[18.821207,43.341387],[19.069668,43.30883],[18.905647,43.490628],[18.977477,43.546232],[19.195345,43.532796],[19.598111,43.176203],[20.35362,42.890975],[20.183398,42.742508],[20.026508,42.743206],[20.10392,42.653108],[19.981757,42.510765],[19.801406,42.468132],[19.722134,42.64608],[19.621779,42.604997],[19.274926,42.191276],[19.372491,42.104253],[19.365082,41.852362],[19.170258,41.937974],[18.885997,42.284369],[18.545177,42.42357],[18.70045,42.392971],[18.687348,42.482896],[18.49643,42.416327]]]}},{"type":"Feature","properties":{"name":"Bosnia and Herzegovina","ISO3166-1-Alpha-3":"BIH","ISO3166-1-Alpha-2":"BA"},"geometry":{"type":"Polygon","coordinates":[[[17.653331,42.890937],[17.556488,42.93476],[17.662725,42.965699],[17.628412,43.046573],[17.289931,43.30343],[17.270501,43.463214],[16.326889,44.082375],[16.028303,44.624719],[15.728476,44.769103],[15.792348,45.189801],[16.020448,45.213934],[16.316244,45.001234],[16.528944,45.222254],[16.811718,45.181223],[16.924372,45.284524],[17.187095,45.148563],[17.684739,45.163963],[17.835738,45.064434],[18.237884,45.157451],[18.678167,45.087378],[18.889627,44.86119],[19.368667,44.887132],[19.107185,44.382718],[19.611443,44.054521],[19.229348,43.95768],[19.461685,43.762136],[19.48959,43.564448],[18.911021,43.507268],[19.069668,43.30883],[18.821207,43.341387],[18.664318,43.233176],[18.638996,43.020243],[18.452754,42.993398],[18.550009,42.668069],[18.492132,42.564767],[17.995315,42.740441],[17.81176,42.909863],[17.653331,42.890937]]]}},{"type":"Feature","properties":{"name":"Portugal","ISO3166-1-Alpha-3":"PRT","ISO3166-1-Alpha-2":"PT"},"geometry":{"type":"MultiPolygon","coordinates":[[[[-7.104859,38.827192],[-7.27043,38.737507],[-7.35921,38.446362],[-7.103515,38.173588],[-6.947504,38.196636],[-7.023985,38.022564],[-7.272704,37.977011],[-7.529691,37.567165],[-7.407623,37.164862],[-7.819569,36.998725],[-8.580149,37.123969],[-8.997874,37.02147],[-8.752187,37.73078],[-8.894846,37.952541],[-8.795071,38.359227],[-8.942616,38.481391],[-8.606801,38.418687],[-8.773346,38.565334],[-8.788401,38.481391],[-9.230621,38.418687],[-9.252675,38.665484],[-8.942616,38.77558],[-9.011545,38.913398],[-8.765126,39.097724],[-8.935862,39.040717],[-9.112503,38.714182],[-9.471669,38.70246],[-9.497467,38.80976],[-9.35086,39.197309],[-9.409291,39.37519],[-9.2176,39.406195],[-9.090434,39.579275],[-8.868153,40.124823],[-8.784983,40.11872],[-8.908437,40.20067],[-8.753,40.640815],[-8.572662,40.755561],[-8.668446,40.747463],[-8.655263,40.844916],[-8.750803,40.653144],[-8.648346,41.152777],[-8.830511,41.671586],[-8.696156,41.721991],[-8.880306,41.736862],[-8.867502,41.859117],[-8.626885,42.051026],[-8.222362,42.15363],[-8.095083,42.040923],[-8.231715,41.886049],[-8.093481,41.806726],[-7.906102,41.913851],[-7.442719,41.805951],[-7.159739,41.985733],[-6.609488,41.962324],[-6.541534,41.658905],[-6.205947,41.57028],[-6.942491,41.015999],[-6.816194,40.856835],[-6.794438,40.356401],[-7.043105,40.181373],[-6.879705,40.009187],[-7.021143,39.694012],[-7.557286,39.679801],[-7.313528,39.457438],[-7.244127,39.195645],[-6.985693,39.066764],[-7.104859,38.827192]]],[[[-16.48705,32.491685],[-16.536773,32.55801],[-16.525258,32.567206],[-16.48705,32.491685]]],[[[-16.788686,32.686672],[-16.976796,32.647203],[-17.252105,32.814521],[-17.184885,32.874172],[-16.672678,32.758612],[-16.788686,32.686672]]],[[[-16.339955,33.057196],[-16.38801,33.047349],[-16.295888,33.101264],[-16.339955,33.057196]]],[[[-7.955719,36.980536],[-7.857818,36.997463],[-7.860097,36.980536],[-7.955719,36.980536]]],[[[-25.066803,37.02147],[-25.027089,36.934312],[-25.20165,36.990424],[-25.066803,37.02147]]],[[[-25.197825,37.864407],[-25.15685,37.754543],[-25.505686,37.706732],[-25.859486,37.853909],[-25.197825,37.864407]]],[[[-28.109486,38.446601],[-28.040598,38.409084],[-28.459543,38.405666],[-28.548899,38.528551],[-28.109486,38.446601]]],[[[-28.609731,38.597398],[-28.72704,38.514879],[-28.842397,38.599433],[-28.609731,38.597398]]],[[[-27.890981,38.604234],[-27.76061,38.549018],[-28.315541,38.755072],[-27.890981,38.604234]]],[[[-27.020131,38.693671],[-27.228383,38.641099],[-27.391713,38.758857],[-27.144276,38.796088],[-27.020131,38.693671]]],[[[-27.983469,39.015123],[-28.071523,39.067613],[-28.007069,39.10456],[-27.983469,39.015123]]],[[[-31.207916,39.508612],[-31.131581,39.423],[-31.25475,39.3581],[-31.207916,39.508612]]],[[[-31.117299,39.728339],[-31.099965,39.664008],[-31.152699,39.701077],[-31.117299,39.728339]]],[[[-16.027984,30.033596],[-16.023101,30.032294],[-16.02302,30.029242],[-16.027984,30.033596]]],[[[-15.86441,30.152533],[-15.859771,30.133287],[-15.874745,30.137926],[-15.86441,30.152533]]],[[[-9.041127,38.867621],[-9.041412,38.849189],[-9.071401,38.837592],[-9.041127,38.867621]]]]}},{"type":"Feature","properties":{"name":"Moldova","ISO3166-1-Alpha-3":"MDA","ISO3166-1-Alpha-2":"MD"},"geometry":{"type":"Polygon","coordinates":[[[26.617889,48.258968],[26.831933,48.391363],[27.208551,48.360615],[27.604806,48.484122],[28.093251,48.237444],[28.357731,48.238607],[28.317424,48.135358],[28.411578,48.170704],[28.479584,48.064923],[28.573635,48.154969],[28.799255,48.111793],[28.950356,47.934801],[29.123989,47.975987],[29.236024,47.870723],[29.155615,47.449999],[29.409553,47.279751],[29.556573,47.324038],[29.47787,47.111544],[29.6021,47.061005],[29.558691,46.94574],[29.928178,46.809754],[29.901926,46.53083],[30.131576,46.422826],[29.828132,46.339395],[29.714134,46.47117],[29.615639,46.361822],[29.457612,46.484709],[29.200677,46.35712],[29.184244,46.538039],[28.945809,46.454788],[28.956868,46.001379],[28.74024,45.953217],[28.738276,45.837565],[28.474003,45.657938],[28.502012,45.508748],[28.199498,45.461774],[28.062142,45.593601],[28.167975,45.632461],[28.082709,46.014712],[28.24735,46.620825],[28.082709,46.971527],[27.304049,47.666549],[27.042773,48.127296],[26.617889,48.258968]]]}},{"type":"Feature","properties":{"name":"Gibraltar","ISO3166-1-Alpha-3":"GIB","ISO3166-1-Alpha-2":"GI"},"geometry":{"type":"Polygon","coordinates":[[[-5.358387,36.141109],[-5.339915,36.129828],[-5.34203,36.1105],[-5.358387,36.141109]]]}},{"type":"Feature","properties":{"name":"Vatican","ISO3166-1-Alpha-3":"VAT","ISO3166-1-Alpha-2":"VA"},"geometry":{"type":"Polygon","coordinates":[[[12.453137,41.902752],[12.452767,41.903439],[12.453983,41.903862],[12.453137,41.902752]]]}},{"type":"Feature","properties":{"name":"Northern Cyprus","ISO3166-1-Alpha-3":"-99","ISO3166-1-Alpha-2":"-99"},"geometry":{"type":"MultiPolygon","coordinates":[[[[34.012289,35.063795],[33.876206,35.118994],[33.476799,35.002722],[33.413547,35.199403],[32.854924,35.079152],[32.710592,35.175322],[32.892589,35.175035],[32.920421,35.397773],[33.66033,35.35932],[34.59254,35.691962],[33.951671,35.31151],[33.899913,35.164455],[34.012289,35.063795]]],[[[32.640694,35.187077],[32.634783,35.172841],[32.602743,35.17434],[32.640694,35.187077]]]]}},{"type":"Feature","properties":{"name":"Cyprus No Mans Area","ISO3166-1-Alpha-3":"-99","ISO3166-1-Alpha-2":"-99"},"geometry":{"type":"MultiPolygon","coordinates":[[[[33.906505,35.069105],[34.008911,35.059722],[33.980075,35.057396],[33.906505,35.069105]]],[[[33.679435,35.033899],[33.458815,34.977763],[33.415924,35.160336],[32.825986,35.058946],[32.691549,35.183705],[32.854924,35.079152],[33.413547,35.199403],[33.466567,35.0051],[33.679435,35.033899]]],[[[32.640694,35.187077],[32.633956,35.154083],[32.601899,35.178616],[32.640694,35.187077]]]]}},{"type":"Feature","properties":{"name":"Akrotiri Sovereign Base Area","ISO3166-1-Alpha-3":"-99","ISO3166-1-Alpha-2":"-99"},"geometry":{"type":"Polygon","coordinates":[[[33.015635,34.634425],[32.940929,34.568549],[32.760102,34.66911],[33.015635,34.634425]]]}},{"type":"Feature","properties":{"name":"Iceland","ISO3166-1-Alpha-3":"ISL","ISO3166-1-Alpha-2":"IS"},"geometry":{"type":"MultiPolygon","coordinates":[[[[-14.563629,66.384508],[-14.99059,66.285834],[-14.952138,66.193305],[-15.179351,66.111314],[-14.616933,65.997748],[-14.844106,65.735175],[-14.329498,65.782375],[-14.395131,65.721503],[-14.274322,65.672512],[-14.562367,65.501166],[-14.247629,65.665025],[-13.609609,65.514228],[-13.670969,65.377631],[-13.83552,65.364],[-13.729848,65.327094],[-14.006744,65.28205],[-13.567983,65.260972],[-14.034088,65.200141],[-13.626617,65.200141],[-13.746693,65.144924],[-13.626617,65.103949],[-13.520172,65.172187],[-13.585317,65.007717],[-14.233388,65.035061],[-13.698313,64.925198],[-14.054596,64.932603],[-13.787668,64.877387],[-13.96642,64.835842],[-13.839223,64.79857],[-14.270619,64.699286],[-14.513905,64.802314],[-14.274322,64.651435],[-14.493479,64.658271],[-14.40925,64.610256],[-14.584381,64.590318],[-14.346181,64.605618],[-14.544911,64.405097],[-14.713124,64.431708],[-14.929433,64.264838],[-15.226471,64.26789],[-15.4735,64.39765],[-15.397817,64.274115],[-15.992055,64.144477],[-16.796213,63.801703],[-16.930043,63.8664],[-16.966908,63.787502],[-16.968984,63.920315],[-17.006215,63.797838],[-17.721018,63.705512],[-17.624827,63.746527],[-17.714752,63.781236],[-17.967356,63.6765],[-17.796742,63.671373],[-17.968617,63.622992],[-17.858225,63.609931],[-17.964955,63.522528],[-18.195383,63.472805],[-18.118886,63.534247],[-18.316803,63.548529],[-18.183665,63.463853],[-18.732045,63.396715],[-20.185699,63.54442],[-20.550689,63.712348],[-20.311147,63.732856],[-20.411122,63.836249],[-20.577504,63.714179],[-20.770416,63.7744],[-20.605946,63.767564],[-20.71581,63.781236],[-20.685618,63.86343],[-20.818227,63.781236],[-21.188791,63.891099],[-21.044789,63.945746],[-21.366933,63.849555],[-22.691233,63.812201],[-22.702138,64.085924],[-22.518463,63.979438],[-22.040679,64.051093],[-21.915028,64.123928],[-22.045318,64.158026],[-21.702748,64.191555],[-21.928619,64.233791],[-21.754506,64.345201],[-21.442006,64.364081],[-22.099965,64.315009],[-21.859731,64.390774],[-22.045318,64.405097],[-21.975087,64.50373],[-21.702748,64.6105],[-21.496653,64.569525],[-21.68224,64.616645],[-21.510894,64.651435],[-22.038808,64.566596],[-22.164784,64.459662],[-22.442535,64.665717],[-22.18871,64.74022],[-22.402089,64.676337],[-22.319651,64.753852],[-22.408437,64.82274],[-23.555247,64.81981],[-23.833567,64.725898],[-24.060048,64.891059],[-23.263092,64.926256],[-23.168568,65.020087],[-23.086822,65.014594],[-23.107289,64.918362],[-22.717519,65.075995],[-22.579742,64.980414],[-22.5454,65.052191],[-21.826243,65.035061],[-21.73412,65.193793],[-22.033844,65.114936],[-22.557688,65.168931],[-21.695302,65.453355],[-22.114247,65.52851],[-22.253814,65.433661],[-22.387196,65.491685],[-22.106801,65.596747],[-22.478627,65.508002],[-22.545888,65.634019],[-22.656158,65.528062],[-22.759389,65.629828],[-22.731516,65.501776],[-22.95344,65.610419],[-23.897532,65.404608],[-24.539906,65.508002],[-24.303375,65.638373],[-23.806793,65.535346],[-24.086781,65.651353],[-23.806793,65.610419],[-24.080556,65.706],[-24.092844,65.804755],[-23.561757,65.613674],[-23.285471,65.679348],[-23.539174,65.722724],[-23.189849,65.782375],[-23.729156,65.774359],[-23.866607,65.875556],[-23.209788,65.843207],[-23.8131,66.011379],[-23.751373,66.076565],[-23.374867,65.987779],[-23.669667,66.117499],[-23.395334,66.097642],[-23.600819,66.144843],[-23.461415,66.204169],[-23.027699,66.10871],[-22.976877,66.033677],[-23.058949,65.966702],[-22.929189,66.049262],[-22.840443,66.021918],[-22.94286,65.946845],[-22.82311,66.004584],[-22.819325,65.912095],[-22.682729,66.055854],[-22.577382,65.97309],[-22.648183,65.833686],[-22.538726,65.974189],[-22.422109,65.925727],[-22.469879,65.836982],[-22.360707,65.912095],[-22.484202,66.029446],[-22.381174,66.097642],[-22.97761,66.234198],[-22.367502,66.275214],[-22.710072,66.29564],[-22.607655,66.371405],[-23.189687,66.355292],[-23.046742,66.360663],[-23.104726,66.442816],[-22.864491,66.431383],[-22.950307,66.466986],[-22.43102,66.464748],[-22.216664,66.268378],[-21.749867,66.185777],[-21.667958,66.021918],[-21.548818,66.097642],[-21.330637,66.009019],[-21.606516,65.960517],[-21.301747,65.935981],[-21.327789,65.809027],[-21.476796,65.768704],[-21.332143,65.74079],[-21.777821,65.768704],[-21.401031,65.624091],[-21.483022,65.562649],[-21.320912,65.601874],[-21.476796,65.446519],[-21.212148,65.438178],[-21.089915,65.166164],[-21.098866,65.445461],[-20.91511,65.343492],[-20.987294,65.506781],[-20.91808,65.601386],[-20.675364,65.693915],[-20.646474,65.55565],[-20.475657,65.49494],[-20.427846,65.548977],[-20.530873,65.57689],[-20.387522,65.52851],[-20.270131,65.665025],[-20.407704,66.090766],[-20.09203,66.131171],[-19.879791,65.905219],[-19.456166,65.728949],[-19.399241,65.836615],[-19.510854,65.96015],[-19.437856,66.066636],[-19.057932,66.07038],[-19.068674,66.164618],[-18.827016,66.203437],[-18.21817,65.867743],[-18.063588,65.645209],[-18.067616,65.830552],[-18.296986,66.015082],[-18.296986,66.179633],[-17.91275,66.152289],[-17.549672,65.912095],[-17.495107,65.987779],[-17.611155,65.994045],[-17.413197,65.960517],[-17.145619,66.221177],[-16.92276,66.111029],[-16.426259,66.144843],[-16.543324,66.506985],[-16.022939,66.536607],[-15.891225,66.49494],[-15.937652,66.423814],[-15.706695,66.395901],[-15.775136,66.289455],[-15.699452,66.234198],[-15.38036,66.14997],[-15.331288,66.261461],[-14.925445,66.385321],[-14.563629,66.384508]]],[[[-17.751291,63.717841],[-17.771108,63.680732],[-17.779693,63.698228],[-17.751291,63.717841]]],[[[-18.008941,66.564154],[-17.976308,66.548285],[-17.999827,66.533393],[-18.008941,66.564154]]],[[[-20.261871,63.444648],[-20.269643,63.409125],[-20.305572,63.43476],[-20.261871,63.444648]]],[[[-18.380238,66.012112],[-18.369944,65.978013],[-18.398793,65.99726],[-18.380238,66.012112]]]]}},{"type":"Feature","properties":{"name":"Malta","ISO3166-1-Alpha-3":"MLT","ISO3166-1-Alpha-2":"MT"},"geometry":{"type":"MultiPolygon","coordinates":[[[[14.548025,35.890041],[14.527517,35.801215],[14.42449,35.823676],[14.322032,35.973131],[14.548025,35.890041]]],[[[14.256602,36.075588],[14.334239,36.034369],[14.184906,36.034613],[14.256602,36.075588]]]]}},{"type":"Feature","properties":{"name":"Jersey","ISO3166-1-Alpha-3":"JEY","ISO3166-1-Alpha-2":"JE"},"geometry":{"type":"Polygon","coordinates":[[[-2.082672,49.26024],[-2.024526,49.171332],[-2.233632,49.184516],[-2.241119,49.26024],[-2.082672,49.26024]]]}},{"type":"Feature","properties":{"name":"Guernsey","ISO3166-1-Alpha-3":"GGY","ISO3166-1-Alpha-2":"GG"},"geometry":{"type":"MultiPolygon","coordinates":[[[[-2.58023,49.493598],[-2.501698,49.506659],[-2.673451,49.433498],[-2.58023,49.493598]]],[[[-2.363759,49.446845],[-2.373525,49.411566],[-2.375885,49.430406],[-2.363759,49.446845]]],[[[-2.174469,49.731391],[-2.187896,49.710639],[-2.218495,49.718695],[-2.174469,49.731391]]],[[[-2.453684,49.481879],[-2.445221,49.474595],[-2.454498,49.466132],[-2.453684,49.481879]]]]}},{"type":"Feature","properties":{"name":"Isle of Man","ISO3166-1-Alpha-3":"IMN","ISO3166-1-Alpha-2":"IM"},"geometry":{"type":"Polygon","coordinates":[[[-4.612131,54.056952],[-4.790151,54.071234],[-4.530995,54.366116],[-4.351308,54.413804],[-4.31192,54.287177],[-4.612131,54.056952]]]}},{"type":"Feature","properties":{"name":"Aland","ISO3166-1-Alpha-3":"ALA","ISO3166-1-Alpha-2":"AX"},"geometry":{"type":"MultiPolygon","coordinates":[[[[20.277599,60.142157],[20.259044,60.062567],[20.215343,60.135688],[20.277599,60.142157]]],[[[19.639496,60.220933],[19.671072,60.158108],[19.527029,60.148627],[19.567882,60.255113],[19.639496,60.220933]]],[[[20.427908,60.265692],[20.38087,60.198879],[20.38266,60.240709],[20.427908,60.265692]]],[[[20.818858,60.232164],[20.805186,60.2862],[20.850597,60.253607],[20.818858,60.232164]]],[[[20.208751,60.224677],[20.057872,60.190619],[20.023692,60.313463],[20.016287,60.183743],[19.914561,60.218207],[20.050466,60.097805],[19.948497,60.047675],[19.763031,60.07392],[19.646983,60.265692],[19.79656,60.299791],[19.81422,60.190619],[19.934337,60.282416],[19.777354,60.355048],[19.882335,60.405585],[20.277599,60.278713],[20.208751,60.224677]]],[[[20.875255,59.91413],[20.87086,59.936754],[20.912852,59.920722],[20.875255,59.91413]]],[[[20.983572,59.942776],[20.982758,59.921536],[20.919932,59.953315],[20.983572,59.942776]]],[[[20.610118,60.044989],[20.587169,60.008124],[20.544932,60.056098],[20.610118,60.044989]]],[[[20.424083,60.055243],[20.462576,60.066799],[20.402354,60.021308],[20.424083,60.055243]]],[[[20.521169,60.048041],[20.469737,60.057359],[20.518403,60.07038],[20.521169,60.048041]]],[[[20.68336,60.13052],[20.67156,60.109198],[20.644054,60.149359],[20.68336,60.13052]]],[[[20.683767,60.229397],[20.707693,60.199652],[20.664073,60.205024],[20.683767,60.229397]]],[[[20.777354,60.326483],[20.735362,60.337795],[20.764334,60.367865],[20.777354,60.326483]]],[[[20.281315,59.976616],[20.398457,60.009129],[20.339325,59.980208],[20.281315,59.976616]]],[[[20.03365,60.063626],[20.222526,60.01488],[20.123179,59.988872],[20.03365,60.063626]]],[[[21.088634,60.480129],[21.088227,60.452216],[21.059255,60.466742],[21.088634,60.480129]]]]}},{"type":"Feature","properties":{"name":"Faroe Islands","ISO3166-1-Alpha-3":"FRO","ISO3166-1-Alpha-2":"FO"},"geometry":{"type":"MultiPolygon","coordinates":[[[[-6.654775,61.395941],[-6.962554,61.62873],[-6.715566,61.567857],[-6.805572,61.554185],[-6.677602,61.479926],[-6.783844,61.46483],[-6.654775,61.395941]]],[[[-6.612538,61.821112],[-6.660959,61.746039],[-6.907338,61.909857],[-6.612538,61.821112]]],[[[-7.383697,62.094875],[-7.431549,62.148179],[-7.215891,62.163764],[-7.038319,62.088609],[-7.202138,62.019721],[-7.383697,62.094875]]],[[[-7.222646,62.1706],[-7.195424,62.314602],[-7.072621,62.290269],[-6.701894,61.944037],[-7.222646,62.1706]]],[[[-7.055084,62.290351],[-6.928456,62.335028],[-6.907338,62.239447],[-6.813832,62.293402],[-6.564117,62.13581],[-6.667795,62.150092],[-6.59203,62.116604],[-6.654775,62.061347],[-7.055084,62.290351]]],[[[-6.537465,62.191067],[-6.537465,62.369818],[-6.386586,62.259955],[-6.537465,62.191067]]],[[[-7.559722,62.107733],[-7.546254,62.096991],[-7.644154,62.107001],[-7.559722,62.107733]]],[[[-6.321441,62.308092],[-6.29955,62.271552],[-6.35851,62.245836],[-6.321441,62.308092]]],[[[-6.585276,62.289862],[-6.6162,62.266303],[-6.680816,62.366116],[-6.585276,62.289862]]],[[[-6.654693,62.264065],[-6.691029,62.252265],[-6.769439,62.336005],[-6.654693,62.264065]]],[[[-6.409169,62.324042],[-6.509267,62.329779],[-6.48705,62.360338],[-6.409169,62.324042]]]]}}]}
