{"type":"FeatureCollection","features":[{"type":"Feature","properties":{"name":"Ethiopia","ISO3166-1-Alpha-3":"ETH","ISO3166-1-Alpha-2":"ET"},"geometry":{"type":"Polygon","coordinates":[[[34.070698,9.454592],[34.325894,10.223563],[34.279489,10.565506],[34.574768,10.884143],[34.754395,10.684129],[34.838524,10.72914],[34.95831,10.903418],[35.072722,11.818866],[35.317358,12.023712],[35.687671,12.659228],[36.115035,12.70181],[36.52638,14.263523],[37.060197,14.27683],[37.121072,14.420826],[37.293775,14.457439],[37.553707,14.105497],[37.891464,14.879532],[38.006703,14.7244],[38.229325,14.679725],[38.426832,14.417183],[38.866082,14.493664],[39.009742,14.651226],[39.20818,14.440179],[39.515035,14.56782],[39.892273,14.426562],[40.104559,14.465966],[40.833197,14.105962],[41.192038,13.615863],[41.7118,13.247926],[42.379459,12.465907],[41.792415,11.704455],[41.761306,10.996203],[41.937522,10.929825],[42.615621,11.08966],[42.923715,10.998787],[42.647247,10.63222],[42.836279,10.208086],[43.187214,9.883326],[43.419034,9.413018],[43.984788,9.008314],[46.97923,7.996567],[47.979169,7.996567],[44.941525,4.911484],[43.968975,4.953962],[43.528485,4.841566],[43.119259,4.647702],[42.831628,4.302322],[42.102887,4.19189],[41.835927,3.94945],[41.162996,3.94268],[40.763744,4.284933],[39.848451,3.867284],[39.504389,3.403333],[38.508998,3.650812],[38.101891,3.612649],[37.015652,4.370587],[35.940472,4.508046],[35.751647,4.854356],[35.80415,5.318023],[35.469287,5.430755],[35.287489,5.374092],[34.974433,5.863106],[34.703545,6.684916],[34.280729,6.980092],[33.71606,7.657156],[33.058323,7.797975],[32.9898,7.917244],[33.185137,8.14108],[33.23516,8.455635],[33.620407,8.460699],[33.74102,8.367087],[34.090249,8.556507],[34.070698,9.454592]]]}},{"type":"Feature","properties":{"name":"South Sudan","ISO3166-1-Alpha-3":"SSD","ISO3166-1-Alpha-2":"SS"},"geometry":{"type":"Polygon","coordinates":[[[35.920835,4.619332],[35.610641,4.620014],[35.52218,4.780461],[35.570836,4.904313],[35.396117,4.926429],[35.411598,5.030376],[35.245726,4.98172],[34.381188,4.620158],[33.490648,3.749746],[33.164466,3.763053],[32.997241,3.885526],[32.371801,3.731065],[32.16799,3.512242],[31.93002,3.59836],[31.777884,3.816435],[31.523739,3.656083],[31.141489,3.785119],[30.839543,3.490202],[30.746939,3.674867],[30.553463,3.60451],[30.525247,3.867543],[30.189351,3.95609],[29.787825,4.368804],[29.796713,4.556028],[29.535024,4.660699],[29.221296,4.340692],[28.755433,4.553987],[28.357421,4.282866],[28.04974,4.419137],[28.014031,4.550033],[27.772444,4.595819],[27.7526,4.777668],[27.264465,5.260145],[27.261054,5.577593],[27.123801,5.768745],[26.424826,6.072447],[26.508955,6.205462],[26.27021,6.465653],[26.378007,6.65329],[26.091203,6.830334],[26.026091,6.99668],[25.190431,7.501197],[25.279418,7.659482],[25.216889,7.864069],[25.059173,7.896108],[24.800171,8.180277],[24.152872,8.317891],[24.25054,8.579632],[24.176953,8.709857],[24.558377,8.886746],[24.792522,9.520402],[24.796398,9.818859],[24.976284,9.967351],[25.07695,10.286867],[25.82848,10.419546],[25.905426,10.181266],[26.625744,9.480663],[27.080393,9.606831],[27.895072,9.59541],[28.04511,9.331407],[28.843841,9.324545],[28.913833,9.529031],[29.483089,9.761679],[29.615432,10.058147],[30.012979,10.270485],[30.765284,9.724291],[31.164382,9.764005],[32.430713,11.082193],[32.34834,11.703163],[32.082207,11.999811],[32.746662,12.002731],[32.731779,12.216155],[33.209218,12.210367],[33.083231,11.599164],[33.140023,10.739036],[33.3813,10.645785],[33.916978,10.174522],[33.973254,9.854852],[33.881425,9.499215],[34.070698,9.454592],[34.11185,8.626555],[33.970774,8.445377],[33.751872,8.368793],[33.620407,8.460699],[33.23516,8.455635],[33.185137,8.14108],[32.9898,7.917244],[33.058323,7.797975],[33.71606,7.657156],[34.280729,6.980092],[34.703545,6.684916],[34.974433,5.863106],[35.287489,5.374092],[35.469287,5.430755],[35.80415,5.318023],[35.751647,4.854356],[35.920835,4.619332]]]}},{"type":"Feature","properties":{"name":"Somalia","ISO3166-1-Alpha-3":"SOM","ISO3166-1-Alpha-2":"SO"},"geometry":{"type":"Polygon","coordinates":[[[46.466963,6.538292],[47.979169,7.996567],[48.939111,9.451233],[48.939112,11.24913],[50.268321,11.589301],[50.641124,11.954413],[51.292698,11.833108],[51.081309,11.341498],[51.085948,11.187974],[51.189504,11.138306],[51.115082,10.993354],[51.160655,10.598456],[51.010102,10.434027],[51.220388,10.442043],[51.176117,10.562812],[51.395173,10.479023],[51.397509,10.395793],[50.927389,10.327844],[50.830333,9.419623],[50.439708,8.88817],[50.091075,8.161038],[49.824229,7.933905],[49.744151,7.589057],[49.247325,6.810614],[49.036143,6.144232],[47.948497,4.457099],[46.047618,2.455064],[44.550059,1.559068],[43.658946,0.804918],[41.971934,-0.99977],[41.95281,-0.894464],[41.885427,-1.209649],[41.829112,-1.168878],[41.535085,-1.696303],[40.979751,-0.870798],[40.979751,2.841895],[42.068367,4.174553],[42.831628,4.302322],[43.119259,4.647702],[43.932284,4.945203],[44.941525,4.911484],[46.466963,6.538292]]]}},{"type":"Feature","properties":{"name":"Kenya","ISO3166-1-Alpha-3":"KEN","ISO3166-1-Alpha-2":"KE"},"geometry":{"type":"MultiPolygon","coordinates":[[[[35.705846,4.619447],[35.920835,4.619332],[36.041345,4.443683],[37.015652,4.370587],[38.101891,3.612649],[38.508998,3.650812],[39.504389,3.403333],[39.848451,3.867284],[40.763744,4.284933],[41.162996,3.94268],[41.885019,3.977226],[40.965385,2.814145],[40.979751,-0.870798],[41.535085,-1.696303],[41.282725,-1.96852],[41.01295,-2.042413],[41.006114,-1.901788],[40.945323,-2.073175],[40.861013,-1.963474],[40.944835,-2.30934],[40.863048,-2.231378],[40.650564,-2.539321],[40.232107,-2.669041],[40.122895,-3.267348],[39.966075,-3.321222],[39.865977,-3.616469],[39.780935,-3.566583],[39.867035,-3.69492],[39.786388,-3.917169],[39.683767,-3.917169],[39.699474,-4.048435],[39.660492,-3.970798],[39.560557,-4.039809],[39.665863,-4.112074],[39.396169,-4.629002],[39.190603,-4.677504],[37.599079,-3.513428],[37.700055,-3.31437],[37.644865,-3.045963],[33.904214,-1.002573],[33.893569,0.109814],[34.487021,1.082467],[34.797907,1.231916],[35.006473,1.916861],[34.875628,2.591212],[34.434001,3.182029],[34.439686,3.667736],[34.152468,3.775636],[34.204971,3.874545],[34.084772,3.877336],[33.977078,4.219692],[34.381188,4.620158],[35.411598,5.030376],[35.396117,4.926429],[35.570836,4.904313],[35.52218,4.780461],[35.610641,4.620014],[35.705846,4.619447]]],[[[41.053966,-2.049574],[41.155284,-2.112074],[40.993663,-2.197198],[41.053966,-2.049574]]]]}},{"type":"Feature","properties":{"name":"Malawi","ISO3166-1-Alpha-3":"MWI","ISO3166-1-Alpha-2":"MW"},"geometry":{"type":"MultiPolygon","coordinates":[[[[34.964615,-11.573556],[34.616729,-11.57831],[34.35876,-12.154399],[34.545312,-13.325749],[34.640603,-13.492354],[34.863122,-13.515815],[35.084091,-13.704227],[35.847248,-14.650422],[35.904299,-14.886894],[35.784203,-15.171838],[35.785133,-16.042275],[35.374616,-16.140977],[35.131943,-16.537646],[35.310227,-16.850598],[35.234779,-17.135335],[35.066004,-17.109807],[35.1183,-16.833442],[34.426456,-16.273889],[34.404546,-16.059742],[34.233186,-15.88983],[34.565156,-15.297308],[34.501801,-14.575698],[34.344084,-14.387389],[33.720401,-14.489709],[33.64485,-14.601743],[33.280221,-14.060794],[33.140282,-13.924989],[32.999825,-14.050459],[32.663308,-13.596327],[32.813066,-13.528217],[32.998171,-13.202449],[32.941121,-12.769865],[33.024836,-12.612666],[33.350398,-12.532671],[33.527131,-12.355627],[33.349468,-12.327929],[33.25273,-12.139516],[33.314018,-11.7722],[33.230302,-11.416563],[33.390912,-11.164795],[33.232576,-10.883262],[33.674203,-10.577028],[33.533281,-10.231209],[33.304096,-10.063777],[33.343473,-9.83144],[33.175422,-9.602307],[32.986906,-9.628455],[32.936263,-9.391674],[33.438971,-9.62153],[33.734612,-9.584117],[33.911862,-9.717959],[34.012735,-9.477457],[34.317936,-9.719199],[34.536424,-10.043003],[34.67502,-10.752418],[34.613525,-11.102164],[34.964615,-11.573556]]],[[[34.69414,-12.000403],[34.762353,-12.040298],[34.688973,-12.12453],[34.69414,-12.000403]]],[[[34.561642,-11.978596],[34.641224,-12.01787],[34.583553,-12.058901],[34.561642,-11.978596]]]]}},{"type":"Feature","properties":{"name":"United Republic of Tanzania","ISO3166-1-Alpha-3":"TZA","ISO3166-1-Alpha-2":"TZ"},"geometry":{"type":"MultiPolygon","coordinates":[[[[32.920863,-9.4079],[32.423426,-9.143834],[31.938081,-9.061771],[31.936634,-8.93258],[31.672671,-8.913047],[31.353311,-8.587175],[30.959536,-8.550485],[30.29446,-7.149433],[29.707003,-6.619336],[29.525515,-6.273104],[29.476113,-6.002113],[29.612435,-5.704354],[29.32377,-4.920164],[29.404179,-4.449805],[29.732841,-4.463344],[30.003005,-4.271935],[30.381587,-3.788346],[30.432282,-3.551875],[30.832205,-3.172777],[30.825488,-2.978577],[30.488454,-2.94354],[30.415797,-2.851659],[30.508091,-2.463466],[30.834376,-2.345334],[30.887809,-2.082507],[30.796962,-1.929338],[30.831017,-1.594165],[30.737534,-1.406683],[30.555323,-1.31842],[30.481012,-1.059107],[30.777118,-0.98583],[34.000022,-1.002573],[37.644865,-3.045963],[37.700055,-3.31437],[37.599079,-3.513428],[39.215099,-4.688653],[38.779063,-6.054864],[38.91505,-6.4367],[39.553722,-7.000746],[39.32781,-7.309259],[39.252615,-7.823337],[39.32781,-7.726332],[39.443533,-7.832615],[39.454356,-8.010431],[39.28004,-8.309259],[39.35434,-8.713962],[39.553722,-8.922296],[39.388682,-8.898858],[39.491873,-8.938409],[39.498546,-9.1242],[39.643809,-9.18906],[39.567393,-9.447524],[39.650727,-9.444757],[39.696951,-9.744887],[39.800629,-9.823826],[39.690766,-10.04339],[39.826915,-9.99033],[39.985118,-10.220961],[40.019786,-10.132908],[40.13266,-10.169692],[40.120616,-10.271173],[40.232107,-10.296645],[40.232107,-10.200453],[40.348806,-10.358087],[40.427013,-10.300063],[40.43686,-10.474786],[40.008131,-10.811122],[39.263267,-11.166759],[38.896261,-11.167689],[38.492255,-11.413462],[38.25661,-11.27714],[37.938077,-11.283961],[37.816947,-11.533558],[37.469681,-11.71949],[37.141639,-11.674738],[37.032395,-11.564874],[36.820109,-11.573556],[36.625702,-11.721351],[36.199681,-11.701507],[36.168055,-11.578724],[35.826371,-11.413462],[35.576257,-11.605182],[34.964615,-11.573556],[34.613525,-11.102164],[34.67502,-10.752418],[34.536424,-10.043003],[34.317936,-9.719199],[34.012735,-9.477457],[33.911862,-9.717959],[33.734612,-9.584117],[33.438971,-9.62153],[33.300272,-9.492236],[32.920863,-9.4079]]],[[[39.895681,-7.637628],[39.823253,-7.913995],[39.629731,-7.985772],[39.895681,-7.637628]]],[[[39.543468,-6.321222],[39.508474,-6.462823],[39.416515,-6.301365],[39.403575,-6.373712],[39.198578,-6.220798],[39.19044,-5.914239],[39.313487,-5.718438],[39.416515,-6.192071],[39.498546,-6.123793],[39.543468,-6.321222]]],[[[39.643077,-5.413995],[39.780935,-5.239353],[39.649913,-5.190851],[39.746104,-5.205173],[39.684093,-4.890313],[39.821544,-4.993829],[39.855968,-4.897231],[39.796072,-5.406834],[39.643077,-5.413995]]],[[[39.74204,-7.994825],[39.801492,-8.006587],[39.702796,-8.091393],[39.74204,-7.994825]]],[[[39.226104,-5.769169],[39.231648,-5.823217],[39.21447,-5.858106],[39.226104,-5.769169]]],[[[39.575458,-5.394548],[39.636967,-5.446886],[39.615331,-5.463799],[39.575458,-5.394548]]]]}},{"type":"Feature","properties":{"name":"Somaliland","ISO3166-1-Alpha-3":"-99","ISO3166-1-Alpha-2":"-99"},"geometry":{"type":"Polygon","coordinates":[[[48.939112,11.24913],[48.939111,9.451233],[47.979169,7.996567],[46.97923,7.996567],[44.023855,8.985525],[43.419034,9.413018],[42.64859,10.611033],[43.282725,11.498928],[43.489431,11.380927],[43.488129,11.238918],[43.8296,10.802965],[44.347554,10.414511],[44.586149,10.383585],[44.962009,10.415799],[45.769298,10.878119],[46.447765,10.693101],[47.405935,11.184638],[47.71046,11.101264],[48.130382,11.136664],[48.521983,11.319281],[48.939112,11.24913]]]}},{"type":"Feature","properties":{"name":"Morocco","ISO3166-1-Alpha-3":"MAR","ISO3166-1-Alpha-2":"MA"},"geometry":{"type":"Polygon","coordinates":[[[-8.817035,27.661464],[-8.793903,27.12018],[-9.412056,27.08796],[-9.816864,26.84968],[-10.250455,26.860429],[-10.756781,27.019592],[-11.391574,26.882908],[-11.3369,26.632897],[-11.717239,26.103576],[-12.060009,25.990301],[-12.430141,24.830165],[-12.990184,24.4698],[-13.31001,23.980553],[-13.890129,23.690493],[-14.100065,23.099676],[-14.220187,22.309647],[-14.629852,21.860424],[-14.749974,21.500084],[-17.013743,21.419971],[-16.92101,21.931301],[-16.706776,22.275458],[-16.466624,22.377387],[-15.775136,23.911933],[-15.994862,23.645006],[-15.939605,23.774807],[-14.895619,24.705715],[-14.819244,25.330227],[-14.466135,26.194241],[-13.561106,26.749091],[-13.171254,27.685004],[-12.952382,27.928616],[-12.061431,28.089016],[-11.485585,28.325629],[-11.0631,28.752387],[-10.573801,28.990424],[-10.248402,29.299384],[-9.655141,30.126899],[-9.611643,30.404364],[-9.888539,30.648261],[-9.812896,30.827135],[-9.847524,31.402411],[-9.27774,32.196601],[-9.259918,32.57689],[-8.529164,33.268704],[-7.529124,33.632636],[-6.822092,34.039618],[-6.292104,34.880805],[-5.927235,35.780748],[-5.398859,35.924504],[-5.066274,35.417467],[-4.376047,35.151842],[-3.699574,35.290839],[-3.319244,35.201809],[-3.077056,35.287909],[-2.968577,35.446438],[-2.856068,35.131293],[-2.748118,35.115953],[-2.878407,35.246324],[-2.666737,35.108222],[-2.275258,35.109565],[-1.769526,34.741343],[-1.871121,34.596649],[-1.702966,34.479679],[-1.809626,34.372451],[-1.669635,34.079213],[-1.746788,33.702388],[-1.617338,33.554439],[-1.674234,33.237972],[-1.499516,33.060205],[-1.558789,32.93365],[-1.423345,32.742395],[-1.031999,32.4944],[-1.244131,32.356915],[-1.309554,32.167443],[-1.210335,32.08967],[-2.881189,32.076286],[-2.827836,31.794586],[-3.659507,31.647821],[-3.673484,31.389234],[-3.815189,31.337158],[-3.842836,31.170192],[-3.731421,31.176341],[-3.554674,30.955927],[-3.645529,30.711317],[-4.372368,30.508641],[-5.176083,29.97749],[-5.539503,29.523216],[-5.721212,29.523216],[-5.756156,29.614071],[-6.27333,29.579127],[-7.653611,29.376193],[-8.667606,28.711685],[-8.682385,27.661439],[-8.817035,27.661464]]]}},{"type":"Feature","properties":{"name":"Western Sahara","ISO3166-1-Alpha-3":"ESH","ISO3166-1-Alpha-2":"EH"},"geometry":{"type":"Polygon","coordinates":[[[-8.817035,27.661464],[-8.682385,27.661439],[-8.687656,26.000016],[-12.015308,25.9949],[-12.019339,23.460998],[-12.619432,23.270829],[-13.152293,22.820004],[-13.015247,21.333428],[-16.958831,21.332859],[-17.056874,20.766913],[-17.013743,21.419971],[-14.749974,21.500084],[-14.629852,21.860424],[-14.220187,22.309647],[-14.100065,23.099676],[-13.890129,23.690493],[-13.31001,23.980553],[-12.990184,24.4698],[-12.430141,24.830165],[-12.060009,25.990301],[-11.717239,26.103576],[-11.3369,26.632897],[-11.391574,26.882908],[-10.756781,27.019592],[-10.250455,26.860429],[-9.816864,26.84968],[-9.412056,27.08796],[-8.793903,27.12018],[-8.817035,27.661464]]]}},{"type":"Feature","properties":{"name":"Republic of the Congo","ISO3166-1-Alpha-3":"COG","ISO3166-1-Alpha-2":"CG"},"geometry":{"type":"Polygon","coordinates":[[[18.626387,3.476869],[18.613055,3.128182],[18.072416,2.160024],[18.071382,1.551457],[17.86664,1.016632],[17.945498,0.377291],[17.716365,-0.195801],[17.749541,-0.523429],[17.308018,-1.014976],[16.833215,-1.269017],[16.513958,-1.887377],[16.194598,-2.182036],[16.225603,-3.313233],[15.912134,-3.917434],[15.533759,-4.057994],[14.672727,-4.899907],[14.400702,-4.886264],[14.350783,-4.559049],[14.469742,-4.429341],[14.387059,-4.277102],[13.944502,-4.498071],[13.714956,-4.453009],[13.712475,-4.685656],[13.39265,-4.885334],[13.112357,-4.576929],[13.027194,-4.612172],[12.761681,-4.391204],[12.623808,-4.559255],[12.387026,-4.605454],[12.321914,-4.778157],[12.192206,-4.763481],[12.009608,-5.019631],[11.82021,-4.7848],[11.806409,-4.577118],[11.114016,-3.936856],[11.212524,-3.697293],[11.482585,-3.509294],[11.687638,-3.69874],[11.905505,-3.643549],[11.824994,-3.571202],[11.944366,-3.303208],[11.687534,-3.17102],[11.778381,-3.005655],[11.636788,-2.833263],[11.530748,-2.866749],[11.624386,-2.632758],[11.566198,-2.329727],[11.756057,-2.415097],[12.45927,-2.329934],[12.426921,-1.88407],[12.632386,-1.825159],[12.804572,-1.919107],[13.008177,-2.276501],[12.969006,-2.372412],[13.458899,-2.441039],[13.743171,-2.09708],[13.906158,-2.359803],[13.8458,-2.466567],[14.090023,-2.498606],[14.234407,-2.354946],[14.148004,-2.224824],[14.448761,-1.686253],[14.364839,-1.612045],[14.487725,-1.40937],[14.391814,-1.023347],[14.489999,-0.600944],[14.320603,-0.444468],[14.159683,-0.455113],[14.095398,-0.276623],[13.831228,-0.205413],[13.945226,0.350419],[14.075967,0.539451],[14.328768,0.621204],[14.468088,0.913227],[14.14449,1.391622],[13.794744,1.434436],[13.543442,1.283489],[13.150184,1.256617],[13.251263,1.337646],[13.129617,1.592462],[13.162173,1.899833],[13.294568,2.161058],[14.432948,2.132119],[14.562139,2.208807],[14.764814,2.065456],[14.857005,2.115944],[14.892455,2.00639],[15.706772,1.931976],[16.069851,1.654551],[16.159044,1.734805],[16.085767,2.149172],[16.207723,2.22307],[16.479128,2.836314],[16.465485,3.156501],[16.598501,3.501674],[17.458913,3.708276],[18.181556,3.477386],[18.472081,3.632053],[18.626387,3.476869]]]}},{"type":"Feature","properties":{"name":"Democratic Republic of the Congo","ISO3166-1-Alpha-3":"COD","ISO3166-1-Alpha-2":"CD"},"geometry":{"type":"MultiPolygon","coordinates":[[[[18.626387,3.476869],[18.646541,4.045982],[18.541948,4.327851],[18.753304,4.400611],[19.08331,4.90934],[19.408975,5.130386],[19.82466,5.096977],[20.338944,4.771906],[20.580273,4.415003],[20.871521,4.453373],[21.210932,4.291574],[21.737308,4.293382],[22.303269,4.128716],[22.510491,4.19127],[22.59245,4.473707],[22.898374,4.823583],[23.414519,4.590832],[23.588048,4.73395],[24.259222,4.929881],[24.396371,5.122298],[24.730614,4.917505],[25.307633,5.032278],[25.36365,5.310556],[25.543743,5.37528],[25.910852,5.170099],[26.198276,5.238389],[26.502547,5.047471],[26.867073,5.037549],[27.073675,5.203327],[27.301878,5.131988],[27.744229,4.787848],[27.772444,4.595819],[28.014031,4.550033],[28.04974,4.419137],[28.381502,4.275296],[28.755433,4.553987],[29.221296,4.340692],[29.457612,4.669535],[29.618533,4.641578],[29.796713,4.556028],[29.787825,4.368804],[30.189351,3.95609],[30.525247,3.867543],[30.543024,3.612907],[30.746939,3.674867],[30.896388,3.519967],[30.743839,3.055474],[30.853393,2.853367],[30.710559,2.445123],[31.177559,2.30291],[31.271455,2.102999],[30.478274,1.238634],[30.238857,1.136004],[30.154831,0.90868],[29.947298,0.824602],[29.940477,0.498317],[29.703075,0.072503],[29.577915,-1.38839],[29.233337,-1.658657],[29.130501,-1.843349],[29.134841,-2.197746],[28.866331,-2.391946],[28.857236,-2.518346],[29.234629,-3.046583],[29.215043,-3.899864],[29.410897,-4.502308],[29.32377,-4.920164],[29.612435,-5.704354],[29.476113,-6.002113],[29.537711,-6.312378],[29.707003,-6.619336],[30.29446,-7.149433],[30.752107,-8.194124],[28.889172,-8.483099],[28.893099,-8.765769],[28.35246,-9.271991],[28.515964,-9.378341],[28.698486,-9.791959],[28.569915,-10.219633],[28.699622,-10.643174],[28.554412,-10.834996],[28.360315,-11.533558],[28.507851,-11.872763],[28.751092,-11.992238],[29.035106,-12.378882],[29.499677,-12.453089],[29.474252,-12.242662],[29.799297,-12.154089],[29.782244,-13.455663],[29.617396,-13.421247],[29.669176,-13.281204],[29.574401,-13.225393],[29.184141,-13.436853],[28.993971,-13.395925],[28.707994,-12.889755],[28.542836,-12.885621],[28.42274,-12.521302],[27.856676,-12.262403],[27.638189,-12.293615],[27.420734,-11.921959],[27.234182,-11.809097],[27.180129,-11.569629],[27.023756,-11.59557],[26.947688,-11.909143],[26.717418,-12.013012],[25.981132,-11.903045],[25.621464,-11.728895],[25.49558,-11.776541],[25.344943,-11.642182],[25.31032,-11.194768],[24.490939,-11.461522],[24.293948,-11.3992],[24.392237,-11.279104],[24.370533,-11.1002],[24.124243,-11.043252],[24.00146,-10.873444],[23.833718,-11.028473],[23.455963,-10.960984],[23.014336,-11.102474],[22.500983,-11.042426],[22.23764,-11.249545],[22.165499,-10.85236],[22.319495,-10.761306],[22.313397,-10.368565],[22.159918,-9.931486],[21.878902,-9.657084],[21.791982,-9.406143],[21.943911,-8.455917],[21.753948,-7.99734],[21.860918,-7.469827],[21.784954,-7.283379],[20.520535,-7.286376],[20.611486,-6.915959],[19.521836,-7.001949],[19.513155,-7.479439],[19.355645,-7.57411],[19.355542,-8.001991],[18.516523,-7.932228],[18.120372,-8.022455],[18.098151,-8.109271],[17.600197,-8.098523],[16.945663,-7.204624],[16.973155,-7.014765],[16.706091,-6.465031],[16.726762,-6.189182],[16.552922,-5.902378],[13.342524,-5.890595],[12.896169,-5.814548],[12.449498,-6.051928],[12.249278,-5.82879],[12.258972,-5.736703],[12.508983,-5.726264],[12.530687,-5.162681],[12.444387,-5.055091],[13.087966,-4.579513],[13.39265,-4.885334],[13.712475,-4.685656],[13.714956,-4.453009],[13.944502,-4.498071],[14.387059,-4.277102],[14.469742,-4.429341],[14.350783,-4.559049],[14.400702,-4.886264],[14.672727,-4.899907],[15.533759,-4.057994],[15.912134,-3.917434],[16.225603,-3.313233],[16.194598,-2.182036],[16.513958,-1.887377],[16.833215,-1.269017],[17.308018,-1.014976],[17.749541,-0.523429],[17.716365,-0.195801],[17.945498,0.377291],[17.86664,1.016632],[18.071382,1.551457],[18.072416,2.160024],[18.613055,3.128182],[18.626387,3.476869]]],[[[12.90529,-5.869488],[12.99459,-5.868244],[12.745128,-5.940199],[12.90529,-5.869488]]]]}},{"type":"Feature","properties":{"name":"Namibia","ISO3166-1-Alpha-3":"NAM","ISO3166-1-Alpha-2":"NA"},"geometry":{"type":"Polygon","coordinates":[[[16.487071,-28.572931],[16.346853,-28.556085],[15.747813,-28.024591],[15.295258,-27.322442],[15.083018,-26.695245],[15.168712,-26.592218],[14.966319,-26.335219],[14.979015,-26.05877],[14.840343,-25.751723],[14.853282,-25.064223],[14.459239,-24.098321],[14.491954,-23.309177],[14.410167,-22.970798],[14.435069,-22.879815],[14.459239,-22.995294],[14.529307,-22.90016],[14.508556,-22.548028],[13.397634,-20.849298],[13.177745,-20.189223],[12.450043,-18.904555],[12.031889,-18.50535],[11.796911,-17.956089],[11.755138,-17.266697],[12.08813,-17.139159],[12.56717,-17.234554],[13.166307,-16.951057],[13.479776,-17.010278],[13.980573,-17.423587],[18.453581,-17.389893],[18.89004,-17.799274],[20.336154,-17.854878],[20.806202,-18.031405],[21.161323,-17.930636],[21.386839,-18.014455],[24.220464,-17.4795],[25.036952,-17.5812],[25.259781,-17.794107],[24.953339,-17.788422],[24.564423,-18.052799],[24.350586,-17.95606],[23.609856,-18.477682],[23.292769,-17.998952],[20.975081,-18.319346],[20.984796,-21.963981],[19.978346,-22.000671],[19.981653,-28.422347],[19.568759,-28.531177],[19.120207,-28.957508],[18.745656,-28.839892],[18.166467,-28.901904],[17.582937,-28.680212],[17.403619,-28.704293],[17.345742,-28.22763],[17.21314,-28.232074],[17.076404,-28.026815],[16.892953,-28.082626],[16.740404,-28.480948],[16.487071,-28.572931]]]}},{"type":"Feature","properties":{"name":"South Africa","ISO3166-1-Alpha-3":"ZAF","ISO3166-1-Alpha-2":"ZA"},"geometry":{"type":"MultiPolygon","coordinates":[[[[19.981447,-24.752493],[20.364886,-25.0332],[20.656547,-25.467798],[20.841446,-26.131324],[20.605284,-26.493265],[20.690757,-26.891794],[20.907695,-26.800017],[21.664548,-26.863062],[21.780613,-26.678164],[22.057702,-26.617599],[22.248285,-26.346918],[22.545114,-26.207391],[22.719367,-25.984253],[22.844631,-25.481131],[23.030666,-25.299437],[23.45927,-25.282177],[23.924772,-25.629236],[24.183464,-25.625928],[24.664985,-25.823332],[25.458425,-25.711194],[25.587254,-25.61952],[25.868374,-24.748152],[26.404362,-24.632811],[26.839168,-24.265598],[26.96717,-23.718706],[27.127419,-23.525023],[27.548892,-23.360795],[27.608009,-23.216721],[27.753634,-23.220752],[28.301817,-22.603839],[28.912529,-22.453667],[29.038723,-22.223914],[29.661424,-22.126452],[30.334975,-22.344733],[31.152599,-22.316414],[31.288922,-22.39734],[31.536349,-23.156983],[31.527615,-23.45681],[31.850438,-23.930631],[31.986554,-24.423108],[31.995752,-25.636884],[31.891882,-25.983839],[31.401473,-25.735999],[31.119836,-25.910045],[30.804559,-26.397457],[30.80244,-26.808905],[30.880213,-26.772215],[31.141954,-27.196478],[31.52653,-27.31089],[31.96826,-27.316264],[31.990068,-26.808285],[32.893077,-26.846124],[32.865245,-27.017348],[32.3921,-28.535333],[32.012055,-28.866469],[31.769054,-28.922296],[31.365001,-29.332615],[30.062755,-31.238702],[29.411632,-31.677504],[28.548595,-32.562433],[27.100922,-33.525323],[26.476085,-33.764255],[25.785411,-33.743585],[25.634044,-33.855157],[25.69752,-34.034926],[24.952891,-33.985121],[24.834158,-34.205662],[23.635509,-33.979669],[23.386892,-34.031183],[23.408376,-34.11004],[22.583669,-33.994073],[22.1692,-34.083185],[21.788748,-34.38128],[20.913422,-34.360447],[20.805186,-34.398045],[20.841075,-34.46502],[20.482677,-34.470473],[20.015636,-34.818943],[19.653168,-34.774102],[19.296886,-34.617771],[19.360199,-34.500421],[19.119314,-34.400567],[19.139903,-34.294366],[18.817638,-34.376886],[18.800059,-34.089532],[18.478363,-34.106866],[18.470063,-34.347426],[18.316254,-34.157485],[18.484386,-33.843927],[17.843028,-32.823337],[17.967459,-32.703546],[18.118826,-32.773045],[18.296397,-32.608575],[18.276866,-31.892673],[17.281993,-30.347752],[16.824067,-29.101007],[16.469981,-28.62005],[16.740404,-28.480948],[16.892953,-28.082626],[17.076404,-28.026815],[17.21314,-28.232074],[17.345742,-28.22763],[17.403619,-28.704293],[17.582937,-28.680212],[18.166467,-28.901904],[18.745656,-28.839892],[19.120207,-28.957508],[19.568759,-28.531177],[19.981653,-28.422347],[19.981447,-24.752493]],[[28.980846,-28.909035],[28.634303,-28.570761],[28.154953,-28.70233],[28.013566,-28.878443],[27.747432,-28.908622],[27.350247,-29.480267],[27.002155,-29.666508],[27.381357,-30.142655],[27.366164,-30.311017],[27.743608,-30.600302],[28.078782,-30.658799],[28.200635,-30.282492],[28.383879,-30.144205],[29.144246,-29.919723],[29.113757,-29.750121],[29.435908,-29.342394],[29.311781,-29.089799],[28.980846,-28.909035]]],[[[37.662446,-46.828546],[37.895763,-46.889907],[37.602061,-46.948663],[37.662446,-46.828546]]],[[[37.861095,-46.636163],[37.900401,-46.599705],[37.97641,-46.644708],[37.861095,-46.636163]]]]}},{"type":"Feature","properties":{"name":"Libya","ISO3166-1-Alpha-3":"LBY","ISO3166-1-Alpha-2":"LY"},"geometry":{"type":"Polygon","coordinates":[[[11.505112,33.181225],[12.348318,32.832668],[13.351736,32.904242],[14.185313,32.714504],[14.469493,32.519029],[15.181977,32.395494],[15.364513,32.174709],[15.490408,31.664862],[15.761485,31.388129],[17.848643,30.923651],[19.056814,30.266181],[19.616384,30.421373],[20.099864,30.935004],[20.146658,31.216783],[19.917247,31.759223],[20.071544,32.176418],[20.562673,32.557847],[21.62322,32.936754],[22.149587,32.947943],[23.10613,32.639838],[23.080577,32.334052],[23.312185,32.162746],[25.017914,31.949042],[25.156261,31.663072],[24.848953,31.34863],[24.994887,30.785099],[24.688343,30.144156],[24.981245,29.181372],[24.976801,19.995964],[23.981306,19.995421],[23.981306,19.496124],[15.985101,23.44472],[14.216217,22.616295],[13.482257,23.179672],[11.968861,23.517351],[11.50863,24.313814],[10.720668,24.552301],[10.410506,24.473288],[10.260335,24.576641],[10.032028,24.856339],[10.007947,25.331426],[9.377804,26.168946],[9.482604,26.352553],[9.854571,26.524377],[9.910588,26.843117],[9.721866,27.308463],[9.93591,27.866724],[9.776953,28.267578],[9.826149,29.128533],[9.667709,29.608323],[9.286544,30.117129],[9.871314,30.355151],[10.192225,30.731252],[10.270153,30.915633],[10.106235,31.429194],[10.263952,31.680496],[10.498873,31.744317],[10.605946,31.953606],[10.873217,32.136696],[11.546354,32.434275],[11.449926,32.637957],[11.505112,33.181225]]]}},{"type":"Feature","properties":{"name":"Zambia","ISO3166-1-Alpha-3":"ZMB","ISO3166-1-Alpha-2":"ZM"},"geometry":{"type":"Polygon","coordinates":[[[32.920863,-9.4079],[32.986906,-9.628455],[33.175422,-9.602307],[33.343473,-9.83144],[33.304096,-10.063777],[33.533281,-10.231209],[33.674203,-10.577028],[33.232576,-10.883262],[33.390912,-11.164795],[33.230302,-11.416563],[33.314018,-11.7722],[33.25273,-12.139516],[33.349468,-12.327929],[33.527131,-12.355627],[33.350398,-12.532671],[33.024836,-12.612666],[32.941121,-12.769865],[32.998171,-13.202449],[32.813066,-13.528217],[32.663308,-13.596327],[32.999825,-14.050459],[33.140282,-13.924989],[33.202707,-14.013872],[30.214465,-14.981462],[30.410371,-15.630414],[29.587217,-15.655736],[28.932373,-15.963727],[28.761117,-16.532271],[27.816886,-16.959636],[27.11543,-17.882163],[26.700003,-18.069232],[26.211919,-17.882783],[25.924495,-17.998952],[25.681409,-17.81147],[25.335538,-17.841235],[25.036952,-17.5812],[24.684415,-17.49242],[24.220464,-17.4795],[23.381652,-17.641144],[22.108138,-16.54395],[21.981531,-16.144285],[21.979878,-13.001479],[24.000633,-13.001479],[23.865654,-12.789709],[24.030812,-12.385083],[23.954641,-11.636911],[24.061714,-11.406951],[23.967457,-10.872307],[24.114218,-10.919229],[24.124243,-11.043252],[24.370533,-11.1002],[24.392237,-11.279104],[24.285473,-11.381216],[24.446497,-11.463589],[25.31032,-11.194768],[25.344943,-11.642182],[25.49558,-11.776541],[25.621464,-11.728895],[25.981132,-11.903045],[26.717418,-12.013012],[26.947688,-11.909143],[27.023756,-11.59557],[27.180129,-11.569629],[27.234182,-11.809097],[27.420734,-11.921959],[27.638189,-12.293615],[27.856676,-12.262403],[28.42274,-12.521302],[28.542836,-12.885621],[28.707994,-12.889755],[28.993971,-13.395925],[29.184141,-13.436853],[29.574401,-13.225393],[29.669176,-13.281204],[29.617396,-13.421247],[29.767154,-13.458351],[29.799297,-12.154089],[29.474252,-12.242662],[29.499677,-12.453089],[29.035106,-12.378882],[28.751092,-11.992238],[28.507851,-11.872763],[28.355664,-11.518159],[28.699622,-10.643174],[28.569915,-10.219633],[28.698486,-9.791959],[28.515964,-9.378341],[28.35246,-9.271991],[28.893099,-8.765769],[28.889172,-8.483099],[30.752107,-8.194124],[31.03364,-8.600301],[31.353311,-8.587175],[31.672671,-8.913047],[31.936634,-8.93258],[31.938081,-9.061771],[32.423426,-9.143834],[32.920863,-9.4079]]]}},{"type":"Feature","properties":{"name":"Sierra Leone","ISO3166-1-Alpha-3":"SLE","ISO3166-1-Alpha-2":"SL"},"geometry":{"type":"MultiPolygon","coordinates":[[[[-10.282236,8.484625],[-10.320942,8.183119],[-10.612138,8.031862],[-10.615187,7.769036],[-11.317211,7.213566],[-11.476186,6.91942],[-12.506581,7.389838],[-12.369456,7.389838],[-12.489247,7.445054],[-12.428334,7.533596],[-12.183827,7.602729],[-12.463735,7.561998],[-12.543935,7.653551],[-12.451975,7.774075],[-12.601877,7.683783],[-12.937856,7.886379],[-12.821278,7.917426],[-12.875885,8.103013],[-12.972076,8.253852],[-13.16393,8.171291],[-13.286773,8.50023],[-13.033559,8.376695],[-13.116119,8.472968],[-12.8697,8.569159],[-12.875885,8.685207],[-13.061838,8.583197],[-13.026723,8.651068],[-13.157704,8.670966],[-13.162424,8.517646],[-13.240224,8.825832],[-12.985707,8.857123],[-13.13036,8.864081],[-13.075103,8.939114],[-13.266957,8.952094],[-13.301096,9.04149],[-13.115913,9.043945],[-12.957912,9.272433],[-12.764152,9.347673],[-12.472335,9.881258],[-11.247293,9.993396],[-10.831763,9.392141],[-10.675132,9.306461],[-10.746342,9.083814],[-10.594103,9.0541],[-10.599684,8.81538],[-10.481862,8.672469],[-10.735283,8.287299],[-10.282236,8.484625]]],[[[-12.492991,7.56802],[-12.549672,7.389635],[-12.95165,7.575426],[-12.621409,7.639716],[-12.492991,7.56802]]]]}},{"type":"Feature","properties":{"name":"Guinea","ISO3166-1-Alpha-3":"GIN","ISO3166-1-Alpha-2":"GN"},"geometry":{"type":"Polygon","coordinates":[[[-13.301096,9.04149],[-13.157704,9.185492],[-13.259511,9.196357],[-13.232818,9.267401],[-13.315297,9.182074],[-13.301096,9.356838],[-13.407786,9.287014],[-13.486684,9.569078],[-13.726226,9.511054],[-13.561106,9.788235],[-13.651194,9.842841],[-13.728912,9.744086],[-13.685292,9.946479],[-13.842844,9.860785],[-14.058339,10.025295],[-13.999908,10.199693],[-14.153188,10.05565],[-14.137766,10.179185],[-14.222401,10.106106],[-14.452545,10.214586],[-14.535024,10.508205],[-14.657786,10.47956],[-14.500234,10.891099],[-14.699818,10.643134],[-14.651357,10.809963],[-14.760325,10.699368],[-14.740468,10.871894],[-14.808705,10.823472],[-14.819732,10.912014],[-14.68517,11.063666],[-14.843495,10.967475],[-14.918568,11.028957],[-14.959584,10.768256],[-15.079457,10.85871],[-14.711061,11.497568],[-14.289692,11.66885],[-13.729932,11.709829],[-13.723938,12.002783],[-13.972527,12.151559],[-13.695025,12.292946],[-13.728279,12.673388],[-13.076458,12.635922],[-13.051989,12.472263],[-12.913135,12.536342],[-12.36092,12.305607],[-12.103985,12.407357],[-11.481646,12.428235],[-11.388628,12.384465],[-11.507794,12.191608],[-11.334678,12.026192],[-11.191173,12.01441],[-10.952117,12.219462],[-10.711357,11.890386],[-10.26694,12.217808],[-9.722994,12.025417],[-9.628167,12.170163],[-9.336816,12.269846],[-9.412573,12.455365],[-9.265864,12.495207],[-8.975907,12.368704],[-8.994278,12.224836],[-8.79783,11.925113],[-8.847233,11.657946],[-8.375324,11.367654],[-8.70073,10.978452],[-8.326593,11.02385],[-8.284425,10.511246],[-7.971214,10.281802],[-8.173837,9.941875],[-8.157611,9.530866],[-8.054051,9.389092],[-7.865381,9.409918],[-7.929563,9.183885],[-7.746783,9.07645],[-7.931837,8.996558],[-7.96894,8.812848],[-7.696812,8.624849],[-7.662447,8.374865],[-7.823833,8.477856],[-8.248872,8.453568],[-8.265977,8.245984],[-8.003305,8.184049],[-7.962636,8.015171],[-8.069089,8.029278],[-8.200244,7.576335],[-8.485446,7.557989],[-8.686571,7.694364],[-8.857827,7.273046],[-9.125407,7.190208],[-9.234341,7.381308],[-9.490708,7.376037],[-9.355471,7.741906],[-9.530137,8.185496],[-9.499131,8.343471],[-9.67726,8.39153],[-9.773585,8.563018],[-10.061681,8.422174],[-10.147981,8.524287],[-10.374737,8.49478],[-10.554364,8.311845],[-10.735283,8.287299],[-10.481862,8.672469],[-10.599684,8.81538],[-10.594103,9.0541],[-10.746342,9.083814],[-10.675132,9.306461],[-10.831763,9.392141],[-11.199596,9.982157],[-11.910095,9.992518],[-12.141347,9.874876],[-12.472335,9.881258],[-12.764152,9.347673],[-12.957912,9.272433],[-13.115913,9.043945],[-13.301096,9.04149]]]}},{"type":"Feature","properties":{"name":"Liberia","ISO3166-1-Alpha-3":"LBR","ISO3166-1-Alpha-2":"LR"},"geometry":{"type":"Polygon","coordinates":[[[-11.476186,6.91942],[-11.317211,7.213566],[-10.615187,7.769036],[-10.612138,8.031862],[-10.320942,8.183119],[-10.282236,8.484625],[-10.091085,8.510102],[-10.061681,8.422174],[-9.773585,8.563018],[-9.67726,8.39153],[-9.499131,8.343471],[-9.530137,8.185496],[-9.355471,7.741906],[-9.490708,7.376037],[-9.234341,7.381308],[-9.125407,7.190208],[-8.91219,7.250153],[-8.686571,7.694364],[-8.567405,7.688214],[-8.284115,7.017867],[-8.337497,6.777262],[-8.61872,6.492835],[-8.418267,6.451209],[-8.411807,6.340028],[-7.91437,6.271737],[-7.786626,5.958165],[-7.446543,5.845949],[-7.389751,5.317144],[-7.6055,4.897428],[-7.540666,4.352845],[-8.257314,4.579983],[-9.10497,5.031562],[-10.333567,6.136054],[-10.788319,6.292955],[-10.759389,6.404202],[-11.353179,6.701158],[-11.476186,6.91942]]]}},{"type":"Feature","properties":{"name":"Central African Republic","ISO3166-1-Alpha-3":"CAF","ISO3166-1-Alpha-2":"CF"},"geometry":{"type":"Polygon","coordinates":[[[22.861064,10.919154],[23.644789,9.863068],[23.63218,9.277574],[23.435706,9.018934],[23.567481,8.974828],[23.505262,8.710736],[24.217674,8.691512],[24.152872,8.317891],[24.800171,8.180277],[25.059173,7.896108],[25.216889,7.864069],[25.279418,7.659482],[25.190431,7.501197],[26.026091,6.99668],[26.091203,6.830334],[26.378007,6.65329],[26.27021,6.465653],[26.508955,6.205462],[26.424826,6.072447],[27.123801,5.768745],[27.261054,5.577593],[27.264465,5.260145],[27.441301,5.070725],[27.073675,5.203327],[26.867073,5.037549],[26.502547,5.047471],[26.198276,5.238389],[25.910852,5.170099],[25.543743,5.37528],[25.36365,5.310556],[25.307633,5.032278],[24.730614,4.917505],[24.396371,5.122298],[24.259222,4.929881],[23.588048,4.73395],[23.414519,4.590832],[22.898374,4.823583],[22.59245,4.473707],[22.510491,4.19127],[22.303269,4.128716],[21.737308,4.293382],[21.210932,4.291574],[20.871521,4.453373],[20.580273,4.415003],[20.338944,4.771906],[19.82466,5.096977],[19.408975,5.130386],[19.08331,4.90934],[18.753304,4.400611],[18.541948,4.327851],[18.646541,4.045982],[18.626387,3.476869],[18.472081,3.632053],[18.181556,3.477386],[17.458913,3.708276],[17.009225,3.538131],[16.639428,3.528597],[16.465485,3.156501],[16.479128,2.836314],[16.179715,2.246996],[16.055381,2.93977],[15.78563,3.107977],[15.084898,3.885836],[15.025987,4.026086],[15.189801,4.063112],[14.993947,4.413298],[14.717272,4.622019],[14.658877,5.164544],[14.519868,5.290583],[14.617433,5.864966],[14.387266,6.039038],[14.772255,6.318323],[15.223908,7.247517],[15.481049,7.523263],[15.92526,7.488175],[16.370814,7.672504],[16.548685,7.870012],[16.782365,7.541143],[17.639884,7.985043],[18.589283,8.047882],[19.124135,8.675079],[18.869783,8.849409],[19.021919,8.985215],[20.435166,9.138126],[20.541826,9.321629],[20.82615,9.418083],[21.256924,9.975749],[21.374333,9.973113],[21.513239,10.200515],[21.718808,10.296634],[21.722632,10.636716],[22.447136,10.99827],[22.861064,10.919154]]]}},{"type":"Feature","properties":{"name":"Djibouti","ISO3166-1-Alpha-3":"DJI","ISO3166-1-Alpha-2":"DJ"},"geometry":{"type":"Polygon","coordinates":[[[43.240733,11.48786],[42.873279,10.978246],[42.615621,11.08966],[41.937522,10.929825],[41.761306,10.996203],[41.792415,11.704455],[42.430929,12.520322],[42.678252,12.360022],[42.868835,12.626155],[43.117686,12.707913],[43.329356,12.488756],[43.377126,12.004828],[42.777192,11.732245],[42.667979,11.568549],[42.515147,11.574123],[42.60377,11.46776],[43.151866,11.611762],[43.240733,11.48786]]]}},{"type":"Feature","properties":{"name":"Ivory Coast","ISO3166-1-Alpha-3":"CIV","ISO3166-1-Alpha-2":"CI"},"geometry":{"type":"MultiPolygon","coordinates":[[[[-7.989663,10.161991],[-7.829001,10.211652],[-7.664411,10.437142],[-7.501475,10.458639],[-7.363396,10.252192],[-7.015769,10.140881],[-6.96125,10.344874],[-6.668916,10.361022],[-6.669175,10.654157],[-6.445984,10.552251],[-6.427019,10.686093],[-6.25597,10.726478],[-6.180574,10.420218],[-6.240002,10.251933],[-6.015933,10.18987],[-5.87806,10.37606],[-5.594047,10.453937],[-5.402534,10.300561],[-5.135677,10.304282],[-4.966075,9.901025],[-4.681079,9.682072],[-4.509953,9.745065],[-4.371175,9.582956],[-4.150259,9.818291],[-3.755037,9.93588],[-3.301732,9.841132],[-3.21476,9.915623],[-2.810418,9.411106],[-2.689211,9.488724],[-2.661151,9.253907],[-2.774839,9.054978],[-2.619448,8.923617],[-2.506328,8.209267],[-2.790626,7.943289],[-2.972811,7.214961],[-3.224941,6.849402],[-3.262509,6.617142],[-3.029759,5.704252],[-2.785588,5.595034],[-2.766622,5.16103],[-3.13915,5.14232],[-3.146067,5.368842],[-3.262074,5.340888],[-3.312164,5.11994],[-4.001943,5.266506],[-3.728871,5.266506],[-3.804921,5.375963],[-3.743967,5.273993],[-3.906321,5.348375],[-3.989084,5.26911],[-4.687164,5.231676],[-4.673451,5.313625],[-4.808583,5.180487],[-3.995758,5.231676],[-4.892649,5.128648],[-5.321523,5.230211],[-5.398997,5.141995],[-5.228424,5.204413],[-5.002431,5.128648],[-5.851308,5.029975],[-6.903147,4.662014],[-7.456776,4.344062],[-7.573771,4.375393],[-7.575786,5.072069],[-7.389751,5.317144],[-7.446543,5.845949],[-7.786626,5.958165],[-7.91437,6.271737],[-8.411807,6.340028],[-8.418267,6.451209],[-8.61872,6.492835],[-8.351759,6.755351],[-8.286647,6.993786],[-8.485446,7.557989],[-8.228976,7.544295],[-8.069089,8.029278],[-7.962636,8.015171],[-8.003305,8.184049],[-8.265977,8.245984],[-8.254401,8.446514],[-7.970542,8.49695],[-7.662447,8.374865],[-7.696812,8.624849],[-7.96894,8.812848],[-7.931837,8.996558],[-7.746783,9.07645],[-7.929563,9.183885],[-7.865381,9.409918],[-8.054051,9.389092],[-8.157611,9.530866],[-8.173837,9.941875],[-7.989663,10.161991]]],[[[-3.115305,5.107815],[-3.253285,5.149604],[-3.184967,5.13227],[-3.115305,5.107815]]]]}},{"type":"Feature","properties":{"name":"Mali","ISO3166-1-Alpha-3":"MLI","ISO3166-1-Alpha-2":"ML"},"geometry":{"type":"Polygon","coordinates":[[[-12.26413,14.774939],[-12.070395,14.734399],[-11.820385,14.89997],[-11.845655,15.179075],[-11.727057,15.541171],[-11.524382,15.643465],[-10.915169,15.102904],[-10.725361,15.433064],[-10.067624,15.364748],[-9.42389,15.440532],[-9.356453,15.697854],[-9.349218,15.495644],[-5.510951,15.494197],[-5.353286,16.311977],[-5.623347,16.527829],[-6.593107,24.994134],[-4.821613,24.995065],[1.146524,21.101711],[1.154585,20.738787],[1.559729,20.597504],[1.778113,20.304291],[2.071222,20.213263],[2.200826,20.273906],[2.400401,20.056555],[3.198802,19.820523],[3.260813,19.388327],[3.10413,19.135526],[3.284895,18.995741],[4.22861,19.142244],[4.183961,16.416053],[3.871215,15.714804],[3.526534,15.495954],[3.507103,15.353973],[3.03354,15.42645],[3.000158,15.339117],[1.331526,15.283616],[0.973718,14.991257],[0.670067,14.939735],[0.221257,14.995933],[0.218467,14.910977],[-0.236699,15.065619],[-0.425732,15.0026],[-0.719719,15.078461],[-1.69692,14.496119],[-1.997057,14.470694],[-2.035918,14.181229],[-2.46168,14.280912],[-2.597382,14.222311],[-2.867288,14.000542],[-2.895245,13.651648],[-3.286952,13.69777],[-3.248634,13.292781],[-3.448544,13.265781],[-3.449475,13.16881],[-3.971613,13.386755],[-3.981251,13.49897],[-4.351073,13.118322],[-4.211883,12.819193],[-4.257642,12.72093],[-4.485251,12.714677],[-4.406135,12.307467],[-4.761281,12.006607],[-5.412352,11.82853],[-5.28714,11.758922],[-5.218307,11.422198],[-5.332512,11.12157],[-5.504233,11.072684],[-5.48165,10.535327],[-5.522578,10.425489],[-5.87806,10.37606],[-6.015933,10.18987],[-6.240002,10.251933],[-6.180574,10.420218],[-6.25597,10.726478],[-6.427019,10.686093],[-6.445984,10.552251],[-6.669175,10.654157],[-6.668916,10.361022],[-6.96125,10.344874],[-7.015769,10.140881],[-7.363396,10.252192],[-7.501475,10.458639],[-7.664411,10.437142],[-7.829001,10.211652],[-7.989663,10.161991],[-7.996277,10.32826],[-8.295535,10.537446],[-8.326593,11.02385],[-8.696234,10.962743],[-8.375324,11.367654],[-8.847233,11.657946],[-8.819793,12.012653],[-8.922112,12.045364],[-8.975907,12.368704],[-9.147318,12.465493],[-9.398155,12.473245],[-9.336816,12.269846],[-9.628167,12.170163],[-9.722994,12.025417],[-10.26694,12.217808],[-10.711357,11.890386],[-10.952117,12.219462],[-11.191173,12.01441],[-11.334678,12.026192],[-11.507794,12.191608],[-11.388628,12.384465],[-11.467797,12.543525],[-11.388835,12.970553],[-11.613111,13.360813],[-11.741217,13.407813],[-11.828136,13.307277],[-12.097629,13.70441],[-11.962908,13.829467],[-11.997583,14.166165],[-12.22173,14.391242],[-12.165015,14.641872],[-12.26413,14.774939]]]}},{"type":"Feature","properties":{"name":"Senegal","ISO3166-1-Alpha-3":"SEN","ISO3166-1-Alpha-2":"SN"},"geometry":{"type":"Polygon","coordinates":[[[-12.26413,14.774939],[-12.165015,14.641872],[-12.22173,14.391242],[-11.997583,14.166165],[-11.962908,13.829467],[-12.097629,13.70441],[-11.828136,13.307277],[-11.741217,13.407813],[-11.613111,13.360813],[-11.393434,12.980811],[-11.467797,12.543525],[-11.388422,12.403895],[-12.103985,12.407357],[-12.36092,12.305607],[-12.913135,12.536342],[-13.051989,12.472263],[-13.091703,12.638196],[-15.195114,12.679434],[-15.677049,12.439294],[-16.22239,12.455055],[-16.728437,12.332531],[-16.800771,12.494452],[-16.579742,12.632799],[-15.644765,12.537258],[-15.509836,12.63581],[-15.534901,12.783026],[-15.391591,12.838202],[-15.549469,12.794338],[-15.641021,12.559475],[-15.913319,12.601223],[-16.022125,12.72899],[-16.370961,12.564521],[-16.501332,12.707913],[-16.508168,12.625393],[-16.634674,12.669379],[-16.596913,12.797309],[-16.754628,12.572211],[-16.698964,12.736396],[-16.796213,12.715318],[-16.802968,12.814032],[-16.708407,13.156692],[-15.833318,13.156847],[-15.818694,13.333528],[-15.277073,13.380296],[-15.13765,13.589973],[-14.368834,13.235705],[-13.900568,13.314563],[-13.818713,13.429362],[-13.988495,13.579146],[-14.365553,13.454839],[-14.542596,13.640822],[-14.74093,13.615449],[-14.879268,13.780581],[-15.07631,13.818951],[-15.394069,13.771512],[-15.518195,13.5831],[-16.561399,13.586914],[-16.508901,13.74022],[-16.598866,13.654202],[-16.62975,13.760484],[-16.48705,13.804633],[-16.48705,14.002631],[-16.700063,13.769029],[-16.746816,13.951361],[-16.364735,14.167792],[-16.468739,14.193834],[-16.654164,14.002753],[-16.721059,14.016303],[-16.652252,14.099514],[-16.727895,14.064683],[-16.775054,13.838813],[-16.956532,14.390123],[-17.22411,14.690416],[-17.417388,14.737698],[-17.439809,14.653754],[-17.536041,14.757392],[-17.172963,14.900824],[-16.878245,15.2331],[-16.534291,15.784369],[-16.295099,16.510621],[-15.672191,16.481372],[-14.974301,16.691385],[-14.406635,16.660793],[-13.835766,16.120568],[-13.484934,16.154984],[-13.237844,15.62344],[-12.96432,15.509158],[-12.828049,15.283874],[-12.888356,15.250879],[-12.26413,14.774939]]]}},{"type":"Feature","properties":{"name":"Nigeria","ISO3166-1-Alpha-3":"NGA","ISO3166-1-Alpha-2":"NG"},"geometry":{"type":"MultiPolygon","coordinates":[[[[3.5964,11.695773],[3.66699,11.759697],[3.641565,12.517997],[4.088773,12.996236],[4.125774,13.472977],[4.506732,13.694669],[5.227618,13.741333],[5.521761,13.880291],[6.368944,13.626275],[6.937127,12.995409],[7.823997,13.345285],[8.105117,13.299654],[8.679346,12.923579],[9.590298,12.80139],[10.119775,13.250097],[10.674986,13.375102],[11.440004,13.364431],[12.057641,13.116772],[12.472706,13.064165],[12.842296,13.489126],[13.228112,13.548037],[13.329915,13.709423],[13.607314,13.7041],[14.064908,13.077988],[14.188932,12.370409],[14.487105,12.337801],[14.669936,12.167424],[14.541882,11.709829],[14.605754,11.514725],[14.165471,11.238333],[13.98233,11.276264],[13.75485,11.016719],[13.538791,10.62142],[13.434921,10.153412],[13.230179,10.045331],[13.195453,9.542209],[12.855422,9.378111],[12.772946,8.759053],[12.557972,8.605677],[12.368836,8.609579],[12.403873,8.496537],[12.227036,8.386311],[12.192103,7.960652],[12.021054,7.576231],[11.736627,7.263279],[11.872226,7.079362],[11.561754,6.876067],[11.533435,6.645099],[11.369828,6.455757],[11.113512,6.434001],[11.036721,6.740546],[10.578661,7.130832],[10.495979,6.874672],[10.210828,6.879168],[10.142926,7.007687],[9.788529,6.794754],[9.693031,6.531308],[8.855872,5.847499],[8.903932,5.595086],[8.798925,5.159635],[8.529796,4.708889],[8.181651,4.991441],[8.353526,4.648871],[8.288585,4.54857],[7.558442,4.525336],[7.54477,4.711005],[7.501964,4.572699],[7.281016,4.601142],[7.281016,4.504869],[7.071788,4.758124],[7.184581,4.519029],[7.043956,4.436591],[6.962657,4.730862],[6.969493,4.374579],[6.868663,4.399848],[6.715587,4.834459],[6.870779,4.360785],[6.715587,4.354682],[6.736095,4.607896],[6.687673,4.336575],[6.550466,4.504869],[6.569591,4.334906],[6.270518,4.292629],[6.33253,4.436591],[6.263031,4.395657],[6.236339,4.498033],[6.222667,4.300035],[6.112804,4.272162],[6.088715,4.411119],[6.061778,4.295233],[5.988617,4.416083],[5.889903,4.368842],[5.475434,4.84748],[5.385997,5.125556],[5.49586,5.14232],[5.365571,5.163479],[5.34018,5.34394],[5.577891,5.381985],[5.533946,5.476386],[5.639903,5.540188],[5.433849,5.395575],[5.198009,5.501451],[5.22283,5.581204],[5.509613,5.590644],[5.32602,5.605414],[5.337576,5.724555],[5.280284,5.617499],[5.129161,5.628119],[5.102712,5.793199],[5.290375,5.910102],[5.044688,5.767483],[4.747813,6.138861],[4.405528,6.358873],[3.384939,6.444525],[3.844005,6.610826],[3.51531,6.527086],[3.481212,6.6022],[3.384532,6.397691],[2.703841,6.368352],[2.792315,7.477633],[2.671082,7.897917],[2.769164,9.057045],[3.076019,9.095157],[3.132553,9.457279],[3.33161,9.652022],[3.325926,9.801728],[3.589476,9.948825],[3.667507,10.146565],[3.572422,10.285704],[3.652107,10.435798],[3.772513,10.407635],[3.837419,10.599897],[3.722077,11.112346],[3.468449,11.419485],[3.5964,11.695773]]],[[[7.541026,4.484442],[7.499034,4.454495],[7.356212,4.483303],[7.541026,4.484442]]],[[[7.274181,4.491889],[7.29835,4.41474],[7.138031,4.39704],[7.274181,4.491889]]]]}},{"type":"Feature","properties":{"name":"Benin","ISO3166-1-Alpha-3":"BEN","ISO3166-1-Alpha-2":"BJ"},"geometry":{"type":"Polygon","coordinates":[[[3.5964,11.695773],[3.468449,11.419485],[3.722077,11.112346],[3.837419,10.599897],[3.772513,10.407635],[3.652107,10.435798],[3.572422,10.285704],[3.667507,10.146565],[3.589476,9.948825],[3.325926,9.801728],[3.33161,9.652022],[3.132553,9.457279],[3.076019,9.095157],[2.769164,9.057045],[2.671082,7.897917],[2.792315,7.477633],[2.703841,6.368352],[1.61964,6.213894],[1.782351,6.277267],[1.566033,6.678146],[1.531927,6.991926],[1.625668,6.996783],[1.601173,9.049526],[1.326358,9.521952],[1.331009,9.996471],[0.768769,10.367094],[0.781275,10.693044],[0.901474,10.992741],[0.981366,11.080126],[1.114174,11.027674],[1.135568,11.260115],[1.330389,11.288847],[1.439633,11.473771],[1.601587,11.388686],[1.983372,11.414007],[2.273587,11.652055],[2.456728,11.979063],[2.36123,12.218894],[2.495072,12.283231],[2.844301,12.399244],[3.5964,11.695773]]]}},{"type":"Feature","properties":{"name":"Angola","ISO3166-1-Alpha-3":"AGO","ISO3166-1-Alpha-2":"AO"},"geometry":{"type":"MultiPolygon","coordinates":[[[[13.073703,-4.635323],[12.444387,-5.055091],[12.530687,-5.162681],[12.508983,-5.726264],[12.210541,-5.763442],[12.147227,-5.617934],[12.229259,-5.466892],[12.023123,-5.045994],[12.137054,-5.014996],[12.009608,-5.019631],[12.187555,-4.768028],[12.321914,-4.778157],[12.387026,-4.605454],[12.623808,-4.559255],[12.761681,-4.391204],[13.073703,-4.635323]]],[[[23.967457,-10.872307],[24.061714,-11.406951],[23.954641,-11.636911],[24.030812,-12.385083],[23.865654,-12.789709],[24.000633,-13.001479],[21.979878,-13.001479],[21.983805,-16.165886],[22.15165,-16.597694],[23.381652,-17.641144],[21.386839,-18.014455],[21.161323,-17.930636],[20.806202,-18.031405],[20.336154,-17.854878],[18.89004,-17.799274],[18.453581,-17.389893],[13.980573,-17.423587],[13.479776,-17.010278],[13.166307,-16.951057],[12.56717,-17.234554],[12.08813,-17.139159],[11.757986,-17.23919],[11.821951,-16.479099],[11.735525,-15.85711],[11.992035,-15.617283],[12.145274,-15.168634],[12.328787,-14.092218],[12.502452,-13.855239],[12.51531,-13.425958],[12.944835,-12.982354],[12.939464,-12.816664],[13.178559,-12.601739],[13.392914,-12.570408],[13.639822,-12.248712],[13.792247,-11.790948],[13.846528,-11.113702],[13.771739,-10.677911],[13.527599,-10.406508],[12.996349,-9.093845],[13.086436,-8.892348],[13.013031,-9.083754],[13.224132,-8.773858],[13.380138,-8.75506],[13.378917,-8.347101],[12.849963,-7.265919],[12.833507,-6.912286],[12.550632,-6.632639],[12.290294,-6.096612],[12.817431,-6.03175],[13.184911,-5.856386],[16.515095,-5.887081],[16.726762,-6.189182],[16.706091,-6.465031],[16.973155,-7.014765],[16.945663,-7.204624],[17.600197,-8.098523],[18.098151,-8.109271],[18.120372,-8.022455],[18.516523,-7.932228],[19.355542,-8.001991],[19.355645,-7.57411],[19.513155,-7.479439],[19.521836,-7.001949],[20.611486,-6.915959],[20.520535,-7.286376],[21.784954,-7.283379],[21.860918,-7.469827],[21.753948,-7.99734],[21.943911,-8.455917],[21.791982,-9.406143],[21.878902,-9.657084],[22.159918,-9.931486],[22.313397,-10.368565],[22.319495,-10.761306],[22.165499,-10.85236],[22.23764,-11.249545],[22.500983,-11.042426],[23.014336,-11.102474],[23.455963,-10.960984],[23.833718,-11.028473],[23.967457,-10.872307]]],[[[11.725759,-16.618422],[11.738507,-16.705822],[11.701977,-16.500393],[11.725759,-16.618422]]]]}},{"type":"Feature","properties":{"name":"Botswana","ISO3166-1-Alpha-3":"BWA","ISO3166-1-Alpha-2":"BW"},"geometry":{"type":"Polygon","coordinates":[[[25.259781,-17.794107],[25.255026,-18.001122],[25.940721,-18.921273],[26.155488,-19.537153],[26.713904,-19.927413],[27.201781,-20.092984],[27.268392,-20.49575],[27.698133,-20.509083],[27.666611,-21.071219],[27.990415,-21.551913],[29.038723,-21.797893],[29.040532,-22.020929],[29.350074,-22.186707],[29.038723,-22.223914],[28.816825,-22.492941],[28.301817,-22.603839],[27.753634,-23.220752],[27.608009,-23.216721],[27.548892,-23.360795],[27.127419,-23.525023],[26.96717,-23.718706],[26.839168,-24.265598],[26.404362,-24.632811],[25.868374,-24.748152],[25.587254,-25.61952],[25.458425,-25.711194],[24.664985,-25.823332],[24.183464,-25.625928],[23.924772,-25.629236],[23.45927,-25.282177],[23.030666,-25.299437],[22.844631,-25.481131],[22.710479,-25.996862],[22.057702,-26.617599],[21.780613,-26.678164],[21.664548,-26.863062],[20.907695,-26.800017],[20.690757,-26.891794],[20.605284,-26.493265],[20.841446,-26.131324],[20.656547,-25.467798],[20.364886,-25.0332],[19.981447,-24.752493],[19.978346,-22.000671],[20.984796,-21.963981],[20.975081,-18.319346],[23.292769,-17.998952],[23.609856,-18.477682],[24.350586,-17.95606],[24.564423,-18.052799],[24.953339,-17.788422],[25.259781,-17.794107]]]}},{"type":"Feature","properties":{"name":"Zimbabwe","ISO3166-1-Alpha-3":"ZWE","ISO3166-1-Alpha-2":"ZW"},"geometry":{"type":"Polygon","coordinates":[[[25.259781,-17.794107],[25.681409,-17.81147],[25.924495,-17.998952],[26.211919,-17.882783],[26.700003,-18.069232],[27.021275,-17.958541],[27.816886,-16.959636],[28.808866,-16.486279],[28.932373,-15.963727],[29.587217,-15.655736],[30.396263,-15.635995],[30.402568,-16.001244],[31.259983,-16.023465],[31.404574,-16.162268],[31.710705,-16.217872],[31.910279,-16.428919],[32.290463,-16.45176],[32.731314,-16.708798],[32.968509,-16.681616],[32.828776,-16.935141],[33.021633,-17.345555],[32.927375,-17.972907],[33.042768,-18.352005],[32.870737,-18.535767],[32.902518,-18.774512],[32.69142,-18.83425],[32.681085,-18.954966],[32.855906,-19.083744],[32.763354,-19.463979],[32.819629,-19.674302],[32.943188,-19.64929],[33.032795,-19.784166],[33.007266,-20.032006],[32.671783,-20.531821],[32.481614,-20.603031],[32.491019,-20.936344],[32.339814,-21.134058],[32.447197,-21.313685],[31.288922,-22.39734],[30.83789,-22.282308],[30.334975,-22.344733],[29.758886,-22.130896],[29.356947,-22.190944],[29.040532,-22.020929],[29.038723,-21.797893],[27.990415,-21.551913],[27.666611,-21.071219],[27.698133,-20.509083],[27.268392,-20.49575],[27.201781,-20.092984],[26.713904,-19.927413],[26.155488,-19.537153],[25.940721,-18.921273],[25.255026,-18.001122],[25.259781,-17.794107]]]}},{"type":"Feature","properties":{"name":"Chad","ISO3166-1-Alpha-3":"TCD","ISO3166-1-Alpha-2":"TD"},"geometry":{"type":"Polygon","coordinates":[[[14.064908,13.077988],[13.607314,13.7041],[13.449494,14.439042],[13.657853,14.548725],[13.833915,15.019601],[14.368973,15.749634],[15.465547,16.89468],[15.736021,19.903541],[15.970322,20.336331],[15.570243,20.751913],[15.60931,20.95066],[15.18453,21.491196],[14.979909,22.995664],[15.985101,23.44472],[23.981306,19.496124],[23.984406,15.72116],[23.094642,15.704262],[22.906746,15.541404],[22.958009,15.201631],[22.658906,14.857415],[22.676579,14.688975],[22.363523,14.543532],[22.546355,14.139707],[22.074962,13.780323],[22.267612,13.334562],[21.964065,13.098349],[21.809449,12.793665],[21.935953,12.63954],[22.204877,12.743358],[22.445689,12.611066],[22.372825,12.463116],[22.458091,12.03043],[22.612397,12.072804],[22.541704,11.632986],[22.771871,11.403181],[22.914808,11.396101],[22.922352,11.087076],[22.861064,10.919154],[22.447136,10.99827],[21.722632,10.636716],[21.718808,10.296634],[21.513239,10.200515],[21.374333,9.973113],[21.256924,9.975749],[20.82615,9.418083],[20.541826,9.321629],[20.435166,9.138126],[19.021919,8.985215],[18.869783,8.849409],[19.124135,8.675079],[18.589283,8.047882],[17.639884,7.985043],[16.805516,7.543675],[16.61421,7.679584],[16.548685,7.870012],[16.370814,7.672504],[15.92526,7.488175],[15.481049,7.523263],[15.562905,7.792445],[15.440742,7.839419],[15.183703,8.479148],[14.349542,9.168356],[13.947603,9.637759],[14.181697,9.978178],[15.681244,9.991278],[15.131717,10.540701],[15.021233,11.182549],[15.110943,11.782899],[15.049448,12.084586],[14.898036,12.152799],[14.830753,12.618249],[14.554801,12.766896],[14.418169,13.081141],[14.064908,13.077988]]]}},{"type":"Feature","properties":{"name":"Algeria","ISO3166-1-Alpha-3":"DZA","ISO3166-1-Alpha-2":"DZ"},"geometry":{"type":"Polygon","coordinates":[[[-4.821613,24.995065],[-8.682385,27.285416],[-8.678768,28.692823],[-7.619453,29.389422],[-5.756156,29.614071],[-5.721212,29.523216],[-5.539503,29.523216],[-5.176083,29.97749],[-4.372368,30.508641],[-3.645529,30.711317],[-3.554674,30.955927],[-3.731421,31.176341],[-3.842836,31.170192],[-3.815189,31.337158],[-3.673484,31.389234],[-3.659507,31.647821],[-2.827836,31.794586],[-2.881189,32.076286],[-1.210335,32.08967],[-1.309554,32.167443],[-1.244131,32.356915],[-1.031999,32.4944],[-1.423345,32.742395],[-1.558789,32.93365],[-1.499516,33.060205],[-1.674234,33.237972],[-1.617338,33.554439],[-1.746788,33.702388],[-1.669635,34.079213],[-1.809626,34.372451],[-1.702966,34.479679],[-1.871121,34.596649],[-1.769526,34.741343],[-2.222564,35.089301],[-1.761138,35.129625],[-1.29483,35.364569],[-1.032948,35.682603],[-0.801666,35.773912],[-0.626454,35.722968],[-0.479482,35.890041],[-0.083079,35.794379],[0.342296,36.205959],[1.34669,36.544989],[2.600759,36.59634],[2.933116,36.80858],[3.480479,36.777248],[3.873871,36.917222],[4.78712,36.895413],[5.304373,36.643012],[6.197032,36.90233],[6.415782,37.092963],[6.948578,36.890041],[7.232921,36.966864],[7.222667,37.089789],[7.798595,36.993598],[7.773448,36.88996],[7.908458,36.849555],[8.233165,36.958075],[8.60251,36.939511],[8.641725,36.836357],[8.413109,36.783906],[8.430369,36.662621],[8.169919,36.525834],[8.357712,36.430387],[8.24144,35.827737],[8.294356,35.32508],[8.431299,35.241726],[8.300454,35.06768],[8.236479,34.647654],[7.831542,34.414386],[7.765293,34.244707],[7.517453,34.095026],[7.479832,33.893901],[7.724985,33.231409],[8.086824,33.094286],[8.282884,32.836369],[8.331253,32.527628],[9.045008,32.071842],[9.519708,30.228905],[9.286544,30.117129],[9.667709,29.608323],[9.826149,29.128533],[9.776953,28.267578],[9.934256,27.827398],[9.721349,27.291875],[9.896326,26.652793],[9.835761,26.504223],[9.482604,26.352553],[9.377804,26.168946],[10.007947,25.331426],[10.032028,24.856339],[10.242248,24.595115],[10.410506,24.473288],[10.699067,24.556125],[11.541393,24.29751],[11.968861,23.517351],[7.482726,20.872577],[5.794302,19.449796],[3.333057,18.975561],[3.10413,19.135526],[3.260813,19.388327],[3.198802,19.820523],[2.400401,20.056555],[2.200826,20.273906],[2.071222,20.213263],[1.778113,20.304291],[1.559729,20.597504],[1.154585,20.738787],[1.146524,21.101711],[-4.821613,24.995065]]]}},{"type":"Feature","properties":{"name":"Mozambique","ISO3166-1-Alpha-3":"MOZ","ISO3166-1-Alpha-2":"MZ"},"geometry":{"type":"MultiPolygon","coordinates":[[[[32.113884,-26.840014],[32.070579,-26.009781],[31.905835,-25.812997],[31.995752,-25.636884],[31.986554,-24.423108],[31.850438,-23.930631],[31.527615,-23.45681],[31.536349,-23.156983],[31.279103,-22.415323],[32.447197,-21.313685],[32.339814,-21.134058],[32.491019,-20.936344],[32.481614,-20.603031],[32.671783,-20.531821],[33.007266,-20.032006],[33.032795,-19.784166],[32.943188,-19.64929],[32.819629,-19.674302],[32.763354,-19.463979],[32.855906,-19.083744],[32.681085,-18.954966],[32.69142,-18.83425],[32.902518,-18.774512],[32.870737,-18.535767],[33.042768,-18.352005],[32.927375,-17.972907],[33.021633,-17.345555],[32.828776,-16.935141],[32.968509,-16.681616],[32.731314,-16.708798],[32.290463,-16.45176],[31.910279,-16.428919],[31.710705,-16.217872],[31.404574,-16.162268],[31.259983,-16.023465],[30.402568,-16.001244],[30.392852,-15.480759],[30.214465,-14.981462],[33.202707,-14.013872],[33.64485,-14.601743],[33.720401,-14.489709],[34.344084,-14.387389],[34.51813,-14.607428],[34.569083,-15.27116],[34.233186,-15.88983],[34.404546,-16.059742],[34.426456,-16.273889],[35.1183,-16.833442],[35.066004,-17.109807],[35.291933,-17.129341],[35.278187,-16.700737],[35.131943,-16.537646],[35.374616,-16.140977],[35.785133,-16.042275],[35.784203,-15.171838],[35.904299,-14.886894],[35.847248,-14.650422],[35.084091,-13.704227],[34.863122,-13.515815],[34.640603,-13.492354],[34.545312,-13.325749],[34.354006,-12.199461],[34.616729,-11.57831],[35.531505,-11.612727],[35.826371,-11.413462],[36.168055,-11.578724],[36.199681,-11.701507],[36.625702,-11.721351],[36.820109,-11.573556],[37.032395,-11.564874],[37.141639,-11.674738],[37.469681,-11.71949],[37.816947,-11.533558],[37.938077,-11.283961],[38.25661,-11.27714],[38.492255,-11.413462],[38.896261,-11.167689],[39.238152,-11.174201],[39.785819,-10.932562],[40.510509,-10.477716],[40.654959,-10.686944],[40.485362,-10.76214],[40.620291,-10.840916],[40.496104,-10.955743],[40.566091,-11.01393],[40.506521,-11.187433],[40.348806,-11.317071],[40.465831,-11.385186],[40.427582,-11.650079],[40.520193,-11.839044],[40.451182,-12.263604],[40.561046,-12.38714],[40.478201,-12.501072],[40.646821,-12.76629],[40.410899,-12.942071],[40.483409,-13.021905],[40.595225,-12.975681],[40.527029,-13.510593],[40.650564,-14.031915],[40.538585,-14.164483],[40.746104,-14.270929],[40.636241,-14.339939],[40.629405,-14.566339],[40.801443,-14.41074],[40.847992,-14.705011],[40.726248,-14.886895],[40.643077,-14.853774],[40.773936,-14.997735],[40.670909,-14.976658],[40.711925,-15.072931],[40.528005,-15.131036],[40.681651,-15.233005],[40.581798,-15.49212],[40.064952,-15.98919],[40.134776,-15.986505],[39.992361,-16.222426],[39.783376,-16.301935],[39.855968,-16.429783],[39.129161,-16.867852],[39.090505,-16.983819],[38.662934,-17.025567],[38.172862,-17.28753],[38.080821,-17.190688],[38.12794,-17.28631],[37.189464,-17.738702],[36.98406,-18.012384],[36.832774,-17.877618],[36.977224,-18.046563],[36.472911,-18.55641],[36.407481,-18.784845],[36.238129,-18.694106],[36.266938,-18.890883],[36.146739,-18.900486],[36.12379,-18.800714],[35.855317,-18.951349],[35.126801,-19.705011],[34.880056,-19.863377],[34.553233,-19.582289],[34.777599,-19.815037],[34.709239,-19.883884],[34.774913,-20.152114],[34.655284,-20.151462],[34.743337,-20.226495],[34.64031,-20.376072],[34.668305,-20.541111],[34.993337,-20.730157],[35.120128,-20.966404],[35.016449,-21.111098],[35.072276,-21.321954],[35.126964,-21.178643],[35.120128,-21.377211],[35.271007,-21.644138],[35.305675,-22.388604],[35.394054,-22.487726],[35.441417,-22.119561],[35.517345,-22.310154],[35.551443,-22.179132],[35.489431,-22.690037],[35.537852,-22.946954],[35.60613,-22.914727],[35.390391,-23.747979],[35.340343,-23.676202],[35.332367,-23.964532],[35.527354,-23.802992],[35.496837,-24.101332],[35.106456,-24.597914],[33.319184,-25.252374],[32.872732,-25.543878],[32.687022,-25.885919],[32.476817,-25.984552],[32.842459,-26.28867],[32.954438,-26.078871],[32.893077,-26.846124],[32.113884,-26.840014]],[[34.69414,-12.000403],[34.688973,-12.12453],[34.762353,-12.040298],[34.69414,-12.000403]],[[34.561642,-11.978596],[34.583553,-12.058901],[34.641224,-12.01787],[34.561642,-11.978596]]],[[[32.906749,-26.057794],[32.975108,-26.009454],[32.934744,-26.044122],[32.906749,-26.057794]]],[[[35.469574,-21.549086],[35.495453,-21.545505],[35.434906,-21.782892],[35.469574,-21.549086]]],[[[39.909537,-16.275827],[39.878476,-16.41689],[39.821337,-16.317412],[39.909537,-16.275827]]]]}},{"type":"Feature","properties":{"name":"eSwatini","ISO3166-1-Alpha-3":"SWZ","ISO3166-1-Alpha-2":"SZ"},"geometry":{"type":"Polygon","coordinates":[[[31.949243,-25.958104],[32.070579,-26.009781],[32.117398,-26.582252],[32.113884,-26.840014],[31.990068,-26.808285],[31.96826,-27.316264],[31.141954,-27.196478],[30.785697,-26.716921],[30.804559,-26.397457],[31.119836,-25.910045],[31.401473,-25.735999],[31.834573,-25.982082],[31.949243,-25.958104]]]}},{"type":"Feature","properties":{"name":"Burundi","ISO3166-1-Alpha-3":"BDI","ISO3166-1-Alpha-2":"BI"},"geometry":{"type":"Polygon","coordinates":[[[30.5546,-2.400628],[30.415797,-2.851659],[30.488454,-2.94354],[30.825488,-2.978577],[30.814842,-3.247708],[30.432282,-3.551875],[30.381587,-3.788346],[30.003005,-4.271935],[29.732841,-4.463344],[29.404179,-4.449805],[29.215043,-3.899864],[29.234629,-3.046583],[28.986892,-2.796779],[29.032574,-2.620666],[29.294418,-2.651052],[29.339687,-2.826441],[29.719922,-2.805461],[29.897896,-2.671102],[29.931692,-2.316912],[30.116797,-2.43153],[30.37859,-2.303062],[30.5546,-2.400628]]]}},{"type":"Feature","properties":{"name":"Rwanda","ISO3166-1-Alpha-3":"RWA","ISO3166-1-Alpha-2":"RW"},"geometry":{"type":"Polygon","coordinates":[[[29.015365,-2.720711],[28.891342,-2.652705],[28.858838,-2.418198],[29.134841,-2.197746],[29.130501,-1.843349],[29.342787,-1.516547],[29.816143,-1.322554],[29.960424,-1.464767],[30.337455,-1.066239],[30.471786,-1.066837],[30.555323,-1.31842],[30.737534,-1.406683],[30.838303,-1.615352],[30.834376,-2.345334],[30.521733,-2.399387],[30.37859,-2.303062],[30.116797,-2.43153],[29.931692,-2.316912],[29.897896,-2.671102],[29.719922,-2.805461],[29.339687,-2.826441],[29.306614,-2.660147],[29.113447,-2.594621],[29.015365,-2.720711]]]}},{"type":"Feature","properties":{"name":"Uganda","ISO3166-1-Alpha-3":"UGA","ISO3166-1-Alpha-2":"UG"},"geometry":{"type":"Polygon","coordinates":[[[30.471786,-1.066837],[30.337455,-1.066239],[29.938462,-1.472932],[29.825135,-1.323897],[29.577915,-1.38839],[29.703075,0.072503],[29.940477,0.498317],[29.947298,0.824602],[30.154831,0.90868],[30.238857,1.136004],[30.478274,1.238634],[31.271455,2.102999],[31.177559,2.30291],[30.710559,2.445123],[30.853393,2.853367],[30.743839,3.055474],[30.944447,3.679286],[31.214818,3.792354],[31.523739,3.656083],[31.777884,3.816435],[31.93002,3.59836],[32.16799,3.512242],[32.371801,3.731065],[32.997241,3.885526],[33.164466,3.763053],[33.490648,3.749746],[34.006017,4.205713],[34.084772,3.877336],[34.204971,3.874545],[34.152468,3.775636],[34.439686,3.667736],[34.434001,3.182029],[34.875628,2.591212],[35.006473,1.916861],[34.797907,1.231916],[34.487021,1.082467],[33.893569,0.109814],[33.904214,-1.002573],[30.777118,-0.98583],[30.471786,-1.066837]]]}},{"type":"Feature","properties":{"name":"Lesotho","ISO3166-1-Alpha-3":"LSO","ISO3166-1-Alpha-2":"LS"},"geometry":{"type":"Polygon","coordinates":[[[28.980846,-28.909035],[29.311781,-29.089799],[29.435908,-29.342394],[29.113757,-29.750121],[29.144246,-29.919723],[28.383879,-30.144205],[28.200635,-30.282492],[28.078782,-30.658799],[27.743608,-30.600302],[27.366164,-30.311017],[27.381357,-30.142655],[27.002155,-29.666508],[27.350247,-29.480267],[27.747432,-28.908622],[28.013566,-28.878443],[28.154953,-28.70233],[28.634303,-28.570761],[28.980846,-28.909035]]]}},{"type":"Feature","properties":{"name":"Cameroon","ISO3166-1-Alpha-3":"CMR","ISO3166-1-Alpha-2":"CM"},"geometry":{"type":"Polygon","coordinates":[[[11.322078,2.16576],[9.990997,2.165605],[9.810853,2.264876],[9.929454,3.271552],[9.6421,3.539049],[9.819591,3.627875],[9.626231,3.600002],[9.545909,3.819648],[9.624278,3.75019],[9.621104,3.874823],[9.744477,3.819648],[9.67628,3.909003],[9.764415,3.957465],[9.618907,3.960354],[9.754568,4.135688],[9.579356,4.013007],[9.478526,4.111396],[9.532481,3.989447],[9.437999,4.030463],[9.476899,3.915839],[9.343516,3.915839],[9.326182,4.031928],[9.210704,3.96426],[8.971202,4.100775],[8.93572,4.55329],[8.847016,4.639716],[8.867849,4.544582],[8.788422,4.541449],[8.655121,4.738267],[8.722667,4.513129],[8.510265,4.527045],[8.798925,5.159635],[8.903932,5.595086],[8.845227,5.831041],[9.693031,6.531308],[9.788529,6.794754],[10.142926,7.007687],[10.210828,6.879168],[10.495979,6.874672],[10.578661,7.130832],[11.036721,6.740546],[11.097079,6.449117],[11.255519,6.42997],[11.533435,6.645099],[11.561754,6.876067],[11.872226,7.079362],[11.736627,7.263279],[12.021054,7.576231],[12.192103,7.960652],[12.227036,8.386311],[12.403873,8.496537],[12.368836,8.609579],[12.557972,8.605677],[12.794547,8.788612],[12.855422,9.378111],[13.195453,9.542209],[13.230179,10.045331],[13.434921,10.153412],[13.538791,10.62142],[13.75485,11.016719],[13.98233,11.276264],[14.165471,11.238333],[14.616193,11.538677],[14.541882,11.709829],[14.668283,12.178069],[14.487105,12.337801],[14.188932,12.370409],[14.064908,13.077988],[14.418169,13.081141],[14.554801,12.766896],[14.819178,12.638816],[14.898036,12.152799],[15.049448,12.084586],[15.135644,11.530822],[15.021233,11.182549],[15.138228,10.521659],[15.681244,9.991278],[14.181697,9.978178],[13.945949,9.652642],[14.349542,9.168356],[15.051928,8.643789],[15.440742,7.839419],[15.562905,7.792445],[15.432784,7.389731],[15.223908,7.247517],[14.772255,6.318323],[14.387266,6.039038],[14.617433,5.864966],[14.519868,5.290583],[14.658877,5.164544],[14.717272,4.622019],[14.993947,4.413298],[15.189801,4.063112],[15.025987,4.026086],[15.084898,3.885836],[16.092382,2.863289],[16.207723,2.22307],[16.104371,2.193562],[16.063753,2.015873],[16.15584,1.719069],[16.069851,1.654551],[15.706772,1.931976],[14.892455,2.00639],[14.857005,2.115944],[14.764814,2.065456],[14.562139,2.208807],[14.432948,2.132119],[13.294568,2.161058],[13.163827,2.283169],[11.657252,2.322495],[11.351637,2.300584],[11.322078,2.16576]]]}},{"type":"Feature","properties":{"name":"Gabon","ISO3166-1-Alpha-3":"GAB","ISO3166-1-Alpha-2":"GA"},"geometry":{"type":"MultiPolygon","coordinates":[[[[13.294568,2.161058],[13.162173,1.899833],[13.129617,1.592462],[13.251263,1.337646],[13.150184,1.256617],[13.543442,1.283489],[13.794744,1.434436],[14.14449,1.391622],[14.468088,0.913227],[14.328768,0.621204],[14.075967,0.539451],[13.945226,0.350419],[13.831228,-0.205413],[14.095398,-0.276623],[14.159683,-0.455113],[14.320603,-0.444468],[14.489999,-0.600944],[14.39202,-1.008981],[14.487725,-1.40937],[14.364839,-1.612045],[14.448761,-1.686253],[14.404526,-1.893062],[14.240092,-1.982255],[14.148004,-2.224824],[14.234407,-2.354946],[14.090023,-2.498606],[13.8458,-2.466567],[13.906158,-2.359803],[13.743171,-2.09708],[13.458899,-2.441039],[12.969006,-2.372412],[13.008177,-2.276501],[12.804572,-1.919107],[12.632386,-1.825159],[12.426921,-1.88407],[12.45927,-2.329934],[11.756057,-2.415097],[11.566198,-2.329727],[11.624386,-2.632758],[11.530748,-2.866749],[11.636788,-2.833263],[11.778381,-3.005655],[11.687534,-3.17102],[11.944366,-3.303208],[11.824994,-3.571202],[11.905505,-3.643549],[11.687638,-3.69874],[11.482585,-3.509294],[11.212524,-3.697293],[11.114016,-3.936856],[10.646434,-3.451914],[10.635427,-3.313653],[9.703461,-2.443048],[9.840099,-2.45672],[9.977306,-2.628676],[10.137462,-2.527439],[9.984141,-2.560317],[9.874522,-2.409356],[9.751964,-2.470392],[9.597016,-2.352227],[9.271251,-1.876642],[9.467296,-1.922459],[9.543224,-2.070896],[9.517751,-1.926446],[9.255382,-1.835219],[9.220063,-1.579767],[8.983572,-1.23089],[9.280284,-1.675063],[9.559581,-1.607599],[9.456554,-1.470473],[9.286632,-1.566095],[9.33546,-1.28338],[9.18572,-1.410577],[9.03004,-1.299086],[8.695567,-0.586602],[8.844412,-0.800226],[8.929047,-0.68727],[9.011485,-0.874607],[9.306488,-0.332289],[9.345388,0.35578],[9.360199,0.181098],[9.488048,0.098334],[9.504242,0.187974],[9.812185,0.023505],[9.758556,0.125556],[10.025645,0.187974],[9.498057,0.290961],[9.305675,0.544257],[9.315929,0.626166],[9.539073,0.681464],[9.464041,0.598863],[9.573253,0.598863],[9.607921,0.469184],[9.592052,1.01435],[9.745128,1.059719],[9.944075,0.924854],[10.029444,1.003506],[11.336341,0.999165],[11.351637,2.300584],[13.163827,2.283169],[13.294568,2.161058]]],[[[8.997244,-0.627618],[8.977306,-0.750584],[8.951671,-0.642999],[8.997244,-0.627618]]],[[[9.376786,0.809986],[9.384086,0.809629],[9.379643,0.806971],[9.376786,0.809986]]]]}},{"type":"Feature","properties":{"name":"Niger","ISO3166-1-Alpha-3":"NER","ISO3166-1-Alpha-2":"NE"},"geometry":{"type":"Polygon","coordinates":[[[3.5964,11.695773],[2.844301,12.399244],[2.370015,12.236257],[2.457348,11.99622],[2.390169,11.896536],[2.051792,12.341935],[2.244958,12.424152],[2.109049,12.705634],[1.563863,12.63215],[0.983536,13.032358],[0.983536,13.36841],[1.268687,13.34606],[0.896927,13.614932],[0.59431,13.688881],[0.369155,14.039067],[0.388792,14.251612],[0.152941,14.54671],[0.221257,14.995933],[0.949327,14.979552],[1.331526,15.283616],[3.000158,15.339117],[3.03354,15.42645],[3.507103,15.353973],[3.526534,15.495954],[3.846101,15.685297],[4.183961,16.416053],[4.22861,19.142244],[5.794302,19.449796],[7.482726,20.872577],[11.968861,23.517351],[13.482257,23.179672],[14.216217,22.616295],[14.979909,22.995664],[15.18453,21.491196],[15.60931,20.95066],[15.570243,20.751913],[15.970322,20.336331],[15.736021,19.903541],[15.471954,16.916746],[14.368973,15.749634],[13.833915,15.019601],[13.657853,14.548725],[13.449494,14.439042],[13.607314,13.7041],[13.329915,13.709423],[13.228112,13.548037],[12.842296,13.489126],[12.472706,13.064165],[12.057641,13.116772],[11.440004,13.364431],[10.674986,13.375102],[10.119775,13.250097],[9.590298,12.80139],[8.679346,12.923579],[8.105117,13.299654],[7.823997,13.345285],[6.937127,12.995409],[6.302178,13.663844],[5.521761,13.880291],[5.227618,13.741333],[4.824852,13.770737],[4.125774,13.472977],[4.088773,12.996236],[3.641565,12.517997],[3.66699,11.759697],[3.5964,11.695773]]]}},{"type":"Feature","properties":{"name":"Burkina Faso","ISO3166-1-Alpha-3":"BFA","ISO3166-1-Alpha-2":"BF"},"geometry":{"type":"Polygon","coordinates":[[[2.390169,11.896536],[2.287436,11.665284],[2.010761,11.426901],[1.601587,11.388686],[1.439633,11.473771],[1.330389,11.288847],[1.156342,11.28554],[1.158409,11.165935],[1.062291,11.14206],[1.117482,11.032196],[0.981366,11.080126],[0.963279,10.974137],[0.487649,10.933236],[0.486616,11.003205],[-0.301682,11.162937],[-0.634763,10.907966],[-0.827774,11.005841],[-2.837341,10.998012],[-2.932504,10.634313],[-2.767552,10.4212],[-2.841295,10.343272],[-2.754943,10.260796],[-2.795303,9.720002],[-2.689211,9.488724],[-2.763677,9.391883],[-3.21476,9.915623],[-3.301732,9.841132],[-3.755037,9.93588],[-4.150259,9.818291],[-4.371175,9.582956],[-4.509953,9.745065],[-4.681079,9.682072],[-4.966075,9.901025],[-5.119192,10.293533],[-5.402534,10.300561],[-5.522578,10.425489],[-5.431421,10.844688],[-5.504233,11.072684],[-5.332512,11.12157],[-5.218307,11.422198],[-5.28714,11.758922],[-5.412352,11.82853],[-4.761281,12.006607],[-4.406135,12.307467],[-4.485251,12.714677],[-4.257642,12.72093],[-4.211883,12.819193],[-4.327044,13.168551],[-3.977737,13.499926],[-3.971613,13.386755],[-3.449475,13.16881],[-3.448544,13.265781],[-3.248634,13.292781],[-3.286952,13.69777],[-2.895245,13.651648],[-2.867288,14.000542],[-2.597382,14.222311],[-2.46168,14.280912],[-2.035918,14.181229],[-1.997057,14.470694],[-1.69692,14.496119],[-0.719719,15.078461],[-0.425732,15.0026],[-0.236699,15.065619],[0.218467,14.910977],[0.158832,14.496119],[0.388792,14.251612],[0.369155,14.039067],[0.59431,13.688881],[0.896927,13.614932],[1.268687,13.34606],[0.983536,13.36841],[0.983536,13.032358],[1.563863,12.63215],[2.109049,12.705634],[2.244958,12.424152],[2.051792,12.341935],[2.390169,11.896536]]]}},{"type":"Feature","properties":{"name":"Togo","ISO3166-1-Alpha-3":"TGO","ISO3166-1-Alpha-2":"TG"},"geometry":{"type":"Polygon","coordinates":[[[-0.166109,11.13498],[0.486616,11.003205],[0.487649,10.933236],[0.901474,10.992741],[0.760708,10.382158],[1.343825,9.962442],[1.326358,9.521952],[1.595799,9.076811],[1.644168,8.493488],[1.625668,6.996783],[1.531927,6.991926],[1.566033,6.678146],[1.782351,6.277267],[1.61964,6.213894],[1.185395,6.100491],[0.745721,6.4409],[0.519275,6.832246],[0.645676,7.323585],[0.495608,7.504298],[0.612293,7.699428],[0.573846,8.203945],[0.712752,8.29797],[0.365874,8.774272],[0.505633,8.866333],[0.43127,9.02759],[0.531368,9.401107],[0.411659,9.492238],[0.226813,9.432345],[0.301924,9.507457],[0.230197,9.575747],[0.377734,9.589416],[0.260971,9.657164],[0.347089,9.663158],[0.396596,10.283224],[-0.088129,10.633486],[0.016205,11.062582],[-0.166109,11.13498]]]}},{"type":"Feature","properties":{"name":"Ghana","ISO3166-1-Alpha-3":"GHA","ISO3166-1-Alpha-2":"GH"},"geometry":{"type":"Polygon","coordinates":[[[-0.166109,11.13498],[0.016205,11.062582],[-0.088129,10.633486],[0.396596,10.283224],[0.347089,9.663158],[0.260971,9.657164],[0.377734,9.589416],[0.230197,9.575747],[0.301924,9.507457],[0.226813,9.432345],[0.411659,9.492238],[0.531368,9.401107],[0.43127,9.02759],[0.505633,8.866333],[0.365874,8.774272],[0.712752,8.29797],[0.573846,8.203945],[0.612293,7.699428],[0.495608,7.504298],[0.645676,7.323585],[0.516071,6.841806],[0.745721,6.4409],[1.185395,6.100491],[0.954845,5.791083],[0.243337,5.756171],[-0.79955,5.21483],[-1.618479,5.022447],[-1.981435,4.752427],[-3.119618,5.091335],[-2.766622,5.16103],[-2.730139,5.373162],[-2.793442,5.608134],[-3.029759,5.704252],[-3.241684,6.810903],[-2.972811,7.214961],[-2.790626,7.943289],[-2.506328,8.209267],[-2.619448,8.923617],[-2.774839,9.054978],[-2.659807,9.272898],[-2.795303,9.720002],[-2.754943,10.260796],[-2.841295,10.343272],[-2.767552,10.4212],[-2.932504,10.634313],[-2.837341,10.998012],[-0.827774,11.005841],[-0.634763,10.907966],[-0.301682,11.162937],[-0.166109,11.13498]]]}},{"type":"Feature","properties":{"name":"Guinea-Bissau","ISO3166-1-Alpha-3":"GNB","ISO3166-1-Alpha-2":"GW"},"geometry":{"type":"MultiPolygon","coordinates":[[[[-13.728279,12.673388],[-13.695025,12.292946],[-13.972527,12.151559],[-13.723938,12.002783],[-13.729932,11.709829],[-14.289692,11.66885],[-14.711061,11.497568],[-15.085194,10.927639],[-15.000885,11.216783],[-15.230133,10.994818],[-15.206614,11.233791],[-15.23351,11.122545],[-15.358225,11.144232],[-15.426137,11.286526],[-15.268056,11.43301],[-15.507069,11.357896],[-15.281117,11.624823],[-15.115875,11.617743],[-15.12328,11.545478],[-15.007314,11.611762],[-15.130849,11.707953],[-15.228017,11.658596],[-15.226471,11.755113],[-15.43871,11.557115],[-15.42634,11.693671],[-15.551381,11.73314],[-15.43871,11.885443],[-15.089915,11.940131],[-15.069447,11.803616],[-14.935902,11.752997],[-15.070221,11.860745],[-15.007232,11.978339],[-15.42634,11.961168],[-15.830393,11.748358],[-15.734202,11.85814],[-15.795562,11.885443],[-15.958974,11.734809],[-15.865346,11.972235],[-15.713694,12.015815],[-16.124582,11.885443],[-16.355133,12.087348],[-16.06314,12.35102],[-16.457631,12.171942],[-16.728437,12.332531],[-16.22239,12.455055],[-15.677049,12.439294],[-15.195114,12.679434],[-13.728279,12.673388]]],[[[-15.946401,11.200263],[-15.877553,11.073635],[-15.978179,11.048082],[-15.946401,11.200263]]],[[[-15.973785,11.159247],[-16.017079,11.068671],[-16.056996,11.16356],[-15.973785,11.159247]]],[[[-16.048899,11.118313],[-16.131988,11.028957],[-16.248036,11.104682],[-16.099965,11.208197],[-16.048899,11.118313]]],[[[-15.857086,11.30268],[-15.836537,11.25552],[-15.871327,11.200263],[-15.857086,11.30268]]],[[[-15.658437,11.30268],[-15.726796,11.220771],[-15.781972,11.200263],[-15.658437,11.30268]]],[[[-16.172963,11.220771],[-16.281646,11.242621],[-16.206532,11.310126],[-16.172963,11.220771]]],[[[-15.665273,11.494452],[-15.679555,11.440416],[-15.718902,11.468166],[-15.665273,11.494452]]],[[[-16.254872,11.447252],[-16.248036,11.498196],[-16.193837,11.465033],[-16.254872,11.447252]]],[[[-16.275543,11.49551],[-16.426259,11.529242],[-16.248036,11.583808],[-16.275543,11.49551]]],[[[-16.022125,11.512152],[-15.939605,11.604926],[-15.89802,11.453518],[-16.035227,11.419989],[-16.022125,11.512152]]],[[[-15.4735,11.63227],[-15.547353,11.548529],[-15.632965,11.538235],[-15.4735,11.63227]]],[[[-16.165517,11.871243],[-15.985585,11.887437],[-16.041412,11.755113],[-16.165517,11.871243]]]]}},{"type":"Feature","properties":{"name":"Mauritania","ISO3166-1-Alpha-3":"MRT","ISO3166-1-Alpha-2":"MR"},"geometry":{"type":"MultiPolygon","coordinates":[[[[-8.682385,27.285416],[-4.821613,24.995065],[-6.593107,24.994134],[-5.623347,16.527829],[-5.353286,16.311977],[-5.510951,15.494197],[-9.349218,15.495644],[-9.356453,15.697854],[-9.42389,15.440532],[-10.067624,15.364748],[-10.725361,15.433064],[-10.915169,15.102904],[-11.524382,15.643465],[-11.727057,15.541171],[-11.845655,15.179075],[-11.820385,14.89997],[-12.070395,14.734399],[-12.382495,14.84602],[-12.484892,15.017276],[-12.888356,15.250879],[-12.828049,15.283874],[-12.96432,15.509158],[-13.237844,15.62344],[-13.484934,16.154984],[-13.835766,16.120568],[-14.406635,16.660793],[-14.974301,16.691385],[-15.672191,16.481372],[-16.273808,16.523179],[-16.542348,15.808824],[-16.529286,16.332709],[-16.078969,17.544827],[-16.035227,18.141425],[-16.204579,18.982733],[-16.535471,19.380805],[-16.284901,19.529283],[-16.465077,19.412543],[-16.233795,19.793647],[-16.313303,19.889716],[-16.20226,20.233303],[-16.408681,20.675035],[-16.529286,20.738959],[-16.542348,20.560858],[-16.672678,20.677558],[-16.917592,21.159166],[-17.056874,20.766913],[-16.968339,21.324591],[-13.015247,21.333428],[-13.152293,22.820004],[-12.619432,23.270829],[-12.019339,23.460998],[-12.015308,25.9949],[-8.687656,26.000016],[-8.682385,27.285416]]],[[[-16.377797,19.813544],[-16.449696,19.622789],[-16.457143,19.703355],[-16.377797,19.813544]]],[[[-16.320912,19.728502],[-16.313385,19.704657],[-16.394521,19.599921],[-16.320912,19.728502]]],[[[-16.477162,19.731513],[-16.471547,19.699652],[-16.491851,19.684068],[-16.477162,19.731513]]],[[[-16.459299,20.614691],[-16.446401,20.607327],[-16.467275,20.576239],[-16.459299,20.614691]]]]}},{"type":"Feature","properties":{"name":"Equatorial Guinea","ISO3166-1-Alpha-3":"GNQ","ISO3166-1-Alpha-2":"GQ"},"geometry":{"type":"MultiPolygon","coordinates":[[[[9.799571,2.341742],[9.990997,2.165605],[11.322078,2.16576],[11.336341,0.999165],[10.029444,1.003506],[9.944075,0.924854],[9.717784,1.133287],[9.584321,1.042955],[9.396495,1.111477],[9.465343,1.414537],[9.744477,1.600043],[9.60727,1.644436],[9.809744,1.934963],[9.799571,2.341742]]],[[[5.626231,-1.456231],[5.622813,-1.422947],[5.628917,-1.475681],[5.626231,-1.456231]]],[[[8.922699,3.750718],[8.951182,3.627427],[8.686209,3.197333],[8.450206,3.272935],[8.442149,3.421332],[8.5796,3.463324],[8.667166,3.726264],[8.922699,3.750718]]]]}},{"type":"Feature","properties":{"name":"Gambia","ISO3166-1-Alpha-3":"GMB","ISO3166-1-Alpha-2":"GM"},"geometry":{"type":"Polygon","coordinates":[[[-16.753651,13.065009],[-16.829701,13.338528],[-16.678822,13.496161],[-16.419423,13.208197],[-16.439931,13.276435],[-16.257965,13.324897],[-16.151275,13.276435],[-16.227122,13.333686],[-16.161204,13.428697],[-15.294749,13.496161],[-16.141591,13.454576],[-16.390533,13.336859],[-16.52184,13.359036],[-16.561399,13.586914],[-15.518195,13.5831],[-15.394069,13.771512],[-15.097704,13.819984],[-14.879268,13.780581],[-14.74093,13.615449],[-14.542596,13.640822],[-14.365553,13.454839],[-13.988495,13.579146],[-13.818713,13.429362],[-13.900568,13.314563],[-14.368834,13.235705],[-15.13765,13.589973],[-15.277073,13.380296],[-15.818694,13.333528],[-15.833318,13.156847],[-16.673525,13.164314],[-16.753651,13.065009]]]}},{"type":"Feature","properties":{"name":"Antarctica","ISO3166-1-Alpha-3":"ATA","ISO3166-1-Alpha-2":"AQ"},"geometry":{"type":"MultiPolygon","coordinates":[[[[-51.730641,-82.062557],[-48.38036,-81.890313],[-47.380442,-81.923517],[-47.263783,-81.969985],[-47.584584,-82.02044],[-47.255523,-82.072198],[-46.279205,-81.909763],[-46.045562,-82.142511],[-45.948842,-82.125746],[-46.688791,-82.40545],[-46.053619,-82.554864],[-45.71939,-82.443617],[-45.520416,-82.526625],[-44.137074,-82.244724],[-44.013539,-82.262953],[-44.152984,-82.389337],[-44.011098,-82.391209],[-43.159779,-82.124688],[-43.255849,-82.04754],[-43.165639,-81.886],[-41.941396,-81.611423],[-41.840077,-81.4485],[-41.58788,-81.340102],[-38.791127,-80.859552],[-37.230295,-81.089288],[-35.214955,-80.695408],[-35.466786,-80.648126],[-35.358388,-80.61533],[-33.476186,-80.615411],[-33.177561,-80.55462],[-33.464752,-80.497654],[-32.931508,-80.541599],[-32.030507,-80.435235],[-30.350209,-80.499933],[-31.319488,-80.308852],[-29.720937,-80.261977],[-29.86384,-80.215427],[-29.760813,-80.175551],[-24.25414,-80.075942],[-22.53246,-79.917087],[-24.262034,-79.822361],[-24.256215,-79.715102],[-24.729848,-79.781996],[-30.673248,-79.588067],[-29.541371,-79.280043],[-30.541493,-79.275079],[-29.941762,-79.111423],[-30.239166,-79.034275],[-32.82018,-79.24391],[-34.218129,-79.138116],[-34.151845,-79.117608],[-36.251332,-78.851658],[-36.443756,-78.634047],[-36.021799,-78.215916],[-35.580963,-78.150486],[-35.621205,-78.08172],[-35.312856,-77.844415],[-34.499664,-77.851983],[-34.773915,-77.687433],[-34.320546,-77.466404],[-32.50064,-77.126153],[-31.915028,-77.150811],[-31.696116,-76.976658],[-30.661366,-76.851658],[-30.153472,-76.635349],[-28.85912,-76.353285],[-24.213735,-75.756443],[-22.533355,-75.642022],[-21.269643,-75.714288],[-20.665273,-75.62127],[-20.730295,-75.541599],[-20.399485,-75.472101],[-19.240468,-75.548435],[-18.967152,-75.514907],[-18.987131,-75.442804],[-18.251373,-75.460219],[-18.873525,-75.249444],[-17.802154,-74.776544],[-17.965688,-74.637872],[-17.623158,-74.585219],[-17.57079,-74.369561],[-16.597279,-74.307387],[-15.639027,-74.430841],[-15.195546,-74.360528],[-15.319569,-74.319106],[-15.302113,-74.221449],[-14.361806,-73.85768],[-14.717641,-73.780532],[-15.686269,-73.9485],[-16.516998,-73.885186],[-15.825754,-73.78867],[-16.583241,-73.686293],[-16.543568,-73.468683],[-15.566558,-73.079278],[-14.883209,-73.042413],[-14.441477,-73.164727],[-13.916819,-73.10589],[-14.014638,-73.066339],[-13.895253,-72.986749],[-14.390736,-72.713149],[-13.379384,-72.836114],[-12.578969,-72.584649],[-11.387522,-72.418064],[-11.325347,-72.327895],[-11.409739,-72.301935],[-11.23998,-72.176528],[-11.382965,-72.172133],[-11.032297,-72.048923],[-11.117909,-72.037774],[-10.847157,-71.780857],[-12.150299,-71.636407],[-12.367665,-71.450779],[-12.349233,-71.356378],[-11.660146,-71.276462],[-11.651112,-71.409763],[-10.758127,-71.577407],[-10.600331,-71.527032],[-10.733144,-71.409601],[-10.653472,-71.324965],[-9.988759,-71.119317],[-10.450063,-70.990981],[-10.069651,-70.911879],[-9.885243,-71.084161],[-9.054514,-71.20672],[-8.987945,-71.276544],[-9.134511,-71.405694],[-8.750722,-71.473565],[-8.829823,-71.533298],[-8.715443,-71.585707],[-8.718577,-71.704848],[-8.409739,-71.729913],[-8.162587,-71.576593],[-8.091176,-71.657647],[-7.603912,-71.633966],[-7.779164,-71.494073],[-7.568512,-71.334649],[-7.564198,-71.150567],[-7.87564,-70.989923],[-7.912221,-70.843683],[-7.284291,-70.791192],[-6.618276,-70.924005],[-6.429758,-70.737888],[-6.01358,-70.679783],[-5.675282,-70.73268],[-5.56664,-70.841729],[-5.721791,-71.029962],[-6.043691,-71.118259],[-6.057973,-71.219171],[-6.281117,-71.310642],[-6.14977,-71.366306],[-3.937571,-71.367446],[-3.937164,-71.294122],[-3.492177,-71.522719],[-3.290151,-71.287205],[-2.9912,-71.361098],[-2.992299,-71.280938],[-2.67748,-71.25742],[-2.106801,-71.485447],[-1.395375,-71.443455],[-1.137563,-71.255304],[-0.812815,-71.377537],[-0.952138,-71.62363],[-0.518463,-71.765232],[0.232188,-71.349867],[2.519705,-70.900567],[5.020763,-70.636977],[7.668305,-70.518162],[7.43922,-70.337498],[7.479015,-70.189874],[7.893565,-70.177423],[7.834158,-70.366143],[7.930431,-70.472345],[8.443126,-70.482354],[8.837169,-70.353936],[9.136729,-70.375421],[9.151378,-70.290297],[8.898448,-70.185479],[9.294281,-70.07879],[9.979259,-70.453546],[11.237559,-70.757013],[11.853526,-70.781508],[12.081716,-70.674005],[12.087738,-70.545343],[12.322032,-70.370294],[13.041026,-70.23447],[12.444591,-70.070245],[12.969249,-70.046157],[13.342784,-70.272719],[13.848806,-70.347833],[15.036876,-70.290948],[15.826915,-70.377618],[15.962576,-70.18963],[16.577322,-70.131443],[16.650157,-70.220798],[16.505138,-70.454197],[18.093761,-70.542413],[18.49822,-70.502537],[18.252778,-70.325942],[18.941661,-70.170994],[19.290538,-70.248142],[19.173513,-70.273858],[19.296641,-70.368097],[18.915212,-70.634047],[18.930919,-70.736017],[19.567393,-70.946059],[21.201182,-70.812188],[21.208507,-70.57643],[21.745616,-70.22617],[22.579275,-70.540216],[21.826427,-70.655043],[22.367361,-70.694594],[22.326915,-70.759454],[23.292654,-70.821222],[23.752452,-70.402602],[24.108897,-70.409438],[24.419444,-70.544854],[24.455414,-70.614516],[24.26531,-70.678643],[24.319347,-70.74033],[24.968028,-70.945489],[25.982677,-71.041925],[26.92628,-70.923923],[27.275076,-70.989679],[27.318858,-70.925551],[27.159353,-70.870701],[28.451671,-70.694024],[29.841156,-70.311293],[31.280447,-70.237074],[32.745291,-70.013442],[32.868663,-69.930271],[32.837576,-69.784763],[33.000499,-69.504815],[32.951996,-69.35947],[32.487641,-69.081638],[32.505707,-68.90309],[33.215994,-68.66961],[34.300629,-68.688165],[34.371267,-68.806329],[33.603689,-69.052423],[34.361501,-69.132908],[34.619965,-69.070733],[35.125499,-69.259535],[35.19988,-69.294122],[35.104747,-69.459649],[35.22877,-69.536716],[35.079356,-69.670587],[35.243988,-69.73561],[36.70574,-69.629815],[37.036306,-69.886651],[37.281016,-69.728448],[37.786306,-69.681899],[37.785655,-69.757094],[38.240733,-69.766534],[38.020193,-69.849379],[38.25587,-69.949151],[38.219737,-70.024021],[38.940278,-70.204685],[39.075206,-70.154555],[38.803559,-69.987726],[39.192638,-69.892511],[39.161469,-69.726658],[39.778656,-69.611423],[39.686046,-69.541111],[39.796235,-69.526462],[39.740001,-69.490492],[39.847911,-69.384698],[39.701671,-69.306817],[39.814789,-69.279962],[39.708995,-69.021173],[39.857921,-68.829522],[40.752208,-68.750665],[41.543956,-68.472101],[42.536143,-68.379571],[42.560313,-68.223728],[42.828624,-68.096449],[44.803233,-67.976332],[44.618012,-67.860447],[44.973155,-67.731134],[45.403819,-67.695082],[45.585297,-67.744887],[45.516938,-67.797947],[45.582774,-67.824395],[45.819347,-67.665216],[46.21697,-67.653009],[46.401622,-67.745375],[46.406016,-67.619399],[46.622732,-67.59002],[46.306,-67.559259],[46.234548,-67.448663],[46.280772,-67.334242],[46.479991,-67.275323],[46.914399,-67.267022],[47.441091,-67.409438],[46.919607,-67.506524],[46.930349,-67.581638],[47.327159,-67.566502],[47.093761,-67.705173],[47.634451,-67.660333],[47.358653,-67.773126],[47.911306,-67.649021],[48.4546,-67.730157],[48.171153,-67.888849],[48.24936,-68.020766],[48.38266,-68.02337],[48.71811,-67.729262],[48.582042,-67.474786],[49.174653,-67.377048],[49.405284,-67.223321],[48.475841,-67.188084],[48.361095,-67.016371],[49.216482,-66.818943],[49.347504,-66.954685],[49.159923,-67.000909],[49.882823,-67.07822],[49.69752,-67.288507],[50.147716,-67.11533],[50.881196,-67.216241],[50.818533,-67.17783],[50.955414,-67.114028],[50.459321,-67.06878],[50.523611,-66.994887],[50.445811,-66.940118],[50.829845,-66.774672],[50.239513,-66.743097],[50.193614,-66.570489],[50.322032,-66.393813],[51.352306,-66.221775],[51.772146,-66.037205],[53.790212,-65.845392],[55.183442,-65.930922],[55.861339,-66.119806],[56.399099,-66.46266],[56.807791,-66.40545],[57.276052,-66.581231],[57.281423,-66.708754],[57.014659,-66.729262],[55.991873,-66.585707],[56.706798,-66.899672],[56.271658,-66.875665],[56.154063,-66.951837],[56.367198,-67.010186],[55.732188,-67.263604],[56.153494,-67.196059],[56.08839,-67.348403],[56.170665,-67.408949],[56.558442,-67.109796],[57.359141,-67.087823],[57.30893,-67.042576],[57.593516,-66.989923],[58.136485,-67.098403],[58.046886,-67.22503],[58.915863,-67.177504],[59.093761,-67.244724],[58.988617,-67.310154],[58.548839,-67.230239],[59.126964,-67.424981],[58.98585,-67.4874],[59.51295,-67.606378],[59.657481,-67.397231],[60.466645,-67.369806],[61.243175,-67.590509],[62.117442,-67.56227],[62.617361,-67.660089],[63.65089,-67.503351],[68.37672,-67.895196],[69.639008,-67.763279],[69.634776,-68.122166],[70.179698,-68.494806],[69.631602,-68.588637],[69.57309,-68.622003],[69.672048,-68.713637],[69.281261,-68.831313],[69.857595,-68.872491],[69.303884,-69.047296],[69.72641,-69.169692],[69.740082,-69.296075],[68.742035,-69.389255],[68.897716,-69.454685],[68.733409,-69.550877],[69.355235,-69.61712],[68.88266,-69.740899],[69.206879,-69.797947],[69.022227,-69.9485],[68.572602,-70.020929],[68.177013,-69.719659],[67.913585,-69.978936],[67.5713,-70.024509],[67.478689,-70.201755],[67.217947,-70.262791],[67.712738,-70.275486],[67.677908,-70.345798],[67.976085,-70.454197],[68.42213,-70.401951],[68.562673,-70.472426],[68.923513,-70.30462],[69.167979,-70.316583],[69.257498,-70.431573],[69.205414,-70.693129],[68.896495,-71.036228],[68.547862,-71.180922],[68.669688,-71.203709],[68.055024,-71.354669],[67.83253,-71.538507],[67.870616,-71.682224],[67.533376,-71.797459],[67.611176,-71.826837],[67.449067,-71.895929],[67.507009,-71.993341],[67.262218,-72.081231],[67.315115,-72.327895],[66.977387,-72.926446],[66.325938,-73.131443],[66.55836,-73.231541],[67.100597,-73.197849],[67.016449,-73.270929],[67.223155,-73.312433],[68.022309,-73.146742],[68.117361,-72.952732],[67.921072,-72.693048],[68.332774,-72.507501],[69.559255,-72.463962],[69.668793,-72.303155],[69.95045,-72.258071],[69.804942,-72.187677],[69.856944,-72.119317],[70.729503,-71.946059],[70.446951,-71.830173],[71.278168,-71.728285],[71.053477,-71.670994],[71.09547,-71.621352],[71.539806,-71.610284],[71.158214,-71.45615],[71.253429,-71.387953],[71.202485,-71.335056],[71.535899,-71.245538],[71.341563,-71.182061],[71.541759,-70.960138],[71.848155,-70.844659],[71.726817,-70.774021],[71.999522,-70.662693],[72.345958,-70.67547],[72.645763,-70.467543],[72.852794,-70.444757],[72.639496,-70.160252],[73.230724,-69.978936],[73.248871,-69.858575],[73.405528,-69.79754],[73.704845,-69.862481],[74.07488,-69.71266],[74.316905,-69.806817],[74.302745,-69.91961],[74.717459,-69.835382],[75.091075,-69.937107],[75.275238,-69.810479],[75.438243,-69.937433],[75.91627,-69.78281],[75.753917,-69.621759],[75.820486,-69.525079],[76.378184,-69.405369],[76.406016,-69.47503],[77.000499,-69.211684],[77.841645,-69.13006],[78.043956,-69.002618],[77.947765,-68.977634],[78.031912,-68.925063],[77.936209,-68.919692],[77.985606,-68.820082],[78.669932,-68.6985],[78.458263,-68.650079],[78.544607,-68.601007],[78.461681,-68.485528],[78.746593,-68.262465],[82.586192,-67.603448],[83.615977,-67.63836],[83.386729,-67.446547],[84.491466,-67.110121],[84.962169,-67.076104],[85.616466,-67.188165],[86.067149,-67.040948],[86.696788,-67.063897],[87.965668,-66.770278],[88.251231,-66.859552],[88.734711,-66.784926],[90.398692,-66.819594],[91.086111,-66.578058],[91.960134,-66.498224],[92.760265,-66.633884],[93.623546,-66.582615],[93.731212,-66.604262],[93.739268,-66.747166],[94.917166,-66.475356],[95.278656,-66.527114],[95.556163,-66.710626],[97.08074,-66.492283],[97.695323,-66.678643],[98.247813,-66.447931],[98.53712,-66.45436],[98.539806,-66.622735],[99.069347,-66.489923],[98.716482,-66.642755],[98.826182,-66.909926],[99.017263,-66.694513],[99.169444,-66.753106],[99.529552,-66.557387],[99.560232,-66.672052],[100.279633,-66.431085],[100.500011,-66.518731],[100.643891,-66.457696],[100.470551,-66.397393],[100.854991,-66.379653],[101.476248,-66.058364],[101.168712,-66.029474],[101.336436,-65.944024],[102.337901,-65.951267],[102.713715,-65.861261],[103.908214,-65.978774],[106.345714,-66.433364],[107.779145,-66.55169],[107.879161,-66.633071],[107.701915,-66.737726],[107.709809,-66.847589],[108.207042,-66.626723],[108.298188,-66.756443],[108.858653,-66.971368],[109.125011,-66.884698],[109.609874,-66.919692],[110.417654,-66.655938],[110.744151,-66.714532],[110.601899,-66.529474],[110.724946,-66.40545],[110.489024,-66.30877],[110.927094,-66.05462],[113.203624,-65.765395],[114.429861,-66.226007],[114.309418,-66.357029],[114.483409,-66.415216],[114.322439,-66.509047],[115.113455,-66.478123],[115.649425,-66.614516],[115.780772,-66.788263],[115.38738,-67.003839],[114.030121,-67.190688],[113.646739,-67.464288],[113.704356,-67.500177],[114.670095,-67.343438],[114.58253,-67.416192],[114.668956,-67.424249],[116.232595,-67.095961],[116.358897,-67.149672],[116.942882,-66.948175],[116.883067,-67.136814],[117.544932,-67.083185],[117.714122,-67.171808],[118.428071,-67.031834],[118.253184,-67.147719],[118.459972,-67.184259],[120.445974,-66.977716],[118.732188,-67.278904],[118.956716,-67.422459],[121.51531,-67.09295],[122.188487,-66.855076],[123.557872,-66.74863],[124.015147,-66.5888],[124.716807,-66.75921],[125.148123,-66.659601],[125.410411,-66.417657],[125.940603,-66.302341],[126.372325,-66.561619],[126.430431,-66.354669],[126.854259,-66.449314],[126.569509,-66.665785],[126.819184,-66.691339],[126.68214,-66.845392],[127.062755,-66.848728],[126.998709,-66.932794],[127.082856,-66.956313],[127.081391,-67.135431],[127.363617,-66.931085],[127.401134,-67.06756],[128.074555,-67.022393],[128.520518,-67.145766],[128.76352,-67.025811],[129.064626,-67.174412],[129.444509,-66.959242],[129.392914,-66.858087],[129.584727,-66.729181],[129.47462,-66.691013],[129.72169,-66.438246],[130.102712,-66.276788],[130.562836,-66.261651],[130.704845,-66.149591],[131.757823,-66.243341],[133.792328,-66.105401],[134.426524,-66.311456],[134.109386,-66.504571],[134.350108,-66.519952],[134.766775,-66.33766],[135.178477,-66.331476],[135.343028,-66.100681],[135.494314,-66.114679],[135.629649,-66.347426],[136.128429,-66.235528],[136.656749,-66.540785],[136.736013,-66.348728],[137.457856,-66.344822],[138.141612,-66.498712],[138.133311,-66.623956],[138.378103,-66.533461],[139.25172,-66.567153],[139.867035,-66.691827],[139.822765,-66.79697],[140.517426,-66.72503],[141.281016,-66.861505],[141.9817,-66.799981],[142.477061,-67.025974],[143.508311,-66.844659],[143.861013,-66.919692],[143.878591,-67.073663],[143.751475,-67.139418],[144.069102,-67.086196],[144.114757,-67.177423],[144.226817,-67.023696],[144.512462,-67.01572],[144.662364,-67.116632],[144.321462,-67.171645],[144.514171,-67.234552],[144.301036,-67.417413],[144.177094,-67.347101],[144.085704,-67.424737],[144.189708,-67.595636],[143.880138,-67.78102],[143.840587,-67.847263],[143.954763,-67.833266],[143.880707,-67.933852],[144.248709,-67.95436],[145.279796,-67.51572],[145.444347,-67.514825],[145.615896,-67.737074],[145.733409,-67.59295],[146.048106,-67.586602],[146.190684,-67.622817],[146.228852,-67.687107],[146.109711,-67.749607],[146.300955,-67.851332],[146.44158,-67.731134],[146.528982,-67.770278],[146.410167,-67.951755],[146.872813,-67.937595],[146.602306,-68.178481],[147.064708,-68.038751],[147.054942,-68.134698],[146.718028,-68.303399],[147.107921,-68.294041],[147.060395,-68.422784],[147.662364,-68.356622],[148.435395,-68.473321],[149.39031,-68.384373],[149.784923,-68.486912],[149.883637,-68.463637],[149.683604,-68.369317],[150.37794,-68.439874],[150.956554,-68.34295],[151.114106,-68.45615],[150.970714,-68.717218],[151.024913,-68.776951],[151.566905,-68.916762],[151.573253,-68.69256],[151.923839,-68.666762],[153.093028,-68.879164],[153.844981,-68.760431],[153.70045,-68.545668],[153.865245,-68.493748],[153.681977,-68.376072],[153.878429,-68.278985],[154.718516,-68.528253],[154.769216,-68.62184],[154.450369,-68.625746],[154.587576,-68.726332],[154.518321,-68.803969],[154.794688,-68.71087],[155.011078,-68.898858],[155.308604,-68.893324],[155.386567,-69.010349],[155.288829,-69.035903],[155.637543,-69.13421],[155.757091,-69.10117],[155.536794,-68.983575],[155.775401,-68.946873],[156.350108,-69.201918],[157.139822,-69.16131],[157.422537,-69.437188],[157.646169,-69.38242],[157.504731,-69.349542],[157.533458,-69.232029],[157.905284,-69.169529],[158.548676,-69.350681],[158.817149,-69.316339],[159.100108,-69.512872],[159.235362,-69.427911],[159.773285,-69.506524],[160.334483,-69.796075],[159.761241,-69.885186],[159.878266,-69.990411],[160.759776,-70.101983],[161.249034,-70.462172],[161.17921,-70.575291],[161.263845,-70.528253],[161.451671,-70.685968],[161.309825,-70.796075],[161.361176,-70.900974],[161.932953,-70.907322],[162.340831,-71.10947],[162.428477,-71.031671],[162.038097,-70.829522],[161.997895,-70.438409],[162.094412,-70.314142],[162.595225,-70.269138],[163.170258,-70.587579],[163.866547,-70.62656],[163.89503,-70.781996],[164.19988,-70.639337],[164.027599,-70.532322],[164.240408,-70.491143],[165.925792,-70.684259],[166.369477,-70.583917],[166.837413,-70.67669],[166.470714,-70.76629],[167.700857,-70.791274],[167.870128,-70.923923],[167.139985,-70.996352],[167.87794,-71.014337],[168.101329,-71.108494],[167.759939,-71.22796],[168.66977,-71.182794],[170.182791,-71.674412],[170.361827,-71.544041],[170.208669,-71.314223],[170.2824,-71.298761],[170.966075,-71.834649],[170.585297,-72.00742],[170.333995,-71.800877],[170.138438,-71.931899],[170.256358,-71.950779],[170.195811,-72.020196],[170.045746,-72.019952],[170.016368,-72.170831],[169.772634,-72.220147],[170.009939,-72.287774],[169.885265,-72.429946],[170.2824,-72.326349],[170.340505,-72.431248],[170.255382,-72.60296],[168.316173,-72.37363],[168.867361,-72.575942],[169.932465,-72.735935],[169.584483,-72.962172],[169.582286,-73.080499],[169.172211,-73.103123],[169.21461,-73.276462],[168.893891,-73.223403],[168.975108,-73.091485],[168.714529,-73.12005],[168.394054,-72.971938],[168.297618,-72.99033],[168.402517,-73.10296],[168.334158,-73.16546],[167.171397,-73.153009],[166.520518,-72.929783],[166.582856,-72.882013],[166.340831,-72.903904],[166.766775,-73.064874],[166.705577,-73.120864],[166.872081,-73.221368],[166.777599,-73.36533],[167.095225,-73.25213],[167.929373,-73.358657],[167.622895,-73.359145],[167.716482,-73.446873],[167.249685,-73.40545],[167.223643,-73.476983],[167.434744,-73.503188],[166.989268,-73.465102],[167.03297,-73.566095],[166.849132,-73.590509],[166.747325,-73.486423],[166.451427,-73.592706],[166.139822,-73.482029],[166.218516,-73.566176],[165.817068,-73.57822],[166.2942,-73.725763],[166.144379,-73.813409],[165.583018,-73.805108],[165.793142,-73.872491],[165.651866,-73.91367],[165.198985,-73.859063],[165.236664,-73.606622],[165.031993,-73.410903],[165.358165,-73.34002],[164.526134,-73.330173],[164.443207,-73.368748],[164.893809,-73.483494],[164.905935,-73.657159],[164.71461,-73.781671],[164.952485,-73.890883],[164.87086,-73.931573],[165.308849,-74.030369],[164.410818,-73.943292],[164.818207,-74.040216],[164.859874,-74.209161],[165.457774,-74.494399],[165.434744,-74.629002],[165.176931,-74.5263],[164.848399,-74.585219],[164.340831,-74.50213],[163.684744,-74.615655],[163.671886,-74.474379],[163.4699,-74.341974],[163.098643,-74.418878],[163.270763,-74.541762],[163.045258,-74.707778],[162.812999,-74.603774],[162.583344,-74.850193],[162.36378,-74.841567],[162.786143,-74.990004],[162.546235,-75.10117],[162.65561,-75.167413],[162.595225,-75.223728],[161.776378,-75.188897],[160.582367,-75.378351],[162.191091,-75.387791],[162.306651,-75.529392],[162.029552,-75.574151],[162.900076,-75.822931],[162.540538,-75.921808],[162.736095,-76.073907],[162.394216,-76.059828],[162.521821,-76.09824],[162.092296,-76.202244],[162.751475,-76.235121],[162.70045,-76.307712],[162.884288,-76.43906],[162.423188,-76.639255],[162.84311,-76.664727],[162.97462,-76.789727],[162.301768,-76.951349],[163.162852,-77.043634],[163.535655,-77.362563],[163.824067,-77.430841],[163.800548,-77.528009],[163.505138,-77.569431],[163.718761,-77.614923],[163.440115,-77.668552],[164.243337,-77.781915],[163.728526,-77.879164],[164.556651,-77.889581],[164.533702,-77.987074],[164.339529,-78.029962],[164.401134,-78.086033],[163.842052,-78.226983],[164.639659,-78.325616],[165.097179,-78.254002],[165.494395,-78.01865],[165.60434,-78.122491],[165.337087,-78.198907],[165.708507,-78.271173],[165.730235,-78.399591],[167.058116,-78.509047],[167.227794,-78.669203],[166.546723,-78.712009],[166.08961,-78.566827],[164.409679,-78.603936],[163.484711,-78.781915],[163.064952,-78.736912],[162.911306,-78.881768],[162.621593,-78.945245],[162.45281,-78.878025],[162.481944,-78.778985],[161.760509,-78.610447],[161.823985,-78.481215],[161.552908,-78.505548],[161.335948,-78.581231],[161.520763,-78.795343],[161.755382,-78.839451],[161.632579,-78.871026],[162.06544,-79.068617],[161.003673,-78.933689],[161.19809,-78.962172],[161.098481,-79.059991],[160.695079,-79.03753],[160.386974,-79.168145],[160.519786,-79.240492],[160.460134,-79.302992],[160.72877,-79.34059],[160.661957,-79.405369],[161.03419,-79.474786],[160.623546,-79.449965],[160.140798,-79.578546],[159.63502,-79.525649],[159.875499,-79.662042],[160.840505,-79.618422],[159.496104,-79.819513],[159.821951,-79.925714],[161.470551,-79.901625],[158.173025,-80.419529],[160.774913,-80.383233],[161.04005,-80.497979],[159.754161,-80.570733],[160.260102,-80.678806],[161.179942,-80.637791],[161.009288,-80.758559],[161.346446,-80.784356],[159.578298,-80.767999],[159.497569,-80.843032],[160.87615,-80.914646],[160.640798,-80.934259],[160.907481,-80.992852],[160.547374,-81.006768],[160.824474,-81.09824],[160.541515,-81.119236],[161.142426,-81.244399],[160.132009,-81.203709],[160.626231,-81.316664],[160.349864,-81.392836],[161.454112,-81.423517],[161.519216,-81.452081],[161.011485,-81.548761],[162.47934,-81.689142],[162.620372,-81.754327],[162.237478,-81.824802],[162.893728,-81.807224],[163.102224,-81.873712],[162.610362,-81.912286],[163.916759,-82.190118],[160.639659,-82.422947],[160.802094,-82.491957],[163.439464,-82.54518],[163.164806,-82.449477],[164.673188,-82.3388],[165.559255,-82.493422],[165.304942,-82.579522],[165.373302,-82.606134],[166.226817,-82.64365],[166.529796,-82.702732],[166.430186,-82.750421],[166.538259,-82.781508],[167.306488,-82.817071],[167.166515,-82.900323],[167.408458,-82.924981],[167.106944,-82.969659],[167.656586,-83.0617],[168.118988,-82.961114],[168.592784,-82.998956],[168.868826,-83.145929],[168.076915,-83.183852],[168.53419,-83.233657],[168.415212,-83.26686],[166.99879,-83.199151],[168.031749,-83.359633],[169.383474,-83.336847],[169.364106,-83.422052],[169.466156,-83.447361],[169.629649,-83.369073],[170.403331,-83.491632],[171.193126,-83.445571],[171.576915,-83.500258],[170.924327,-83.534275],[171.959727,-83.620212],[171.866222,-83.644138],[172.046723,-83.658461],[171.914887,-83.687758],[172.00115,-83.716892],[172.820649,-83.667901],[173.721365,-83.763604],[173.29127,-83.856378],[173.409028,-83.878106],[174.973888,-83.830499],[175.443126,-83.903253],[175.161794,-83.957289],[175.301036,-83.98447],[178.527599,-84.121352],[178.406261,-84.15545],[179.354991,-84.197361],[180,-84.352796],[180,-90],[-180,-90],[-180,-84.352796],[-176.06432,-84.395929],[-176.51061,-84.435479],[-175.881337,-84.547459],[-175.248891,-84.497491],[-175.178049,-84.414809],[-168.254709,-84.648207],[-168.056752,-84.770766],[-167.441762,-84.867446],[-162.848948,-84.883071],[-156.008412,-85.221938],[-156.92748,-85.195245],[-155.503977,-85.126072],[-157.637196,-84.897231],[-155.589223,-84.840509],[-158.383616,-84.789239],[-158.249582,-84.767185],[-164.096628,-84.480564],[-163.265492,-84.491795],[-163.660227,-84.429132],[-166.423451,-84.370294],[-163.001088,-84.36297],[-165.154408,-84.137953],[-165.009714,-84.056736],[-163.70283,-84.0499],[-164.979604,-83.796482],[-168.08259,-83.779555],[-167.988515,-83.766778],[-168.259511,-83.743585],[-167.677195,-83.744236],[-168.337473,-83.692804],[-168.609731,-83.622491],[-168.582631,-83.530369],[-169.075673,-83.48919],[-168.779897,-83.475681],[-171.740956,-83.227227],[-170.956654,-83.261895],[-174.027577,-82.915216],[-174.369618,-82.778904],[-173.18102,-82.916436],[-171.408315,-82.95379],[-170.719472,-83.196954],[-169.59968,-83.310479],[-169.734568,-83.244399],[-165.086293,-83.202081],[-164.854115,-83.250258],[-164.985829,-83.35589],[-164.657338,-83.498142],[-164.177317,-83.527114],[-164.166249,-83.396091],[-163.133982,-83.315525],[-162.169057,-83.524672],[-159.19343,-83.544366],[-158.999867,-83.457127],[-157.555287,-83.390232],[-156.917673,-83.230157],[-158.557932,-83.132745],[-155.592234,-83.046075],[-155.058787,-82.801935],[-152.542917,-82.54811],[-152.896799,-82.374119],[-154.838938,-81.944757],[-153.692372,-81.747003],[-153.816396,-81.681248],[-154.996571,-81.48919],[-157.056711,-81.351332],[-157.145863,-81.319024],[-157.095815,-81.266371],[-156.450144,-81.148696],[-147.628,-80.92018],[-147.548329,-80.886895],[-148.406606,-80.746026],[-149.461659,-80.719171],[-148.885203,-80.700616],[-149.445505,-80.683201],[-149.035593,-80.661228],[-149.190256,-80.62656],[-148.25768,-80.636326],[-151.011586,-80.429457],[-149.968251,-80.393731],[-150.803212,-80.245538],[-150.133738,-80.185724],[-150.3697,-80.07464],[-148.834096,-80.13128],[-147.554758,-80.051202],[-148.9499,-79.972589],[-148.194285,-79.971287],[-148.999745,-79.860772],[-147.067128,-79.908624],[-147.89745,-79.901137],[-147.585194,-79.874607],[-148.141184,-79.810805],[-147.773101,-79.779474],[-152.003774,-79.342462],[-151.697987,-79.251642],[-152.414174,-79.26393],[-151.720082,-79.083754],[-152.935007,-79.170099],[-154.969797,-79.034763],[-156.528269,-78.66367],[-156.052846,-78.494073],[-154.522898,-78.434015],[-154.136586,-78.248305],[-153.815053,-78.233168],[-154.396189,-78.135919],[-155.119985,-78.257013],[-155.251576,-78.205011],[-154.977651,-78.20672],[-156.625234,-78.142836],[-157.199574,-78.252699],[-158.343861,-77.974379],[-158.639963,-77.848565],[-158.118113,-77.555841],[-158.286326,-77.51393],[-158.140207,-77.427911],[-158.329457,-77.342869],[-158.17748,-77.205824],[-158.311716,-77.13242],[-158.220204,-77.073663],[-157.843088,-77.074965],[-157.02184,-77.358657],[-156.467112,-77.260675],[-156.833567,-77.187677],[-156.590281,-77.1124],[-155.865549,-77.059747],[-155.475046,-77.167901],[-154.405222,-77.152927],[-153.317209,-77.338149],[-153.941843,-77.415948],[-153.862416,-77.44256],[-152.575429,-77.502048],[-152.485463,-77.319106],[-152.350697,-77.302667],[-151.514597,-77.416436],[-151.371165,-77.450616],[-151.420888,-77.508966],[-149.974965,-77.816176],[-149.24531,-77.757501],[-149.785471,-77.624607],[-148.884511,-77.707208],[-148.673695,-77.6749],[-148.814687,-77.561456],[-147.758209,-77.461684],[-149.055531,-77.320245],[-148.802724,-77.234308],[-148.971181,-77.227472],[-148.769724,-77.10475],[-147.846832,-77.263767],[-147.661448,-77.423028],[-147.714263,-77.355564],[-146.976186,-77.235935],[-146.375111,-77.503106],[-145.462799,-77.523207],[-145.406646,-77.479262],[-145.955068,-77.363377],[-145.809804,-77.347914],[-145.95344,-77.233087],[-145.245961,-77.232354],[-146.381418,-77.003106],[-145.309967,-77.058689],[-145.963612,-76.857517],[-145.398346,-76.779474],[-145.462636,-76.751642],[-146.109975,-76.709161],[-146.470123,-76.592706],[-146.391225,-76.558689],[-147.081695,-76.432794],[-148.45283,-76.506036],[-149.708974,-76.376723],[-148.539662,-76.228285],[-148.68928,-76.161065],[-148.197092,-76.087091],[-146.250722,-76.423761],[-145.354644,-76.434503],[-146.499623,-76.087009],[-146.209218,-75.91546],[-144.221303,-75.821222],[-144.202504,-75.71852],[-143.971832,-75.696059],[-144.357249,-75.623956],[-142.679433,-75.561782],[-142.46703,-75.431736],[-141.861399,-75.521173],[-141.52717,-75.767511],[-140.646474,-75.807224],[-141.326527,-75.526788],[-140.277008,-75.43255],[-139.56664,-75.148045],[-137.74234,-75.060642],[-136.346018,-75.17783],[-137.009877,-75.009861],[-136.864329,-74.964614],[-136.834299,-74.760431],[-135.701812,-74.747328],[-135.419993,-74.565118],[-134.518625,-74.643243],[-134.586252,-74.736261],[-134.414703,-74.858982],[-133.865549,-74.928318],[-132.093129,-74.763279],[-129.975087,-74.913263],[-127.24474,-74.680108],[-126.113433,-74.761489],[-124.365631,-74.706964],[-124.05134,-74.81113],[-121.772532,-74.786065],[-118.867055,-74.602472],[-118.616526,-74.522231],[-119.138254,-74.503351],[-117.970815,-74.258071],[-117.841135,-74.33766],[-117.978139,-74.399835],[-117.809193,-74.414727],[-117.882721,-74.469822],[-117.785756,-74.517511],[-116.693471,-74.557875],[-116.050201,-74.497328],[-116.084137,-74.419122],[-115.906728,-74.385431],[-115.649322,-74.530938],[-114.874338,-74.481622],[-114.842397,-74.385024],[-115.067983,-74.256443],[-115.124867,-74.094903],[-114.796864,-73.938897],[-114.210032,-73.863458],[-113.951772,-73.914646],[-114.24234,-74.078302],[-113.611195,-74.02516],[-113.439605,-74.099705],[-113.422027,-74.1749],[-113.947825,-74.256443],[-113.68517,-74.296563],[-113.805328,-74.342706],[-113.801259,-74.451837],[-113.225087,-74.402114],[-113.621938,-74.58115],[-114.357004,-74.695896],[-113.826731,-74.712986],[-114.278066,-75.019708],[-114.105784,-75.068943],[-112.917795,-74.873142],[-111.542633,-74.801528],[-111.514963,-74.739923],[-111.926137,-74.551202],[-111.325551,-74.475518],[-111.740793,-74.409763],[-111.904775,-74.282403],[-111.592641,-74.172459],[-110.79662,-74.326755],[-110.554921,-74.244073],[-110.248199,-74.372247],[-110.445546,-74.409356],[-110.19286,-74.432306],[-110.103139,-74.548598],[-110.317047,-74.65545],[-110.294423,-74.781915],[-110.675445,-74.82936],[-111.618723,-75.197361],[-111.304189,-75.240899],[-109.867177,-75.230645],[-109.69286,-75.146091],[-106.591298,-75.378595],[-105.026479,-75.107843],[-101.760732,-75.08294],[-101.564198,-75.146742],[-101.65685,-75.305352],[-101.112701,-75.432061],[-98.402211,-75.236423],[-98.744211,-75.224542],[-98.434316,-75.133396],[-99.379709,-75.112726],[-99.323964,-74.962579],[-99.438466,-74.913263],[-100.522288,-74.890883],[-99.919301,-74.769789],[-100.110178,-74.716241],[-100.017893,-74.64365],[-100.113433,-74.631036],[-99.800852,-74.536716],[-101.395904,-74.502699],[-101.4287,-74.374282],[-101.295033,-74.274835],[-101.426381,-74.279962],[-101.365468,-74.198907],[-101.589223,-74.000177],[-102.848622,-73.921563],[-102.923329,-73.857517],[-102.803944,-73.716974],[-102.998647,-73.609633],[-100.632069,-73.782159],[-99.584543,-73.706964],[-99.497304,-73.618585],[-98.814361,-73.632257],[-98.867747,-73.593927],[-99.587717,-73.522638],[-99.405588,-73.486586],[-99.714915,-73.467706],[-99.768056,-73.36419],[-102.873647,-73.308201],[-103.306711,-73.147149],[-103.261342,-73.006606],[-103.429921,-72.849379],[-103.041412,-72.707615],[-102.093984,-72.771742],[-102.188629,-72.894464],[-102.716908,-72.997735],[-102.07665,-72.978448],[-101.960317,-73.055597],[-100.76594,-72.976007],[-100.318267,-73.06878],[-99.853586,-72.995538],[-97.717437,-73.025323],[-97.981191,-73.169366],[-97.418853,-73.124933],[-95.842681,-73.331476],[-95.193756,-73.20908],[-94.131012,-73.312595],[-93.571645,-73.175226],[-92.801381,-73.142755],[-91.077382,-73.336602],[-90.160797,-73.139744],[-89.230295,-73.111261],[-89.280019,-73.037693],[-89.054067,-72.929132],[-89.110504,-72.764337],[-89.424713,-72.643487],[-89.3485,-72.634535],[-88.173492,-72.73211],[-88.108754,-72.843357],[-88.714019,-73.119806],[-88.40689,-73.270603],[-87.349517,-73.16961],[-87.358306,-73.256117],[-86.946523,-73.383559],[-85.678619,-73.177504],[-85.580393,-73.200453],[-85.664906,-73.25506],[-85.531606,-73.385349],[-85.101471,-73.487074],[-83.751698,-73.560235],[-83.881581,-73.666681],[-83.809316,-73.741306],[-82.933705,-73.710382],[-82.137074,-73.889744],[-81.184682,-73.704197],[-81.086252,-73.594496],[-81.328236,-73.480076],[-81.355458,-73.323826],[-81.23469,-73.247979],[-80.196848,-73.401951],[-80.65099,-73.084405],[-80.492543,-72.953302],[-79.64745,-73.03867],[-78.78189,-73.337986],[-78.84496,-73.608819],[-77.531158,-73.467462],[-76.718251,-73.523533],[-77.242421,-73.812433],[-77.0808,-73.879327],[-75.268137,-73.621189],[-74.025299,-73.723891],[-73.228505,-73.559747],[-73.07311,-73.444431],[-72.384511,-73.469822],[-71.062001,-73.266371],[-70.292958,-73.29339],[-68.779693,-73.108005],[-67.511098,-72.83408],[-67.504058,-72.736423],[-67.221913,-72.593683],[-67.189565,-72.461196],[-66.750844,-72.113051],[-66.792144,-71.960626],[-67.622629,-71.433364],[-67.443959,-71.238946],[-67.544586,-71.207452],[-67.411122,-70.992852],[-67.64269,-70.85475],[-67.674469,-70.639825],[-67.949371,-70.311782],[-68.483754,-70.052667],[-68.361887,-69.683364],[-68.824859,-69.431329],[-68.308827,-69.403985],[-68.278879,-69.281345],[-67.392323,-69.502699],[-67.274403,-69.44378],[-67.339182,-69.394789],[-67.253041,-69.273045],[-66.894032,-69.232354],[-66.844553,-69.17547],[-66.95637,-69.122491],[-66.759145,-69.071222],[-66.944976,-69.050388],[-66.84496,-68.972914],[-67.480702,-68.841892],[-66.959218,-68.748142],[-67.174713,-68.525323],[-66.860666,-68.367608],[-67.157094,-68.302179],[-66.625071,-68.246677],[-66.945872,-68.222833],[-67.210561,-68.075128],[-67.065012,-68.041436],[-67.268707,-67.968683],[-66.850575,-67.91367],[-66.891225,-67.829034],[-66.767079,-67.77516],[-67.080312,-67.77988],[-66.737904,-67.730645],[-66.967641,-67.693129],[-66.533762,-67.609145],[-66.510243,-67.527927],[-66.992747,-67.468683],[-67.610748,-67.54697],[-67.51887,-67.507257],[-67.660797,-67.482843],[-67.443837,-67.189386],[-67.607737,-67.178318],[-67.476186,-67.054132],[-67.30309,-67.099298],[-67.216542,-66.973403],[-66.950673,-66.938897],[-66.887522,-67.168145],[-66.980865,-67.2763],[-66.785634,-67.311456],[-66.708852,-67.190525],[-66.462799,-67.336602],[-66.526845,-67.113946],[-66.444163,-67.085382],[-66.614166,-67.038018],[-66.420318,-66.881931],[-66.55191,-66.810642],[-66.547922,-66.65016],[-66.256825,-66.583185],[-65.689361,-66.683689],[-65.766713,-66.601821],[-65.550364,-66.40016],[-65.872426,-66.298923],[-65.640533,-66.214776],[-65.705474,-66.149998],[-65.090932,-66.150079],[-65.319163,-66.038263],[-65.259755,-65.957452],[-64.886627,-65.928399],[-64.584096,-66.033461],[-64.487701,-65.950453],[-64.693674,-65.840509],[-64.671376,-65.752618],[-64.396392,-65.80934],[-64.335276,-65.716567],[-64.478668,-65.631443],[-64.045074,-65.693129],[-64.226877,-65.553318],[-64.081899,-65.514825],[-63.795155,-65.605727],[-63.828684,-65.54754],[-63.682281,-65.523858],[-64.089955,-65.413344],[-63.984486,-65.369887],[-64.109853,-65.267755],[-64.079701,-65.165297],[-63.873891,-65.045994],[-63.083608,-65.166111],[-63.005442,-65.035414],[-63.233754,-64.965265],[-62.867909,-64.920994],[-62.794097,-64.812677],[-62.407216,-64.876642],[-62.673818,-64.777276],[-62.497182,-64.731866],[-62.574086,-64.656671],[-62.495513,-64.598565],[-62.310943,-64.656508],[-62.369008,-64.749119],[-62.141835,-64.784845],[-62.220082,-64.738051],[-61.970855,-64.690362],[-61.915679,-64.574884],[-61.795033,-64.582778],[-61.805735,-64.492852],[-61.578847,-64.662042],[-61.491038,-64.614516],[-61.605784,-64.532159],[-61.432281,-64.545587],[-61.582875,-64.442641],[-61.090688,-64.386326],[-61.095815,-64.302911],[-60.941721,-64.281915],[-60.96288,-64.156345],[-60.84081,-64.164239],[-60.985666,-64.064548],[-60.772857,-64.085056],[-60.306467,-63.91546],[-59.96996,-63.958103],[-59.807444,-63.771661],[-59.770172,-63.859959],[-59.429107,-63.909926],[-59.352284,-63.708591],[-58.936147,-63.669203],[-58.898549,-63.540216],[-58.165191,-63.462986],[-58.169911,-63.37656],[-57.368723,-63.217869],[-57.029408,-63.28102],[-57.047597,-63.415623],[-56.944407,-63.398533],[-56.991322,-63.460382],[-56.775787,-63.603774],[-57.12442,-63.654474],[-57.12678,-63.503513],[-57.445383,-63.444431],[-57.420725,-63.561944],[-58.097727,-63.663995],[-58.704701,-63.994806],[-58.819895,-64.218683],[-59.1079,-64.227309],[-58.754547,-64.29339],[-58.949452,-64.357354],[-58.779897,-64.431736],[-58.815785,-64.542739],[-59.013661,-64.430434],[-59.330881,-64.440037],[-59.463938,-64.310642],[-59.66218,-64.391534],[-59.591054,-64.587986],[-59.76891,-64.56699],[-59.770172,-64.424737],[-60.007314,-64.39837],[-60.261952,-64.566095],[-60.421986,-64.524835],[-60.360911,-64.64365],[-60.665883,-64.708673],[-61.051747,-65.010919],[-61.728749,-64.968683],[-61.739369,-65.087823],[-61.555776,-65.157892],[-61.627553,-65.241388],[-61.961171,-65.191339],[-62.198313,-65.304457],[-62.032094,-65.372247],[-62.067372,-65.477309],[-61.700999,-65.545668],[-62.079945,-65.596368],[-62.089711,-65.711602],[-62.361887,-65.814223],[-62.372426,-65.915704],[-62.022776,-66.111505],[-61.596018,-66.165623],[-61.647125,-66.033624],[-61.309071,-66.086602],[-61.355377,-65.932306],[-61.275502,-65.91253],[-61.031239,-66.035903],[-61.006703,-65.912774],[-60.547109,-65.958266],[-60.708363,-66.130792],[-61.024078,-66.082778],[-60.875885,-66.187595],[-60.99474,-66.341485],[-61.468658,-66.114353],[-61.49352,-66.259861],[-61.780385,-66.212986],[-61.669301,-66.392348],[-61.750885,-66.477716],[-61.970204,-66.198419],[-62.668284,-66.227472],[-62.760894,-66.316095],[-62.514475,-66.478204],[-62.703725,-66.580743],[-62.457916,-66.643324],[-62.64387,-66.724542],[-63.210846,-66.248712],[-63.811594,-66.188897],[-63.712148,-66.250421],[-63.874135,-66.272638],[-63.573354,-66.391209],[-63.90331,-66.381606],[-63.761301,-66.434991],[-63.911977,-66.502618],[-63.797027,-66.588474],[-64.02123,-66.55755],[-64.134918,-66.643162],[-63.751332,-66.787693],[-63.755523,-66.897638],[-64.044423,-66.936212],[-64.308827,-66.836521],[-64.515981,-66.904962],[-64.526926,-66.756768],[-64.617909,-66.767836],[-64.773793,-66.845636],[-64.71052,-66.987074],[-64.963775,-66.896661],[-64.882232,-66.963149],[-64.966298,-67.033868],[-64.690094,-67.14837],[-65.065907,-67.202081],[-64.749135,-67.307306],[-65.326894,-67.399102],[-65.476877,-67.263604],[-65.463612,-67.34588],[-65.615956,-67.36891],[-65.501454,-67.462335],[-65.588735,-67.554376],[-65.337473,-67.657973],[-65.706695,-67.85947],[-65.329172,-67.983819],[-65.780914,-68.094822],[-65.760732,-68.165704],[-65.22643,-68.163018],[-64.937408,-68.022149],[-64.989084,-68.089125],[-64.755849,-68.108087],[-65.493886,-68.317071],[-64.975697,-68.40781],[-65.347401,-68.533787],[-65.243804,-68.62949],[-64.03303,-68.831313],[-64.180165,-68.747654],[-64.0006,-68.754327],[-64.325836,-68.642185],[-64.18106,-68.649102],[-64.257314,-68.573826],[-63.989166,-68.491388],[-62.871734,-68.420668],[-62.924469,-68.505792],[-63.237904,-68.446466],[-63.76061,-68.580987],[-63.812896,-68.71795],[-63.21231,-68.838637],[-63.512685,-68.813246],[-63.4051,-68.935805],[-63.897084,-68.982599],[-63.303538,-69.055597],[-63.435536,-69.157973],[-63.172678,-69.16253],[-62.986318,-69.37363],[-62.745229,-69.352227],[-62.397288,-69.515232],[-62.392893,-69.706801],[-62.529652,-69.863946],[-61.868723,-70.208266],[-62.014556,-70.292576],[-62.393463,-70.218845],[-62.322174,-70.276951],[-62.436391,-70.304783],[-62.407216,-70.40545],[-62.170277,-70.421563],[-62.144887,-70.552504],[-61.47411,-70.493097],[-61.354237,-70.56113],[-61.681142,-70.618829],[-61.687896,-70.707127],[-62.129262,-70.723403],[-62.005767,-70.793145],[-62.032582,-70.903009],[-61.305002,-70.856052],[-61.371205,-71.01572],[-60.93456,-71.182224],[-61.277415,-71.224379],[-60.924184,-71.338637],[-60.983754,-71.366795],[-61.417388,-71.322524],[-61.129303,-71.414809],[-62.112213,-71.639825],[-61.55724,-71.690606],[-61.141265,-71.532892],[-60.777943,-71.677016],[-60.797841,-71.781508],[-61.097035,-71.708103],[-61.16275,-71.718845],[-61.027211,-71.832289],[-61.091786,-71.871026],[-62.440907,-71.91961],[-62.112213,-72.009535],[-62.34911,-72.097589],[-62.254303,-72.135186],[-61.674306,-72.046563],[-61.166982,-72.169854],[-61.173695,-72.06699],[-60.693837,-71.997817],[-60.688629,-72.120212],[-61.071889,-72.191339],[-60.687245,-72.23089],[-60.674387,-72.325372],[-60.998036,-72.356215],[-60.642568,-72.429946],[-61.46467,-72.407322],[-61.365631,-72.465997],[-61.471018,-72.497817],[-61.275502,-72.526056],[-61.215443,-72.638116],[-61.420277,-72.645766],[-61.136586,-72.783298],[-61.004384,-72.686619],[-60.552398,-72.655857],[-60.491689,-72.791192],[-60.763539,-73.074477],[-60.552235,-72.980564],[-60.275746,-73.045994],[-60.082102,-72.87477],[-59.949371,-72.895196],[-60.026601,-73.278985],[-60.378285,-73.32171],[-60.598622,-73.184828],[-60.734446,-73.398045],[-60.877919,-73.241957],[-61.082753,-73.347426],[-61.229644,-73.201837],[-62.065094,-73.130466],[-61.646067,-73.252048],[-62.00182,-73.230564],[-61.568471,-73.353123],[-61.934804,-73.372166],[-61.687815,-73.535903],[-61.452301,-73.477797],[-60.79955,-73.577895],[-61.145619,-73.737888],[-60.734731,-73.715753],[-60.986562,-73.955336],[-61.691965,-73.886163],[-61.791005,-73.906671],[-61.581939,-73.969903],[-61.859283,-74.02988],[-61.055776,-74.073175],[-61.133453,-74.164158],[-61.978098,-74.244236],[-61.856597,-74.328709],[-60.650014,-74.254002],[-60.977895,-74.497166],[-61.542714,-74.544041],[-62.363881,-74.403497],[-61.792226,-74.778985],[-62.131907,-74.951593],[-62.52599,-74.997247],[-62.701283,-74.677992],[-63.265696,-74.668145],[-63.076894,-74.908461],[-63.57311,-74.871352],[-64.085601,-74.99863],[-63.277903,-75.015395],[-63.040924,-75.147231],[-64.434438,-75.31756],[-63.084543,-75.351658],[-63.16161,-75.409438],[-66.218617,-76.010837],[-68.104319,-76.147882],[-67.949208,-76.215916],[-70.180898,-76.450616],[-69.746327,-76.469496],[-70.049916,-76.498712],[-69.816151,-76.522231],[-70.099517,-76.565199],[-69.827382,-76.613946],[-70.094309,-76.675063],[-69.941762,-76.667169],[-70.014027,-76.693617],[-71.709055,-76.762791],[-73.936838,-76.653009],[-73.766591,-76.719008],[-75.210276,-76.565199],[-75.810414,-76.638116],[-76.541615,-76.516778],[-76.770497,-76.578709],[-76.708323,-76.674412],[-77.456899,-76.480076],[-77.384877,-76.545017],[-77.509267,-76.556085],[-77.425893,-76.627211],[-77.693471,-76.487563],[-77.508453,-76.630466],[-77.52359,-76.72975],[-76.822336,-77.005466],[-76.999867,-77.036391],[-75.871571,-77.349542],[-75.526601,-77.541192],[-75.080393,-77.437107],[-72.722279,-77.575616],[-73.465647,-78.014744],[-74.269439,-78.129164],[-73.933258,-78.1124],[-74.055653,-78.13714],[-75.047353,-78.231622],[-75.217641,-78.144627],[-77.685414,-77.929864],[-79.423695,-77.878025],[-80.769358,-77.669854],[-80.65689,-77.724867],[-81.157094,-77.852309],[-81.66747,-77.841485],[-77.412506,-78.41961],[-77.329416,-78.597833],[-77.754018,-78.735772],[-80.295237,-78.846775],[-82.48705,-78.465753],[-83.767649,-77.968032],[-83.828603,-77.996677],[-83.591298,-78.226251],[-82.944936,-78.473321],[-83.681264,-78.327244],[-83.886138,-78.419366],[-83.253529,-78.772719],[-81.388254,-79.215509],[-81.105702,-79.203383],[-81.319325,-79.298517],[-81.168528,-79.448175],[-80.49234,-79.577895],[-80.385976,-79.508233],[-80.537221,-79.323663],[-80.429351,-79.258477],[-76.532582,-79.312921],[-76.066274,-79.435317],[-75.924469,-79.54225],[-76.097646,-79.733575],[-76.632192,-79.939223],[-79.687327,-79.982599],[-78.273183,-80.178155],[-76.274485,-80.08115],[-76.095082,-80.294122],[-75.414052,-80.488539],[-75.711985,-80.638116],[-74.949452,-80.770196],[-75.770904,-80.837579],[-75.554067,-80.891371],[-74.838287,-80.919366],[-74.104237,-80.796157],[-72.588857,-80.961358],[-72.46231,-80.750421],[-70.820627,-80.610121],[-70.401519,-80.668064],[-70.397125,-80.823337],[-69.975819,-80.976007],[-68.44872,-80.977146],[-68.057118,-81.038263],[-68.371653,-81.110284],[-65.174306,-81.512302],[-62.211334,-81.592055],[-62.083608,-81.645685],[-64.084381,-81.688897],[-63.878163,-81.600844],[-64.198638,-81.688409],[-64.712717,-81.698175],[-64.513499,-81.638849],[-64.61677,-81.619317],[-65.691721,-81.710545],[-65.624867,-81.784112],[-63.476064,-81.837335],[-66.255767,-81.948012],[-65.629791,-81.986586],[-65.943715,-82.095798],[-66.062408,-82.195408],[-65.862701,-82.244806],[-66.030263,-82.311619],[-65.233469,-82.256931],[-65.072581,-82.40602],[-60.401235,-82.17018],[-61.120229,-82.344334],[-62.795033,-82.519708],[-61.932485,-82.972345],[-62.180776,-83.034112],[-61.620229,-83.063409],[-61.314117,-82.890232],[-61.065745,-82.909763],[-60.974924,-83.005466],[-61.112538,-83.164809],[-61.851471,-83.367608],[-60.899648,-83.387953],[-61.113637,-83.447931],[-60.95226,-83.476251],[-59.46996,-83.460138],[-55.916127,-82.476983],[-55.224843,-82.517755],[-55.015492,-82.352309],[-53.924672,-82.20615],[-54.303456,-82.191664],[-51.730641,-82.062557]]],[[[167.663748,-78.127374],[167.405528,-78.2492],[166.315115,-78.310317],[166.09783,-78.267836],[165.986095,-78.109552],[166.795665,-78.211602],[167.511729,-77.992446],[167.663748,-78.127374]]],[[[163.614268,-74.843438],[163.69516,-74.892267],[163.595063,-74.872735],[163.614268,-74.843438]]],[[[163.803477,-74.689548],[164.302419,-74.552667],[164.038097,-74.636326],[164.107188,-74.736098],[163.926036,-74.772231],[164.037771,-74.806329],[163.96339,-74.866388],[163.687755,-74.725518],[163.803477,-74.689548]]],[[[163.34018,-70.373956],[163.516287,-70.345961],[163.309581,-70.386407],[163.34018,-70.373956]]],[[[164.840343,-67.339288],[164.926036,-67.431085],[164.875011,-67.515069],[164.657237,-67.538344],[164.657237,-67.260837],[164.840343,-67.339288]]],[[[163.293712,-66.838067],[163.081309,-66.706476],[163.260509,-66.716241],[163.293712,-66.838067]]],[[[-45.053944,-60.703058],[-45.061879,-60.635512],[-45.015696,-60.693455],[-45.053944,-60.703058]]],[[[-59.286773,-80.209649],[-59.592641,-80.213962],[-59.574574,-80.285821],[-59.757436,-80.335707],[-59.846832,-80.528253],[-59.466542,-80.490899],[-59.859242,-80.594985],[-59.665924,-80.646417],[-59.819,-80.744887],[-60.652659,-80.960382],[-62.522084,-80.864923],[-62.958485,-80.775323],[-63.141103,-80.592462],[-63.792348,-80.606134],[-64.284779,-80.751153],[-66.700917,-80.412367],[-66.804758,-80.328546],[-66.239898,-80.194431],[-66.203481,-80.343683],[-65.918446,-80.394952],[-61.750356,-80.368341],[-61.18456,-80.252618],[-61.515859,-80.241876],[-61.807851,-80.05755],[-61.235585,-79.979669],[-61.522694,-79.892999],[-60.07665,-79.65602],[-60.486562,-79.737726],[-59.799143,-79.774347],[-59.853627,-79.817153],[-59.656402,-79.850356],[-59.862782,-79.903253],[-59.625559,-79.906345],[-59.846669,-79.943617],[-59.784332,-80.057794],[-59.961334,-80.083917],[-59.286773,-80.209649]]],[[[-66.149078,-79.628188],[-65.788564,-79.624607],[-66.700754,-79.668064],[-65.554067,-79.777439],[-65.901275,-79.839532],[-65.450103,-79.952407],[-66.310455,-80.080743],[-66.419301,-79.960382],[-67.025746,-79.89837],[-66.811838,-79.791925],[-67.839833,-79.55877],[-66.149078,-79.628188]]],[[[-32.1433,-79.661065],[-32.601226,-79.661065],[-32.294179,-79.521905],[-31.913482,-79.572849],[-32.205556,-79.627048],[-32.1433,-79.661065]]],[[[-68.233062,-79.285903],[-67.048207,-79.264825],[-67.511057,-79.397231],[-67.242177,-79.455824],[-67.467885,-79.506036],[-68.572133,-79.436619],[-67.46935,-79.308038],[-68.447011,-79.323826],[-68.233062,-79.285903]]],[[[-67.712229,-79.136814],[-67.602528,-79.136651],[-68.225942,-79.168145],[-67.712229,-79.136814]]],[[[-33.916493,-79.312595],[-36.726389,-79.29811],[-36.938466,-79.181248],[-36.590077,-79.275567],[-36.659576,-79.223077],[-35.503407,-79.090102],[-33.916493,-79.312595]]],[[[-75.588368,-78.757908],[-75.393666,-78.740981],[-75.512359,-78.866795],[-75.649892,-78.833185],[-75.588368,-78.757908]]],[[[-66.734364,-78.441827],[-69.29601,-79.217706],[-69.664784,-79.411798],[-69.503326,-79.415134],[-69.822011,-79.458429],[-69.491567,-79.532647],[-69.736155,-79.567153],[-69.646555,-79.603774],[-70.341786,-79.696873],[-71.444163,-79.652927],[-71.815663,-79.479181],[-71.599599,-79.199965],[-70.592763,-78.885919],[-67.577626,-78.37184],[-66.60554,-78.363702],[-66.872548,-78.427992],[-66.734364,-78.441827]]],[[[-52.518788,-80.200128],[-50.263661,-79.53574],[-50.389231,-79.330824],[-50.739735,-79.284438],[-50.484364,-79.129327],[-50.452992,-79.003839],[-50.56135,-78.959568],[-50.214426,-78.83294],[-50.430531,-78.812595],[-50.267323,-78.72324],[-50.367421,-78.690525],[-49.110992,-78.052911],[-47.222524,-77.772638],[-45.934071,-77.817071],[-43.818837,-78.248305],[-43.725087,-78.394952],[-43.920277,-78.596287],[-45.302724,-78.680352],[-45.224599,-78.73561],[-45.370473,-78.786065],[-43.739003,-78.800551],[-43.459869,-78.955499],[-43.452545,-79.110772],[-43.133534,-79.181899],[-43.348459,-79.23919],[-42.936431,-79.522068],[-42.981516,-79.786554],[-43.137441,-79.951755],[-43.856679,-79.996026],[-43.437978,-80.10947],[-43.531565,-80.199965],[-49.719228,-80.685642],[-49.695953,-80.767999],[-49.798004,-80.790948],[-54.16161,-80.87713],[-54.407826,-80.740004],[-54.377594,-80.577407],[-54.096506,-80.558364],[-53.407053,-80.10768],[-52.890248,-80.177016],[-52.279897,-80.078302],[-52.518788,-80.200128]]],[[[-49.258656,-77.872491],[-49.450795,-77.863051],[-48.750356,-77.747654],[-49.258656,-77.872491]]],[[[-20.366567,-74.425388],[-20.843007,-74.462823],[-20.981191,-74.211033],[-21.299469,-74.10589],[-22.040151,-74.105564],[-21.145375,-73.950128],[-20.89037,-73.678969],[-20.640248,-73.587498],[-20.495839,-73.793715],[-20.69286,-74.101983],[-20.366567,-74.425388]]],[[[-73.823842,-73.387465],[-73.755238,-73.355645],[-73.773427,-73.393324],[-73.823842,-73.387465]]],[[[-71.796539,-73.219822],[-71.987375,-73.258396],[-72.032541,-73.183689],[-71.796539,-73.219822]]],[[[-73.88683,-73.12005],[-73.522532,-73.130141],[-74.014719,-73.406345],[-74.159169,-73.308038],[-73.88683,-73.12005]]],[[[-104.687123,-73.096531],[-104.532704,-73.174493],[-104.945668,-73.186212],[-105.155385,-73.005304],[-104.958608,-72.942641],[-104.687123,-73.096531]]],[[[-89.892445,-72.884617],[-89.330678,-72.927992],[-89.689117,-73.09059],[-90.219146,-73.084242],[-90.336293,-72.9874],[-89.892445,-72.884617]]],[[[-74.846791,-72.866632],[-74.218577,-72.990818],[-74.508412,-73.252374],[-74.758046,-73.303155],[-74.360911,-73.460382],[-74.465321,-73.58294],[-75.874582,-73.346612],[-76.126129,-73.158787],[-75.858225,-73.047621],[-75.524526,-73.113377],[-75.036448,-73.038995],[-75.775746,-72.89365],[-74.846791,-72.866632]]],[[[-93.750803,-72.888604],[-93.86205,-72.928155],[-94.068349,-72.82586],[-93.750803,-72.888604]]],[[[-98.130767,-72.692315],[-97.940256,-72.657403],[-97.831288,-72.716974],[-98.130767,-72.692315]]],[[[-90.901601,-72.819757],[-90.724477,-72.912774],[-90.917714,-73.101251],[-91.506337,-73.197849],[-91.449086,-72.951837],[-91.333404,-72.897556],[-91.686513,-72.609959],[-90.915191,-72.562188],[-90.757965,-72.697442],[-90.901601,-72.819757]]],[[[-93.359364,-72.579767],[-93.110585,-72.559828],[-93.236318,-72.635512],[-93.359364,-72.579767]]],[[[-60.775136,-72.562433],[-60.946685,-72.598077],[-60.917958,-72.545099],[-60.775136,-72.562433]]],[[[-94.491444,-72.522393],[-94.39981,-72.607354],[-95.274281,-72.651788],[-94.580881,-72.468927],[-94.491444,-72.522393]]],[[[-16.186147,-72.590509],[-16.102773,-72.687433],[-16.381581,-72.690037],[-16.516347,-72.519138],[-16.338002,-72.460626],[-16.186147,-72.590509]]],[[[-70.550282,-72.221856],[-70.417633,-72.238377],[-70.653554,-72.250746],[-70.550282,-72.221856]]],[[[-60.258453,-72.204034],[-60.188059,-72.175958],[-60.12678,-72.252537],[-60.258453,-72.204034]]],[[[-12.659413,-72.059503],[-12.489654,-72.167087],[-12.742299,-72.185154],[-12.967356,-72.056329],[-12.659413,-72.059503]]],[[[-95.499216,-72.315606],[-95.428863,-72.334242],[-95.515492,-72.402032],[-96.096791,-72.461114],[-95.944407,-72.50156],[-96.054758,-72.583673],[-97.259023,-72.507094],[-98.580149,-72.572849],[-98.673004,-72.542169],[-98.535471,-72.464125],[-99.396555,-72.498224],[-99.468088,-72.461358],[-99.186431,-72.375421],[-101.967275,-72.193292],[-102.32372,-72.06406],[-100.132558,-71.821873],[-99.944407,-71.893813],[-100.451975,-71.998305],[-99.861155,-72.049412],[-99.499013,-71.930434],[-98.685536,-72.107354],[-99.152577,-71.916192],[-98.856272,-71.765232],[-98.531646,-71.756768],[-97.982411,-71.859633],[-98.290883,-71.974216],[-98.228627,-72.045017],[-98.35261,-72.156427],[-98.069081,-72.07822],[-97.764312,-72.142511],[-97.892079,-71.91074],[-97.602773,-71.888116],[-97.47232,-71.907973],[-97.62267,-71.950453],[-97.36498,-71.979913],[-97.618316,-72.096124],[-97.394114,-72.208429],[-96.990102,-71.847345],[-96.360463,-71.835056],[-96.065338,-71.913832],[-96.139475,-72.013604],[-96.509592,-72.013767],[-96.382151,-72.056899],[-96.999989,-72.214288],[-96.723785,-72.264093],[-95.658111,-72.047621],[-95.59317,-72.076837],[-95.719106,-72.103285],[-95.502919,-72.151625],[-96.415761,-72.289809],[-95.499216,-72.315606]]],[[[-60.53067,-71.051039],[-60.957346,-70.977309],[-60.587026,-70.925063],[-60.53067,-71.051039]]],[[[-74.912668,-71.02337],[-76.130442,-71.137872],[-76.405873,-71.107517],[-76.542551,-70.96559],[-76.108998,-70.83766],[-75.199818,-70.776625],[-74.954457,-70.584568],[-74.596099,-70.794122],[-74.469879,-70.751397],[-74.463368,-70.576837],[-74.100697,-70.658624],[-74.130849,-70.565118],[-73.883901,-70.570571],[-73.547475,-70.716241],[-74.400502,-70.975274],[-74.912668,-71.02337]]],[[[-60.435292,-70.596775],[-60.716542,-70.710626],[-60.982249,-70.620864],[-60.834543,-70.512384],[-60.435292,-70.596775]]],[[[-3.430409,-70.538507],[-3.492502,-70.481052],[-3.144154,-70.300714],[-2.833811,-70.281427],[-2.680572,-70.38836],[-2.74706,-70.511814],[-3.430409,-70.538507]]],[[[-71.711008,-70.429783],[-71.816518,-70.295831],[-71.318593,-70.298761],[-71.711008,-70.429783]]],[[[-70.76891,-70.303481],[-70.654205,-70.246515],[-70.638905,-70.301365],[-70.76891,-70.303481]]],[[[-61.105377,-69.9638],[-61.405995,-69.942804],[-61.268219,-69.851983],[-61.105377,-69.9638]]],[[[-75.48351,-70.133722],[-75.831695,-70.016371],[-75.726226,-69.890883],[-75.230133,-69.841729],[-75.435536,-69.768813],[-74.962799,-69.716892],[-74.397084,-69.961847],[-74.642445,-69.991876],[-74.589019,-70.091078],[-74.776112,-70.170994],[-75.48351,-70.133722]]],[[[-72.84553,-69.585626],[-72.968007,-69.485447],[-72.661855,-69.416111],[-71.949696,-69.682794],[-72.205312,-69.73447],[-72.84553,-69.585626]]],[[[-61.755483,-69.454278],[-61.919749,-69.537774],[-61.95995,-69.708429],[-62.095123,-69.729669],[-62.198842,-69.508071],[-62.579172,-69.189142],[-62.192047,-69.186212],[-61.755483,-69.454278]]],[[[-71.460072,-72.629164],[-72.408274,-72.674493],[-72.51476,-72.639337],[-72.432118,-72.553481],[-72.799713,-72.594171],[-73.164174,-72.431248],[-72.676747,-72.271254],[-70.709706,-72.396417],[-70.116322,-72.238539],[-70.457672,-72.140232],[-71.367177,-72.287856],[-72.055247,-72.158136],[-70.769765,-71.989679],[-70.719716,-71.905694],[-71.394195,-71.833429],[-71.829742,-71.898614],[-71.832183,-71.799086],[-72.338938,-71.613458],[-72.683095,-71.739841],[-72.859364,-71.920994],[-73.878896,-71.86419],[-73.501332,-72.012465],[-74.00475,-72.173517],[-75.356028,-71.923598],[-75.402415,-71.801039],[-75.177154,-71.752618],[-75.414133,-71.660903],[-75.016428,-71.526544],[-74.28954,-71.657892],[-74.436635,-71.450942],[-74.222483,-71.381931],[-73.525217,-71.606215],[-73.336415,-71.536798],[-73.660064,-71.410577],[-73.585317,-71.322931],[-72.188954,-71.373142],[-73.124582,-71.143976],[-72.786122,-71.062758],[-71.690053,-71.158868],[-71.35969,-71.069106],[-71.343577,-70.966078],[-70.411204,-70.945408],[-69.838002,-71.151951],[-69.786692,-70.853448],[-70.701283,-70.831801],[-71.26651,-70.680108],[-70.998606,-70.465753],[-70.117502,-70.329767],[-69.58849,-70.393487],[-70.231801,-70.235121],[-70.195668,-70.140069],[-70.698069,-70.114841],[-71.059193,-70.224054],[-71.784495,-70.04225],[-71.927642,-69.954197],[-71.834625,-69.799574],[-71.91161,-69.708266],[-71.723134,-69.64072],[-71.615875,-69.454848],[-72.097971,-69.312677],[-72.198883,-69.097752],[-72.012685,-68.955499],[-70.402089,-68.786798],[-70.096669,-68.90252],[-69.994293,-69.093683],[-70.09435,-69.136163],[-70.02184,-69.191583],[-70.141957,-69.236993],[-70.108266,-69.300958],[-69.739003,-69.293715],[-69.317128,-69.625909],[-69.284779,-69.92311],[-68.33019,-70.799737],[-68.481191,-70.809503],[-68.299184,-70.869073],[-68.273915,-71.436619],[-68.161244,-71.606378],[-68.208648,-71.821059],[-68.483144,-71.896905],[-68.341868,-72.057061],[-68.436106,-72.240818],[-68.762766,-72.223403],[-69.227447,-72.42669],[-69.140289,-72.50213],[-69.21817,-72.542901],[-70.523834,-72.667576],[-70.743316,-72.55877],[-70.923085,-72.650974],[-71.460072,-72.629164]]],[[[-60.894114,-68.759942],[-61.021148,-68.70672],[-60.652008,-68.775811],[-60.894114,-68.759942]]],[[[-67.134999,-68.138116],[-67.200754,-68.172621],[-67.254954,-68.144789],[-67.134999,-68.138116]]],[[[-67.040028,-67.861423],[-66.898346,-67.853285],[-66.901112,-67.88836],[-67.040028,-67.861423]]],[[[-67.083079,-67.832696],[-67.246409,-67.893976],[-67.336781,-67.818292],[-67.083079,-67.832696]]],[[[-64.954335,-67.661391],[-64.89566,-67.599216],[-64.707143,-67.674249],[-64.954335,-67.661391]]],[[[-67.288197,-67.730076],[-67.510487,-67.789483],[-67.77477,-67.685805],[-67.495717,-67.589044],[-67.122182,-67.642511],[-67.288197,-67.730076]]],[[[-66.810536,-67.523533],[-66.999379,-67.591485],[-67.006256,-67.538507],[-66.810536,-67.523533]]],[[[-67.744456,-67.360772],[-67.690541,-67.31878],[-67.631174,-67.334893],[-67.744456,-67.360772]]],[[[-67.575795,-67.214451],[-67.760406,-67.294529],[-67.670888,-67.205011],[-67.575795,-67.214451]]],[[[-67.656606,-67.0888],[-67.558176,-67.053806],[-67.608632,-67.140232],[-67.656606,-67.0888]]],[[[-67.381215,-66.902439],[-67.603139,-66.879978],[-67.406646,-66.736505],[-67.240712,-66.830824],[-67.381215,-66.902439]]],[[[-69.109283,-67.626153],[-69.178944,-67.55169],[-69.116444,-67.430434],[-68.377838,-66.820733],[-67.860463,-66.625665],[-67.659413,-66.648614],[-68.026235,-66.940606],[-67.923248,-66.997247],[-67.985422,-67.062677],[-67.676829,-67.148045],[-68.250966,-67.369317],[-67.965159,-67.394627],[-67.973785,-67.468438],[-68.130686,-67.572442],[-68.413686,-67.559177],[-68.575185,-67.74391],[-68.899322,-67.760512],[-69.109283,-67.626153]]],[[[-67.161041,-66.388767],[-67.153066,-66.343194],[-67.058258,-66.329278],[-67.161041,-66.388767]]],[[[-67.101755,-66.261733],[-67.071604,-66.234959],[-66.87682,-66.263767],[-67.101755,-66.261733]]],[[[-66.772532,-66.137791],[-66.555572,-66.087009],[-66.601877,-66.208754],[-66.888661,-66.325779],[-66.772532,-66.137791]]],[[[-65.740793,-65.968438],[-65.787953,-65.977634],[-65.784779,-65.952895],[-65.740793,-65.968438]]],[[[-65.900095,-65.876723],[-65.888824,-65.890883],[-66.01651,-65.928318],[-65.900095,-65.876723]]],[[[-65.317779,-65.865899],[-65.247792,-65.841404],[-65.237904,-65.901788],[-65.317779,-65.865899]]],[[[-66.190175,-65.823744],[-65.960032,-65.553318],[-65.624827,-65.534926],[-65.665517,-65.660089],[-65.912953,-65.705824],[-65.813547,-65.839939],[-66.190175,-65.823744]]],[[[-65.527008,-65.472914],[-65.710683,-65.501235],[-65.666575,-65.48561],[-65.527008,-65.472914]]],[[[-59.435455,-65.233819],[-59.648752,-65.219903],[-59.841542,-65.127374],[-59.435455,-65.233819]]],[[[-62.921457,-64.87713],[-63.123891,-64.863051],[-63.020904,-64.856378],[-62.921457,-64.87713]]],[[[-62.84675,-64.809015],[-63.005238,-64.816664],[-63.030995,-64.80641],[-62.84675,-64.809015]]],[[[-63.277699,-64.806248],[-63.594472,-64.907403],[-63.157135,-64.724542],[-63.277699,-64.806248]]],[[[-62.637522,-64.72617],[-62.731028,-64.71738],[-62.644683,-64.678806],[-62.637522,-64.72617]]],[[[-62.022817,-64.624933],[-62.022776,-64.653009],[-62.079091,-64.638767],[-62.022817,-64.624933]]],[[[-62.148997,-64.580255],[-62.078847,-64.548923],[-62.05724,-64.610528],[-62.148997,-64.580255]]],[[[-57.652455,-64.450291],[-57.584584,-64.417657],[-57.563954,-64.442315],[-57.652455,-64.450291]]],[[[-61.626536,-64.359552],[-61.509145,-64.373793],[-61.565826,-64.395603],[-61.626536,-64.359552]]],[[[-57.314565,-64.436456],[-56.878407,-64.335707],[-57.219106,-64.565362],[-57.447581,-64.534356],[-57.314565,-64.436456]]],[[[-62.906443,-64.521173],[-62.829823,-64.569757],[-63.351715,-64.763604],[-63.558258,-64.732192],[-63.682118,-64.853204],[-64.301096,-64.699884],[-63.855295,-64.502862],[-63.930816,-64.459405],[-63.65746,-64.417657],[-63.574941,-64.265232],[-63.153432,-64.291599],[-63.359934,-64.436212],[-63.111195,-64.398045],[-63.270375,-64.581231],[-62.906443,-64.521173]]],[[[-56.849477,-64.279962],[-56.582509,-64.235121],[-56.898549,-64.317315],[-56.849477,-64.279962]]],[[[-61.659088,-64.171563],[-61.760406,-64.147149],[-61.747182,-64.108087],[-61.659088,-64.171563]]],[[[-62.656565,-64.503025],[-62.788482,-64.483819],[-62.585601,-64.453709],[-62.670969,-64.396417],[-62.463775,-64.236749],[-62.623402,-64.130548],[-62.488108,-64.088962],[-62.572092,-64.052423],[-62.314687,-64.016046],[-62.008941,-64.141697],[-62.211497,-64.178399],[-62.04898,-64.214451],[-62.207509,-64.300551],[-62.16747,-64.362074],[-62.656565,-64.503025]]],[[[-61.936269,-63.991306],[-61.784291,-63.969496],[-62.064036,-64.070977],[-61.936269,-63.991306]]],[[[-57.513336,-64.340997],[-58.214996,-64.384535],[-58.313303,-64.321384],[-58.012685,-64.239028],[-58.183217,-64.213067],[-58.131093,-64.102227],[-58.460357,-64.085707],[-58.303944,-63.924981],[-57.794667,-63.791436],[-57.864369,-64.066583],[-57.49352,-63.926202],[-57.532582,-64.021417],[-57.155385,-64.085138],[-57.40038,-64.145603],[-57.070221,-64.159601],[-57.564565,-64.287205],[-57.295522,-64.371189],[-57.513336,-64.340997]]],[[[-57.643056,-63.849379],[-57.120595,-63.830255],[-57.249664,-63.866388],[-57.643056,-63.849379]]],[[[-61.726064,-63.750909],[-61.808258,-63.728936],[-61.613759,-63.763604],[-61.726064,-63.750909]]],[[[-60.886586,-63.858575],[-60.984527,-63.842462],[-60.665151,-63.722263],[-60.802235,-63.665785],[-60.552846,-63.699314],[-60.698842,-63.809666],[-60.627919,-63.858575],[-60.886586,-63.858575]]],[[[-57.53893,-63.683119],[-57.440419,-63.619236],[-57.487416,-63.696059],[-57.53893,-63.683119]]],[[[-56.689198,-63.592869],[-56.602691,-63.557306],[-56.467926,-63.565688],[-56.689198,-63.592869]]],[[[-59.837514,-63.55462],[-59.797353,-63.553399],[-59.794179,-63.598403],[-59.837514,-63.55462]]],[[[-55.719594,-63.475356],[-55.964915,-63.581476],[-56.240468,-63.478692],[-55.806386,-63.407403],[-55.719594,-63.475356]]],[[[-61.951731,-63.311782],[-62.277496,-63.352309],[-62.202707,-63.237074],[-61.951731,-63.311782]]],[[[-56.698557,-63.206231],[-56.654856,-63.158298],[-56.58495,-63.201267],[-56.698557,-63.206231]]],[[[-55.159373,-63.203871],[-55.042836,-63.282973],[-55.172719,-63.357599],[-55.7919,-63.285577],[-56.355133,-63.439711],[-56.553782,-63.367283],[-55.974517,-63.146905],[-55.159373,-63.203871]]],[[[-56.545969,-63.099298],[-56.618031,-63.051446],[-56.476796,-62.976658],[-56.035024,-63.05755],[-56.273508,-63.178481],[-56.545969,-63.099298]]],[[[-60.497874,-62.964288],[-60.686594,-62.930352],[-60.618804,-63.016534],[-60.497874,-62.964288]]],[[[-62.601267,-63.065606],[-62.71231,-63.089288],[-62.519276,-62.91253],[-62.306264,-62.875177],[-62.601267,-63.065606]]],[[[-61.507314,-62.813572],[-61.520172,-62.774509],[-61.228017,-62.733819],[-61.507314,-62.813572]]],[[[-61.16039,-62.663344],[-61.194488,-62.593683],[-60.823801,-62.575779],[-60.801829,-62.468927],[-60.491078,-62.577081],[-60.129465,-62.460056],[-60.010854,-62.525649],[-60.024526,-62.627048],[-59.802968,-62.611261],[-60.290598,-62.757582],[-60.298248,-62.681899],[-60.433665,-62.716241],[-60.379221,-62.610121],[-61.16039,-62.663344]]],[[[-59.745676,-62.545017],[-59.996083,-62.452569],[-59.5537,-62.501235],[-59.745676,-62.545017]]],[[[-59.694163,-62.378513],[-59.351877,-62.409275],[-59.591868,-62.428969],[-59.694163,-62.378513]]],[[[-58.983144,-62.265395],[-58.83434,-62.30934],[-59.217763,-62.292087],[-58.983144,-62.265395]]],[[[-58.466908,-62.160414],[-58.584625,-62.248956],[-59.010732,-62.219659],[-58.414052,-61.933282],[-57.669911,-61.913507],[-57.589833,-62.025486],[-58.155263,-62.058526],[-58.123158,-62.140069],[-58.242828,-62.181573],[-58.379018,-62.106052],[-58.279205,-62.082615],[-58.476186,-62.070408],[-58.633941,-62.177911],[-58.466908,-62.160414]]],[[[-54.036041,-61.245701],[-54.227406,-61.270115],[-54.057362,-61.127048],[-54.036041,-61.245701]]],[[[-55.077952,-61.093194],[-54.651519,-61.106541],[-55.211415,-61.267267],[-55.449045,-61.115004],[-55.077952,-61.093194]]],[[[-44.518544,-60.718438],[-44.84732,-60.715509],[-44.45165,-60.703302],[-44.518544,-60.718438]]],[[[-46.006988,-60.612726],[-45.935129,-60.524672],[-45.477162,-60.545587],[-45.190663,-60.632908],[-45.141021,-60.736098],[-46.006988,-60.612726]]],[[[-162.339833,-82.923761],[-161.575795,-83.024347],[-162.402415,-83.14837],[-163.261301,-83.080987],[-163.811391,-82.846938],[-162.339833,-82.923761]]],[[[-169.030344,-83.154229],[-168.787343,-83.2138],[-169.802235,-83.184015],[-171.901357,-82.842055],[-169.030344,-83.154229]]],[[[-158.346832,-81.901462],[-157.808583,-82.039158],[-158.0985,-82.095798],[-159.019154,-81.787693],[-158.346832,-81.901462]]],[[[-160.571116,-81.598891],[-163.990061,-81.403497],[-163.851186,-81.318943],[-162.983876,-81.270278],[-160.67573,-81.462823],[-160.413889,-81.573663],[-160.571116,-81.598891]]],[[[-154.114247,-80.037042],[-155.665273,-79.816827],[-153.894602,-80.020929],[-154.114247,-80.037042]]],[[[-155.71935,-79.769138],[-155.581654,-79.782892],[-155.855417,-79.797459],[-155.71935,-79.769138]]],[[[-163.099721,-79.745294],[-162.687367,-79.814874],[-163.400136,-79.782892],[-163.038075,-79.777114],[-163.099721,-79.745294]]],[[[-29.618316,-79.911228],[-30.095448,-79.856215],[-30.252349,-79.886163],[-29.989084,-79.96559],[-30.366444,-80.017755],[-30.471669,-79.988702],[-30.277984,-79.975844],[-31.541737,-79.898533],[-32.089467,-79.809259],[-31.878774,-79.75449],[-32.161773,-79.709649],[-31.644765,-79.636895],[-31.095448,-79.810724],[-30.225575,-79.837498],[-30.928944,-79.684259],[-30.797353,-79.650079],[-29.618316,-79.911228]]],[[[-159.842152,-79.348565],[-158.953074,-79.769708],[-160.71288,-79.854587],[-163.481516,-79.489679],[-164.326527,-79.287367],[-164.222646,-79.28574],[-164.305369,-79.220147],[-164.177805,-79.003513],[-163.242991,-78.706313],[-162.35322,-78.752618],[-159.842152,-79.348565]]],[[[-149.018666,-77.480076],[-149.208852,-77.439874],[-148.832021,-77.448337],[-149.018666,-77.480076]]],[[[-148.918894,-77.384861],[-149.625071,-77.295587],[-149.252797,-77.298435],[-148.918894,-77.384861]]],[[[-150.483795,-77.343194],[-150.349965,-77.345473],[-151.511464,-77.270766],[-150.985178,-77.222345],[-150.483795,-77.343194]]],[[[-153.047231,-77.240004],[-153.05842,-77.253351],[-153.4676,-77.211114],[-153.047231,-77.240004]]],[[[-147.249582,-77.188572],[-147.187734,-77.210219],[-147.383372,-77.259047],[-147.601633,-77.18434],[-147.249582,-77.188572]]],[[[169.273448,-77.454522],[169.364431,-77.522068],[168.872569,-77.640395],[167.408051,-77.643976],[166.677257,-77.859959],[166.614513,-77.836358],[166.890636,-77.712498],[166.45338,-77.710056],[166.895681,-77.675714],[166.165538,-77.534845],[166.676117,-77.359959],[166.400076,-77.266534],[166.679454,-77.163344],[167.568126,-77.413263],[169.273448,-77.454522]]],[[[-154.561879,-77.113539],[-154.055124,-77.097263],[-154.187123,-77.154392],[-154.561879,-77.113539]]],[[[166.91505,-76.931329],[166.977306,-76.96266],[166.866466,-76.947931],[166.91505,-76.931329]]],[[[-148.533559,-76.94964],[-148.43517,-76.973728],[-148.939931,-77.028009],[-149.304799,-76.912042],[-148.533559,-76.94964]]],[[[-149.728749,-77.12949],[-150.801137,-76.990004],[-149.840037,-76.878025],[-149.224355,-77.118097],[-149.728749,-77.12949]]],[[[-146.164784,-76.931329],[-147.031484,-77.005304],[-147.130198,-76.881768],[-146.164784,-76.931329]]],[[[-148.52953,-76.796563],[-148.927113,-76.849786],[-149.490712,-76.76686],[-148.308909,-76.765558],[-148.52953,-76.796563]]],[[[-150.232615,-76.77752],[-150.875478,-76.740492],[-150.078074,-76.738458],[-150.232615,-76.77752]]],[[[-148.717478,-76.707208],[-149.148508,-76.636977],[-148.467885,-76.677179],[-148.717478,-76.707208]]],[[[-147.729766,-76.654474],[-148.006174,-76.573663],[-147.559804,-76.662856],[-147.729766,-76.654474]]],[[[-146.810333,-76.595961],[-146.740346,-76.639907],[-147.063832,-76.628106],[-146.839711,-76.701104],[-146.951283,-76.716974],[-147.365468,-76.617446],[-147.240631,-76.505466],[-146.810333,-76.595961]]],[[[-147.460479,-76.097752],[-146.908315,-76.107029],[-146.661285,-76.275567],[-147.460479,-76.097752]]],[[[162.917166,-75.558282],[162.813487,-75.693292],[162.576508,-75.662774],[162.917166,-75.558282]]],[[[-145.440378,-75.580011],[-145.200795,-75.685805],[-146.159779,-75.569757],[-145.870758,-75.504571],[-145.440378,-75.580011]]],[[[162.487966,-75.457208],[162.570811,-75.422947],[162.572276,-75.481134],[162.487966,-75.457208]]],[[[-132.571156,-74.388442],[-132.342275,-74.404474],[-132.53185,-74.498956],[-132.898508,-74.426365],[-132.571156,-74.388442]]],[[[-130.920481,-74.444268],[-131.205922,-74.60711],[-131.846059,-74.554295],[-132.181264,-74.423761],[-131.683705,-74.320489],[-130.920481,-74.444268]]],[[[-127.128489,-74.469415],[-127.215932,-74.588149],[-127.551747,-74.64365],[-128.088246,-74.488539],[-128.189198,-74.316095],[-127.128489,-74.469415]]],[[[-117.168528,-74.356378],[-117.395579,-74.366143],[-116.968129,-74.291925],[-117.168528,-74.356378]]],[[[-132.121897,-74.149591],[-132.234975,-74.167087],[-132.276926,-74.129815],[-132.121897,-74.149591]]],[[[-116.140696,-73.90252],[-116.649648,-74.065606],[-116.485748,-74.081476],[-116.599355,-74.141778],[-117.196401,-74.200291],[-117.400258,-74.132501],[-116.403391,-73.867283],[-116.140696,-73.90252]]],[[[-119.821034,-74.120782],[-119.929555,-74.084649],[-119.636098,-74.001235],[-119.903554,-73.824965],[-119.123402,-73.780857],[-118.870839,-73.885675],[-119.223134,-74.044122],[-119.821034,-74.120782]]],[[[-120.26122,-73.92783],[-120.275543,-74.003188],[-121.027211,-74.155857],[-121.071889,-74.275567],[-120.944244,-74.308689],[-121.099029,-74.348077],[-122.243479,-74.413263],[-123.028188,-74.248305],[-122.729156,-74.215753],[-122.94636,-74.135186],[-122.736562,-74.000177],[-122.327382,-73.915704],[-123.349762,-73.8388],[-123.120229,-73.682794],[-122.272369,-73.682224],[-120.540151,-73.753351],[-120.378041,-73.830987],[-120.735178,-73.87949],[-120.26122,-73.92783]]],[[[169.961681,-73.514418],[169.666189,-73.631036],[169.458751,-73.554946],[169.751638,-73.320082],[169.961681,-73.514418]]],[[[-127.473175,-73.549574],[-127.495432,-73.42962],[-127.148997,-73.277276],[-126.104075,-73.296157],[-125.212799,-73.639825],[-125.878041,-73.704767],[-125.865305,-73.78102],[-124.992421,-73.882257],[-124.534291,-73.727634],[-124.027455,-73.855239],[-124.208811,-73.93434],[-123.754384,-74.072524],[-123.928293,-74.261814],[-124.78425,-74.226007],[-126.475453,-73.842218],[-126.405507,-73.778416],[-126.546539,-73.670343],[-127.25121,-73.728936],[-127.166005,-73.602634],[-127.473175,-73.549574]]],[[[68.778738,-72.116469],[68.809093,-72.239841],[68.394705,-72.297052],[68.778738,-72.116469]]],[[[69.92449,-71.908949],[69.787364,-72.055434],[69.682791,-71.97503],[69.92449,-71.908949]]],[[[-3.228098,-71.05283],[-2.944569,-71.22503],[-3.415028,-71.129978],[-3.228098,-71.05283]]],[[[-2.717681,-70.820082],[-2.080719,-70.825616],[-2.303863,-71.016371],[-2.799957,-71.167739],[-2.862172,-71.053481],[-2.667307,-70.993748],[-3.585561,-70.738377],[-3.180776,-70.668064],[-2.504628,-70.731541],[-2.717681,-70.820082]]],[[[1.951345,-70.604262],[2.145193,-70.650079],[1.95045,-70.629002],[1.951345,-70.604262]]],[[[-5.939849,-70.422621],[-5.884918,-70.549412],[-6.150054,-70.614841],[-6.453765,-70.444431],[-5.939849,-70.422621]]],[[[3.2199,-70.392348],[3.252615,-70.486749],[3.063243,-70.593438],[2.682384,-70.622979],[2.580821,-70.524347],[3.2199,-70.392348]]],[[[72.200369,-70.607029],[71.786957,-70.607843],[71.623302,-70.35475],[71.80836,-70.265883],[72.200369,-70.607029]]],[[[4.048839,-70.302992],[4.468761,-70.244561],[4.621755,-70.352716],[4.545584,-70.472589],[4.331391,-70.50449],[4.048839,-70.302992]]],[[[5.465587,-70.255304],[5.654633,-70.225681],[5.747325,-70.340916],[5.465587,-70.255304]]],[[[161.81186,-70.241469],[161.867686,-70.217462],[161.888031,-70.257257],[161.81186,-70.241469]]],[[[6.272716,-70.122735],[6.536469,-70.164972],[6.46811,-70.223321],[6.272716,-70.122735]]],[[[26.765636,-70.224298],[26.879893,-70.318943],[26.817882,-70.424086],[26.057302,-70.391046],[25.912283,-70.284926],[26.327403,-70.066583],[26.650157,-70.092706],[26.765636,-70.224298]]],[[[1.410981,-70.040216],[1.465017,-70.150486],[1.197765,-70.406427],[0.956798,-70.191664],[0.979503,-70.065606],[1.410981,-70.040216]]],[[[10.988048,-70.045994],[10.921886,-70.08294],[10.539806,-70.011489],[10.988048,-70.045994]]],[[[72.639903,-69.995701],[72.73113,-70.022556],[72.411957,-70.074802],[72.639903,-69.995701]]],[[[16.246837,-69.705987],[16.637218,-69.742852],[16.288748,-69.849867],[16.17156,-70.072931],[15.554942,-69.872735],[15.721853,-69.76393],[16.246837,-69.705987]]],[[[47.875662,-67.564467],[47.411306,-67.621759],[47.558849,-67.520929],[47.492931,-67.572686],[47.875662,-67.564467]]],[[[120.66505,-66.89658],[120.866384,-66.886814],[120.479991,-66.950128],[120.66505,-66.89658]]],[[[121.127778,-66.779474],[121.19516,-66.786391],[120.883149,-66.846449],[121.127778,-66.779474]]],[[[85.659272,-66.743666],[85.941173,-66.889907],[85.613048,-66.986586],[85.258637,-66.766209],[85.659272,-66.743666]]],[[[48.773692,-66.720473],[48.399913,-66.808038],[48.287852,-66.736261],[48.773692,-66.720473]]],[[[86.548595,-66.703058],[86.675792,-66.719659],[86.403168,-66.795994],[86.230479,-66.730401],[86.548595,-66.703058]]],[[[85.202403,-66.567966],[85.34254,-66.60475],[85.054861,-66.606215],[85.110688,-66.520685],[85.202403,-66.567966]]],[[[98.588552,-66.387953],[98.953298,-66.418145],[98.791189,-66.4874],[98.588552,-66.387953]]],[[[97.405528,-66.403497],[97.037852,-66.395115],[97.167735,-66.325942],[97.405528,-66.403497]]],[[[162.62615,-66.462498],[162.546397,-66.534601],[162.290212,-66.397638],[162.297862,-66.254815],[162.62615,-66.462498]]],[[[100.306488,-66.130141],[100.253673,-66.222833],[100.064789,-66.204278],[100.306488,-66.130141]]],[[[96.917166,-66.054376],[97.030935,-66.140558],[96.908458,-66.211358],[96.29656,-66.183526],[96.467621,-66.050714],[96.917166,-66.054376]]],[[[100.797699,-65.777276],[101.025564,-65.812595],[100.399669,-65.854669],[100.797699,-65.777276]]],[[[92.496267,-65.703139],[92.668956,-65.784845],[92.23585,-65.750665],[92.496267,-65.703139]]],[[[100.565929,-65.403009],[101.12672,-65.411879],[101.261404,-65.540297],[100.967052,-65.682875],[100.298025,-65.658624],[100.303722,-65.536065],[100.565929,-65.403009]]],[[[103.29127,-65.392022],[103.416026,-65.448663],[103.172211,-65.460626],[103.104015,-65.30462],[102.752208,-65.178318],[103.09311,-65.173598],[103.29127,-65.392022]]],[[[-90.606923,-68.817478],[-90.612294,-68.72796],[-90.511708,-68.752618],[-90.606923,-68.817478]]]]}},{"type":"Feature","properties":{"name":"Madagascar","ISO3166-1-Alpha-3":"MDG","ISO3166-1-Alpha-2":"MG"},"geometry":{"type":"MultiPolygon","coordinates":[[[[44.254731,-20.376072],[44.473888,-19.986261],[44.37086,-19.774021],[44.479747,-19.483982],[44.234386,-19.0888],[44.257335,-18.803888],[44.041759,-18.396905],[44.035655,-17.769464],[43.924001,-17.546482],[44.430675,-16.700372],[44.444672,-16.195733],[44.868337,-16.22088],[45.266368,-15.923923],[45.297862,-16.111993],[45.379405,-15.97381],[45.570079,-15.943048],[45.604747,-16.051853],[45.660899,-15.803806],[45.948578,-15.774184],[46.066091,-15.861912],[46.015798,-15.79225],[46.144216,-15.703709],[46.235525,-15.717462],[46.331065,-15.977227],[46.38559,-15.902114],[46.468761,-15.95672],[46.299001,-15.815688],[46.332693,-15.630141],[46.949474,-15.198419],[47.074718,-15.323989],[46.958263,-15.549574],[47.232107,-15.433282],[47.055919,-15.193617],[47.371837,-14.890558],[47.283702,-14.846938],[47.444835,-14.671563],[47.5171,-14.819594],[47.427745,-15.107599],[47.79713,-14.566339],[47.920665,-14.709731],[47.968598,-14.622166],[48.000255,-14.762302],[48.013031,-14.63006],[47.75294,-14.600518],[47.701508,-14.446384],[47.790863,-14.22324],[47.943533,-14.232517],[47.920095,-14.086033],[48.013682,-14.140558],[47.982758,-14.325372],[48.033946,-14.262384],[47.904307,-13.603204],[48.06837,-13.517348],[48.298676,-13.798272],[48.333344,-13.546319],[48.53419,-13.520766],[48.48227,-13.360447],[48.604991,-13.445489],[48.780121,-13.383884],[48.955333,-12.8117],[48.886974,-12.56463],[48.729991,-12.434991],[48.945811,-12.479913],[49.201508,-12.146661],[49.093028,-12.098565],[49.223399,-12.106052],[49.278087,-11.947686],[49.373057,-12.198175],[49.263845,-12.140232],[49.229666,-12.222101],[49.349376,-12.298517],[49.381358,-12.222833],[49.539399,-12.378188],[49.654796,-12.804864],[49.744151,-12.743422],[49.942149,-13.033868],[50.142914,-13.783136],[50.209727,-14.750665],[50.490001,-15.219496],[50.483409,-15.443455],[50.168142,-15.984633],[49.901134,-15.422296],[49.638438,-15.54461],[49.689789,-16.086847],[49.849864,-16.240818],[49.854015,-16.539646],[49.724946,-16.754002],[49.840343,-16.827569],[49.608409,-16.89658],[49.431326,-17.283868],[49.509613,-17.727716],[49.359223,-18.424005],[47.900645,-22.481134],[47.568696,-23.852634],[47.324718,-24.269627],[47.12615,-24.93434],[46.964692,-25.065688],[46.237641,-25.198175],[45.561209,-25.559991],[45.162608,-25.598565],[44.834727,-25.344008],[44.369477,-25.256768],[44.296397,-25.153497],[44.404959,-25.188165],[44.028819,-24.998956],[43.918305,-24.619073],[43.672862,-24.334893],[43.624766,-23.761895],[43.761241,-23.4638],[43.361176,-22.843194],[43.222911,-22.254815],[43.301768,-22.218845],[43.246837,-22.035089],[43.336192,-21.768813],[43.472667,-21.672052],[43.507498,-21.309503],[43.812755,-21.224298],[43.901541,-20.882908],[44.254731,-20.376072]]],[[[49.955821,-16.779718],[50.024099,-16.690362],[49.826182,-17.094415],[49.955821,-16.779718]]],[[[48.332042,-13.360447],[48.22462,-13.400486],[48.188731,-13.264255],[48.31837,-13.200291],[48.332042,-13.360447]]]]}},{"type":"Feature","properties":{"name":"Seychelles","ISO3166-1-Alpha-3":"SYC","ISO3166-1-Alpha-2":"SC"},"geometry":{"type":"MultiPolygon","coordinates":[[[[46.509776,-9.719985],[46.500662,-9.746515],[46.478526,-9.740411],[46.509776,-9.719985]]],[[[47.507335,-9.713067],[47.507335,-9.698175],[47.51295,-9.694431],[47.507335,-9.713067]]],[[[53.333995,-5.42018],[53.344086,-5.434747],[53.340505,-5.436212],[53.333995,-5.42018]]],[[[55.659679,-3.791111],[55.665863,-3.811782],[55.658539,-3.8117],[55.659679,-3.791111]]],[[[46.495453,-9.357599],[46.299815,-9.449314],[46.207367,-9.385512],[46.495453,-9.357599]]],[[[46.283865,-9.351332],[46.278005,-9.338474],[46.410655,-9.353285],[46.283865,-9.351332]]],[[[56.247081,-7.192641],[56.269379,-7.119806],[56.28297,-7.131931],[56.247081,-7.192641]]],[[[55.401702,-4.660534],[55.454897,-4.562234],[55.537916,-4.803769],[55.401702,-4.660534]]],[[[55.260265,-4.500095],[55.228038,-4.487481],[55.242035,-4.450372],[55.260265,-4.500095]]],[[[55.717635,-4.330116],[55.69695,-4.290553],[55.787038,-4.330592],[55.717635,-4.330116]]],[[[52.741873,-6.994317],[52.747244,-7.00506],[52.742198,-7.001723],[52.741873,-6.994317]]],[[[55.382823,-5.853936],[55.381847,-5.865492],[55.380056,-5.869073],[55.382823,-5.853936]]],[[[55.3627,-4.659323],[55.373822,-4.666434],[55.364888,-4.665887],[55.3627,-4.659323]]],[[[55.398986,-4.668622],[55.405915,-4.678104],[55.397527,-4.673363],[55.398986,-4.668622]]],[[[55.501589,-4.628853],[55.502611,-4.63994],[55.49167,-4.629875],[55.501589,-4.628853]]],[[[55.504215,-4.621414],[55.511509,-4.624769],[55.508446,-4.628416],[55.504215,-4.621414]]],[[[55.497943,-4.600846],[55.51253,-4.599387],[55.498672,-4.614412],[55.497943,-4.600846]]],[[[55.712087,-4.280369],[55.738489,-4.277957],[55.732168,-4.283163],[55.712087,-4.280369]]],[[[55.663004,-4.328157],[55.66635,-4.329272],[55.660401,-4.33485],[55.663004,-4.328157]]],[[[55.647014,-4.346749],[55.648873,-4.348608],[55.64813,-4.353442],[55.647014,-4.346749]]],[[[55.666722,-4.209909],[55.675275,-4.21214],[55.664491,-4.213999],[55.666722,-4.209909]]],[[[55.831823,-4.337453],[55.857109,-4.36497],[55.834426,-4.380959],[55.831823,-4.337453]]],[[[55.868636,-4.317373],[55.883139,-4.3289],[55.878676,-4.338197],[55.868636,-4.317373]]],[[[55.866405,-4.283163],[55.870868,-4.289856],[55.870124,-4.296549],[55.866405,-4.283163]]],[[[55.919952,-4.334106],[55.92367,-4.343031],[55.918836,-4.347865],[55.919952,-4.334106]]],[[[55.940074,-4.578657],[55.950144,-4.590993],[55.933025,-4.58621],[55.940074,-4.578657]]]]}},{"type":"Feature","properties":{"name":"Kiribati","ISO3166-1-Alpha-3":"KIR","ISO3166-1-Alpha-2":"KI"},"geometry":{"type":"MultiPolygon","coordinates":[[[[173.038259,1.341051],[173.151541,1.371812],[173.171397,1.362372],[173.038259,1.341051]]],[[[-151.807729,-11.385919],[-151.784495,-11.429376],[-151.812489,-11.443536],[-151.807729,-11.385919]]],[[[-155.899322,-5.616795],[-155.859812,-5.625095],[-155.933461,-5.609145],[-155.899322,-5.616795]]],[[[-155.011708,-4.047052],[-154.953603,-4.060724],[-154.977528,-4.078709],[-155.011708,-4.047052]]],[[[-171.677805,-2.833185],[-171.62975,-2.857599],[-171.722768,-2.765802],[-171.677805,-2.833185]]],[[[176.786143,-2.608168],[176.850922,-2.654067],[176.772309,-2.608168],[176.786143,-2.608168]]],[[[175.9817,-2.505955],[175.979991,-2.493585],[175.993175,-2.510349],[175.9817,-2.505955]]],[[[175.591482,-1.8742],[175.583263,-1.911065],[175.559093,-1.832289],[175.591482,-1.8742]]],[[[175.058767,-1.436293],[175.045095,-1.484145],[175.045665,-1.524184],[175.058767,-1.436293]]],[[[176.409353,-1.332696],[176.464041,-1.436293],[176.41033,-1.350356],[176.409353,-1.332696]]],[[[176.009288,-1.334242],[175.993175,-1.362563],[175.944347,-1.289321],[176.009288,-1.334242]]],[[[174.765147,-1.202895],[174.748302,-1.237481],[174.725352,-1.135512],[174.765147,-1.202895]]],[[[174.476573,-0.709568],[174.483409,-0.819431],[174.483409,-0.812595],[174.476573,-0.709568]]],[[[174.438731,-0.627618],[174.463634,-0.644789],[174.38087,-0.592869],[174.438731,-0.627618]]],[[[173.620616,0.133368],[173.638357,0.195217],[173.636485,0.216742],[173.620616,0.133368]]],[[[173.832286,0.448676],[173.921641,0.379788],[173.808767,0.441596],[173.832286,0.448676]]],[[[172.987153,0.832343],[172.990245,0.83397],[172.990001,0.825426],[172.987153,0.832343]]],[[[172.977794,0.83633],[172.982432,0.831163],[172.972179,0.83454],[172.977794,0.83633]]],[[[173.075938,0.965888],[172.990977,0.834418],[173.071788,0.962592],[172.990001,1.024075],[173.075938,0.965888]]],[[[172.983165,1.531195],[172.972992,1.53559],[172.959158,1.609687],[172.983165,1.531195]]],[[[173.036143,1.777167],[172.993175,1.712063],[173.024669,1.804877],[173.036143,1.777167]]],[[[172.980317,1.882025],[173.023448,1.821438],[172.934744,1.942694],[172.980317,1.882025]]],[[[-157.190989,1.763902],[-157.246409,1.713324],[-157.578236,1.907945],[-157.428538,1.838568],[-157.355051,1.947659],[-157.509389,2.024604],[-157.423818,2.020453],[-157.190989,1.763902]]],[[[172.750336,3.031968],[172.868012,3.067776],[172.812266,3.040473],[172.750336,3.031968]]],[[[172.962087,3.141832],[172.968272,3.132392],[172.89975,3.100246],[172.962087,3.141832]]],[[[-159.284535,3.874823],[-159.308705,3.784654],[-159.352854,3.909003],[-159.410024,3.862047],[-159.37682,3.933295],[-159.284535,3.874823]]],[[[-172.222768,-4.50628],[-172.174387,-4.513116],[-172.20047,-4.493422],[-172.222768,-4.50628]]],[[[-174.506418,-4.689142],[-174.501536,-4.697361],[-174.521555,-4.683852],[-174.506418,-4.689142]]],[[[-174.529286,-4.682712],[-174.527659,-4.683852],[-174.541737,-4.672784],[-174.529286,-4.682712]]],[[[-174.500844,-4.691095],[-174.528269,-4.667413],[-174.538401,-4.656508],[-174.500844,-4.691095]]],[[[-171.259958,-4.444106],[-171.233876,-4.448989],[-171.249582,-4.469822],[-171.259958,-4.444106]]],[[[-171.093577,-3.131443],[-171.085439,-3.111261],[-171.08727,-3.143162],[-171.093577,-3.131443]]],[[[169.53891,-0.874607],[169.52475,-0.854669],[169.555675,-0.860772],[169.53891,-0.874607]]],[[[173.289724,2.03384],[173.278005,2.058661],[173.256196,1.989976],[173.289724,2.03384]]],[[[-160.41039,4.709174],[-160.411814,4.721625],[-160.378896,4.713284],[-160.41039,4.709174]]]]}},{"type":"Feature","properties":{"name":"Saint Helena","ISO3166-1-Alpha-3":"SHN","ISO3166-1-Alpha-2":"SH"},"geometry":{"type":"MultiPolygon","coordinates":[[[[-9.926381,-40.34881],[-9.965077,-40.382745],[-10.008656,-40.304457],[-9.926381,-40.34881]]],[[[-12.307362,-37.070082],[-12.191274,-37.090509],[-12.276601,-37.149184],[-12.307362,-37.070082]]],[[[-5.721832,-15.908949],[-5.66275,-15.979587],[-5.780181,-16.008233],[-5.721832,-15.908949]]],[[[-14.356272,-7.884698],[-14.294789,-7.945489],[-14.406402,-7.973891],[-14.356272,-7.884698]]]]}},{"type":"Feature","properties":{"name":"Mauritius","ISO3166-1-Alpha-3":"MUS","ISO3166-1-Alpha-2":"MU"},"geometry":{"type":"MultiPolygon","coordinates":[[[[57.795746,-20.222752],[57.672211,-20.479669],[57.307872,-20.444268],[57.596528,-19.982599],[57.795746,-20.222752]]],[[[56.524181,-10.330011],[56.531016,-10.324151],[56.569347,-10.406508],[56.524181,-10.330011]]],[[[63.476248,-19.67783],[63.416515,-19.736423],[63.335216,-19.717869],[63.476248,-19.67783]]]]}},{"type":"Feature","properties":{"name":"Comoros","ISO3166-1-Alpha-3":"COM","ISO3166-1-Alpha-2":"KM"},"geometry":{"type":"MultiPolygon","coordinates":[[[[43.788748,-12.308038],[43.858165,-12.371352],[43.665212,-12.352472],[43.635753,-12.236912],[43.788748,-12.308038]]],[[[44.529063,-12.232843],[44.511485,-12.380304],[44.206391,-12.160577],[44.373546,-12.180352],[44.467052,-12.064386],[44.529063,-12.232843]]],[[[43.466563,-11.82171],[43.437673,-11.931573],[43.217784,-11.750258],[43.276541,-11.379571],[43.394867,-11.40016],[43.466563,-11.82171]]]]}},{"type":"Feature","properties":{"name":"São Tomé and Principe","ISO3166-1-Alpha-3":"STP","ISO3166-1-Alpha-2":"ST"},"geometry":{"type":"MultiPolygon","coordinates":[[[[6.681407,0.407131],[6.756521,0.250067],[6.526622,0.024115],[6.470876,0.26789],[6.681407,0.407131]]],[[[7.462738,1.674547],[7.401378,1.531195],[7.33253,1.565334],[7.462738,1.674547]]]]}},{"type":"Feature","properties":{"name":"Cabo Verde","ISO3166-1-Alpha-3":"CPV","ISO3166-1-Alpha-2":"CV"},"geometry":{"type":"MultiPolygon","coordinates":[[[[-24.704335,14.900824],[-24.704416,14.814032],[-24.754709,14.840806],[-24.704335,14.900824]]],[[[-24.296539,14.917548],[-24.376536,14.815985],[-24.526235,14.924709],[-24.364858,15.045396],[-24.296539,14.917548]]],[[[-23.456776,15.023668],[-23.53185,14.908637],[-23.715077,14.968451],[-23.77953,15.311672],[-23.456776,15.023668]]],[[[-23.127797,15.311672],[-23.195953,15.122056],[-23.251332,15.256415],[-23.127797,15.311672]]],[[[-22.682118,16.113593],[-22.806142,15.985907],[-22.963979,16.052191],[-22.915598,16.243964],[-22.723866,16.212633],[-22.682118,16.113593]]],[[[-24.067535,16.613918],[-24.272328,16.587226],[-24.324696,16.482652],[-24.430653,16.639472],[-24.067535,16.613918]]],[[[-22.929189,16.593411],[-22.990793,16.81566],[-22.922434,16.860297],[-22.929189,16.593411]]],[[[-24.919749,16.895087],[-24.891103,16.813951],[-25.094146,16.826158],[-24.919749,16.895087]]],[[[-25.046986,17.035061],[-25.298695,16.917385],[-25.360422,17.055243],[-25.10261,17.196601],[-24.971262,17.107327],[-25.046986,17.035061]]],[[[-24.59266,16.624312],[-24.575299,16.605505],[-24.60134,16.609845],[-24.59266,16.624312]]],[[[-24.7735,16.802259],[-24.695377,16.760304],[-24.740225,16.734263],[-24.7735,16.802259]]]]}}]}
