{"type":"FeatureCollection","features":[{"type":"Feature","properties":{"name":"Chile","ISO3166-1-Alpha-3":"CHL","ISO3166-1-Alpha-2":"CL"},"geometry":{"type":"MultiPolygon","coordinates":[[[[-69.510089,-17.506588],[-69.302406,-17.976214],[-69.081722,-18.039983],[-69.155438,-18.140235],[-68.989609,-18.946491],[-68.447626,-19.434627],[-68.703218,-19.71554],[-68.541574,-19.920385],[-68.588341,-20.055571],[-68.792592,-20.106627],[-68.678516,-20.328629],[-68.76541,-20.421233],[-68.480957,-20.624735],[-68.555113,-20.913916],[-68.41631,-20.959805],[-68.207537,-21.284333],[-68.096226,-21.953956],[-67.960627,-22.102887],[-67.859187,-22.547305],[-67.887092,-22.818709],[-67.616772,-22.897258],[-67.193904,-22.822223],[-67.013967,-23.000714],[-67.362369,-24.030367],[-68.244486,-24.385384],[-68.572373,-24.769856],[-68.366649,-25.123427],[-68.516046,-25.183578],[-68.605963,-25.436999],[-68.409024,-26.144243],[-68.595317,-26.457299],[-68.305361,-26.897995],[-68.330476,-27.044963],[-68.585861,-27.162785],[-68.814322,-27.120307],[-69.190191,-27.951368],[-69.653031,-28.397852],[-69.803926,-29.098688],[-70.040655,-29.297539],[-69.915599,-29.805621],[-69.980375,-30.072479],[-69.835758,-30.161879],[-69.964588,-30.374786],[-70.173412,-30.364657],[-70.339216,-30.938162],[-70.266559,-31.036451],[-70.5414,-31.188173],[-70.589769,-31.567684],[-70.464144,-31.838262],[-70.244467,-31.942235],[-70.389084,-32.053081],[-70.160829,-32.485303],[-70.155739,-32.738414],[-70.000219,-32.876597],[-70.109463,-33.169602],[-70.010011,-33.299103],[-69.836844,-33.26572],[-69.787674,-33.379408],[-69.914255,-33.771943],[-69.828885,-34.23331],[-70.05758,-34.291187],[-70.316298,-34.74563],[-70.386629,-35.16669],[-70.578891,-35.259707],[-70.428384,-35.357066],[-70.386939,-36.058728],[-70.710511,-36.265847],[-70.71865,-36.414572],[-71.043282,-36.484335],[-71.057441,-36.68763],[-71.195159,-36.839146],[-71.089119,-37.103419],[-71.205597,-37.292658],[-71.117696,-37.466497],[-71.18503,-37.706069],[-71.007418,-38.071008],[-70.973751,-38.424682],[-70.837584,-38.584465],[-70.945045,-38.747246],[-71.399901,-38.910544],[-71.503512,-39.601664],[-71.714352,-39.601354],[-71.616632,-39.909863],[-71.823751,-40.210103],[-71.674044,-40.324101],[-71.955577,-40.720356],[-71.851449,-40.938327],[-71.925915,-41.653012],[-71.736263,-42.08389],[-72.039913,-42.144662],[-72.133706,-42.287599],[-72.03919,-42.48123],[-72.148434,-42.592645],[-72.129314,-43.04223],[-71.742981,-43.190127],[-71.955112,-43.443549],[-71.7143,-43.602195],[-71.819203,-43.758051],[-71.659885,-43.92631],[-71.858736,-44.107798],[-71.860596,-44.377135],[-71.209783,-44.427571],[-71.122398,-44.549424],[-71.29784,-44.795611],[-72.088748,-44.782795],[-72.073503,-44.902168],[-71.588726,-44.978132],[-71.317167,-45.26721],[-71.508318,-45.40839],[-71.489094,-45.498514],[-71.765098,-45.572411],[-71.758483,-45.848156],[-71.612291,-45.970526],[-71.914701,-46.152324],[-71.763341,-46.244515],[-71.68717,-46.690069],[-71.9501,-46.813989],[-71.914805,-46.998474],[-72.005187,-47.061932],[-71.880698,-47.221923],[-72.030301,-47.197531],[-72.170551,-47.407544],[-72.361186,-47.450953],[-72.344443,-47.602261],[-72.543914,-47.9148],[-72.343047,-48.07045],[-72.295092,-48.333276],[-72.61471,-48.510009],[-72.592334,-48.791129],[-73.009725,-48.990394],[-73.18434,-49.214256],[-73.145014,-49.303656],[-73.471118,-49.317195],[-73.586589,-49.529999],[-73.462979,-49.787141],[-73.57274,-49.932352],[-73.478585,-50.009453],[-73.541475,-50.113736],[-73.301438,-50.299564],[-73.177725,-50.749459],[-72.755787,-50.616444],[-72.302843,-50.648897],[-72.265946,-50.960713],[-72.404594,-51.10582],[-72.258815,-51.245191],[-72.450069,-51.552666],[-71.981726,-51.844948],[-71.965241,-51.970625],[-69.952754,-52.007419],[-68.448208,-52.310394],[-69.234708,-52.203143],[-69.470937,-52.272719],[-69.672351,-52.530857],[-69.84658,-52.486543],[-70.517734,-52.723255],[-70.863759,-52.721368],[-70.73884,-52.783868],[-70.889215,-52.913626],[-70.809153,-52.961602],[-70.992747,-53.382989],[-70.973622,-53.756036],[-71.285024,-53.886],[-72.103871,-53.68906],[-72.453277,-53.407322],[-72.282297,-53.242771],[-72.080434,-53.329034],[-72.241689,-53.434503],[-72.092519,-53.422621],[-72.021718,-53.247328],[-71.855621,-53.225356],[-71.789174,-53.441339],[-72.007965,-53.554295],[-71.814198,-53.520685],[-71.742421,-53.223403],[-71.360219,-53.116143],[-71.118764,-52.919636],[-71.398793,-52.728204],[-71.398629,-52.831715],[-72.021962,-53.125421],[-72.286,-53.02988],[-72.56314,-53.078871],[-72.191396,-53.180597],[-72.538197,-53.197361],[-72.412343,-53.256443],[-72.535878,-53.270115],[-72.522206,-53.366306],[-72.645131,-53.317804],[-72.364573,-53.536879],[-72.794667,-53.440118],[-73.303049,-53.153416],[-72.95637,-53.160577],[-72.719553,-53.292576],[-72.795969,-53.173272],[-72.652577,-53.153416],[-72.933746,-53.10475],[-72.960357,-52.824965],[-72.703481,-52.707696],[-72.611318,-52.774102],[-72.714833,-52.869399],[-72.588206,-52.795994],[-72.431264,-52.856622],[-72.160874,-52.652118],[-71.478103,-52.646138],[-71.571611,-52.561278],[-72.309926,-52.516534],[-72.41926,-52.653009],[-72.549143,-52.591567],[-72.389638,-52.507582],[-72.858022,-52.502211],[-72.988352,-52.704278],[-72.819203,-52.586521],[-72.673899,-52.65252],[-73.015614,-52.841729],[-72.979563,-53.054783],[-73.139719,-53.099216],[-73.176666,-53.015232],[-73.198476,-53.104913],[-73.455963,-52.986505],[-73.213857,-52.887791],[-73.56371,-52.797052],[-73.233062,-52.790623],[-73.30663,-52.715427],[-73.003977,-52.558282],[-73.091624,-52.493829],[-72.905832,-52.496026],[-73.194976,-52.429864],[-73.159657,-52.563735],[-73.26891,-52.673598],[-73.393625,-52.544122],[-73.397328,-52.636489],[-73.699534,-52.714532],[-73.570546,-52.632013],[-73.687856,-52.597833],[-73.494862,-52.475518],[-73.666168,-52.424005],[-73.580556,-52.208429],[-73.735015,-52.029962],[-73.55012,-52.186944],[-73.303049,-52.221775],[-72.997792,-52.064874],[-73.079254,-52.237074],[-72.866444,-52.256768],[-72.754872,-52.056817],[-72.883697,-52.198337],[-72.947377,-52.049737],[-72.802805,-51.937433],[-72.535878,-52.221775],[-72.601715,-52.339288],[-72.930531,-52.448175],[-72.522206,-52.448337],[-72.637563,-52.397638],[-72.466949,-52.204278],[-72.669667,-51.961033],[-72.468984,-51.929295],[-72.466949,-51.789727],[-73.077138,-51.419692],[-73.260365,-51.471124],[-73.054311,-51.502618],[-73.098256,-51.60475],[-72.989166,-51.526625],[-72.54955,-51.741306],[-72.72411,-51.838149],[-73.280019,-51.606215],[-72.994537,-51.789727],[-73.106028,-51.744887],[-73.049794,-51.831313],[-73.207428,-51.879083],[-72.919423,-51.858575],[-73.145334,-51.940037],[-73.223704,-52.091485],[-73.38622,-51.65252],[-73.316233,-52.166111],[-73.563547,-52.039972],[-73.645579,-51.848728],[-73.39981,-52.01572],[-73.589182,-51.749607],[-73.460683,-51.6867],[-73.654856,-51.688572],[-73.699452,-51.785252],[-73.812001,-51.688572],[-73.714589,-51.638849],[-73.899526,-51.625177],[-73.816965,-51.536554],[-73.920644,-51.498305],[-73.88036,-51.367934],[-73.604482,-51.611423],[-73.59789,-51.432794],[-73.782826,-51.234796],[-73.682729,-51.275974],[-73.694081,-51.139255],[-73.879384,-51.237888],[-74.023305,-51.111017],[-74.029897,-51.207615],[-74.129506,-51.187677],[-74.071441,-50.953709],[-74.232249,-51.035577],[-74.256418,-50.939386],[-73.926829,-50.864353],[-73.803334,-50.960545],[-73.879709,-50.834161],[-73.741851,-50.820489],[-73.772939,-50.670668],[-73.474355,-50.672459],[-73.725087,-50.559503],[-73.56371,-50.404962],[-73.759389,-50.51572],[-73.822621,-50.757908],[-74.042714,-50.822035],[-74.297353,-50.480645],[-74.126088,-50.590509],[-74.14981,-50.483087],[-73.879709,-50.542739],[-74.128896,-50.422947],[-74.016225,-50.363946],[-74.252553,-50.440525],[-74.282704,-50.264907],[-74.43932,-50.35711],[-74.536366,-50.296319],[-74.48176,-50.24863],[-74.694651,-50.183038],[-74.347646,-50.086114],[-74.194407,-50.259698],[-73.8579,-50.289483],[-74.193715,-50.186456],[-74.364858,-49.951104],[-73.885894,-50.076593],[-74.00768,-49.991388],[-73.906361,-49.856866],[-74.08727,-49.959893],[-74.348256,-49.792087],[-74.071441,-49.741469],[-74.326772,-49.677179],[-74.078521,-49.536879],[-73.711985,-49.765558],[-73.879709,-49.528497],[-74.123525,-49.422621],[-74.074452,-49.261651],[-73.844879,-49.349786],[-73.985097,-49.27337],[-74.043528,-49.08294],[-73.821848,-49.04225],[-74.057485,-49.012465],[-74.241119,-49.527927],[-74.42276,-49.384698],[-74.371897,-49.186619],[-74.468658,-49.031671],[-74.365631,-48.932061],[-74.453481,-48.830987],[-74.371897,-48.719171],[-74.0572,-48.74033],[-74.306223,-48.727716],[-74.392161,-48.599054],[-74.197133,-48.473321],[-73.993479,-48.597263],[-74.028554,-48.448012],[-73.89269,-48.41131],[-74.27009,-48.335626],[-74.512074,-48.089939],[-74.468658,-48.027765],[-74.632571,-48.034924],[-74.415395,-47.983657],[-74.205637,-48.231052],[-74.330922,-48.000421],[-73.891103,-48.022231],[-73.879709,-48.095961],[-73.769846,-48.027765],[-73.804189,-48.108087],[-73.601308,-48.130141],[-73.556264,-48.24684],[-73.35143,-48.219496],[-73.281809,-48.079278],[-73.481801,-48.123305],[-73.653147,-47.898045],[-73.227854,-48.004083],[-73.619008,-47.863865],[-73.55012,-47.808038],[-73.731923,-47.743097],[-73.721425,-47.527439],[-73.772939,-47.779474],[-73.923695,-47.842706],[-74.735585,-47.718683],[-74.567616,-47.680922],[-74.632192,-47.62127],[-74.556711,-47.550063],[-74.344553,-47.636651],[-74.48176,-47.698826],[-74.205068,-47.756606],[-74.303578,-47.678318],[-74.043528,-47.60947],[-74.140004,-47.586196],[-74.0572,-47.534275],[-74.314117,-47.595798],[-74.453521,-47.481052],[-74.394399,-47.446547],[-74.528554,-47.431736],[-74.324696,-47.218927],[-74.177602,-47.205255],[-74.112416,-47.335545],[-74.115387,-47.192966],[-73.9735,-47.254978],[-74.0572,-47.156915],[-73.941274,-47.027927],[-74.153228,-46.967218],[-74.208648,-46.893976],[-74.126088,-46.828546],[-74.591624,-46.725518],[-74.477651,-46.772393],[-74.673492,-46.849054],[-74.479156,-46.902276],[-75.0065,-46.753513],[-75.083363,-46.640883],[-74.934193,-46.437595],[-75.661041,-46.767185],[-75.422475,-46.713962],[-75.433909,-46.863377],[-75.346303,-46.866795],[-75.410553,-46.931573],[-75.650217,-46.873224],[-75.708323,-46.654718],[-75.222239,-46.403985],[-75.196278,-46.298272],[-75.029775,-46.341974],[-75.138661,-46.31406],[-75.090688,-46.216078],[-74.928049,-46.273614],[-74.879547,-46.146742],[-74.777211,-46.212172],[-74.821197,-46.112237],[-74.701487,-46.032892],[-74.665598,-45.823337],[-74.559967,-45.826267],[-74.453359,-46.016371],[-74.461822,-45.815037],[-74.359609,-45.790297],[-74.103139,-45.836847],[-74.192779,-45.881931],[-74.059193,-45.929864],[-74.167063,-46.136407],[-74.06135,-45.98089],[-73.97057,-46.084161],[-74.313222,-46.249933],[-74.489898,-46.189386],[-74.342152,-46.260837],[-74.049713,-46.191095],[-74.077707,-46.322035],[-73.844879,-46.341974],[-74.019276,-46.20436],[-73.881825,-46.141778],[-73.773061,-46.320896],[-73.989166,-46.559747],[-73.741851,-46.533787],[-73.74234,-46.420994],[-73.488637,-46.300958],[-73.568349,-46.27044],[-73.523915,-46.175226],[-73.344594,-46.026544],[-73.687856,-46.322035],[-73.660553,-45.975681],[-73.402089,-45.701918],[-73.18578,-45.66253],[-73.32726,-45.619073],[-73.591664,-45.780206],[-73.510854,-45.451755],[-73.22643,-45.300877],[-73.014312,-45.444757],[-72.830637,-45.418064],[-73.256663,-45.248224],[-73.448069,-45.279474],[-73.304433,-45.144789],[-73.397776,-44.988214],[-72.727651,-44.758559],[-72.597971,-44.505304],[-72.591135,-44.340753],[-72.721913,-44.501397],[-72.939931,-44.306736],[-73.183502,-44.248142],[-73.128082,-44.145766],[-73.290028,-44.152439],[-73.116119,-44.085707],[-73.012685,-43.772149],[-72.824615,-43.807875],[-72.847157,-43.679457],[-73.055247,-43.71559],[-72.905832,-43.60768],[-73.111318,-43.461033],[-73.084584,-43.316339],[-72.91218,-43.235447],[-72.864858,-43.018731],[-72.734486,-43.079685],[-72.864858,-42.751235],[-72.840321,-42.524835],[-72.539418,-42.558282],[-72.843739,-42.278253],[-72.594553,-42.182061],[-72.419789,-42.43963],[-72.464345,-41.97617],[-72.737294,-42.01393],[-72.88858,-41.910821],[-72.645131,-41.722833],[-72.30309,-41.648207],[-72.30309,-41.380792],[-72.426178,-41.663995],[-72.609446,-41.70672],[-72.957265,-41.483575],[-73.111887,-41.586196],[-73.059193,-41.697442],[-73.141713,-41.754815],[-73.515045,-41.803643],[-73.759946,-41.748841],[-73.494862,-41.510431],[-73.615224,-41.599867],[-73.798166,-41.565688],[-73.940585,-41.049964],[-73.728498,-40.54418],[-73.711171,-39.968683],[-73.458404,-39.833754],[-73.378774,-39.900486],[-73.406077,-39.69492],[-73.224477,-39.41725],[-73.209828,-39.19378],[-73.543284,-38.420668],[-73.462961,-38.051202],[-73.666575,-37.725518],[-73.599273,-37.447849],[-73.680409,-37.347833],[-73.607574,-37.15545],[-73.460683,-37.241957],[-73.209055,-37.160252],[-73.207428,-36.775323],[-73.118642,-36.597101],[-73.070221,-36.7138],[-72.981923,-36.690362],[-72.80016,-35.978123],[-72.583567,-35.770603],[-72.646596,-35.566583],[-72.23058,-35.116143],[-71.989084,-34.355239],[-72.018544,-34.140802],[-71.624664,-33.541436],[-71.761871,-33.101983],[-71.568227,-33.001886],[-71.407948,-32.386326],[-71.542144,-32.205173],[-71.501129,-31.889825],[-71.71345,-30.614923],[-71.637766,-30.241469],[-71.542144,-30.285333],[-71.398793,-30.17669],[-71.412465,-29.991795],[-71.282582,-29.880141],[-71.308827,-29.408868],[-71.486928,-29.211847],[-71.521962,-28.940118],[-71.188588,-28.40545],[-71.038686,-27.666436],[-70.912424,-27.62184],[-70.95995,-27.161391],[-70.788645,-26.99627],[-70.629954,-26.340977],[-70.635976,-25.974705],[-70.739985,-25.829323],[-70.646881,-25.521661],[-70.444814,-25.344903],[-70.582834,-24.524835],[-70.390736,-23.576918],[-70.496983,-23.469472],[-70.631612,-23.517039],[-70.600123,-23.244225],[-70.562245,-23.059828],[-70.425423,-23.08853],[-70.291575,-22.901951],[-70.058695,-21.433377],[-70.213844,-20.811577],[-70.136871,-19.849054],[-70.356597,-18.77337],[-70.303561,-18.445439],[-70.394703,-18.337746],[-69.970345,-18.250625],[-69.783095,-17.981598],[-69.849835,-17.69159],[-69.510089,-17.506588]]],[[[-68.641998,-54.799168],[-68.665842,-54.886407],[-68.965688,-54.784438],[-68.737864,-54.896091],[-69.067006,-54.948826],[-69.648305,-54.822524],[-69.627065,-54.692071],[-69.91161,-54.818617],[-69.969553,-54.676853],[-69.993276,-54.835056],[-70.309438,-54.838556],[-70.244537,-54.68906],[-70.365346,-54.835219],[-70.758778,-54.84059],[-70.837026,-54.787693],[-70.45287,-54.633722],[-70.815907,-54.750421],[-70.922109,-54.712579],[-70.774322,-54.681573],[-70.944814,-54.672133],[-71.027577,-54.777032],[-70.951568,-54.616388],[-71.289662,-54.676446],[-71.192698,-54.626886],[-71.233632,-54.531345],[-71.347076,-54.517185],[-71.412465,-54.579197],[-71.336049,-54.606378],[-71.487864,-54.687433],[-71.597768,-54.580987],[-71.944325,-54.654555],[-71.88976,-54.568129],[-72.007721,-54.505304],[-71.671864,-54.57171],[-71.748199,-54.510837],[-71.583119,-54.545017],[-71.850657,-54.414646],[-71.563222,-54.510837],[-71.494293,-54.476007],[-71.614125,-54.410903],[-71.389272,-54.457289],[-71.364613,-54.372979],[-71.09024,-54.510837],[-71.144887,-54.435154],[-70.972401,-54.469008],[-70.952504,-54.3388],[-70.800649,-54.315851],[-70.610463,-54.3388],[-70.764394,-54.599542],[-70.634023,-54.600274],[-70.696929,-54.494806],[-70.585194,-54.390558],[-70.24942,-54.575372],[-70.301991,-54.496515],[-70.130727,-54.545017],[-70.577707,-54.274835],[-70.843251,-54.263116],[-70.932688,-54.113539],[-70.136871,-54.427667],[-70.074818,-54.369806],[-70.199045,-54.320571],[-70.034495,-54.256931],[-69.77538,-54.554864],[-69.85912,-54.280369],[-69.558583,-54.436456],[-69.522939,-54.337498],[-69.23998,-54.441339],[-69.377187,-54.681573],[-69.269439,-54.532403],[-69.169911,-54.57822],[-69.15746,-54.453058],[-68.994944,-54.468438],[-70.014027,-54.113539],[-70.178212,-53.833429],[-70.136952,-53.738702],[-69.360842,-53.521675],[-69.352651,-53.355727],[-70.202707,-53.468683],[-70.473541,-53.309259],[-70.418993,-53.011716],[-70.314865,-52.968048],[-70.335239,-53.051296],[-70.243452,-53.061725],[-70.089175,-52.911063],[-70.300891,-52.91493],[-70.28266,-52.798449],[-70.416127,-52.758071],[-70.128615,-52.732282],[-69.9114,-52.847904],[-69.417565,-52.451472],[-69.140248,-52.68377],[-68.779026,-52.548254],[-68.627617,-52.639572],[-68.641882,-54.782971],[-68.712392,-54.770929],[-68.641998,-54.799168]]],[[[-80.759348,-33.766778],[-80.710927,-33.705336],[-80.704701,-33.766778],[-80.759348,-33.766778]]],[[[-78.788971,-33.609063],[-78.884999,-33.632745],[-78.901682,-33.602227],[-78.788971,-33.609063]]],[[[-109.231597,-27.092462],[-109.451324,-27.195489],[-109.379628,-27.059503],[-109.231597,-27.092462]]],[[[-105.459543,-26.464776],[-105.470937,-26.457696],[-105.46349,-26.456964],[-105.459543,-26.464776]]],[[[-79.901763,-26.347426],[-79.890736,-26.351739],[-79.897369,-26.358819],[-79.901763,-26.347426]]],[[[-80.095693,-26.266046],[-80.092681,-26.269464],[-80.090443,-26.274509],[-80.095693,-26.266046]]],[[[-67.245107,-55.839614],[-67.204172,-55.880629],[-67.371327,-55.831964],[-67.245107,-55.839614]]],[[[-67.094309,-55.826104],[-67.07844,-55.910089],[-67.170033,-55.873793],[-67.094309,-55.826104]]],[[[-67.501617,-55.821059],[-67.621843,-55.918504],[-67.913945,-55.836566],[-67.501617,-55.821059]]],[[[-67.232086,-55.771417],[-67.156972,-55.778253],[-67.204172,-55.778253],[-67.232086,-55.771417]]],[[[-67.376088,-55.750909],[-67.581532,-55.709405],[-67.420644,-55.707452],[-67.348704,-55.575616],[-67.361806,-55.706231],[-67.252553,-55.76393],[-67.376088,-55.750909]]],[[[-67.643137,-55.497328],[-67.587758,-55.58587],[-67.738596,-55.616876],[-67.643137,-55.497328]]],[[[-69.714508,-55.344985],[-69.637318,-55.38836],[-69.801747,-55.40781],[-69.714508,-55.344985]]],[[[-70.014027,-55.305922],[-69.947825,-55.283868],[-70.006459,-55.374444],[-70.110219,-55.29225],[-70.014027,-55.305922]]],[[[-66.855336,-55.271173],[-67.05012,-55.307306],[-66.992258,-55.228692],[-66.855336,-55.271173]]],[[[-66.426747,-55.185479],[-66.593495,-55.281427],[-66.632192,-55.205987],[-66.426747,-55.185479]]],[[[-66.869008,-55.024102],[-66.806874,-55.112888],[-67.070912,-55.009454],[-66.869008,-55.024102]]],[[[-67.999257,-55.627537],[-68.098297,-55.712091],[-68.15331,-55.596287],[-68.289784,-55.610121],[-68.252512,-55.524509],[-68.616811,-55.40781],[-68.865346,-55.505304],[-68.965688,-55.40781],[-68.760243,-55.332615],[-68.971303,-55.37713],[-68.801137,-55.188653],[-68.986684,-55.265232],[-69.12267,-55.147638],[-69.134104,-55.247735],[-69.23998,-55.12713],[-69.438629,-55.161879],[-69.287831,-55.168145],[-69.267323,-55.230157],[-69.479604,-55.236993],[-69.459096,-55.305922],[-69.280385,-55.318943],[-69.300852,-55.428155],[-69.137034,-55.441827],[-69.16161,-55.514337],[-69.362864,-55.38893],[-69.437082,-55.491306],[-69.520579,-55.393976],[-69.416086,-55.353123],[-69.788075,-55.305922],[-69.500071,-55.174981],[-69.848053,-55.257908],[-69.924672,-55.222752],[-69.842681,-55.168145],[-70.031077,-55.147638],[-69.587473,-55.041192],[-69.582021,-55.154474],[-69.527577,-55.031996],[-68.441151,-54.939711],[-68.334828,-55.062433],[-68.60261,-55.066095],[-68.616078,-55.152276],[-69.061879,-55.04461],[-68.209218,-55.262872],[-68.745961,-55.271173],[-68.146474,-55.404392],[-67.999257,-55.627537]]],[[[-67.883168,-55.243829],[-67.738596,-55.236993],[-68.135081,-55.218845],[-68.18635,-54.978204],[-68.360504,-54.930922],[-67.301829,-54.928888],[-67.053375,-55.093683],[-67.270619,-55.306899],[-67.502919,-55.172133],[-67.883168,-55.243829]]],[[[-70.295155,-55.082452],[-70.548085,-55.213556],[-70.590077,-55.05047],[-70.71581,-55.122817],[-71.007151,-55.04461],[-70.919016,-54.990655],[-71.012847,-54.96502],[-70.350453,-54.893731],[-70.729848,-55.01336],[-70.295155,-55.082452]]],[[[-69.904164,-54.996759],[-69.842681,-54.942153],[-69.915598,-54.886895],[-69.71349,-54.948826],[-69.728342,-54.864516],[-69.164296,-54.955824],[-69.904164,-54.996759]]],[[[-70.421783,-54.845961],[-70.678538,-54.898207],[-70.74767,-54.873305],[-70.421783,-54.845961]]],[[[-70.983795,-54.928481],[-71.459584,-54.87949],[-71.165395,-54.832289],[-70.911529,-54.921075],[-70.983795,-54.928481]]],[[[-71.946848,-54.702569],[-71.993316,-54.721775],[-72.08788,-54.671319],[-71.946848,-54.702569]]],[[[-72.339833,-54.331476],[-72.470693,-54.427667],[-72.541737,-54.343032],[-72.339833,-54.331476]]],[[[-70.384592,-54.188084],[-70.218658,-54.234633],[-70.521108,-54.174412],[-70.384592,-54.188084]]],[[[-72.296946,-54.07879],[-72.206288,-54.147719],[-72.301503,-54.251397],[-72.501698,-54.242771],[-72.296946,-54.07879]]],[[[-73.180084,-54.071954],[-73.27892,-54.126642],[-73.474355,-54.071954],[-73.180084,-54.071954]]],[[[-71.63093,-54.07879],[-71.612172,-53.948012],[-71.463287,-53.941583],[-71.396352,-54.062758],[-71.337961,-53.976251],[-71.221059,-54.184666],[-71.179677,-54.085626],[-71.155141,-54.155369],[-71.016225,-54.095392],[-70.990142,-54.265802],[-71.207509,-54.369236],[-71.357818,-54.297296],[-71.213206,-54.229099],[-71.411,-54.233331],[-71.416615,-54.11004],[-71.542144,-54.269952],[-71.549631,-54.181817],[-71.651519,-54.232029],[-71.63093,-54.07879]]],[[[-72.015126,-54.202325],[-72.103871,-54.058364],[-72.205312,-54.091892],[-72.259104,-53.929864],[-72.064768,-53.983575],[-71.945709,-53.852797],[-71.851877,-53.974054],[-71.652903,-53.926365],[-71.792226,-53.997979],[-71.652008,-54.089044],[-71.766103,-54.163995],[-71.952301,-54.014907],[-71.744456,-54.231052],[-71.830149,-54.331476],[-71.987864,-54.317804],[-71.905263,-54.229099],[-72.015126,-54.202325]]],[[[-70.455036,-53.611598],[-70.452219,-53.886895],[-70.342795,-54.028069],[-70.669962,-53.950342],[-70.540435,-54.221612],[-70.822743,-54.113539],[-70.881505,-53.842264],[-70.606114,-53.865125],[-70.71288,-53.70143],[-70.535553,-53.560479],[-70.455036,-53.611598]]],[[[-73.824452,-53.472101],[-73.687856,-53.523207],[-73.848541,-53.588311],[-73.824452,-53.472101]]],[[[-73.392445,-53.413995],[-73.509104,-53.475518],[-73.392445,-53.530694],[-73.481801,-53.57171],[-73.803334,-53.434503],[-73.574941,-53.491143],[-73.5926,-53.385837],[-73.392445,-53.413995]]],[[[-72.529652,-54.075372],[-73.00886,-54.092462],[-72.795969,-54.058364],[-72.850575,-53.955255],[-72.645131,-53.859633],[-72.801666,-53.817478],[-73.05602,-53.812758],[-73.098256,-54.037856],[-73.308949,-53.97381],[-73.245351,-53.715753],[-73.591664,-53.756036],[-73.484853,-53.70086],[-73.615346,-53.614028],[-72.95287,-53.664483],[-73.0808,-53.648207],[-73.029286,-53.584731],[-73.258656,-53.635186],[-73.420318,-53.478936],[-73.077138,-53.530694],[-73.17516,-53.420831],[-73.037709,-53.385512],[-73.002024,-53.493259],[-73.015614,-53.407322],[-72.913238,-53.427016],[-72.884145,-53.681329],[-72.858469,-53.452732],[-72.678578,-53.673272],[-72.673004,-53.536879],[-72.464182,-53.575128],[-72.453277,-53.742364],[-72.373036,-53.687758],[-72.138661,-53.797621],[-72.391835,-53.845392],[-72.419789,-53.969496],[-72.329905,-54.034601],[-72.51537,-53.982599],[-72.529652,-54.075372]]],[[[-74.145904,-53.242771],[-74.058095,-53.250258],[-74.242177,-53.310968],[-74.145904,-53.242771]]],[[[-73.43342,-52.865411],[-73.419301,-52.957696],[-73.81078,-52.913751],[-73.611724,-52.82171],[-73.43342,-52.865411]]],[[[-73.207428,-53.317804],[-73.09081,-53.355727],[-73.584218,-53.317804],[-73.494862,-53.290623],[-73.880442,-53.057712],[-74.318349,-53.097345],[-74.749867,-52.755548],[-73.628896,-53.14658],[-73.62328,-53.059828],[-73.516347,-53.261407],[-73.459543,-53.132908],[-73.207428,-53.317804]]],[[[-73.330963,-52.694024],[-73.369211,-52.728611],[-73.39981,-52.728204],[-73.330963,-52.694024]]],[[[-73.837392,-52.70086],[-73.954742,-52.707696],[-73.844879,-52.597833],[-73.982045,-52.653009],[-73.872182,-52.550063],[-74.123419,-52.706617],[-74.184368,-52.586801],[-73.943999,-52.482788],[-74.029729,-52.429918],[-73.725168,-52.404718],[-73.676991,-52.485121],[-73.837392,-52.70086]]],[[[-74.672566,-52.390549],[-74.91161,-52.202813],[-74.544422,-52.246159],[-74.672566,-52.390549]]],[[[-73.769846,-52.379327],[-74.092763,-52.166599],[-73.815338,-52.241143],[-73.769846,-52.379327]]],[[[-74.122548,-52.397719],[-74.245351,-52.316583],[-74.10497,-52.248305],[-74.221669,-52.186944],[-74.145904,-52.19378],[-74.41686,-52.129002],[-74.286773,-52.088637],[-73.935699,-52.324884],[-74.122548,-52.397719]]],[[[-74.790842,-52.179457],[-74.752919,-52.122166],[-74.599233,-52.070245],[-74.790842,-52.179457]]],[[[-74.344553,-52.06406],[-74.387807,-52.077244],[-74.406402,-52.058364],[-74.344553,-52.06406]]],[[[-74.492299,-51.978692],[-74.735585,-52.084568],[-74.543813,-51.920668],[-74.492299,-51.978692]]],[[[-73.707672,-52.186944],[-74.09024,-52.010024],[-74.09439,-51.927016],[-73.707672,-52.186944]]],[[[-74.749867,-52.043064],[-74.896352,-52.113051],[-74.750885,-51.833917],[-74.598459,-51.837498],[-74.749867,-52.043064]]],[[[-75.061147,-51.882257],[-75.095367,-51.776462],[-74.982655,-51.721449],[-75.061147,-51.882257]]],[[[-74.43456,-51.844903],[-74.502838,-51.707208],[-74.096303,-51.877374],[-74.194732,-51.950291],[-74.43456,-51.844903]]],[[[-73.789662,-51.73504],[-73.838775,-51.812595],[-73.9405,-51.663181],[-73.789662,-51.73504]]],[[[-74.889801,-52.002048],[-74.964223,-52.117608],[-75.071401,-51.98211],[-74.957509,-51.815606],[-74.831858,-51.837498],[-74.865346,-51.618341],[-74.762929,-51.782892],[-74.889801,-52.002048]]],[[[-73.943918,-51.741306],[-74.014556,-51.799737],[-74.240631,-51.6985],[-74.082143,-51.538181],[-73.943918,-51.741306]]],[[[-74.197133,-51.42669],[-74.254628,-51.290785],[-74.112416,-51.378839],[-74.197133,-51.42669]]],[[[-75.02359,-51.330987],[-75.016184,-51.413507],[-75.160756,-51.42669],[-75.141754,-51.565037],[-75.312896,-51.629164],[-75.219838,-51.305434],[-75.02359,-51.330987]]],[[[-73.79308,-51.258722],[-73.793691,-51.371026],[-73.920644,-51.303643],[-73.79308,-51.258722]]],[[[-74.739003,-51.368585],[-75.024159,-51.456231],[-74.798329,-51.330011],[-74.963775,-51.343683],[-74.79308,-51.211196],[-74.555735,-51.250421],[-74.626332,-51.26214],[-74.594228,-51.399509],[-74.687164,-51.283298],[-74.739003,-51.368585]]],[[[-74.865346,-51.121515],[-74.920806,-51.159112],[-74.998891,-51.124444],[-74.865346,-51.121515]]],[[[-74.420277,-51.111261],[-74.434153,-51.205824],[-74.605214,-51.080255],[-74.486073,-51.021254],[-74.519521,-51.096368],[-74.420277,-51.111261]]],[[[-74.248931,-51.234796],[-74.351959,-50.925714],[-74.196929,-51.175388],[-74.248931,-51.234796]]],[[[-74.385569,-50.981052],[-74.398305,-51.086847],[-74.475494,-50.994561],[-74.725453,-51.105076],[-74.680979,-51.008233],[-74.831858,-51.07643],[-74.838002,-50.974216],[-74.96642,-50.949884],[-74.625478,-50.9249],[-74.558095,-50.817071],[-74.660471,-50.727716],[-74.39977,-50.844415],[-74.385569,-50.981052]]],[[[-74.906321,-50.796563],[-74.958974,-50.728285],[-74.804514,-50.666274],[-74.777211,-50.80283],[-74.660471,-50.823907],[-74.781972,-50.882013],[-74.906321,-50.796563]]],[[[-74.981516,-50.797784],[-75.083892,-50.783624],[-75.081695,-50.65488],[-74.985422,-50.657159],[-74.981516,-50.797784]]],[[[-74.608713,-50.514825],[-74.640452,-50.586358],[-74.680979,-50.514825],[-74.608713,-50.514825]]],[[[-75.126047,-50.494317],[-75.215403,-50.596938],[-75.34557,-50.560724],[-75.290598,-50.781834],[-75.461822,-50.762465],[-75.407053,-50.673761],[-75.513824,-50.649102],[-75.359364,-50.590509],[-75.468617,-50.494317],[-75.126047,-50.494317]]],[[[-74.310414,-50.834161],[-74.581207,-50.633559],[-74.420277,-50.528497],[-74.673492,-50.47381],[-74.383127,-50.455987],[-74.239003,-50.676202],[-74.427113,-50.652602],[-74.181304,-50.782322],[-74.310414,-50.834161]]],[[[-74.783355,-50.480645],[-74.736724,-50.37184],[-74.544586,-50.382094],[-74.783355,-50.480645]]],[[[-75.040639,-50.289483],[-75.22289,-50.436456],[-75.323232,-50.400323],[-75.194895,-50.302504],[-75.454945,-50.363946],[-75.390452,-50.162286],[-75.179311,-50.255792],[-75.119781,-50.138767],[-75.40038,-50.039158],[-74.953277,-50.079767],[-75.071401,-50.186456],[-74.799713,-50.125421],[-74.811269,-50.2138],[-75.040639,-50.289483]]],[[[-75.44811,-49.774998],[-75.634854,-49.827943],[-75.504352,-49.556973],[-75.355339,-49.610176],[-75.180653,-49.905369],[-75.339711,-49.859552],[-75.3662,-49.72031],[-75.44811,-49.774998]]],[[[-75.521308,-49.379099],[-75.429433,-49.466365],[-75.512495,-49.478359],[-75.521308,-49.379099]]],[[[-74.903188,-49.076755],[-74.935699,-49.28045],[-75.235585,-49.144952],[-75.126047,-49.021417],[-74.903188,-49.076755]]],[[[-75.557973,-49.247328],[-75.661041,-49.205743],[-75.33727,-48.989353],[-75.315907,-49.133477],[-75.557973,-49.247328]]],[[[-75.215403,-49.014581],[-75.276031,-49.063246],[-75.373036,-48.952569],[-75.499338,-49.039158],[-75.468617,-48.952569],[-75.654856,-48.911065],[-75.394154,-48.829034],[-75.215403,-49.014581]]],[[[-75.105824,-48.969903],[-75.223012,-48.978936],[-75.308176,-48.794854],[-75.09142,-48.870701],[-75.105824,-48.969903]]],[[[-75.198313,-49.771173],[-75.297231,-49.632989],[-75.235911,-49.555841],[-75.317779,-49.549005],[-75.256337,-49.493829],[-75.335194,-49.511163],[-75.461985,-49.306573],[-75.38329,-49.28045],[-75.166982,-49.501153],[-75.323354,-49.263604],[-75.092437,-49.370294],[-75.187408,-49.29518],[-75.037221,-49.260431],[-75.092437,-49.19964],[-74.893219,-49.364028],[-74.804514,-49.103936],[-74.954701,-49.007094],[-74.823638,-48.950372],[-74.968984,-48.986586],[-75.015207,-48.891778],[-74.872792,-48.842706],[-75.057973,-48.816664],[-74.696645,-48.679864],[-74.634836,-48.855239],[-74.543813,-48.70615],[-74.44579,-49.302341],[-74.605214,-49.713556],[-74.430084,-49.657892],[-74.423655,-49.744887],[-74.536366,-49.747003],[-74.43456,-49.78867],[-74.523305,-49.856866],[-74.474233,-49.944513],[-74.612131,-49.911554],[-74.536366,-49.994724],[-74.768422,-50.053318],[-74.856272,-49.991306],[-74.680531,-49.928399],[-74.913686,-49.925877],[-74.728749,-49.843194],[-74.882558,-49.79697],[-74.891957,-49.614435],[-74.708323,-49.63836],[-74.886952,-49.534601],[-74.743316,-49.518731],[-74.64623,-49.349786],[-74.811269,-49.377699],[-74.748891,-49.4249],[-74.944732,-49.542169],[-74.987701,-49.479262],[-75.009918,-49.898533],[-75.198313,-49.771173]]],[[[-75.085032,-48.637302],[-75.109446,-48.809177],[-75.246083,-48.784763],[-75.085032,-48.637302]]],[[[-75.02359,-48.688735],[-75.009918,-48.637302],[-74.85204,-48.676202],[-75.02359,-48.688735]]],[[[-75.338938,-48.6242],[-75.296986,-48.727146],[-75.647857,-48.778904],[-75.641835,-48.701349],[-75.338938,-48.6242]]],[[[-75.328359,-48.552179],[-75.541656,-48.70086],[-75.606557,-48.661065],[-75.440663,-48.610528],[-75.675364,-48.583185],[-75.606435,-48.439223],[-75.34435,-48.427423],[-75.328359,-48.552179]]],[[[-74.472076,-48.455987],[-74.306996,-48.465916],[-74.400054,-48.525486],[-74.472076,-48.455987]]],[[[-74.090688,-48.479587],[-74.250803,-48.378025],[-74.120432,-48.40488],[-74.090688,-48.479587]]],[[[-74.495432,-48.349867],[-74.358795,-48.370294],[-74.314117,-48.280938],[-74.223297,-48.44492],[-74.495432,-48.349867]]],[[[-74.499135,-48.583185],[-74.60733,-48.693943],[-74.996246,-48.603692],[-75.03307,-48.50449],[-74.845937,-48.390232],[-74.717152,-48.453546],[-74.813588,-48.342543],[-74.73766,-48.125746],[-74.584788,-48.37656],[-74.673492,-48.418145],[-74.599436,-48.563653],[-74.499135,-48.583185]]],[[[-74.543813,-48.321954],[-74.558176,-48.122328],[-74.372629,-48.253188],[-74.543813,-48.321954]]],[[[-75.160756,-48.298435],[-75.256337,-48.068617],[-74.804514,-48.174493],[-74.841298,-48.359308],[-75.031117,-48.44378],[-75.160756,-48.298435]]],[[[-75.149892,-48.65838],[-75.282826,-48.630548],[-75.317942,-48.348891],[-75.554189,-48.397149],[-75.345774,-48.301446],[-75.543772,-48.321954],[-75.433909,-48.198989],[-75.54011,-48.226251],[-75.551137,-48.055759],[-75.338938,-48.017511],[-75.083404,-48.507745],[-75.149892,-48.65838]]],[[[-75.270619,-48.027765],[-75.167773,-47.893604],[-74.788324,-47.812324],[-74.834869,-48.007908],[-74.727379,-48.105892],[-75.052358,-47.986261],[-75.270619,-48.027765]]],[[[-74.413726,-47.938246],[-74.502838,-47.917901],[-74.248931,-47.876886],[-74.289906,-47.807387],[-73.808909,-47.887384],[-73.923004,-47.963637],[-74.413726,-47.938246]]],[[[-75.182362,-47.831476],[-75.355913,-47.73614],[-75.091638,-47.680492],[-75.123199,-47.781915],[-75.023682,-47.803325],[-75.182362,-47.831476]]],[[[-74.885229,-47.712063],[-74.957723,-47.774795],[-75.054421,-47.689572],[-74.885229,-47.712063]]],[[[-74.468658,-47.074965],[-74.315785,-47.078058],[-74.454701,-47.167739],[-74.468658,-47.074965]]],[[[-74.074574,-47.020278],[-73.97525,-47.047621],[-74.145904,-47.171157],[-74.226471,-47.122003],[-74.074574,-47.020278]]],[[[-73.725087,-46.05047],[-73.775461,-46.199477],[-73.9405,-46.068129],[-73.725087,-46.05047]]],[[[-73.707672,-45.923598],[-73.683176,-46.017673],[-73.819488,-45.998712],[-73.707672,-45.923598]]],[[[-74.752919,-45.80755],[-74.780751,-46.011489],[-75.07433,-46.093845],[-75.084381,-46.026788],[-74.85912,-45.998712],[-75.078765,-45.98504],[-75.108266,-45.8742],[-74.883534,-45.929376],[-74.97053,-45.862888],[-74.752919,-45.80755]]],[[[-73.741851,-45.793878],[-73.694081,-45.888849],[-73.934316,-45.971938],[-73.741851,-45.793878]]],[[[-73.926829,-45.745375],[-74.015614,-45.913995],[-74.094594,-45.76393],[-73.926829,-45.745375]]],[[[-74.790842,-45.632501],[-74.752431,-45.69964],[-74.879262,-45.624607],[-74.790842,-45.632501]]],[[[-74.554351,-45.574802],[-74.583892,-45.735284],[-74.685699,-45.743341],[-74.679677,-45.620701],[-74.554351,-45.574802]]],[[[-74.071441,-45.690851],[-74.050445,-45.54461],[-73.910227,-45.590997],[-73.920644,-45.697686],[-74.071441,-45.690851]]],[[[-74.502838,-45.732354],[-74.421254,-45.454278],[-74.273549,-45.495294],[-74.241811,-45.675958],[-74.502838,-45.732354]]],[[[-73.666168,-45.436944],[-73.584218,-45.512628],[-73.680409,-45.752862],[-73.818267,-45.642511],[-73.666168,-45.436944]]],[[[-73.885894,-45.471124],[-73.816965,-45.474786],[-73.870473,-45.5617],[-74.142649,-45.574965],[-74.064036,-45.423272],[-73.885894,-45.471124]]],[[[-74.554351,-45.546808],[-74.445668,-45.428155],[-74.501332,-45.588067],[-74.554351,-45.546808]]],[[[-73.824452,-45.395929],[-73.921742,-45.430434],[-73.976674,-45.370701],[-73.824452,-45.395929]]],[[[-74.34142,-45.33766],[-74.378041,-45.400974],[-74.525787,-45.295017],[-74.34142,-45.33766]]],[[[-73.824452,-45.26629],[-73.786244,-45.333917],[-74.012278,-45.353611],[-74.167063,-45.252618],[-73.824452,-45.26629]]],[[[-74.273549,-45.20794],[-74.325347,-45.302341],[-74.420277,-45.23211],[-74.387563,-45.155206],[-74.273549,-45.20794]]],[[[-73.731923,-45.214776],[-73.767974,-45.284601],[-73.989573,-45.245782],[-74.250111,-45.109633],[-73.866078,-44.994561],[-73.714589,-45.11419],[-73.731923,-45.214776]]],[[[-74.27009,-44.944106],[-74.163726,-44.864679],[-73.913197,-44.950372],[-74.356923,-45.011489],[-74.27009,-44.944106]]],[[[-73.961578,-44.810154],[-74.097279,-44.841567],[-74.009918,-44.773207],[-73.961578,-44.810154]]],[[[-73.930531,-44.789239],[-73.762318,-44.929864],[-73.883209,-44.928155],[-73.930531,-44.789239]]],[[[-75.091473,-44.796056],[-75.031272,-44.903969],[-75.152358,-44.921214],[-75.198322,-44.807232],[-75.091473,-44.796056]]],[[[-73.604726,-44.744887],[-73.627309,-44.829767],[-73.749257,-44.80283],[-73.604726,-44.744887]]],[[[-74.34142,-44.806329],[-74.46939,-44.826837],[-74.441721,-44.715427],[-74.34142,-44.806329]]],[[[-74.48233,-44.636326],[-74.484364,-44.698419],[-74.669504,-44.67018],[-74.48233,-44.636326]]],[[[-73.926829,-44.628839],[-73.875885,-44.694024],[-74.258697,-44.804457],[-74.413808,-44.685968],[-74.267161,-44.603123],[-73.926829,-44.628839]]],[[[-74.777211,-44.58115],[-74.747792,-44.665623],[-74.825836,-44.630955],[-74.777211,-44.58115]]],[[[-73.659983,-44.676528],[-73.591542,-44.70672],[-73.752512,-44.741388],[-73.821401,-44.578709],[-73.679921,-44.544854],[-73.659983,-44.676528]]],[[[-74.193715,-44.492283],[-74.132883,-44.54697],[-74.368886,-44.541111],[-74.193715,-44.492283]]],[[[-74.036041,-44.498468],[-74.167063,-44.430271],[-73.947336,-44.543552],[-74.132883,-44.518976],[-74.036041,-44.498468]]],[[[-74.392974,-44.54697],[-74.541127,-44.45379],[-74.259511,-44.412856],[-74.392974,-44.54697]]],[[[-73.789662,-44.422784],[-73.888539,-44.460138],[-73.865387,-44.374933],[-73.789662,-44.422784]]],[[[-73.382476,-44.587823],[-73.2412,-44.639337],[-73.280507,-44.541762],[-73.131581,-44.54518],[-73.246246,-44.437188],[-73.036204,-44.484796],[-73.09081,-44.402276],[-73.002024,-44.361261],[-72.980946,-44.51214],[-72.872304,-44.437107],[-72.721181,-44.528009],[-72.813344,-44.636326],[-72.980946,-44.601495],[-72.837636,-44.710138],[-73.256988,-44.940037],[-73.407582,-44.822442],[-73.207428,-44.800063],[-73.393422,-44.78867],[-73.468129,-44.642511],[-73.382476,-44.587823]]],[[[-73.726471,-44.425063],[-73.789662,-44.38242],[-73.654124,-44.350844],[-73.726471,-44.425063]]],[[[-74.029897,-44.354587],[-73.926829,-44.354587],[-73.9405,-44.450616],[-74.112416,-44.327244],[-74.029897,-44.354587]]],[[[-73.262807,-44.388442],[-73.249013,-44.306736],[-73.177154,-44.367771],[-73.262807,-44.388442]]],[[[-73.865387,-44.33408],[-73.97525,-44.289646],[-73.805653,-44.266371],[-73.865387,-44.33408]]],[[[-74.386627,-44.249933],[-74.291331,-44.276788],[-74.377065,-44.292576],[-74.386627,-44.249933]]],[[[-73.741851,-44.265069],[-73.666168,-44.265069],[-73.741851,-44.299249],[-73.741851,-44.265069]]],[[[-74.108713,-44.227472],[-74.06432,-44.149021],[-73.893625,-44.239353],[-74.017934,-44.327732],[-74.108713,-44.227472]]],[[[-74.276967,-44.149021],[-74.258168,-44.17311],[-74.377268,-44.150567],[-74.276967,-44.149021]]],[[[-73.882802,-44.118341],[-73.846262,-44.190199],[-74.016225,-44.142836],[-73.882802,-44.118341]]],[[[-74.297353,-44.011895],[-74.207997,-44.019301],[-74.314524,-44.021173],[-74.297353,-44.011895]]],[[[-73.744985,-43.953546],[-73.648997,-44.02809],[-73.671946,-44.080743],[-73.744985,-43.953546]]],[[[-73.227935,-44.011895],[-73.284169,-43.935724],[-73.159657,-43.881524],[-73.151601,-44.015802],[-73.227935,-44.011895]]],[[[-74.143938,-43.827551],[-73.865102,-43.762628],[-73.762318,-43.88893],[-73.928456,-43.840753],[-73.995717,-43.9367],[-74.143938,-43.827551]]],[[[-74.818186,-43.635024],[-74.7379,-43.530177],[-74.557486,-43.62741],[-74.818186,-43.635024]]],[[[-73.61148,-42.936212],[-73.365102,-42.990818],[-73.472279,-42.984552],[-73.61148,-42.936212]]],[[[-73.604726,-42.579278],[-73.672353,-42.622654],[-73.755035,-42.59881],[-73.604726,-42.579278]]],[[[-73.412343,-42.525649],[-73.489084,-42.493422],[-73.637278,-42.398045],[-73.412343,-42.525649]]],[[[-73.087636,-42.247491],[-73.141591,-42.313735],[-73.193918,-42.249119],[-73.087636,-42.247491]]],[[[-72.542714,-42.141046],[-72.617787,-42.103611],[-72.559722,-42.05169],[-72.542714,-42.141046]]],[[[-74.334625,-43.281671],[-74.407216,-43.237888],[-74.131391,-42.692982],[-74.189618,-42.431906],[-74.053336,-42.130345],[-74.064036,-41.805922],[-73.917063,-41.782647],[-74.006174,-41.845147],[-73.769846,-41.901544],[-73.564931,-41.804946],[-73.378774,-42.278253],[-73.666168,-42.354099],[-73.61148,-42.511651],[-73.824452,-42.514418],[-73.491933,-42.818617],[-73.707672,-42.867364],[-73.502309,-43.128025],[-73.775746,-43.118097],[-73.669014,-43.363847],[-73.847491,-43.423483],[-74.334625,-43.281671]]],[[[-73.087636,-41.843438],[-73.066884,-41.736993],[-73.003,-41.844334],[-73.087636,-41.843438]]],[[[-73.037179,-54.456461],[-72.953784,-54.456858],[-73.098314,-54.485808],[-73.037179,-54.456461]]],[[[-70.402603,-54.078633],[-70.298143,-54.125953],[-70.513691,-54.091286],[-70.402603,-54.078633]]],[[[-70.686814,-52.84739],[-70.619252,-52.843384],[-70.78974,-52.900541],[-70.686814,-52.84739]]],[[[-74.427757,-52.503662],[-74.349257,-52.622981],[-74.48196,-52.570765],[-74.427757,-52.503662]]],[[[-74.476368,-52.309667],[-74.488887,-52.389907],[-74.508701,-52.42585],[-74.476368,-52.309667]]],[[[-73.815143,-51.864059],[-73.71833,-51.84886],[-73.713451,-51.996007],[-73.979358,-51.838544],[-73.815143,-51.864059]]],[[[-74.359036,-51.337941],[-74.306249,-51.417784],[-74.396488,-51.413082],[-74.359036,-51.337941]]],[[[-74.970277,-50.287516],[-74.889258,-50.294923],[-74.976266,-50.432888],[-75.171581,-50.46215],[-74.970277,-50.287516]]],[[[-74.426015,-49.614923],[-74.427032,-49.426528],[-74.287994,-49.548435],[-74.426015,-49.614923]]],[[[-74.649865,-47.797742],[-74.524671,-47.868351],[-74.644016,-47.92311],[-74.649865,-47.797742]]],[[[-75.323147,-46.685089],[-75.173992,-46.677964],[-75.132214,-46.777995],[-75.323147,-46.685089]]],[[[-74.253361,-43.350392],[-74.230773,-43.405828],[-74.266192,-43.424782],[-74.253361,-43.350392]]],[[[-73.691092,-43.188156],[-73.646979,-43.229241],[-73.718524,-43.215981],[-73.691092,-43.188156]]],[[[-73.009192,-42.695259],[-72.95535,-42.723715],[-72.956525,-42.807804],[-73.009192,-42.695259]]],[[[-73.307341,-42.627343],[-73.241038,-42.631371],[-73.295181,-42.653951],[-73.307341,-42.627343]]],[[[-73.882436,-38.360772],[-73.892242,-38.413995],[-73.950022,-38.358005],[-73.882436,-38.360772]]],[[[-73.54083,-36.989441],[-73.469759,-37.036297],[-73.516159,-37.071201],[-73.54083,-36.989441]]]]}},{"type":"Feature","properties":{"name":"Bolivia","ISO3166-1-Alpha-3":"BOL","ISO3166-1-Alpha-2":"BO"},"geometry":{"type":"Polygon","coordinates":[[[-69.510089,-17.506588],[-69.522599,-17.36912],[-69.666492,-17.288298],[-69.6228,-17.185565],[-69.037073,-16.670247],[-69.027875,-16.454137],[-68.833494,-16.328976],[-69.184868,-16.195031],[-69.430021,-15.62628],[-69.1481,-15.233333],[-69.384313,-14.981772],[-69.370541,-14.801524],[-68.990254,-14.379018],[-69.01015,-14.245899],[-68.864448,-14.191226],[-69.101591,-13.666607],[-68.970747,-13.501449],[-68.980953,-12.867947],[-68.766134,-12.710541],[-68.684252,-12.502492],[-69.577635,-10.952302],[-68.804659,-10.994677],[-68.775926,-11.140611],[-68.61573,-11.112499],[-68.29332,-10.978967],[-68.043775,-10.666945],[-67.721727,-10.705495],[-67.58463,-10.501787],[-67.0643,-10.256944],[-66.64262,-9.907921],[-65.788564,-9.733048],[-65.583977,-9.837228],[-65.416235,-9.680132],[-65.29911,-9.841259],[-65.284822,-10.206818],[-65.44998,-10.468094],[-65.299601,-10.969665],[-65.38727,-11.277553],[-65.009438,-11.98428],[-64.489392,-12.239459],[-64.48978,-12.373611],[-64.287544,-12.497117],[-63.921236,-12.544349],[-63.801398,-12.454949],[-63.317913,-12.701963],[-63.075034,-12.652663],[-62.789832,-13.000652],[-62.114679,-13.150204],[-61.83635,-13.540619],[-61.047225,-13.464552],[-60.472635,-13.797865],[-60.387188,-13.98328],[-60.464341,-14.278352],[-60.291716,-14.630062],[-60.269805,-15.083368],[-60.582241,-15.098871],[-60.246395,-15.478279],[-60.16069,-16.264794],[-58.349741,-16.2804],[-58.342661,-16.473154],[-58.480276,-16.683683],[-58.399144,-17.237448],[-57.800731,-17.533451],[-57.730089,-17.846093],[-57.466798,-18.239557],[-57.56674,-18.256094],[-57.782334,-18.910421],[-57.715826,-19.044573],[-58.124639,-19.729906],[-57.859745,-19.980123],[-58.158797,-20.165125],[-58.175282,-19.821373],[-59.089541,-19.286729],[-60.006384,-19.298097],[-61.753203,-19.64588],[-62.26883,-20.553111],[-62.275703,-21.066568],[-62.650357,-22.234456],[-62.818564,-22.000878],[-63.933173,-22.001808],[-64.250828,-22.54069],[-64.325294,-22.871936],[-64.596207,-22.20655],[-65.020368,-22.096583],[-65.744613,-22.11405],[-66.222465,-21.786938],[-66.307602,-22.077049],[-66.735896,-22.225051],[-66.785092,-22.427622],[-67.032725,-22.524567],[-67.193904,-22.822223],[-67.77144,-22.888679],[-67.887092,-22.818709],[-67.859187,-22.547305],[-67.960627,-22.102887],[-68.096226,-21.953956],[-68.207537,-21.284333],[-68.41631,-20.959805],[-68.555113,-20.913916],[-68.480957,-20.624735],[-68.76541,-20.421233],[-68.678516,-20.328629],[-68.792592,-20.106627],[-68.588341,-20.055571],[-68.541574,-19.920385],[-68.703218,-19.71554],[-68.447626,-19.434627],[-68.989609,-18.946491],[-69.155438,-18.140235],[-69.081722,-18.039983],[-69.302406,-17.976214],[-69.510089,-17.506588]]]}},{"type":"Feature","properties":{"name":"Peru","ISO3166-1-Alpha-3":"PER","ISO3166-1-Alpha-2":"PE"},"geometry":{"type":"MultiPolygon","coordinates":[[[[-69.510089,-17.506588],[-69.849835,-17.69159],[-69.783095,-17.981598],[-69.970345,-18.250625],[-70.394703,-18.337746],[-71.384429,-17.697849],[-71.400258,-17.400323],[-71.514516,-17.284601],[-72.118153,-17.019301],[-72.440094,-16.714451],[-73.700687,-16.244594],[-74.04662,-15.960138],[-75.048695,-15.460707],[-75.506581,-14.918227],[-75.930653,-14.649347],[-76.149159,-14.223891],[-76.290435,-14.167413],[-76.292714,-13.900486],[-76.39396,-13.90802],[-76.362016,-13.801642],[-76.253985,-13.850868],[-76.221102,-13.357556],[-76.799079,-12.509342],[-76.790886,-12.381047],[-77.174916,-12.071873],[-77.210927,-11.646417],[-77.647257,-11.292316],[-77.670539,-10.92752],[-78.182335,-10.110846],[-78.229422,-9.793784],[-78.497411,-9.189538],[-78.611155,-9.176522],[-78.759328,-8.608327],[-78.940262,-8.435526],[-78.98574,-8.217421],[-79.465942,-7.715929],[-79.61276,-7.266392],[-80.004547,-6.740899],[-81.130811,-6.034561],[-81.150216,-5.883073],[-81.075194,-5.786785],[-80.939931,-5.850844],[-80.856212,-5.650462],[-81.198476,-5.208103],[-81.063355,-5.022043],[-81.337558,-4.678304],[-81.328928,-4.476658],[-81.264027,-4.252374],[-80.807607,-3.739435],[-80.279746,-3.415553],[-80.165257,-3.890046],[-80.491981,-4.014896],[-80.469605,-4.21323],[-80.345272,-4.198451],[-80.483532,-4.433992],[-80.382867,-4.476263],[-80.140246,-4.283097],[-79.832874,-4.47895],[-79.657975,-4.438746],[-79.507209,-4.531557],[-79.450572,-4.810196],[-79.303217,-4.961246],[-79.063929,-5.011373],[-78.900218,-4.843683],[-78.898642,-4.694234],[-78.672661,-4.550987],[-78.682428,-4.326918],[-78.419679,-3.791034],[-78.350794,-3.389611],[-78.163726,-3.477254],[-78.196411,-3.36367],[-77.867826,-2.990256],[-76.625266,-2.537673],[-76.091242,-2.128913],[-75.573031,-1.537321],[-75.412576,-0.923922],[-75.227497,-0.963093],[-75.260699,-0.54348],[-75.637601,-0.111465],[-75.344053,-0.149085],[-75.206748,-0.029093],[-74.933458,-0.209443],[-74.824653,-0.170479],[-74.790701,-0.31259],[-74.417959,-0.542653],[-74.266754,-0.972291],[-73.63656,-1.255168],[-73.497163,-1.477997],[-73.530985,-1.673747],[-73.193021,-1.788675],[-73.111062,-2.073412],[-73.197775,-2.213559],[-72.935414,-2.425329],[-72.644321,-2.334068],[-72.378032,-2.450754],[-72.176391,-2.410343],[-71.746133,-2.132324],[-71.498138,-2.315051],[-71.456486,-2.255107],[-71.42083,-2.37603],[-70.992716,-2.197436],[-70.050448,-2.714303],[-70.734127,-3.782042],[-70.490886,-3.87847],[-70.311104,-3.829274],[-69.992751,-4.180881],[-69.989392,-4.314619],[-70.138892,-4.260462],[-70.205632,-4.342938],[-70.330612,-4.143157],[-70.585273,-4.194523],[-70.646768,-4.115665],[-70.832235,-4.179434],[-70.968687,-4.385313],[-71.907208,-4.518431],[-72.644786,-5.060569],[-72.917948,-5.132089],[-72.97691,-5.651747],[-73.234776,-6.077561],[-73.147804,-6.476193],[-73.759421,-6.887434],[-73.812337,-7.102924],[-73.713093,-7.304669],[-73.982895,-7.356449],[-74.018475,-7.543518],[-73.712163,-7.788154],[-73.784949,-7.940393],[-73.540829,-8.359075],[-72.976084,-8.985394],[-72.972001,-9.134428],[-73.214984,-9.409037],[-72.312661,-9.532544],[-72.195666,-10.00559],[-71.2997,-9.993394],[-70.524993,-9.430948],[-70.624418,-9.565823],[-70.541865,-9.708244],[-70.638448,-9.851801],[-70.641342,-11.0108],[-70.534114,-10.938143],[-70.2894,-11.06475],[-69.956113,-10.919332],[-69.577635,-10.952302],[-68.684252,-12.502492],[-68.766134,-12.710541],[-68.980953,-12.867947],[-68.970747,-13.501449],[-69.101591,-13.666607],[-68.864448,-14.191226],[-69.01015,-14.245899],[-68.990254,-14.379018],[-69.370541,-14.801524],[-69.384313,-14.981772],[-69.1481,-15.233333],[-69.430021,-15.62628],[-69.184868,-16.195031],[-68.833494,-16.328976],[-69.027875,-16.454137],[-69.037073,-16.670247],[-69.6228,-17.185565],[-69.666492,-17.288298],[-69.522599,-17.36912],[-69.510089,-17.506588]]],[[[-76.195232,-14.263294],[-76.17566,-14.288375],[-76.207006,-14.281514],[-76.195232,-14.263294]]],[[[-76.443669,-13.830488],[-76.441441,-13.853906],[-76.467699,-13.841756],[-76.443669,-13.830488]]],[[[-77.232714,-12.065443],[-77.181541,-12.115912],[-77.236668,-12.093345],[-77.232714,-12.065443]]],[[[-80.84297,-6.381612],[-80.840982,-6.440939],[-80.863577,-6.456379],[-80.84297,-6.381612]]]]}},{"type":"Feature","properties":{"name":"Argentina","ISO3166-1-Alpha-3":"ARG","ISO3166-1-Alpha-2":"AR"},"geometry":{"type":"MultiPolygon","coordinates":[[[[-67.193904,-22.822223],[-67.032725,-22.524567],[-66.785092,-22.427622],[-66.735896,-22.225051],[-66.307602,-22.077049],[-66.222465,-21.786938],[-65.744613,-22.11405],[-65.020368,-22.096583],[-64.596207,-22.20655],[-64.325294,-22.871936],[-63.947591,-22.007596],[-62.804353,-22.004082],[-62.625294,-22.305046],[-62.241183,-22.538416],[-61.956446,-23.034407],[-61.109857,-23.606982],[-61.006349,-23.805471],[-60.337372,-24.016414],[-60.033669,-24.007009],[-58.809196,-24.776781],[-57.754067,-25.180891],[-57.55811,-25.44351],[-57.575318,-25.564433],[-57.774582,-25.701686],[-57.872716,-26.010298],[-58.151304,-26.18145],[-58.178641,-26.650672],[-58.653289,-27.156274],[-58.604196,-27.316264],[-58.021958,-27.259834],[-57.180097,-27.487313],[-56.54644,-27.455067],[-56.399731,-27.586842],[-56.124554,-27.298901],[-55.754732,-27.443698],[-55.414003,-26.979851],[-55.138361,-26.953702],[-54.793059,-26.644987],[-54.638288,-26.196953],[-54.600203,-25.574945],[-54.447344,-25.68918],[-54.395409,-25.581073],[-54.116408,-25.494567],[-54.09889,-25.597196],[-53.90996,-25.629236],[-53.661552,-26.259791],[-53.77431,-26.714337],[-53.712505,-26.904507],[-53.830017,-27.156791],[-54.177024,-27.243401],[-54.286888,-27.428402],[-54.805048,-27.526381],[-54.913207,-27.736911],[-55.081155,-27.778252],[-55.029634,-27.850702],[-55.314113,-27.914987],[-55.772534,-28.231971],[-55.694244,-28.400126],[-55.905601,-28.378008],[-56.427972,-29.069852],[-56.617289,-29.160906],[-57.094159,-29.751981],[-57.291511,-29.81513],[-57.325153,-29.981011],[-57.633971,-30.183583],[-57.652729,-30.329104],[-57.889769,-30.550796],[-57.796132,-30.868399],[-57.90398,-30.929687],[-57.905117,-31.240986],[-58.075236,-31.475184],[-57.979583,-31.598794],[-58.048881,-31.797128],[-58.202618,-31.893143],[-58.096527,-32.280974],[-58.220082,-32.489516],[-58.146799,-33.049981],[-58.430165,-33.102634],[-58.549224,-33.705336],[-58.37857,-34.188246],[-58.570424,-34.288181],[-58.315031,-34.657195],[-57.522032,-35.013154],[-57.248769,-35.248793],[-57.128144,-35.441321],[-57.352625,-35.727524],[-57.366444,-35.987888],[-56.939198,-36.384861],[-56.74059,-36.316583],[-56.672271,-36.600518],[-56.686431,-36.927667],[-57.487416,-37.832208],[-57.55842,-38.120864],[-58.330963,-38.492771],[-59.796864,-38.838474],[-61.518056,-39.011489],[-62.37975,-38.798435],[-62.274037,-38.954522],[-62.357818,-39.102227],[-62.257232,-39.255548],[-62.325592,-39.254653],[-62.023915,-39.364841],[-62.283925,-39.310724],[-62.055776,-39.451918],[-62.114369,-39.821466],[-62.305043,-39.81113],[-62.35969,-40.191827],[-62.490061,-40.307875],[-62.26415,-40.551528],[-62.329742,-40.669122],[-62.181549,-40.626642],[-62.337799,-40.872735],[-62.7294,-41.041111],[-63.099517,-41.15488],[-63.779408,-41.158787],[-64.062123,-40.999444],[-64.911204,-40.823826],[-64.744985,-40.797296],[-64.796213,-40.723321],[-65.131703,-40.84238],[-65.146799,-41.180597],[-64.991363,-41.524102],[-65.074534,-41.950942],[-65.004994,-42.093194],[-64.480865,-42.254653],[-64.602284,-42.422052],[-64.445058,-42.44671],[-64.103586,-42.42783],[-64.06843,-42.269627],[-64.339711,-42.2374],[-63.768648,-42.077723],[-63.597971,-42.299981],[-63.620269,-42.751235],[-64.1079,-42.883722],[-64.251332,-42.775079],[-64.202382,-42.635431],[-64.437734,-42.506931],[-64.946034,-42.654229],[-64.997141,-42.784845],[-64.302113,-42.98089],[-64.943918,-43.239435],[-65.3308,-43.663344],[-65.186708,-44.035539],[-65.308708,-44.200085],[-65.216885,-44.36641],[-65.33159,-44.46076],[-65.279278,-44.516263],[-65.643208,-44.668],[-65.7271,-44.809605],[-65.5214,-44.931898],[-65.690619,-45.062721],[-66.200367,-44.992919],[-66.49659,-45.088382],[-66.473302,-45.168674],[-66.587799,-45.139337],[-66.523997,-45.216097],[-66.929266,-45.256534],[-67.331925,-45.613491],[-67.364597,-45.78661],[-67.578481,-45.992852],[-67.622467,-46.163751],[-67.42322,-46.567419],[-66.786448,-47.006606],[-65.979563,-47.066176],[-65.744902,-47.204164],[-65.735665,-47.509535],[-65.845626,-47.742206],[-66.38915,-47.863865],[-65.901824,-47.76995],[-65.761952,-47.948552],[-65.927385,-47.941409],[-65.917237,-48.113814],[-66.108632,-48.123305],[-66.341115,-48.352725],[-67.114348,-48.67375],[-67.556549,-49.015817],[-67.830881,-49.379571],[-67.607655,-49.265069],[-67.732012,-49.781302],[-67.894927,-49.996875],[-68.341868,-50.117608],[-68.739735,-49.727716],[-68.577272,-49.927616],[-69.013499,-50.007745],[-68.58347,-49.970337],[-68.349873,-50.14881],[-68.876429,-50.330572],[-69.076519,-50.560172],[-69.1368,-50.903481],[-69.410715,-51.083917],[-69.167778,-50.978225],[-68.962554,-51.560154],[-69.616811,-51.625177],[-68.973511,-51.619952],[-68.365611,-52.306204],[-68.434748,-52.390749],[-68.454499,-52.299907],[-69.952754,-52.007419],[-71.965241,-51.970625],[-71.981726,-51.844948],[-72.450069,-51.552666],[-72.258815,-51.245191],[-72.404594,-51.10582],[-72.265946,-50.960713],[-72.302843,-50.648897],[-72.755787,-50.616444],[-73.177725,-50.749459],[-73.284333,-50.333051],[-73.530572,-50.140814],[-73.478585,-50.009453],[-73.57274,-49.932352],[-73.465098,-49.759959],[-73.059745,-49.554971],[-73.171317,-49.189348],[-73.009725,-48.990394],[-72.618793,-48.819655],[-72.57678,-48.452132],[-72.302326,-48.347539],[-72.343047,-48.07045],[-72.543914,-47.9148],[-72.344443,-47.602261],[-72.361186,-47.450953],[-72.170551,-47.407544],[-72.030301,-47.197531],[-71.880698,-47.221923],[-72.005187,-47.061932],[-71.914805,-46.998474],[-71.9501,-46.813989],[-71.68717,-46.690069],[-71.763341,-46.244515],[-71.914701,-46.152324],[-71.612291,-45.970526],[-71.758483,-45.848156],[-71.765098,-45.572411],[-71.489094,-45.498514],[-71.508318,-45.40839],[-71.317167,-45.26721],[-71.588726,-44.978132],[-72.073503,-44.902168],[-72.088748,-44.782795],[-71.29784,-44.795611],[-71.122398,-44.549424],[-71.209783,-44.427571],[-71.860596,-44.377135],[-71.858736,-44.107798],[-71.659885,-43.92631],[-71.819203,-43.758051],[-71.7143,-43.602195],[-71.955112,-43.443549],[-71.742981,-43.190127],[-72.129314,-43.04223],[-72.148434,-42.592645],[-72.03919,-42.48123],[-72.133706,-42.287599],[-72.039913,-42.144662],[-71.736263,-42.08389],[-71.925915,-41.653012],[-71.851449,-40.938327],[-71.955577,-40.720356],[-71.674044,-40.324101],[-71.823751,-40.210103],[-71.616632,-39.909863],[-71.714352,-39.601354],[-71.503512,-39.601664],[-71.399901,-38.910544],[-70.945045,-38.747246],[-70.837584,-38.584465],[-70.973751,-38.424682],[-71.007418,-38.071008],[-71.18503,-37.706069],[-71.117696,-37.466497],[-71.205597,-37.292658],[-71.089119,-37.103419],[-71.195159,-36.839146],[-71.057441,-36.68763],[-71.043282,-36.484335],[-70.71865,-36.414572],[-70.710511,-36.265847],[-70.386939,-36.058728],[-70.428384,-35.357066],[-70.578891,-35.259707],[-70.386629,-35.16669],[-70.316298,-34.74563],[-70.05758,-34.291187],[-69.828885,-34.23331],[-69.914255,-33.771943],[-69.787674,-33.379408],[-69.836844,-33.26572],[-70.010011,-33.299103],[-70.109463,-33.169602],[-70.000219,-32.876597],[-70.155739,-32.738414],[-70.160829,-32.485303],[-70.389084,-32.053081],[-70.244467,-31.942235],[-70.464144,-31.838262],[-70.589769,-31.567684],[-70.568969,-31.304238],[-70.479802,-31.096705],[-70.408643,-31.150036],[-70.266559,-31.036451],[-70.339216,-30.938162],[-70.173412,-30.364657],[-69.964588,-30.374786],[-69.835758,-30.161879],[-69.980375,-30.072479],[-69.915599,-29.805621],[-70.040655,-29.297539],[-69.803926,-29.098688],[-69.653031,-28.397852],[-69.190191,-27.951368],[-68.814322,-27.120307],[-68.585861,-27.162785],[-68.330476,-27.044963],[-68.305361,-26.897995],[-68.595317,-26.457299],[-68.409024,-26.144243],[-68.605963,-25.436999],[-68.516046,-25.183578],[-68.366649,-25.123427],[-68.572373,-24.769856],[-68.244486,-24.385384],[-67.339787,-24.000601],[-67.013967,-23.000714],[-67.193904,-22.822223]]],[[[-68.654135,-54.886245],[-68.641998,-54.799168],[-68.568227,-54.878351],[-68.654135,-54.886245]]],[[[-68.641882,-54.782971],[-68.627617,-52.639572],[-68.225819,-53.102472],[-68.349569,-53.016162],[-68.550751,-53.238537],[-68.111402,-53.343802],[-67.983632,-53.601332],[-67.558248,-53.836189],[-67.571523,-53.907973],[-66.482213,-54.4658],[-65.844228,-54.647393],[-65.141916,-54.646905],[-65.358957,-54.92669],[-65.966225,-54.902073],[-66.450673,-55.052016],[-67.030995,-54.905206],[-68.641882,-54.782971]]],[[[-63.888417,-54.729913],[-63.812123,-54.729913],[-64.62442,-54.903741],[-64.758656,-54.832289],[-64.522572,-54.781671],[-64.542348,-54.71559],[-64.384389,-54.784438],[-64.363881,-54.705987],[-63.888417,-54.729913]]],[[[-61.907216,-39.136651],[-61.868276,-39.239435],[-62.098012,-39.087823],[-61.907216,-39.136651]]],[[[-62.085927,-39.02337],[-62.119456,-39.002211],[-61.967275,-39.04697],[-62.085927,-39.02337]]],[[[-62.1553,-40.374205],[-62.028517,-40.454882],[-62.108709,-40.564064],[-62.237326,-40.509949],[-62.1553,-40.374205]]],[[[-62.118962,-40.13072],[-62.01466,-40.175163],[-62.021165,-40.343553],[-62.118962,-40.13072]]]]}},{"type":"Feature","properties":{"name":"Suriname","ISO3166-1-Alpha-3":"SUR","ISO3166-1-Alpha-2":"SR"},"geometry":{"type":"Polygon","coordinates":[[[-54.080805,3.309314],[-54.211182,3.127407],[-54.170203,2.853057],[-54.531576,2.340168],[-54.704124,2.32482],[-54.703194,2.445847],[-54.880289,2.447345],[-54.959095,2.608989],[-55.724294,2.396909],[-55.971023,2.530338],[-56.146775,2.256194],[-55.918262,2.050393],[-55.953815,1.853273],[-56.677802,2.018405],[-57.202266,2.846236],[-57.308409,3.39491],[-57.649939,3.385944],[-57.644048,3.51666],[-58.032138,3.987716],[-58.065934,4.171839],[-57.837421,4.65088],[-57.918501,4.829758],[-57.686939,5.006259],[-57.280452,5.026103],[-57.288979,5.171029],[-57.184903,5.183147],[-57.332284,5.327867],[-57.163686,5.557074],[-57.102283,5.886416],[-56.956537,6.011574],[-55.936006,5.804661],[-55.897694,5.676703],[-55.951169,5.881511],[-55.844382,5.975962],[-55.335967,5.962708],[-55.129872,5.820746],[-54.863026,5.855536],[-55.159966,5.958114],[-55.044799,5.993105],[-54.036731,5.842351],[-54.061106,5.512885],[-54.486721,4.902958],[-54.353861,4.041718],[-53.988819,3.610995],[-54.080805,3.309314]]]}},{"type":"Feature","properties":{"name":"Guyana","ISO3166-1-Alpha-3":"GUY","ISO3166-1-Alpha-2":"GY"},"geometry":{"type":"MultiPolygon","coordinates":[[[[-56.481819,1.941614],[-56.806476,1.873582],[-57.104494,2.021454],[-57.319416,1.977141],[-57.561159,1.708967],[-57.985009,1.657704],[-58.027229,1.516859],[-58.320492,1.601221],[-58.513659,1.43888],[-58.51893,1.267262],[-58.834001,1.18582],[-59.259918,1.387436],[-59.758751,1.862136],[-59.741698,2.263791],[-59.903135,2.359599],[-60.00008,2.694049],[-59.82177,3.356592],[-59.862879,3.58172],[-59.527654,3.939528],[-59.738468,4.202768],[-59.68674,4.381181],[-60.159992,4.527787],[-59.981502,5.057419],[-60.131725,5.243402],[-60.739854,5.202138],[-61.396713,5.945581],[-61.121562,6.186652],[-61.21197,6.561435],[-61.12983,6.715844],[-60.933821,6.731735],[-60.90757,6.815244],[-60.700347,6.767082],[-60.303575,7.054144],[-60.372021,7.172277],[-60.628413,7.191138],[-60.601774,7.330148],[-60.730578,7.525433],[-60.525758,7.813374],[-60.37476,7.823606],[-59.829289,8.245105],[-60.020985,8.55801],[-59.837799,8.369289],[-59.433746,8.130316],[-59.739369,8.403632],[-59.104807,8.013617],[-58.489735,7.376125],[-58.485015,7.01081],[-58.679596,6.376207],[-58.461537,6.821845],[-58.312164,6.892157],[-58.005675,6.791758],[-57.528913,6.265709],[-57.408801,6.312765],[-57.167307,6.08511],[-57.161518,5.638906],[-57.335695,5.316886],[-57.189812,5.16922],[-57.288979,5.171029],[-57.290478,5.020289],[-57.85034,4.922801],[-57.925374,4.796142],[-57.837421,4.65088],[-58.067691,4.151143],[-57.829773,3.662439],[-57.644048,3.51666],[-57.654848,3.39013],[-57.308409,3.39491],[-57.202266,2.846236],[-56.70519,2.029645],[-56.481819,1.941614]]],[[[-58.37857,6.972113],[-58.441029,6.904771],[-58.447011,6.943061],[-58.37857,6.972113]]]]}},{"type":"Feature","properties":{"name":"Costa Rica","ISO3166-1-Alpha-3":"CRI","ISO3166-1-Alpha-2":"CR"},"geometry":{"type":"MultiPolygon","coordinates":[[[[-83.6965,10.936594],[-83.203725,10.12934],[-82.562837,9.538695],[-82.650713,9.487846],[-82.847471,9.600655],[-82.941703,9.456349],[-82.939377,9.059577],[-82.719365,8.921524],[-82.92297,8.756159],[-82.848297,8.465169],[-83.052109,8.327632],[-82.897629,8.034748],[-83.150868,8.369289],[-83.171376,8.637478],[-83.48172,8.712592],[-83.287384,8.541815],[-83.287384,8.376736],[-83.736806,8.592719],[-83.575429,8.788275],[-83.642568,8.781887],[-83.634755,9.044094],[-84.208363,9.464993],[-84.616567,9.57807],[-84.733632,9.966946],[-85.289174,10.282253],[-85.186147,10.035834],[-84.864613,9.829169],[-85.117828,9.555447],[-85.299306,9.80801],[-85.663808,9.900092],[-85.844024,10.231024],[-85.809234,10.515041],[-85.631744,10.621161],[-85.700063,10.611233],[-85.680287,10.796332],[-85.946441,10.898586],[-85.710561,10.92829],[-85.746002,11.023017],[-85.597794,11.209937],[-84.9314,10.941891],[-84.676455,11.070411],[-84.355466,10.994627],[-84.191601,10.78172],[-83.917276,10.713482],[-83.663028,10.807016],[-83.6965,10.936594]]],[[[-85.131337,10.0987],[-85.109486,10.079291],[-85.180287,10.12401],[-85.131337,10.0987]]],[[[-87.099029,5.516018],[-87.092519,5.546698],[-87.064605,5.547593],[-87.099029,5.516018]]],[[[-83.896618,8.706492],[-83.869114,8.713587],[-83.878076,8.698821],[-83.896618,8.706492]]]]}},{"type":"Feature","properties":{"name":"Brazil","ISO3166-1-Alpha-3":"BRA","ISO3166-1-Alpha-2":"BR"},"geometry":{"type":"MultiPolygon","coordinates":[[[[-57.602793,-30.190517],[-56.427972,-29.069852],[-55.905601,-28.378008],[-55.694244,-28.400126],[-55.772534,-28.231971],[-55.314113,-27.914987],[-55.029634,-27.850702],[-55.081155,-27.778252],[-54.913207,-27.736911],[-54.805048,-27.526381],[-54.286888,-27.428402],[-54.177024,-27.243401],[-53.830017,-27.156791],[-53.712505,-26.904507],[-53.77431,-26.714337],[-53.661552,-26.259791],[-53.90996,-25.629236],[-54.09889,-25.597196],[-54.116408,-25.494567],[-54.395409,-25.581073],[-54.447344,-25.68918],[-54.600203,-25.574945],[-54.426621,-25.149472],[-54.262187,-24.358512],[-54.334637,-24.148912],[-54.245289,-24.050624],[-54.639218,-23.804437],[-55.165439,-24.016827],[-55.420669,-23.954506],[-55.637814,-23.000714],[-55.62368,-22.638669],[-55.86103,-22.289543],[-56.214264,-22.275383],[-56.407637,-22.075809],[-56.85606,-22.29316],[-57.986249,-22.074465],[-57.817577,-20.953604],[-57.914832,-20.905648],[-57.86021,-20.730258],[-57.980616,-20.692741],[-57.989401,-20.433119],[-58.158797,-20.165125],[-57.859745,-19.980123],[-58.124639,-19.729906],[-57.715826,-19.044573],[-57.782334,-18.910421],[-57.56674,-18.256094],[-57.465661,-18.21775],[-57.730089,-17.846093],[-57.800731,-17.533451],[-58.399144,-17.237448],[-58.480276,-16.683683],[-58.339561,-16.289289],[-60.16069,-16.264794],[-60.246395,-15.478279],[-60.582241,-15.098871],[-60.269805,-15.083368],[-60.291716,-14.630062],[-60.464341,-14.278352],[-60.387188,-13.98328],[-60.472635,-13.797865],[-61.047225,-13.464552],[-61.83635,-13.540619],[-62.114679,-13.150204],[-62.789832,-13.000652],[-63.075034,-12.652663],[-63.317913,-12.701963],[-63.801398,-12.454949],[-63.921236,-12.544349],[-64.287544,-12.497117],[-64.48978,-12.373611],[-64.489392,-12.239459],[-64.997449,-11.996269],[-65.38727,-11.277553],[-65.299601,-10.969665],[-65.44998,-10.468094],[-65.284822,-10.206818],[-65.397993,-9.686746],[-65.583977,-9.837228],[-65.788564,-9.733048],[-66.64262,-9.907921],[-67.0643,-10.256944],[-67.58463,-10.501787],[-67.721727,-10.705495],[-68.043775,-10.666945],[-68.29332,-10.978967],[-68.61573,-11.112499],[-68.775926,-11.140611],[-68.804659,-10.994677],[-69.39594,-10.935042],[-69.956113,-10.919332],[-70.2894,-11.06475],[-70.534114,-10.938143],[-70.641342,-11.0108],[-70.638448,-9.851801],[-70.541865,-9.708244],[-70.624418,-9.565823],[-70.524993,-9.430948],[-71.2997,-9.993394],[-72.195666,-10.00559],[-72.312661,-9.532544],[-73.214984,-9.409037],[-72.972001,-9.134428],[-72.976084,-8.985394],[-73.540829,-8.359075],[-73.784949,-7.940393],[-73.712163,-7.788154],[-74.018475,-7.543518],[-73.982895,-7.356449],[-73.713093,-7.304669],[-73.812337,-7.102924],[-73.759421,-6.887434],[-73.147804,-6.476193],[-73.234776,-6.077561],[-72.97691,-5.651747],[-72.917948,-5.132089],[-72.644786,-5.060569],[-71.907208,-4.518431],[-70.968687,-4.385313],[-70.832235,-4.179434],[-70.646768,-4.115665],[-70.585273,-4.194523],[-70.330612,-4.143157],[-70.205632,-4.342938],[-70.138892,-4.260462],[-69.971822,-4.290951],[-69.399454,-1.182717],[-69.628381,-0.733442],[-69.619751,-0.524566],[-70.068044,-0.160144],[-70.054246,0.588131],[-69.47808,0.732825],[-69.297057,0.618103],[-69.137455,0.650142],[-69.152389,0.867803],[-69.288815,1.038439],[-69.852192,1.05942],[-69.856171,1.707675],[-68.163302,1.721291],[-68.280246,1.829398],[-68.192189,2.014891],[-67.928846,1.74129],[-67.424639,2.138114],[-67.117165,1.709793],[-67.086107,1.176002],[-66.875061,1.22251],[-66.285071,0.745847],[-65.596043,0.98361],[-65.517004,0.862791],[-65.585217,0.691483],[-65.497832,0.658721],[-65.327196,0.910281],[-65.203044,0.923821],[-65.136769,1.126909],[-64.730876,1.247574],[-64.40901,1.507506],[-64.352941,1.365835],[-64.092957,1.622615],[-64.036629,1.927274],[-63.411758,2.149379],[-63.372639,2.266839],[-63.384834,2.420577],[-64.047972,2.471323],[-63.997562,2.714926],[-64.222923,3.123996],[-64.202976,3.594717],[-64.642897,3.972963],[-64.791622,4.284417],[-64.58967,4.118871],[-64.1467,4.110551],[-64.037663,3.882503],[-63.671587,3.946246],[-63.510666,3.854546],[-63.35171,3.958726],[-62.889412,3.560817],[-62.749576,3.660372],[-62.766216,4.020712],[-62.560957,4.037791],[-62.428097,4.183182],[-62.153592,4.090294],[-61.88813,4.150161],[-61.552156,4.254961],[-61.501874,4.401851],[-61.29305,4.44805],[-61.315581,4.520785],[-60.977281,4.53497],[-60.59193,4.949725],[-60.739854,5.202138],[-60.213426,5.267225],[-59.983104,5.085944],[-60.159992,4.527787],[-59.68674,4.381181],[-59.738468,4.202768],[-59.527654,3.939528],[-59.862879,3.58172],[-59.82177,3.356592],[-59.993724,2.857294],[-59.913444,2.378719],[-59.741698,2.263791],[-59.758751,1.862136],[-59.259918,1.387436],[-58.834001,1.18582],[-58.51893,1.267262],[-58.513659,1.43888],[-58.320492,1.601221],[-58.027229,1.516859],[-57.985009,1.657704],[-57.561159,1.708967],[-57.319416,1.977141],[-55.953815,1.853273],[-55.918262,2.050393],[-56.146775,2.256194],[-55.971023,2.530338],[-55.724294,2.396909],[-54.959095,2.608989],[-54.880289,2.447345],[-54.703194,2.445847],[-54.704124,2.32482],[-54.134908,2.110673],[-53.764801,2.368694],[-53.531792,2.247047],[-53.344104,2.349625],[-53.268501,2.195733],[-52.959683,2.175217],[-52.590403,2.504706],[-52.355327,3.151592],[-51.585347,4.233818],[-51.436838,3.929511],[-51.516498,4.441122],[-51.18693,4.078849],[-51.176137,3.648342],[-51.079905,3.88227],[-51.016779,3.035572],[-50.67927,2.171698],[-50.792551,2.161811],[-50.779693,2.07095],[-50.619555,2.105238],[-50.466542,1.815416],[-49.950597,1.721326],[-49.883026,1.307714],[-50.149741,1.221209],[-49.887563,1.174872],[-50.453359,0.664049],[-50.790639,0.169501],[-51.326975,-0.079522],[-51.25121,-0.127374],[-51.453603,-0.486749],[-51.58019,-0.52516],[-51.715484,-1.02752],[-51.929351,-1.178318],[-51.93456,-1.339532],[-52.238108,-1.346368],[-52.708119,-1.60003],[-52.279124,-1.518243],[-52.203969,-1.690199],[-51.283437,-1.231378],[-50.997304,-0.922459],[-50.839589,-0.912774],[-50.82665,-1.045343],[-50.95641,-1.128513],[-50.819936,-1.231703],[-50.654693,-1.73797],[-50.787567,-1.89737],[-50.879803,-1.851951],[-50.844215,-1.955301],[-50.610581,-1.814203],[-50.415761,-2.073175],[-50.312539,-1.908774],[-49.976918,-1.826104],[-49.812489,-2.108005],[-49.846588,-1.901788],[-49.592763,-2.011651],[-49.654775,-1.895115],[-49.422027,-1.778985],[-49.381093,-1.991306],[-49.663686,-2.677667],[-49.527415,-2.628351],[-49.232004,-1.948175],[-48.965589,-1.599719],[-48.856369,-1.559031],[-49.033269,-1.846568],[-48.656946,-1.38338],[-48.428334,-1.662286],[-48.4829,-1.511407],[-48.325307,-1.470473],[-48.496571,-1.461358],[-48.482753,-1.2813],[-48.435903,-1.218688],[-48.334584,-1.313653],[-48.22289,-1.113539],[-48.291737,-1.043634],[-48.187489,-1.01865],[-48.037913,-0.661716],[-47.962148,-0.781834],[-47.802444,-0.690334],[-47.809071,-0.565167],[-47.728668,-0.756524],[-47.584514,-0.578247],[-47.393056,-0.812595],[-47.461903,-0.592869],[-47.407338,-0.681573],[-47.294016,-0.592869],[-47.13976,-0.798923],[-47.077545,-0.665704],[-47.0572,-0.86712],[-46.969106,-0.695896],[-46.947377,-0.9013],[-46.819203,-0.711684],[-46.749379,-0.942966],[-46.655913,-0.80182],[-46.598541,-0.86712],[-46.749379,-1.01865],[-46.427629,-0.86855],[-46.475006,-1.045343],[-46.248443,-1.093683],[-46.200307,-0.907647],[-46.262115,-1.183201],[-46.101674,-1.073337],[-46.050445,-1.210382],[-45.979454,-1.055084],[-45.948069,-1.251397],[-45.867487,-1.063471],[-45.899648,-1.257582],[-45.838206,-1.202895],[-45.810902,-1.32643],[-45.721588,-1.134942],[-45.675535,-1.366316],[-45.543853,-1.270278],[-45.529693,-1.415785],[-45.415679,-1.287693],[-45.542714,-1.490981],[-45.460805,-1.546157],[-45.326161,-1.312921],[-45.40095,-1.560154],[-45.323638,-1.744806],[-45.163197,-1.482843],[-45.062978,-1.428888],[-44.967356,-1.594008],[-44.868031,-1.421319],[-44.933827,-1.65545],[-44.837026,-1.566095],[-44.821929,-1.75921],[-44.707875,-1.717462],[-44.810374,-1.813165],[-44.598012,-1.744806],[-44.659535,-1.839776],[-44.530181,-1.833754],[-44.590647,-1.901788],[-44.488149,-1.987481],[-44.617299,-2.038995],[-44.494374,-2.045831],[-44.824045,-2.279229],[-44.665639,-2.270929],[-44.720937,-2.402114],[-44.652699,-2.429457],[-44.631581,-2.271742],[-44.461659,-2.144627],[-44.363596,-2.333917],[-44.551422,-2.391046],[-44.521596,-2.500095],[-44.655995,-2.593194],[-44.540395,-2.538263],[-44.686147,-2.916681],[-44.622222,-3.051039],[-44.79601,-3.300226],[-44.432973,-2.950291],[-44.292633,-2.481052],[-44.034413,-2.415216],[-44.137196,-2.67018],[-44.3485,-2.810235],[-44.186513,-2.759047],[-44.200185,-2.86891],[-43.923248,-2.546808],[-43.878041,-2.634942],[-43.72411,-2.477227],[-43.721059,-2.560317],[-43.644643,-2.477227],[-43.542226,-2.525079],[-43.537343,-2.435968],[-43.45287,-2.552911],[-43.426298,-2.33785],[-42.700022,-2.563572],[-42.23941,-2.834161],[-41.943918,-2.83766],[-42.010404,-2.727189],[-41.838565,-2.72948],[-41.686147,-2.875909],[-41.244537,-3.015232],[-41.256907,-2.875177],[-40.499623,-2.78631],[-39.985707,-2.848403],[-38.985178,-3.395929],[-38.659657,-3.676446],[-38.477406,-3.697442],[-38.029612,-4.2374],[-37.607249,-4.608087],[-37.292551,-4.71795],[-37.182932,-4.910903],[-36.898752,-4.938246],[-36.544423,-5.127618],[-35.997182,-5.04754],[-35.510569,-5.143731],[-35.223134,-5.582615],[-35.105051,-5.995538],[-35.150868,-6.215997],[-35.038197,-6.236505],[-34.860097,-6.914646],[-34.914662,-7.130548],[-34.839589,-6.972914],[-34.793609,-7.176202],[-34.804799,-7.514093],[-34.928944,-7.555759],[-34.805304,-7.622716],[-34.907216,-7.733819],[-34.811635,-7.93255],[-34.851186,-8.068617],[-34.928944,-8.034926],[-34.938588,-8.347101],[-35.305084,-9.193048],[-35.696156,-9.672947],[-35.778066,-9.700128],[-35.799916,-9.584731],[-35.858144,-9.734552],[-35.963043,-9.610772],[-35.810618,-9.744806],[-36.40807,-10.50213],[-36.903066,-10.772882],[-37.138295,-11.125909],[-37.275136,-11.022719],[-37.149159,-11.187433],[-37.330068,-11.420668],[-37.402455,-11.399672],[-37.299387,-11.194757],[-37.415395,-11.406427],[-37.470082,-11.358657],[-37.395579,-11.437433],[-37.491851,-11.51629],[-37.360829,-11.454848],[-37.654652,-12.049737],[-38.320424,-12.935235],[-38.532704,-13.016534],[-38.508901,-12.722914],[-38.690989,-12.571466],[-38.80663,-12.835138],[-38.861684,-12.654067],[-38.923695,-12.736586],[-38.724477,-12.873224],[-39.115549,-13.599379],[-39.01183,-13.497003],[-38.97997,-13.83587],[-39.148752,-13.736912],[-38.994456,-13.863458],[-39.074534,-13.89422],[-38.979563,-14.06113],[-39.071034,-14.076349],[-39.039784,-14.175388],[-38.929921,-13.897638],[-39.067128,-14.674981],[-38.861684,-15.854262],[-39.208608,-17.162205],[-39.137115,-17.67962],[-39.659413,-18.273614],[-39.786204,-19.601983],[-40.026845,-19.764418],[-40.232777,-20.266778],[-40.369293,-20.23268],[-40.365971,-20.323231],[-40.259511,-20.321466],[-40.348744,-20.500095],[-40.583424,-20.801972],[-40.758463,-20.864194],[-41.05724,-21.483819],[-40.995269,-22.014255],[-41.666493,-22.281834],[-41.966298,-22.535414],[-41.993031,-22.699884],[-41.869781,-22.75213],[-42.013539,-22.981703],[-43.031402,-22.974298],[-43.130767,-22.91961],[-43.075551,-22.665704],[-43.270172,-22.747003],[-43.170766,-22.969822],[-43.560374,-23.067478],[-44.003733,-23.091078],[-43.603749,-23.007745],[-43.850168,-22.892267],[-44.186391,-23.049005],[-44.411366,-22.937433],[-44.70051,-23.10768],[-44.651357,-23.284763],[-44.50121,-23.296482],[-44.919301,-23.34881],[-45.070424,-23.515395],[-45.412994,-23.617852],[-45.426666,-23.830743],[-45.864369,-23.756443],[-46.146067,-23.844415],[-46.235422,-23.912693],[-46.111928,-23.864923],[-46.166493,-23.981622],[-46.287668,-24.021173],[-46.385406,-23.873468],[-46.453928,-23.926446],[-46.376047,-24.024509],[-46.936635,-24.27337],[-47.01537,-24.422947],[-48.051584,-25.036798],[-47.887074,-25.057306],[-48.209055,-25.457615],[-48.127309,-25.279962],[-48.332753,-25.358331],[-48.325307,-25.228611],[-48.367421,-25.304783],[-48.455678,-25.248468],[-48.472727,-25.475681],[-48.743031,-25.352146],[-48.710846,-25.496352],[-48.361195,-25.570977],[-48.541005,-25.845473],[-48.769439,-25.867364],[-48.563466,-25.865818],[-48.592519,-26.183852],[-48.733795,-26.224705],[-48.796457,-26.068455],[-48.798248,-26.304864],[-48.6079,-26.4367],[-48.683339,-26.662367],[-48.577952,-26.776544],[-48.607167,-27.104425],[-48.476145,-27.153985],[-48.619985,-27.246677],[-48.551869,-27.387302],[-48.64745,-27.479587],[-48.565541,-27.860284],[-48.635894,-28.230157],[-48.76122,-28.4874],[-48.874013,-28.346287],[-48.756093,-28.528416],[-49.342763,-28.923517],[-49.810658,-29.443129],[-50.721425,-31.044529],[-52.077382,-32.16725],[-52.012196,-31.950616],[-52.08727,-31.827813],[-51.836334,-31.854913],[-51.447621,-31.612726],[-51.422515,-31.485121],[-51.244985,-31.464044],[-51.161855,-31.077732],[-50.975942,-31.130955],[-50.978424,-30.893324],[-50.692616,-30.726495],[-50.725657,-30.363051],[-50.565012,-30.450128],[-50.614817,-30.186212],[-50.671986,-30.288995],[-50.912994,-30.316664],[-50.936391,-30.431573],[-51.023101,-30.263767],[-51.233022,-30.189874],[-51.283518,-30.00742],[-51.326975,-30.224542],[-51.090647,-30.351983],[-51.250478,-30.462335],[-51.269683,-30.781834],[-51.377105,-30.642267],[-51.443023,-31.080987],[-51.623606,-31.135349],[-51.637522,-31.256524],[-51.963531,-31.332289],[-52.007924,-31.646173],[-52.083323,-31.558689],[-52.063344,-31.66546],[-52.218617,-31.740655],[-52.248443,-31.861993],[-52.13386,-31.930841],[-52.258616,-32.053643],[-52.08141,-32.031996],[-52.168935,-32.100681],[-52.08727,-32.067315],[-52.091176,-32.166111],[-52.253407,-32.282485],[-52.644887,-33.136977],[-53.379095,-33.740676],[-53.539647,-33.649263],[-53.536857,-33.170842],[-53.110836,-32.722394],[-53.5613,-32.449543],[-53.757308,-32.055045],[-54.274228,-31.823379],[-54.604543,-31.459784],[-55.244349,-31.244603],[-55.591873,-30.848348],[-55.854596,-31.074588],[-56.011357,-31.082133],[-56.011357,-30.798222],[-56.831281,-30.102037],[-57.077106,-30.106068],[-57.245054,-30.293344],[-57.602793,-30.190517]]],[[[-38.944203,-13.394627],[-38.902013,-13.671812],[-39.045888,-13.458185],[-38.944203,-13.394627]]],[[[-38.614613,-12.924981],[-38.786529,-13.133884],[-38.697133,-12.880548],[-38.614613,-12.924981]]],[[[-44.497792,-2.806817],[-44.598012,-3.060154],[-44.480784,-2.70436],[-44.497792,-2.806817]]],[[[-42.041412,-2.70436],[-42.085194,-2.758722],[-42.123687,-2.707289],[-42.041412,-2.70436]]],[[[-43.627309,-2.252048],[-43.634805,-2.399895],[-43.7329,-2.419875],[-43.627309,-2.252048]]],[[[-49.287953,-1.758477],[-49.367421,-1.895115],[-49.442494,-1.867771],[-49.352162,-1.722426],[-49.287953,-1.758477]]],[[[-44.892242,-1.271905],[-44.921254,-1.353123],[-44.996246,-1.326349],[-44.892242,-1.271905]]],[[[-48.338979,-1.066502],[-48.334096,-1.205011],[-48.462066,-1.164483],[-48.338979,-1.066502]]],[[[-48.194936,-0.819431],[-48.201894,-1.011489],[-48.307118,-1.020685],[-48.194936,-0.819431]]],[[[-47.948557,-0.64129],[-47.962148,-0.730645],[-47.977935,-0.651788],[-47.948557,-0.64129]]],[[[-50.819203,-0.620212],[-51.100413,-0.826267],[-51.066274,-0.676039],[-50.819203,-0.620212]]],[[[-47.660512,-0.579197],[-47.701527,-0.709568],[-47.761379,-0.575771],[-47.660512,-0.579197]]],[[[-51.186025,-0.613946],[-51.275624,-1.02516],[-51.930287,-1.470798],[-51.534047,-0.634698],[-51.347401,-0.531996],[-51.381581,-0.65488],[-51.308339,-0.518731],[-51.186025,-0.613946]]],[[[-51.165273,-0.140313],[-51.166737,-0.305597],[-51.4051,-0.459649],[-51.165273,-0.140313]]],[[[-48.462514,-0.576104],[-48.496571,-0.743748],[-48.572336,-0.681573],[-48.527659,-0.872654],[-48.642812,-1.083591],[-48.818715,-1.202895],[-48.921132,-1.141534],[-48.796254,-1.268487],[-48.832997,-1.415785],[-48.990061,-1.292413],[-48.839223,-1.449965],[-49.065785,-1.531915],[-49.197743,-1.38836],[-49.222768,-1.621189],[-49.387318,-1.484145],[-49.358306,-1.637587],[-49.443025,-1.635422],[-49.531321,-1.497735],[-49.558705,-1.724216],[-49.688344,-1.769301],[-49.744211,-1.580336],[-49.776438,-1.807224],[-50.028188,-1.65545],[-50.155019,-1.778985],[-50.258168,-1.484145],[-50.264963,-1.744806],[-50.306508,-1.65545],[-50.366689,-1.772149],[-50.296986,-1.803481],[-50.405181,-1.830987],[-50.603871,-1.772149],[-50.803212,-1.434991],[-50.792551,-1.086196],[-50.559722,-1.183201],[-50.616689,-1.119887],[-50.476633,-1.039158],[-50.663808,-1.094903],[-50.792551,-1.01865],[-50.737294,-0.551853],[-50.548451,-0.67783],[-50.682688,-0.623793],[-50.69636,-0.36004],[-50.368153,-0.105645],[-49.653472,-0.241143],[-49.387318,-0.257582],[-49.206044,-0.140313],[-48.427235,-0.259942],[-48.369781,-0.36061],[-48.462514,-0.576104]]],[[[-50.973744,-0.291192],[-51.038686,-0.200291],[-50.947266,-0.011974],[-50.766004,0.046367],[-50.655263,-0.023777],[-50.675852,-0.154555],[-50.973744,-0.291192]]],[[[-49.832346,-0.103123],[-49.496571,0.085598],[-49.347524,-0.009698],[-49.463368,-0.128025],[-49.832346,-0.103123]]],[[[-50.634267,0.071275],[-50.610585,0.183417],[-50.490224,0.159362],[-50.437729,-0.000033],[-50.634267,0.071275]]],[[[-50.090784,0.305945],[-50.220461,0.246212],[-50.138539,0.326565],[-50.090784,0.305945]]],[[[-50.036888,0.299741],[-49.530356,0.35378],[-49.867055,-0.010675],[-50.345123,0.047431],[-50.377797,0.208319],[-50.036888,0.299741]]],[[[-50.378021,0.24499],[-50.516754,0.208645],[-50.366689,0.61994],[-50.378021,0.24499]]],[[[-50.312123,0.413967],[-50.258168,0.585191],[-50.065663,0.647284],[-50.042714,0.510321],[-50.249595,0.361016],[-50.312123,0.413967]]],[[[-50.202416,0.749692],[-50.283364,0.769186],[-50.225476,0.8592],[-50.015723,0.892493],[-50.202416,0.749692]]],[[[-50.062585,0.923252],[-50.016672,1.025214],[-49.952504,0.996649],[-50.062585,0.923252]]],[[[-50.454358,2.110941],[-50.314027,1.968266],[-50.419119,1.862978],[-50.523813,2.001482],[-50.454358,2.110941]]],[[[-50.543521,2.146197],[-50.448335,2.176235],[-50.466586,2.116118],[-50.543521,2.146197]]],[[[-29.338246,-20.584161],[-29.344309,-20.550958],[-29.323964,-20.571466],[-29.338246,-20.584161]]],[[[-28.88329,-20.518731],[-28.881418,-20.512384],[-28.877838,-20.514255],[-28.88329,-20.518731]]],[[[-48.43456,-27.404718],[-48.407216,-27.579197],[-48.563791,-27.817315],[-48.537506,-27.47617],[-48.43456,-27.404718]]],[[[-48.544423,-26.341892],[-48.583241,-26.421075],[-48.703277,-26.311944],[-48.547597,-26.16725],[-48.544423,-26.341892]]],[[[-47.517161,-24.700942],[-47.448313,-24.6867],[-47.900136,-25.036798],[-47.517161,-24.700942]]],[[[-46.327952,-23.926446],[-46.29186,-23.990899],[-46.4204,-23.947442],[-46.327952,-23.926446]]],[[[-45.213735,-23.906508],[-45.452952,-23.891371],[-45.308461,-23.721368],[-45.213735,-23.906508]]],[[[-44.100901,-23.149021],[-44.367096,-23.165216],[-44.235097,-23.06878],[-44.100901,-23.149021]]],[[[-32.403391,-3.837823],[-32.414377,-3.865492],[-32.446767,-3.863539],[-32.403391,-3.837823]]],[[[-29.40803,0.884833],[-29.349029,0.852607],[-29.410268,0.834866],[-29.40803,0.884833]]],[[[-48.322324,-25.383708],[-48.255379,-25.348212],[-48.291107,-25.489117],[-48.322324,-25.383708]]],[[[-34.85275,-7.697379],[-34.822297,-7.749181],[-34.884229,-7.804026],[-34.85275,-7.697379]]],[[[-42.228703,-2.693311],[-42.126924,-2.754553],[-42.215222,-2.74408],[-42.228703,-2.693311]]],[[[-43.832879,-2.454079],[-43.813622,-2.454079],[-43.766706,-2.476275],[-43.832879,-2.454079]]],[[[-43.564764,-2.361293],[-43.560809,-2.417049],[-43.607248,-2.396841],[-43.564764,-2.361293]]],[[[-49.479514,-1.655372],[-49.424018,-1.696843],[-49.508609,-1.744872],[-49.479514,-1.655372]]]]}},{"type":"Feature","properties":{"name":"Uruguay","ISO3166-1-Alpha-3":"URY","ISO3166-1-Alpha-2":"UY"},"geometry":{"type":"Polygon","coordinates":[[[-57.602793,-30.190517],[-57.245054,-30.293344],[-57.077106,-30.106068],[-56.831281,-30.102037],[-56.011357,-30.798222],[-56.011357,-31.082133],[-55.854596,-31.074588],[-55.591873,-30.848348],[-55.244349,-31.244603],[-54.604543,-31.459784],[-54.274228,-31.823379],[-53.757308,-32.055045],[-53.5613,-32.449543],[-53.119776,-32.707408],[-53.511639,-33.099426],[-53.539647,-33.649263],[-53.379095,-33.740676],[-53.764882,-34.390395],[-54.145904,-34.667576],[-54.259674,-34.685968],[-54.238596,-34.589776],[-54.328603,-34.561782],[-54.306467,-34.707696],[-54.93932,-34.969903],[-55.693448,-34.764741],[-56.156088,-34.941188],[-56.402943,-34.85475],[-56.37612,-34.782729],[-56.873891,-34.67018],[-57.151964,-34.450932],[-57.855354,-34.470967],[-58.20873,-34.147638],[-58.402699,-33.922784],[-58.439361,-33.6985],[-58.351389,-33.121677],[-58.137766,-33.095147],[-58.048492,-32.911716],[-58.197418,-32.469822],[-58.096527,-32.280974],[-58.202618,-31.893143],[-58.048881,-31.797128],[-57.979583,-31.598794],[-58.075236,-31.475184],[-57.905117,-31.240986],[-57.90398,-30.929687],[-57.796132,-30.868399],[-57.877109,-30.514829],[-57.602793,-30.190517]]]}},{"type":"Feature","properties":{"name":"Ecuador","ISO3166-1-Alpha-3":"ECU","ISO3166-1-Alpha-2":"EC"},"geometry":{"type":"MultiPolygon","coordinates":[[[[-78.828684,1.434312],[-78.120007,0.921237],[-77.703185,0.843102],[-77.468057,0.650866],[-77.397467,0.387626],[-76.565425,0.21606],[-76.408019,0.254508],[-76.41639,0.401889],[-76.30048,0.461627],[-76.053467,0.363545],[-75.817874,0.100098],[-75.283488,-0.107021],[-75.643208,-0.128828],[-75.260699,-0.54348],[-75.227264,-0.96981],[-75.4064,-0.915137],[-75.573031,-1.537321],[-76.091242,-2.128913],[-76.684591,-2.57364],[-77.867826,-2.990256],[-78.196411,-3.36367],[-78.163726,-3.477254],[-78.350794,-3.389611],[-78.419679,-3.791034],[-78.682428,-4.326918],[-78.672661,-4.550987],[-78.898642,-4.694234],[-78.900218,-4.843683],[-79.063929,-5.011373],[-79.303217,-4.961246],[-79.450572,-4.810196],[-79.507209,-4.531557],[-79.657975,-4.438746],[-79.832874,-4.47895],[-80.140246,-4.283097],[-80.382867,-4.476263],[-80.492291,-4.413011],[-80.345272,-4.198451],[-80.469605,-4.21323],[-80.491981,-4.014896],[-80.165257,-3.890046],[-80.341054,-3.368585],[-79.953196,-3.197442],[-79.72643,-2.593845],[-79.868642,-2.160903],[-79.765614,-2.004978],[-79.891957,-2.115899],[-79.896108,-2.54339],[-80.063588,-2.577244],[-79.929677,-2.484145],[-80.034332,-2.473891],[-79.950022,-2.307224],[-80.012685,-2.32643],[-80.279612,-2.612563],[-80.255483,-2.730239],[-81.01301,-2.166925],[-80.870573,-2.203301],[-80.737447,-2.043497],[-80.85558,-1.588311],[-80.744256,-1.343773],[-80.909611,-1.044915],[-80.569883,-0.912243],[-80.448969,-0.60606],[-80.299007,-0.662229],[-80.496464,-0.381374],[-80.051349,0.089992],[-79.990956,0.365465],[-80.075836,0.816148],[-79.655751,1.003607],[-79.614858,0.845282],[-79.63268,0.986029],[-79.165761,1.099799],[-79.05724,1.217515],[-78.991689,1.119696],[-78.812856,1.277289],[-78.828684,1.434312]]],[[[-80.059885,-2.662774],[-79.907216,-2.732354],[-80.131033,-3.020921],[-80.26594,-3.018487],[-80.210683,-2.724867],[-80.059885,-2.662774]]],[[[-89.661285,-1.340102],[-89.613271,-1.391697],[-89.756907,-1.36061],[-89.661285,-1.340102]]],[[[-90.380686,-1.25449],[-90.432118,-1.345961],[-90.524037,-1.305922],[-90.471913,-1.216729],[-90.380686,-1.25449]]],[[[-89.308095,-0.685642],[-89.420033,-0.919366],[-89.629954,-0.925877],[-89.308095,-0.685642]]],[[[-90.191965,-0.538263],[-90.198801,-0.681573],[-90.337066,-0.776951],[-90.544545,-0.681573],[-90.460561,-0.513849],[-90.191965,-0.538263]]],[[[-91.401112,-0.452895],[-91.606516,-0.456313],[-91.668568,-0.284926],[-91.455678,-0.257582],[-91.401112,-0.452895]]],[[[-90.565012,-0.284926],[-90.604888,-0.369806],[-90.874135,-0.271254],[-90.777252,-0.147719],[-90.565012,-0.284926]]],[[[-90.811431,-0.730645],[-90.9287,-0.97031],[-91.435862,-0.997491],[-91.465891,-0.807875],[-91.086781,-0.582452],[-91.374989,-0.281915],[-91.423329,-0.028578],[-91.603383,-0.014215],[-91.497304,0.106106],[-91.323638,0.139309],[-91.173573,-0.228448],[-90.956044,-0.422133],[-90.990142,-0.579197],[-90.811431,-0.730645]]],[[[-90.513783,0.283515],[-90.504465,0.361029],[-90.407948,0.310858],[-90.513783,0.283515]]],[[[-90.79776,0.65351],[-90.744496,0.585395],[-90.805247,0.571601],[-90.79776,0.65351]]],[[[-78.901682,1.374172],[-78.894439,1.312649],[-78.956899,1.236314],[-78.901682,1.374172]]],[[[-91.819163,1.38642],[-91.810943,1.377183],[-91.822621,1.371039],[-91.819163,1.38642]]],[[[-91.822011,1.394477],[-91.817535,1.394761],[-91.820465,1.391343],[-91.822011,1.394477]]],[[[-92.011586,1.658637],[-92.006093,1.664374],[-91.999827,1.65119],[-92.011586,1.658637]]],[[[-79.81964,-2.485911],[-79.793805,-2.57384],[-79.877239,-2.649678],[-79.81964,-2.485911]]]]}},{"type":"Feature","properties":{"name":"Colombia","ISO3166-1-Alpha-3":"COL","ISO3166-1-Alpha-2":"CO"},"geometry":{"type":"MultiPolygon","coordinates":[[[[-78.828684,1.434312],[-79.021512,1.63831],[-78.846052,1.821585],[-78.57123,1.782207],[-78.5454,1.91474],[-78.608022,2.027981],[-78.665606,1.982915],[-78.703159,2.189805],[-78.574086,2.433173],[-78.346018,2.647986],[-78.25475,2.541897],[-78.246931,2.663601],[-78.132476,2.492743],[-78.096105,2.651451],[-77.760406,2.59162],[-77.812367,2.764472],[-77.6197,2.931586],[-77.721791,2.982001],[-77.457387,3.356147],[-77.318918,3.319973],[-77.321767,3.547838],[-77.118276,3.678046],[-77.200795,3.743476],[-77.031565,3.915839],[-77.253163,3.840806],[-77.300201,3.969143],[-77.189198,4.067328],[-77.264272,4.108222],[-77.346181,3.929511],[-77.43517,4.029364],[-77.426666,4.180365],[-77.236318,4.265326],[-77.387196,4.347235],[-77.325754,4.752509],[-77.258046,4.704088],[-77.380971,5.403022],[-77.559193,5.503079],[-77.24592,5.734198],[-77.484364,6.188788],[-77.345367,6.566107],[-77.696278,6.849189],[-77.665028,7.01557],[-77.895839,7.235098],[-77.731245,7.530343],[-77.764215,7.705732],[-77.579989,7.528379],[-77.339745,7.707231],[-77.300419,7.902103],[-77.16327,7.939258],[-77.488728,8.473644],[-77.434003,8.62826],[-77.351674,8.669338],[-77.274729,8.495795],[-76.962026,8.266547],[-76.942535,8.128852],[-76.832265,8.136542],[-76.907053,7.929511],[-76.757232,7.92357],[-76.77481,8.416693],[-76.947174,8.545478],[-76.315541,8.94774],[-75.943798,9.440734],[-75.620633,9.452853],[-75.576367,9.621086],[-75.705137,9.700662],[-75.53067,10.240668],[-75.703577,10.134428],[-75.515696,10.318996],[-75.519602,10.576483],[-75.249501,10.706773],[-75.267405,10.795315],[-74.844372,11.10967],[-74.29783,10.991499],[-74.596995,10.867825],[-74.598459,10.781928],[-74.499664,10.764716],[-74.509633,10.84455],[-74.39509,10.749498],[-74.153391,11.343655],[-73.292388,11.294013],[-72.741322,11.707953],[-72.263051,11.885972],[-72.138661,12.256049],[-71.969635,12.255113],[-71.937611,12.166449],[-71.871083,12.256049],[-71.96052,12.282701],[-71.693593,12.365302],[-71.675608,12.468329],[-71.26183,12.341864],[-71.138092,12.015815],[-71.409668,11.812303],[-71.990614,11.649058],[-72.267083,11.154902],[-72.499317,11.120795],[-72.682975,10.855618],[-72.914899,10.432904],[-72.98554,9.812167],[-73.391149,9.172775],[-73.009725,9.295377],[-72.95531,9.103993],[-72.79103,9.113941],[-72.67543,8.651514],[-72.393535,8.355383],[-72.335761,8.103899],[-72.491204,7.937501],[-72.478698,7.484454],[-72.206208,7.381876],[-71.993818,7.012855],[-71.184048,6.962574],[-70.703302,7.09993],[-70.319062,6.938286],[-70.129203,6.972547],[-69.443638,6.122237],[-69.246104,6.080664],[-69.061129,6.217839],[-68.635315,6.13588],[-67.827199,6.313414],[-67.449961,6.197943],[-67.422469,5.978241],[-67.625144,5.784506],[-67.617031,5.541601],[-67.834589,5.339313],[-67.875051,4.532644],[-67.631759,3.761865],[-67.499829,3.717914],[-67.309453,3.383929],[-67.855931,2.789753],[-67.626591,2.813421],[-67.189718,2.394377],[-66.883536,1.349945],[-66.875061,1.22251],[-67.086107,1.176002],[-67.117165,1.709793],[-67.424639,2.138114],[-67.928846,1.74129],[-68.192189,2.014891],[-68.280246,1.829398],[-68.163302,1.721291],[-69.856171,1.707675],[-69.852192,1.05942],[-69.288815,1.038439],[-69.152389,0.867803],[-69.137455,0.650142],[-69.297057,0.618103],[-69.47808,0.732825],[-70.054246,0.588131],[-70.068044,-0.160144],[-69.619751,-0.524566],[-69.628381,-0.733442],[-69.399454,-1.182717],[-69.96495,-4.236484],[-70.311104,-3.829274],[-70.490886,-3.87847],[-70.734127,-3.782042],[-70.050629,-2.71513],[-70.105794,-2.625213],[-70.647595,-2.450754],[-70.904556,-2.211078],[-71.42083,-2.37603],[-71.456486,-2.255107],[-71.498138,-2.315051],[-71.746133,-2.132324],[-72.176391,-2.410343],[-72.378032,-2.450754],[-72.644321,-2.334068],[-72.935414,-2.425329],[-73.197775,-2.213559],[-73.111062,-2.073412],[-73.193021,-1.788675],[-73.530985,-1.673747],[-73.497163,-1.477997],[-73.63656,-1.255168],[-74.266754,-0.972291],[-74.417959,-0.542653],[-74.790701,-0.31259],[-74.824653,-0.170479],[-74.933458,-0.209443],[-75.141688,-0.043459],[-75.283488,-0.107021],[-75.78971,0.084389],[-76.053467,0.363545],[-76.30048,0.461627],[-76.41639,0.401889],[-76.408019,0.254508],[-76.565425,0.21606],[-77.397467,0.387626],[-77.468057,0.650866],[-77.703185,0.843102],[-78.120007,0.921237],[-78.828684,1.434312]]],[[[-78.131418,2.627265],[-78.134429,2.504381],[-78.214868,2.681914],[-78.131418,2.627265]]],[[[-77.902333,2.696234],[-77.785024,2.593817],[-77.888051,2.593817],[-77.902333,2.696234]]],[[[-77.806142,2.662055],[-77.759104,2.603095],[-77.882558,2.724595],[-77.806142,2.662055]]],[[[-77.353017,4.265326],[-77.271718,4.25849],[-77.54955,4.204779],[-77.428131,4.34101],[-77.353017,4.265326]]],[[[-81.711497,12.522935],[-81.70637,12.580308],[-81.704742,12.504462],[-81.711497,12.522935]]],[[[-81.382639,13.319159],[-81.378733,13.362698],[-81.346303,13.3487],[-81.382639,13.319159]]],[[[-81.611724,3.95897],[-81.602406,3.97956],[-81.578725,3.978176],[-81.611724,3.95897]]],[[[-78.186612,2.990373],[-78.166131,2.973649],[-78.220289,2.933617],[-78.186612,2.990373]]],[[[-75.586801,10.367792],[-75.53532,10.350646],[-75.578433,10.325996],[-75.586801,10.367792]]],[[[-80.089915,13.578355],[-80.089345,13.577867],[-80.090403,13.577297],[-80.089915,13.578355]]]]}},{"type":"Feature","properties":{"name":"Paraguay","ISO3166-1-Alpha-3":"PRY","ISO3166-1-Alpha-2":"PY"},"geometry":{"type":"Polygon","coordinates":[[[-62.650357,-22.234456],[-62.275703,-21.066568],[-62.26883,-20.553111],[-61.753203,-19.64588],[-60.006384,-19.298097],[-59.069646,-19.291483],[-58.164429,-19.832949],[-58.162672,-20.243156],[-57.989401,-20.433119],[-57.980616,-20.692741],[-57.857678,-20.73987],[-57.914832,-20.905648],[-57.817577,-20.953604],[-57.986249,-22.074465],[-56.85606,-22.29316],[-56.407637,-22.075809],[-56.214264,-22.275383],[-55.86103,-22.289543],[-55.62368,-22.638669],[-55.637814,-23.000714],[-55.420669,-23.954506],[-55.165439,-24.016827],[-54.639218,-23.804437],[-54.245289,-24.050624],[-54.334637,-24.148912],[-54.262187,-24.358512],[-54.426621,-25.149472],[-54.609814,-25.432762],[-54.638288,-26.196953],[-54.793059,-26.644987],[-55.138361,-26.953702],[-55.414003,-26.979851],[-55.754732,-27.443698],[-56.124554,-27.298901],[-56.399731,-27.586842],[-56.54644,-27.455067],[-57.180097,-27.487313],[-58.021958,-27.259834],[-58.604196,-27.316264],[-58.653289,-27.156274],[-58.178641,-26.650672],[-58.151304,-26.18145],[-57.872716,-26.010298],[-57.774582,-25.701686],[-57.575318,-25.564433],[-57.55811,-25.44351],[-57.754067,-25.180891],[-58.809196,-24.776781],[-60.033669,-24.007009],[-60.337372,-24.016414],[-61.006349,-23.805471],[-61.109857,-23.606982],[-61.956446,-23.034407],[-62.287227,-22.483949],[-62.650357,-22.234456]]]}},{"type":"Feature","properties":{"name":"Brazilian Island","ISO3166-1-Alpha-3":"-99","ISO3166-1-Alpha-2":"-99"},"geometry":{"type":"Polygon","coordinates":[[[-57.642466,-30.193092],[-57.633971,-30.183583],[-57.611698,-30.182963],[-57.642466,-30.193092]]]}},{"type":"Feature","properties":{"name":"Panama","ISO3166-1-Alpha-3":"PAN","ISO3166-1-Alpha-2":"PA"},"geometry":{"type":"MultiPolygon","coordinates":[[[[-82.573598,9.576199],[-82.342763,9.432522],[-82.350575,9.207261],[-82.170806,9.199774],[-82.260732,9.164049],[-82.243031,9.004462],[-81.775543,8.940253],[-81.93342,9.129218],[-81.882802,9.179511],[-81.539052,8.812934],[-81.304463,8.781882],[-80.822418,8.890692],[-79.953731,9.373434],[-79.792958,9.349351],[-79.630335,9.608474],[-78.970583,9.573313],[-79.05806,9.457931],[-78.452607,9.408833],[-77.860097,9.110419],[-77.54475,8.714604],[-77.373525,8.66474],[-77.488728,8.473644],[-77.16327,7.939258],[-77.300419,7.902103],[-77.339745,7.707231],[-77.579989,7.528379],[-77.764215,7.705732],[-77.731245,7.530343],[-77.918813,7.241645],[-78.292144,7.691474],[-78.436147,8.058295],[-78.252187,8.117499],[-78.305776,8.253852],[-78.132476,8.405341],[-77.737213,8.130316],[-78.023183,8.290473],[-78.134429,8.561713],[-78.094146,8.410875],[-78.15685,8.466213],[-78.24059,8.383531],[-78.223256,8.541815],[-78.223256,8.438178],[-78.257395,8.50023],[-78.367258,8.424506],[-78.408193,8.548041],[-78.415639,8.356269],[-78.614247,8.774604],[-78.651519,8.707953],[-79.082997,8.988837],[-79.107737,9.083075],[-78.977366,9.145168],[-79.05248,9.130845],[-79.116078,8.994127],[-79.42748,9.013373],[-79.51183,8.898139],[-79.566396,8.95954],[-79.752024,8.815579],[-79.826311,8.63852],[-79.696897,8.648888],[-79.774396,8.57955],[-80.470245,8.220649],[-80.484405,8.082546],[-80.052398,7.637112],[-80.017852,7.456814],[-80.306874,7.424628],[-80.437245,7.246487],[-80.861806,7.205715],[-81.08609,7.77912],[-81.053578,7.9112],[-81.087677,7.842312],[-81.218048,7.897528],[-81.218048,7.608954],[-81.424102,7.671047],[-81.574941,7.760403],[-81.746246,8.191799],[-81.780385,8.123481],[-82.11559,8.233344],[-82.156524,8.15766],[-82.184438,8.343207],[-82.808705,8.295681],[-82.897629,8.034748],[-83.052109,8.327632],[-82.848297,8.465169],[-82.92297,8.756159],[-82.719365,8.921524],[-82.939377,9.059577],[-82.941703,9.456349],[-82.847471,9.600655],[-82.632135,9.484668],[-82.573598,9.576199]]],[[[-81.807729,7.287421],[-81.792388,7.251654],[-81.814565,7.279975],[-81.807729,7.287421]]],[[[-81.149159,7.561184],[-81.03307,7.575426],[-81.251943,7.490424],[-81.149159,7.561184]]],[[[-81.664377,7.397284],[-81.588002,7.335191],[-81.875111,7.490424],[-81.759918,7.644273],[-81.664377,7.397284]]],[[[-82.211781,8.199205],[-82.252594,8.188381],[-82.315663,8.214911],[-82.211781,8.199205]]],[[[-82.342763,8.259996],[-82.398346,8.218207],[-82.350006,8.293647],[-82.342763,8.259996]]],[[[-79.094065,8.308498],[-79.103788,8.252959],[-79.136973,8.257438],[-79.094065,8.308498]]],[[[-82.36205,8.086859],[-82.343129,8.123358],[-82.319447,8.113105],[-82.36205,8.086859]]],[[[-79.084393,8.382491],[-79.118238,8.42911],[-79.087943,8.419544],[-79.084393,8.382491]]],[[[-82.123036,9.322659],[-82.138824,9.245307],[-82.211781,9.349351],[-82.123036,9.322659]]],[[[-82.328481,9.412055],[-82.238759,9.398749],[-82.240142,9.341946],[-82.328481,9.412055]]],[[[-78.892244,8.458047],[-78.903985,8.219222],[-78.974712,8.444368],[-78.892244,8.458047]]],[[[-79.570393,8.798576],[-79.555357,8.79797],[-79.547981,8.774029],[-79.570393,8.798576]]],[[[-81.568269,9.108249],[-81.537911,9.095094],[-81.562414,9.090823],[-81.568269,9.108249]]],[[[-82.047238,9.172569],[-82.028867,9.169192],[-82.019656,9.137483],[-82.047238,9.172569]]]]}},{"type":"Feature","properties":{"name":"Venezuela","ISO3166-1-Alpha-3":"VEN","ISO3166-1-Alpha-2":"VE"},"geometry":{"type":"MultiPolygon","coordinates":[[[[-60.020985,8.55801],[-59.829289,8.245105],[-60.37476,7.823606],[-60.525758,7.813374],[-60.730578,7.525433],[-60.601774,7.330148],[-60.628413,7.191138],[-60.372021,7.172277],[-60.303575,7.054144],[-60.700347,6.767082],[-60.90757,6.815244],[-60.933821,6.731735],[-61.12983,6.715844],[-61.21197,6.561435],[-61.121562,6.186652],[-61.396713,5.945581],[-60.664303,5.170254],[-60.612626,4.900581],[-60.977281,4.53497],[-61.315581,4.520785],[-61.29305,4.44805],[-61.501874,4.401851],[-61.567271,4.248527],[-62.153592,4.090294],[-62.428097,4.183182],[-62.560957,4.037791],[-62.744357,4.034018],[-62.749576,3.660372],[-62.889412,3.560817],[-63.35171,3.958726],[-63.510666,3.854546],[-63.671587,3.946246],[-64.037663,3.882503],[-64.1467,4.110551],[-64.58967,4.118871],[-64.791622,4.284417],[-64.642897,3.972963],[-64.202976,3.594717],[-64.222923,3.123996],[-63.997562,2.714926],[-64.047972,2.471323],[-63.384834,2.420577],[-63.372639,2.266839],[-63.411758,2.149379],[-64.036629,1.927274],[-64.092957,1.622615],[-64.352941,1.365835],[-64.40901,1.507506],[-64.730876,1.247574],[-65.136769,1.126909],[-65.203044,0.923821],[-65.327196,0.910281],[-65.542661,0.649315],[-65.596043,0.98361],[-66.285071,0.745847],[-66.875061,1.22251],[-67.189718,2.394377],[-67.626591,2.813421],[-67.855931,2.789753],[-67.309453,3.383929],[-67.499829,3.717914],[-67.631759,3.761865],[-67.875051,4.532644],[-67.834589,5.339313],[-67.617031,5.541601],[-67.625144,5.784506],[-67.422469,5.978241],[-67.449961,6.197943],[-67.827199,6.313414],[-68.635315,6.13588],[-69.061129,6.217839],[-69.246104,6.080664],[-69.443638,6.122237],[-70.129203,6.972547],[-70.319062,6.938286],[-70.703302,7.09993],[-71.184048,6.962574],[-71.993818,7.012855],[-72.206208,7.381876],[-72.478698,7.484454],[-72.491204,7.937501],[-72.335761,8.103899],[-72.393535,8.355383],[-72.67543,8.651514],[-72.79103,9.113941],[-72.95531,9.103993],[-73.009725,9.295377],[-73.212245,9.173446],[-73.390839,9.194504],[-72.98554,9.812167],[-72.914899,10.432904],[-72.499317,11.120795],[-72.267083,11.154902],[-71.97108,11.661925],[-71.357629,11.850802],[-71.378163,11.75845],[-71.96052,11.591254],[-71.856923,11.216986],[-71.626454,11.01496],[-71.768666,11.015286],[-71.576283,10.721096],[-71.629547,10.454006],[-72.124379,9.826077],[-71.946848,9.541164],[-71.987864,9.610053],[-71.995229,9.459215],[-71.734527,9.384711],[-71.816518,9.233303],[-71.708567,9.076728],[-71.241038,9.155748],[-71.062408,9.326646],[-71.035634,9.744086],[-71.46935,10.401801],[-71.583119,10.809231],[-71.445912,10.79621],[-71.412465,10.919094],[-71.501129,10.960028],[-70.036529,11.440904],[-70.161598,11.568545],[-69.794911,11.436713],[-69.816029,11.693671],[-70.211781,11.609076],[-70.301991,11.85814],[-70.2058,12.112006],[-70.01773,12.19892],[-69.835317,12.015204],[-69.623606,11.46776],[-69.270416,11.536038],[-68.863189,11.452867],[-68.40331,11.200263],[-68.278432,10.925482],[-68.376617,10.919094],[-68.23884,10.884955],[-68.331939,10.829576],[-68.287099,10.657904],[-68.129547,10.487738],[-66.275868,10.652167],[-66.046539,10.576483],[-66.122222,10.507025],[-65.923004,10.282213],[-65.083974,10.047512],[-64.776601,10.090399],[-64.71703,10.227607],[-64.468373,10.248603],[-64.188547,10.477607],[-63.655019,10.494534],[-64.03185,10.590074],[-64.233876,10.515041],[-64.270741,10.672675],[-61.845774,10.740953],[-62.33495,10.530219],[-62.923329,10.530829],[-63.010813,10.453559],[-62.857004,10.531562],[-62.831125,10.406806],[-62.995188,10.407864],[-63.003977,10.275377],[-62.942494,10.405178],[-62.764475,10.395331],[-62.626576,10.130805],[-62.822743,10.04206],[-63.017649,10.103461],[-62.801096,9.995998],[-62.579945,10.224433],[-62.318715,9.706244],[-62.221995,9.938381],[-62.215688,9.637926],[-62.19518,9.932807],[-62.027333,9.874416],[-62.221425,9.951809],[-62.196476,10.019678],[-61.831451,9.791938],[-61.845774,9.651028],[-61.7801,9.759223],[-61.743316,9.596381],[-61.828172,9.827158],[-61.592519,9.781968],[-61.636735,9.898771],[-61.206044,9.577379],[-60.862294,9.456122],[-60.78539,9.313544],[-61.085439,9.102444],[-61.11205,9.04149],[-60.959137,9.182522],[-61.209462,8.609036],[-61.659047,8.616523],[-61.598744,8.555487],[-61.284047,8.397203],[-61.026601,8.500922],[-61.071889,8.403306],[-60.975575,8.575995],[-60.478912,8.532375],[-60.371897,8.635403],[-60.020985,8.55801]]],[[[-61.016469,8.610093],[-61.041575,8.518541],[-61.270375,8.514553],[-61.016469,8.610093]]],[[[-60.920277,9.028469],[-60.86498,8.94123],[-61.091624,8.822414],[-60.920277,9.028469]]],[[[-61.085439,8.890692],[-60.946889,9.066107],[-60.87564,9.043647],[-61.085439,8.890692]]],[[[-60.873158,9.116604],[-60.961293,9.069403],[-60.853342,9.194037],[-60.873158,9.116604]]],[[[-60.81786,9.206],[-60.728505,9.192939],[-60.845204,9.116604],[-60.81786,9.206]]],[[[-63.976552,10.809231],[-63.909169,10.735541],[-63.996449,10.768459],[-63.976552,10.809231]]],[[[-65.22761,10.953803],[-65.244618,10.884955],[-65.411773,10.92475],[-65.22761,10.953803]]],[[[-63.846832,11.135403],[-63.787668,10.973782],[-63.898061,10.884955],[-64.408559,10.967475],[-64.220082,11.091539],[-64.049062,10.990709],[-63.846832,11.135403]]],[[[-66.608266,11.783108],[-66.641835,11.761461],[-66.631988,11.795966],[-66.608266,11.783108]]],[[[-66.132192,11.824042],[-66.101186,11.799791],[-66.17455,11.797105],[-66.132192,11.824042]]],[[[-64.607167,11.899115],[-64.562856,11.816596],[-64.648793,11.830268],[-64.607167,11.899115]]],[[[-66.749989,11.777574],[-66.779937,11.758531],[-66.854604,11.75137],[-66.749989,11.777574]]],[[[-66.733388,11.86994],[-66.73705,11.865302],[-66.780426,11.865871],[-66.733388,11.86994]]],[[[-67.65803,11.984931],[-67.64623,11.978664],[-67.674875,11.989651],[-67.65803,11.984931]]],[[[-67.680409,12.025051],[-67.681549,12.025784],[-67.679067,12.028144],[-67.680409,12.025051]]],[[[-67.677602,12.027818],[-67.677235,12.030015],[-67.676381,12.027818],[-67.677602,12.027818]]],[[[-67.677235,12.050238],[-67.674672,12.048407],[-67.676096,12.04442],[-67.677235,12.050238]]],[[[-67.681386,12.063707],[-67.68102,12.061835],[-67.684438,12.063463],[-67.681386,12.063707]]],[[[-67.687327,12.065579],[-67.688832,12.068996],[-67.687082,12.067532],[-67.687327,12.065579]]],[[[-63.639882,15.696031],[-63.639638,15.702948],[-63.633941,15.696194],[-63.639882,15.696031]]],[[[-61.390271,8.580581],[-61.263688,8.456088],[-61.540116,8.565411],[-61.390271,8.580581]]],[[[-60.745024,8.719359],[-60.676056,8.762917],[-60.617677,8.636723],[-60.808134,8.632888],[-60.745024,8.719359]]],[[[-60.951361,8.827825],[-60.732365,8.89215],[-60.686043,8.789015],[-60.846576,8.637715],[-61.169915,8.595314],[-61.12644,8.756478],[-60.951361,8.827825]]],[[[-62.331125,9.920559],[-62.320058,9.86225],[-62.350901,9.897366],[-62.331125,9.920559]]],[[[-62.40331,10.006293],[-62.396067,9.978095],[-62.435658,10.033189],[-62.40331,10.006293]]],[[[-62.240834,10.0515],[-62.245188,10.003607],[-62.298004,9.98371],[-62.240834,10.0515]]],[[[-62.665151,10.36636],[-62.669545,10.331122],[-62.79308,10.447943],[-62.665151,10.36636]]],[[[-64.168609,10.827948],[-64.174794,10.799221],[-64.218251,10.821031],[-64.168609,10.827948]]]]}},{"type":"Feature","properties":{"name":"Southern Patagonian Ice Field","ISO3166-1-Alpha-3":"-99","ISO3166-1-Alpha-2":"-99"},"geometry":{"type":"Polygon","coordinates":[[[-73.465098,-49.759959],[-73.588036,-49.540541],[-73.471118,-49.317195],[-73.098247,-49.272754],[-73.059745,-49.554971],[-73.465098,-49.759959]]]}},{"type":"Feature","properties":{"name":"Pitcairn Islands","ISO3166-1-Alpha-3":"PCN","ISO3166-1-Alpha-2":"PN"},"geometry":{"type":"MultiPolygon","coordinates":[[[[-130.120351,-25.068292],[-130.101145,-25.064386],[-130.095937,-25.077081],[-130.120351,-25.068292]]],[[[-124.786163,-24.664565],[-124.785512,-24.663995],[-124.778066,-24.67254],[-124.786163,-24.664565]]],[[[-128.33019,-24.324314],[-128.290842,-24.365655],[-128.320668,-24.400649],[-128.33019,-24.324314]]],[[[-130.745269,-23.924412],[-130.742096,-23.92783],[-130.753082,-23.92962],[-130.745269,-23.924412]]]]}},{"type":"Feature","properties":{"name":"French Polynesia","ISO3166-1-Alpha-3":"PYF","ISO3166-1-Alpha-2":"PF"},"geometry":{"type":"MultiPolygon","coordinates":[[[[-136.165761,-22.024347],[-136.175689,-22.02988],[-136.163564,-22.013604],[-136.165761,-22.024347]]],[[[-136.377187,-21.468357],[-136.395823,-21.462823],[-136.404937,-21.460219],[-136.377187,-21.468357]]],[[[-136.549387,-21.336847],[-136.525706,-21.338067],[-136.53425,-21.348891],[-136.549387,-21.336847]]],[[[-136.63622,-21.341567],[-136.651601,-21.322931],[-136.639882,-21.32643],[-136.63622,-21.341567]]],[[[-136.734364,-21.312107],[-136.752187,-21.308526],[-136.729115,-21.318048],[-136.734364,-21.312107]]],[[[-140.413971,-19.61419],[-140.377024,-19.636326],[-140.412424,-19.663832],[-140.413971,-19.61419]]],[[[-139.20226,-19.350681],[-139.207672,-19.337335],[-139.195912,-19.340916],[-139.20226,-19.350681]]],[[[-138.796742,-19.290297],[-138.809397,-19.287286],[-138.802398,-19.281996],[-138.796742,-19.290297]]],[[[-141.266184,-19.203546],[-141.237172,-19.193617],[-141.233713,-19.211684],[-141.266184,-19.203546]]],[[[-140.721832,-19.133722],[-140.670155,-19.131768],[-140.670033,-19.142755],[-140.721832,-19.133722]]],[[[-138.801584,-18.765232],[-138.793324,-18.774021],[-138.829742,-18.759942],[-138.801584,-18.765232]]],[[[-143.092112,-17.853285],[-143.059885,-17.865818],[-143.072825,-17.844334],[-143.092112,-17.853285]]],[[[-150.655263,-17.668715],[-150.643178,-17.65545],[-150.64033,-17.666111],[-150.655263,-17.668715]]],[[[-141.438547,-17.368097],[-141.481842,-17.348565],[-141.436065,-17.370701],[-141.438547,-17.368097]]],[[[-138.441721,-17.366388],[-138.460927,-17.350356],[-138.458811,-17.356866],[-138.441721,-17.366388]]],[[[-143.084828,-17.004571],[-143.101226,-16.990167],[-143.062001,-17.008966],[-143.084828,-17.004571]]],[[[-149.583608,-16.987074],[-149.572092,-16.982599],[-149.586863,-17.000421],[-149.583608,-16.987074]]],[[[-153.93399,-16.79754],[-153.920155,-16.83172],[-153.950673,-16.773858],[-153.93399,-16.79754]]],[[[-144.200673,-16.64837],[-144.18814,-16.645685],[-144.169586,-16.66725],[-144.200673,-16.64837]]],[[[-152.2447,-16.44378],[-152.256296,-16.451267],[-152.263621,-16.447198],[-152.2447,-16.44378]]],[[[-145.898915,-15.888116],[-145.95051,-15.839614],[-145.914296,-15.863539],[-145.898915,-15.888116]]],[[[-140.888987,-15.819757],[-140.852366,-15.815525],[-140.889027,-15.837335],[-140.888987,-15.819757]]],[[[-148.250844,-15.867446],[-148.275583,-15.809991],[-148.239003,-15.839614],[-148.250844,-15.867446]]],[[[-146.486643,-15.803399],[-146.481679,-15.820571],[-146.496165,-15.799493],[-146.486643,-15.803399]]],[[[-154.523183,-15.819431],[-154.536977,-15.79225],[-154.516347,-15.817315],[-154.523183,-15.819431]]],[[[-144.64981,-15.730157],[-144.621938,-15.736017],[-144.641916,-15.755141],[-144.64981,-15.730157]]],[[[-145.455881,-15.479587],[-145.432688,-15.488539],[-145.523915,-15.470473],[-145.455881,-15.479587]]],[[[-146.194163,-15.35947],[-146.198313,-15.338718],[-146.213979,-15.323093],[-146.194163,-15.35947]]],[[[-146.620839,-15.239841],[-146.62385,-15.23504],[-146.602935,-15.256931],[-146.620839,-15.239841]]],[[[-147.256256,-15.232517],[-147.238515,-15.235284],[-147.241811,-15.239028],[-147.256256,-15.232517]]],[[[-147.778961,-15.216404],[-147.774078,-15.213474],[-147.749989,-15.228692],[-147.778961,-15.216404]]],[[[-147.458974,-15.121352],[-147.512034,-15.080011],[-147.510854,-15.077895],[-147.458974,-15.121352]]],[[[-147.931956,-15.080824],[-147.934316,-15.076918],[-147.937815,-15.070896],[-147.931956,-15.080824]]],[[[-145.922434,-14.43377],[-145.943715,-14.441827],[-145.966176,-14.443129],[-145.922434,-14.43377]]],[[[-141.17455,-14.18963],[-141.179514,-14.196466],[-141.212799,-14.164972],[-141.17455,-14.18963]]],[[[-147.724233,-23.871759],[-147.687978,-23.854587],[-147.661773,-23.868097],[-147.724233,-23.871759]]],[[[-149.481679,-23.357843],[-149.463246,-23.395766],[-149.52477,-23.383966],[-149.481679,-23.357843]]],[[[-135.019358,-23.117608],[-134.942983,-23.083591],[-134.995229,-23.13714],[-135.019358,-23.117608]]],[[[-151.386871,-22.422459],[-151.355906,-22.456638],[-151.371775,-22.514418],[-151.386871,-22.422459]]],[[[-140.671946,-21.658949],[-140.634185,-21.660821],[-140.630523,-21.721612],[-140.671946,-21.658949]]],[[[-140.678782,-17.780369],[-140.837026,-17.85475],[-140.624664,-17.68727],[-140.678782,-17.780369]]],[[[-149.183461,-17.731215],[-149.190297,-17.869073],[-149.347971,-17.718194],[-149.576121,-17.737563],[-149.632761,-17.553399],[-149.387644,-17.517999],[-149.303944,-17.712091],[-149.183461,-17.731215]]],[[[-149.796702,-17.464451],[-149.842763,-17.56756],[-149.944407,-17.492364],[-149.796702,-17.464451]]],[[[-151.005808,-16.76922],[-150.979563,-16.800388],[-151.013254,-16.820733],[-151.005808,-16.76922]]],[[[-151.478749,-16.738214],[-151.352488,-16.858575],[-151.477895,-16.889581],[-151.478749,-16.738214]]],[[[-151.026275,-16.708103],[-151.024159,-16.755629],[-151.054026,-16.741795],[-151.026275,-16.708103]]],[[[-151.458241,-16.629002],[-151.540883,-16.631036],[-151.459584,-16.593438],[-151.458241,-16.629002]]],[[[-151.780426,-16.478123],[-151.753611,-16.483819],[-151.762644,-16.525811],[-151.780426,-16.478123]]],[[[-146.387278,-16.108168],[-146.337717,-16.113377],[-146.367096,-16.158787],[-146.387278,-16.108168]]],[[[-138.698801,-10.426446],[-138.620432,-10.471856],[-138.685618,-10.542087],[-138.698801,-10.426446]]],[[[-139.082387,-9.899509],[-139.059722,-9.937107],[-139.130767,-10.014907],[-139.082387,-9.899509]]],[[[-138.836578,-9.741143],[-139.06192,-9.853936],[-139.173248,-9.774184],[-138.836578,-9.741143]]],[[[-140.076731,-9.323419],[-140.092844,-9.447524],[-140.158599,-9.37184],[-140.076731,-9.323419]]],[[[-139.514394,-8.883966],[-139.61677,-8.954197],[-139.596913,-8.858005],[-139.514394,-8.883966]]],[[[-140.049428,-8.823175],[-140.019154,-8.896417],[-140.183217,-8.953709],[-140.261057,-8.823175],[-140.049428,-8.823175]]],[[[-140.692454,-8.015069],[-140.727162,-8.02809],[-140.638417,-7.959731],[-140.692454,-8.015069]]],[[[-144.283762,-27.579197],[-144.300282,-27.62005],[-144.346588,-27.61533],[-144.283762,-27.579197]]],[[[-138.849599,-21.87127],[-138.9322,-21.87127],[-138.891591,-21.865899],[-138.849599,-21.87127]]],[[[-135.457509,-21.528009],[-135.525787,-21.487074],[-135.484934,-21.49684],[-135.457509,-21.528009]]],[[[-138.534901,-20.876886],[-138.544667,-20.784682],[-138.554351,-20.780938],[-138.534901,-20.876886]]],[[[-136.314076,-18.567315],[-136.382965,-18.514744],[-136.467763,-18.481866],[-136.314076,-18.567315]]],[[[-140.671946,-18.417169],[-140.695139,-18.390395],[-140.781809,-18.335219],[-140.671946,-18.417169]]],[[[-136.971425,-18.361912],[-137.067616,-18.26629],[-137.010243,-18.304376],[-136.971425,-18.361912]]],[[[-140.822743,-18.21795],[-140.930287,-18.095636],[-140.898508,-18.129083],[-140.822743,-18.21795]]],[[[-142.577463,-17.621352],[-142.639516,-17.532647],[-142.577626,-17.57171],[-142.577463,-17.621352]]],[[[-143.413564,-17.456964],[-143.474965,-17.430271],[-143.437652,-17.433201],[-143.413564,-17.456964]]],[[[-145.380483,-17.484959],[-145.435129,-17.417169],[-145.419423,-17.426935],[-145.380483,-17.484959]]],[[[-145.578481,-17.383071],[-145.586497,-17.370375],[-145.593414,-17.343032],[-145.578481,-17.383071]]],[[[-143.38622,-16.669854],[-143.506174,-16.62713],[-143.464752,-16.614679],[-143.38622,-16.669854]]],[[[-143.571156,-16.635837],[-143.660064,-16.602227],[-143.666249,-16.588474],[-143.571156,-16.635837]]],[[[-143.817616,-16.539646],[-143.913971,-16.457371],[-143.877512,-16.459731],[-143.817616,-16.539646]]],[[[-144.256459,-16.478123],[-144.260854,-16.45086],[-144.275706,-16.425551],[-144.256459,-16.478123]]],[[[-144.373118,-16.340427],[-144.43456,-16.31992],[-144.427724,-16.326593],[-144.373118,-16.340427]]],[[[-145.482289,-16.347833],[-145.606557,-16.129327],[-145.577138,-16.160821],[-145.482289,-16.347833]]],[[[-145.613881,-16.052911],[-145.708852,-16.060479],[-145.657582,-16.042576],[-145.613881,-16.052911]]],[[[-142.529652,-16.108168],[-142.522084,-16.084161],[-142.495269,-16.03631],[-142.529652,-16.108168]]],[[[-140.110219,-15.977227],[-140.143219,-15.960545],[-140.151682,-15.957696],[-140.110219,-15.977227]]],[[[-145.167592,-15.950453],[-145.235911,-15.888442],[-145.21996,-15.89837],[-145.167592,-15.950453]]],[[[-145.057729,-15.902114],[-145.160756,-15.758071],[-145.092519,-15.826349],[-145.057729,-15.902114]]],[[[-148.045766,-14.997735],[-148.08434,-14.955011],[-148.134104,-14.925226],[-148.045766,-14.997735]]],[[[-148.628,-14.894708],[-148.690663,-14.853774],[-148.640574,-14.864923],[-148.628,-14.894708]]],[[[-145.194936,-14.662042],[-145.242787,-14.698419],[-145.229644,-14.620375],[-145.194936,-14.662042]]],[[[-146.256907,-14.497491],[-146.239491,-14.455824],[-146.243276,-14.439223],[-146.256907,-14.497491]]],[[[-145.003082,-14.511163],[-145.003082,-14.442966],[-144.880605,-14.422133],[-145.003082,-14.511163]]],[[[-145.846588,-14.36712],[-145.860178,-14.344171],[-145.858388,-14.337335],[-145.846588,-14.36712]]],[[[-136.738759,-21.317153],[-136.74234,-21.320082],[-136.744781,-21.315851],[-136.738759,-21.317153]]],[[[-139.135365,-20.799737],[-139.141469,-20.803155],[-139.147857,-20.804946],[-139.135365,-20.799737]]],[[[-144.106842,-16.723891],[-144.054067,-16.749688],[-144.091135,-16.721856],[-144.106842,-16.723891]]]]}},{"type":"Feature","properties":{"name":"Trinidad and Tobago","ISO3166-1-Alpha-3":"TTO","ISO3166-1-Alpha-2":"TT"},"geometry":{"type":"MultiPolygon","coordinates":[[[[-61.002268,10.699368],[-60.996002,10.138251],[-61.9287,10.056464],[-61.462148,10.282213],[-61.488881,10.631049],[-61.667592,10.706773],[-60.907297,10.837144],[-61.002268,10.699368]]],[[[-60.530507,11.35106],[-60.53303,11.266506],[-60.847524,11.163967],[-60.530507,11.35106]]]]}},{"type":"Feature","properties":{"name":"Cook Islands","ISO3166-1-Alpha-3":"COK","ISO3166-1-Alpha-2":"CK"},"geometry":{"type":"MultiPolygon","coordinates":[[[[-157.93456,-21.877537],[-157.898508,-21.933689],[-157.961049,-21.923923],[-157.93456,-21.877537]]],[[[-157.707997,-19.767185],[-157.721669,-19.85589],[-157.739613,-19.818455],[-157.707997,-19.767185]]],[[[-157.940745,-8.980727],[-157.978627,-8.976007],[-158.00829,-8.952895],[-157.940745,-8.980727]]],[[[-159.797841,-21.18613],[-159.743235,-21.254327],[-159.846262,-21.233819],[-159.797841,-21.18613]]],[[[-157.312815,-20.155206],[-157.328562,-20.179132],[-157.348988,-20.143324],[-157.312815,-20.155206]]],[[[-158.078318,-19.994236],[-158.096547,-20.019708],[-158.135203,-19.976495],[-158.078318,-19.994236]]],[[[-158.2683,-19.832615],[-158.281077,-19.821954],[-158.276357,-19.8235],[-158.2683,-19.832615]]],[[[-158.287668,-19.810642],[-158.293772,-19.816583],[-158.297353,-19.817315],[-158.287668,-19.810642]]],[[[-158.92516,-19.26922],[-158.955556,-19.245294],[-158.9322,-19.264255],[-158.92516,-19.26922]]],[[[-165.824534,-10.881768],[-165.811757,-10.880141],[-165.814036,-10.889093],[-165.824534,-10.881768]]],[[[-160.986236,-10.382094],[-160.994333,-10.374688],[-160.979929,-10.380955],[-160.986236,-10.382094]]],[[[-161.088002,-10.035089],[-161.070058,-10.027439],[-161.075551,-10.036391],[-161.088002,-10.035089]]],[[[-159.785105,-18.830824],[-159.766632,-18.835219],[-159.782867,-18.887953],[-159.785105,-18.830824]]]]}},{"type":"Feature","properties":{"name":"Tonga","ISO3166-1-Alpha-3":"TON","ISO3166-1-Alpha-2":"TO"},"geometry":{"type":"MultiPolygon","coordinates":[[[[-173.95637,-18.567315],[-173.990549,-18.705173],[-174.072499,-18.633966],[-173.95637,-18.567315]]],[[[-174.914744,-21.292169],[-174.920277,-21.454197],[-174.983632,-21.390883],[-174.914744,-21.292169]]],[[[-175.065541,-21.123956],[-175.148752,-21.267999],[-175.364817,-21.113946],[-175.065541,-21.123956]]],[[[-174.361073,-19.801365],[-174.320749,-19.760675],[-174.32018,-19.819268],[-174.361073,-19.801365]]],[[[-175.069285,-19.712009],[-175.065541,-19.801365],[-175.08727,-19.780857],[-175.069285,-19.712009]]],[[[-174.305816,-19.733005],[-174.257436,-19.684666],[-174.264272,-19.736423],[-174.305816,-19.733005]]],[[[-174.260854,-19.630548],[-174.249257,-19.653741],[-174.29304,-19.592706],[-174.260854,-19.630548]]],[[[-175.631337,-15.559503],[-175.617787,-15.601495],[-175.686269,-15.602309],[-175.631337,-15.559503]]],[[[-176.21349,-22.323907],[-176.201853,-22.336114],[-176.215891,-22.335138],[-176.21349,-22.323907]]],[[[-174.653798,-18.817478],[-174.661244,-18.786879],[-174.62682,-18.79754],[-174.653798,-18.817478]]]]}},{"type":"Feature","properties":{"name":"Wallis and Futuna","ISO3166-1-Alpha-3":"WLF","ISO3166-1-Alpha-2":"WF"},"geometry":{"type":"MultiPolygon","coordinates":[[[[-178.142323,-14.243585],[-178.046742,-14.312595],[-178.146921,-14.310154],[-178.142323,-14.243585]]],[[[-176.155466,-13.208917],[-176.128163,-13.298272],[-176.18281,-13.339288],[-176.155466,-13.208917]]]]}},{"type":"Feature","properties":{"name":"Samoa","ISO3166-1-Alpha-3":"WSM","ISO3166-1-Alpha-2":"WS"},"geometry":{"type":"MultiPolygon","coordinates":[[[[-172.201039,-13.592543],[-172.219065,-13.805352],[-172.523183,-13.805352],[-172.782582,-13.520278],[-172.344431,-13.462986],[-172.201039,-13.592543]]],[[[-171.56428,-13.949395],[-171.440745,-14.051853],[-171.753285,-14.051528],[-172.063669,-13.885024],[-171.834543,-13.807387],[-171.56428,-13.949395]]]]}},{"type":"Feature","properties":{"name":"South Georgia and the Islands","ISO3166-1-Alpha-3":"SGS","ISO3166-1-Alpha-2":"GS"},"geometry":{"type":"MultiPolygon","coordinates":[[[[-27.252919,-59.458266],[-27.231313,-59.438246],[-27.148183,-59.462986],[-27.252919,-59.458266]]],[[[-27.328603,-59.437188],[-27.312123,-59.472752],[-27.399241,-59.443617],[-27.328603,-59.437188]]],[[[-26.62975,-59.005955],[-26.499379,-59.033136],[-26.59557,-59.067315],[-26.62975,-59.005955]]],[[[-26.259836,-58.4367],[-26.252553,-58.493585],[-26.441029,-58.403985],[-26.259836,-58.4367]]],[[[-26.424306,-57.812758],[-26.513051,-57.772556],[-26.356028,-57.786228],[-26.424306,-57.812758]]],[[[-26.732818,-57.05934],[-26.650258,-57.079767],[-26.663889,-57.086684],[-26.732818,-57.05934]]],[[[-27.150502,-56.675714],[-27.092437,-56.706476],[-27.20759,-56.713149],[-27.150502,-56.675714]]],[[[-27.609771,-56.292169],[-27.549875,-56.275567],[-27.556467,-56.310805],[-27.609771,-56.292169]]],[[[-37.083079,-54.465916],[-37.029937,-54.504978],[-37.086497,-54.503351],[-37.083079,-54.465916]]],[[[-38.087026,-54.003676],[-38.062367,-53.988051],[-38.065785,-54.002374],[-38.087026,-54.003676]]],[[[-35.908803,-54.68727],[-35.784291,-54.764744],[-36.106435,-54.764744],[-35.922027,-54.852227],[-36.115956,-54.884535],[-36.499013,-54.510512],[-37.153391,-54.257501],[-37.413686,-54.255304],[-37.237294,-54.147719],[-37.689809,-54.174412],[-37.724517,-54.092462],[-37.614654,-54.037856],[-38.032379,-54.009942],[-37.381947,-53.982599],[-37.463857,-54.03045],[-36.6551,-54.106134],[-36.717152,-54.174412],[-36.491119,-54.184991],[-36.675649,-54.277439],[-36.491851,-54.234633],[-36.497467,-54.345798],[-36.354075,-54.359308],[-36.394439,-54.242771],[-36.26061,-54.285414],[-36.016225,-54.495375],[-36.069814,-54.566664],[-35.887318,-54.551202],[-35.908803,-54.68727]]],[[[-28.213287,-56.713962],[-28.171457,-56.704848],[-28.187123,-56.726251],[-28.213287,-56.713962]]]]}},{"type":"Feature","properties":{"name":"Falkland Islands","ISO3166-1-Alpha-3":"FLK","ISO3166-1-Alpha-2":"FK"},"geometry":{"type":"MultiPolygon","coordinates":[[[[-59.694447,-52.208103],[-59.756012,-52.273614],[-59.792144,-52.130548],[-59.694447,-52.208103]]],[[[-61.194,-51.817071],[-61.252268,-51.861993],[-61.246083,-51.829685],[-61.194,-51.817071]]],[[[-60.947621,-51.947361],[-61.153066,-51.844903],[-60.862864,-51.760919],[-60.947621,-51.947361]]],[[[-61.270375,-51.680434],[-61.194,-51.693536],[-61.277211,-51.755548],[-61.270375,-51.680434]]],[[[-59.632395,-51.741306],[-59.887034,-51.957778],[-60.276031,-51.994561],[-60.372222,-52.159601],[-60.550364,-52.111912],[-60.495758,-52.186944],[-60.592763,-52.236749],[-60.688588,-52.109145],[-60.81786,-52.104425],[-60.722279,-52.173923],[-60.796783,-52.172052],[-61.036936,-52.046563],[-60.742177,-52.008884],[-60.845204,-51.954767],[-60.532053,-51.999933],[-60.399892,-51.916599],[-60.60558,-51.926935],[-60.479237,-51.915216],[-60.444488,-51.782892],[-60.338735,-51.858575],[-60.29776,-51.750421],[-60.184071,-51.761163],[-60.550649,-51.789809],[-60.624989,-51.66961],[-60.077382,-51.693536],[-60.490387,-51.526462],[-60.388783,-51.48447],[-60.645985,-51.351495],[-60.153147,-51.487481],[-59.988637,-51.467543],[-60.083608,-51.445977],[-60.017486,-51.375177],[-59.491322,-51.456231],[-59.392812,-51.432794],[-59.405263,-51.33766],[-59.214019,-51.413507],[-59.632395,-51.741306]]],[[[-59.899281,-51.303643],[-59.91804,-51.338962],[-60.012522,-51.311456],[-59.899281,-51.303643]]],[[[-60.169911,-51.392511],[-60.288686,-51.385186],[-60.111562,-51.358331],[-60.300893,-51.268243],[-60.07429,-51.299981],[-60.169911,-51.392511]]],[[[-57.816233,-51.693536],[-57.734283,-51.6867],[-58.261301,-51.755548],[-58.145172,-51.789727],[-58.419057,-51.892185],[-58.940297,-51.796563],[-58.810414,-51.951918],[-58.632314,-51.96795],[-58.641225,-52.107843],[-59.269602,-51.990492],[-59.04898,-52.212498],[-59.456044,-52.142185],[-59.338938,-52.341729],[-59.721547,-52.107599],[-59.570302,-52.056573],[-59.631174,-52.006768],[-59.522532,-51.961033],[-59.605092,-51.920668],[-59.488393,-51.93434],[-59.488393,-51.844903],[-59.207183,-51.707208],[-59.056386,-51.6867],[-58.990102,-51.803643],[-58.9912,-51.64658],[-59.167836,-51.573663],[-59.111643,-51.501723],[-59.007965,-51.556899],[-59.099029,-51.41253],[-58.864613,-51.358331],[-58.953969,-51.248468],[-58.406606,-51.323826],[-58.333811,-51.427504],[-58.50475,-51.395278],[-58.521962,-51.491143],[-58.230865,-51.65252],[-58.217193,-51.525974],[-58.359364,-51.504653],[-58.291249,-51.42254],[-57.906402,-51.376642],[-57.777943,-51.543064],[-58.145172,-51.542657],[-57.780995,-51.619399],[-57.898793,-51.673028],[-57.816233,-51.693536]]],[[[-59.748402,-51.283298],[-59.808746,-51.255955],[-59.447377,-51.324151],[-59.748402,-51.283298]]],[[[-59.768428,-52.326961],[-59.742495,-52.357973],[-59.723177,-52.398368],[-59.768428,-52.326961]]],[[[-58.415598,-51.994073],[-58.427602,-52.100681],[-58.546742,-52.025567],[-58.415598,-51.994073]]],[[[-59.679921,-51.96559],[-59.697621,-51.985772],[-59.714915,-51.956313],[-59.679921,-51.96559]]],[[[-59.744239,-51.328978],[-59.596946,-51.38069],[-59.829411,-51.350507],[-59.744239,-51.328978]]],[[[-60.533437,-51.28338],[-60.530181,-51.310968],[-60.586293,-51.284601],[-60.533437,-51.28338]]],[[[-61.055572,-51.070977],[-61.116811,-51.067641],[-61.119211,-51.027765],[-61.055572,-51.070977]]]]}},{"type":"Feature","properties":{"name":"Niue","ISO3166-1-Alpha-3":"NIU","ISO3166-1-Alpha-2":"NU"},"geometry":{"type":"Polygon","coordinates":[[[-169.851145,-18.965102],[-169.782908,-19.068943],[-169.933705,-19.129653],[-169.851145,-18.965102]]]}},{"type":"Feature","properties":{"name":"American Samoa","ISO3166-1-Alpha-3":"ASM","ISO3166-1-Alpha-2":"AS"},"geometry":{"type":"MultiPolygon","coordinates":[[[[-170.591013,-14.264825],[-170.748647,-14.374688],[-170.831248,-14.319431],[-170.591013,-14.264825]]],[[[-169.463857,-14.22324],[-169.476186,-14.262384],[-169.522817,-14.270929],[-169.463857,-14.22324]]],[[[-168.16157,-14.532892],[-168.173085,-14.523696],[-168.163523,-14.519789],[-168.16157,-14.532892]]],[[[-169.676218,-14.1749],[-169.658193,-14.168878],[-169.63561,-14.177016],[-169.676218,-14.1749]]],[[[-171.072825,-11.052504],[-171.073476,-11.062107],[-171.086537,-11.060317],[-171.072825,-11.052504]]]]}},{"type":"Feature","properties":{"name":"Clipperton Island","ISO3166-1-Alpha-3":"-99","ISO3166-1-Alpha-2":"-99"},"geometry":{"type":"Polygon","coordinates":[[[-109.212026,10.30268],[-109.218577,10.281562],[-109.234242,10.307929],[-109.212026,10.30268]]]}}]}
