{"type":"FeatureCollection","features":[{"type":"Feature","properties":{"name":"Nicaragua","ISO3166-1-Alpha-3":"NIC","ISO3166-1-Alpha-2":"NI"},"geometry":{"type":"MultiPolygon","coordinates":[[[[-85.701736,11.08088],[-86.496368,11.759426],[-86.772572,12.197414],[-87.670929,12.8935],[-87.667022,12.982245],[-87.577626,13.084662],[-87.392486,12.913398],[-87.035045,12.979777],[-86.910789,13.239581],[-86.704031,13.298828],[-86.766198,13.74526],[-86.340126,13.756655],[-86.09673,14.044079],[-85.742462,13.823705],[-85.727347,13.965014],[-85.169629,14.321763],[-85.14547,14.564254],[-85.029637,14.588956],[-84.904219,14.816978],[-84.482694,14.619471],[-84.267281,14.677736],[-84.261803,14.758532],[-83.615615,14.872685],[-83.509084,15.01154],[-83.130444,14.997012],[-83.294016,14.804267],[-83.322174,14.913886],[-83.424631,14.803941],[-83.299224,14.771186],[-83.186594,14.347642],[-83.431264,13.956732],[-83.559153,13.415839],[-83.481801,12.416653],[-83.637522,12.385728],[-83.564036,12.81269],[-83.645904,12.786851],[-83.589101,12.632148],[-83.774648,12.533515],[-83.676381,12.279853],[-83.617014,12.348049],[-83.67101,11.987942],[-83.77774,12.177151],[-83.713246,12.125678],[-83.83609,11.871243],[-83.699941,11.849921],[-83.651723,11.619371],[-83.867909,11.273668],[-83.663028,10.807016],[-83.926578,10.714903],[-84.191601,10.78172],[-84.355466,10.994627],[-84.676455,11.070411],[-84.9314,10.941891],[-85.597794,11.209937],[-85.701736,11.08088]]],[[[-83.665352,10.935318],[-83.675564,10.925976],[-83.678335,10.935953],[-83.665352,10.935318]]],[[[-83.726226,11.878648],[-83.706858,11.987047],[-83.719309,11.954535],[-83.726226,11.878648]]],[[[-83.053944,12.143866],[-83.046457,12.183743],[-83.021148,12.181789],[-83.053944,12.143866]]],[[[-82.767323,14.41413],[-82.732533,14.369574],[-82.801625,14.366848],[-82.767323,14.41413]]]]}},{"type":"Feature","properties":{"name":"Saint Martin","ISO3166-1-Alpha-3":"MAF","ISO3166-1-Alpha-2":"MF"},"geometry":{"type":"Polygon","coordinates":[[[-63.017569,18.033391],[-63.14684,18.070299],[-63.017649,18.122138],[-63.017569,18.033391]]]}},{"type":"Feature","properties":{"name":"Sint Maarten","ISO3166-1-Alpha-3":"SXM","ISO3166-1-Alpha-2":"SX"},"geometry":{"type":"Polygon","coordinates":[[[-63.107004,18.06212],[-63.017569,18.033391],[-63.112172,18.043036],[-63.107004,18.06212]]]}},{"type":"Feature","properties":{"name":"Haiti","ISO3166-1-Alpha-3":"HTI","ISO3166-1-Alpha-2":"HT"},"geometry":{"type":"MultiPolygon","coordinates":[[[[-71.757436,19.71011],[-71.703861,19.41463],[-71.776519,19.327504],[-71.643658,19.152475],[-71.865402,18.964425],[-71.720346,18.765445],[-71.841579,18.617986],[-72.009838,18.598814],[-71.709339,18.31325],[-71.776235,18.039252],[-72.071767,18.237535],[-72.885894,18.141425],[-73.646311,18.258734],[-73.87328,18.02619],[-74.489166,18.429389],[-74.418528,18.617499],[-74.25593,18.670315],[-72.904164,18.434149],[-72.716461,18.43773],[-72.596547,18.560858],[-72.353831,18.530097],[-72.330434,18.683295],[-72.813547,19.052924],[-72.707183,19.118638],[-72.803375,19.23192],[-72.699127,19.445868],[-73.002187,19.603461],[-73.409495,19.635972],[-73.420318,19.82099],[-73.167104,19.93769],[-72.776031,19.943915],[-72.333852,19.718573],[-72.218658,19.786933],[-71.757436,19.71011]]],[[[-73.628896,18.094224],[-73.610829,18.057563],[-73.699941,18.108303],[-73.628896,18.094224]]],[[[-73.796498,18.628648],[-73.73998,18.636868],[-73.73762,18.588202],[-73.796498,18.628648]]],[[[-72.850575,20.088528],[-72.627553,20.008246],[-72.960357,20.061225],[-72.850575,20.088528]]],[[[-73.258656,18.878485],[-73.200795,18.968695],[-72.846099,18.827094],[-72.808746,18.720404],[-73.258656,18.878485]]]]}},{"type":"Feature","properties":{"name":"Dominican Republic","ISO3166-1-Alpha-3":"DOM","ISO3166-1-Alpha-2":"DO"},"geometry":{"type":"MultiPolygon","coordinates":[[[[-71.757436,19.71011],[-71.661448,19.893622],[-71.172231,19.834052],[-71.000885,19.93769],[-70.280832,19.651801],[-69.947255,19.678656],[-69.76769,19.29975],[-69.164296,19.307034],[-69.253651,19.183539],[-69.617299,19.225246],[-69.608469,19.093451],[-68.739735,18.964423],[-68.334055,18.577297],[-68.455678,18.357856],[-68.588938,18.38227],[-68.647084,18.21483],[-68.742991,18.204535],[-68.922515,18.412299],[-69.851471,18.47248],[-70.171783,18.231431],[-70.552846,18.20425],[-70.579457,18.385647],[-70.703847,18.430121],[-70.932485,18.261542],[-71.083974,18.304389],[-71.061106,18.142076],[-71.417226,17.604804],[-71.531606,17.755072],[-71.679311,17.765286],[-71.658803,17.953315],[-71.776235,18.039252],[-71.709339,18.31325],[-72.009838,18.598814],[-71.841579,18.617986],[-71.720346,18.765445],[-71.865402,18.964425],[-71.643658,19.152475],[-71.776519,19.327504],[-71.703861,19.41463],[-71.757436,19.71011]]],[[[-71.524485,17.545559],[-71.532216,17.601304],[-71.492584,17.603664],[-71.524485,17.545559]]],[[[-68.664052,18.169338],[-68.571848,18.107856],[-68.786936,18.196682],[-68.664052,18.169338]]]]}},{"type":"Feature","properties":{"name":"El Salvador","ISO3166-1-Alpha-3":"SLV","ISO3166-1-Alpha-2":"SV"},"geometry":{"type":"MultiPolygon","coordinates":[[[[-90.098307,13.731404],[-90.022976,13.936954],[-89.524505,14.231768],[-89.584062,14.401809],[-89.398182,14.445373],[-89.107476,14.39597],[-88.838759,14.100407],[-88.504361,13.983695],[-88.496816,13.851197],[-88.125391,13.991266],[-88.015321,13.866364],[-87.817891,13.91587],[-87.703608,13.814998],[-87.789934,13.532819],[-87.721153,13.460833],[-87.838287,13.440945],[-87.789906,13.287014],[-87.928212,13.158637],[-88.785675,13.245266],[-89.251454,13.472317],[-89.808048,13.526858],[-90.098307,13.731404]]],[[[-87.726293,13.198387],[-87.697565,13.193314],[-87.714585,13.167903],[-87.726293,13.198387]]],[[[-87.765782,13.248011],[-87.751387,13.228925],[-87.77689,13.225736],[-87.765782,13.248011]]]]}},{"type":"Feature","properties":{"name":"Guatemala","ISO3166-1-Alpha-3":"GTM","ISO3166-1-Alpha-2":"GT"},"geometry":{"type":"Polygon","coordinates":[[[-89.361621,14.415478],[-89.584062,14.401809],[-89.524505,14.231768],[-90.022976,13.936954],[-90.098307,13.731404],[-90.580413,13.913267],[-91.316461,13.955679],[-92.246257,14.546279],[-92.073807,15.073706],[-92.211292,15.272066],[-91.739848,16.060985],[-90.437421,16.098863],[-90.394917,16.419206],[-90.633094,16.483336],[-90.79696,16.805435],[-91.442502,17.237967],[-90.991986,17.25192],[-90.98284,17.810542],[-89.160496,17.814314],[-89.236512,15.893915],[-88.787343,15.859076],[-88.609242,15.702094],[-88.48884,15.846747],[-88.605458,15.969631],[-88.220937,15.725653],[-89.160806,15.060245],[-89.23243,14.8485],[-89.160393,14.581282],[-89.361621,14.415478]]]}},{"type":"Feature","properties":{"name":"US Naval Base Guantanamo Bay","ISO3166-1-Alpha-3":"-99","ISO3166-1-Alpha-2":"-99"},"geometry":{"type":"MultiPolygon","coordinates":[[[[-75.095006,19.897226],[-75.157663,19.918704],[-75.104602,19.959359],[-75.095006,19.897226]]],[[[-75.160192,19.970648],[-75.193127,19.927095],[-75.205751,19.911535],[-75.160192,19.970648]]]]}},{"type":"Feature","properties":{"name":"Cuba","ISO3166-1-Alpha-3":"CUB","ISO3166-1-Alpha-2":"CU"},"geometry":{"type":"MultiPolygon","coordinates":[[[[-75.095006,19.897226],[-75.092437,20.061225],[-75.284657,19.888251],[-76.20226,19.992336],[-77.706044,19.830024],[-77.586415,20.088528],[-77.113433,20.368476],[-77.195424,20.636542],[-77.343129,20.718492],[-78.065541,20.711656],[-78.487904,21.03856],[-78.498199,21.269965],[-78.744618,21.636542],[-79.208892,21.548489],[-80.003245,21.720893],[-80.44811,22.050279],[-80.388783,22.08218],[-80.484446,22.192043],[-80.470774,22.041205],[-81.08845,22.085842],[-81.193959,22.281562],[-81.204701,22.060289],[-81.239125,22.151068],[-81.33788,22.089016],[-81.523508,22.205024],[-81.824452,22.18891],[-82.163971,22.396877],[-81.651563,22.487827],[-81.643255,22.572737],[-81.877501,22.67973],[-82.759877,22.705959],[-83.415472,22.186093],[-83.575429,22.246649],[-83.925445,22.171536],[-84.029408,21.919867],[-84.508372,21.766832],[-84.496165,21.933783],[-84.839915,21.822903],[-84.949615,21.876776],[-84.521352,22.048041],[-84.288564,22.020697],[-84.445668,22.205024],[-84.21288,22.583075],[-83.226186,23.001858],[-83.169423,22.930121],[-82.21935,23.194241],[-81.581166,23.157782],[-81.528798,23.047187],[-81.149159,23.212388],[-81.286285,23.13052],[-81.149159,23.034898],[-80.597279,23.156073],[-80.431508,22.949937],[-79.792958,22.897773],[-79.857167,22.820705],[-79.651723,22.758775],[-79.341786,22.413153],[-78.78185,22.390611],[-78.734609,22.31623],[-78.708079,22.386908],[-78.065053,22.086982],[-77.888051,21.869859],[-77.806142,21.966132],[-77.751576,21.804633],[-77.455637,21.776842],[-77.347157,21.638617],[-77.614329,21.884182],[-77.55602,21.928534],[-77.133941,21.664455],[-77.154408,21.554592],[-77.364247,21.611762],[-77.258046,21.476386],[-77.088287,21.606187],[-76.811757,21.397528],[-76.887278,21.307359],[-76.671498,21.355943],[-76.73469,21.285549],[-76.544911,21.287665],[-76.613149,21.225572],[-76.537465,21.184638],[-76.456125,21.225572],[-76.525543,21.28205],[-76.387563,21.284329],[-76.03718,21.074774],[-75.70401,21.118964],[-75.578481,21.013373],[-75.743398,20.88935],[-75.551137,20.821519],[-75.770253,20.835842],[-75.724517,20.695502],[-75.633127,20.780585],[-75.551137,20.684394],[-74.998362,20.700751],[-74.735585,20.60928],[-74.392974,20.286526],[-74.139638,20.242336],[-74.267405,20.068305],[-74.812978,20.037258],[-75.095006,19.897226]]],[[[-78.333119,20.554633],[-78.396596,20.546454],[-78.408193,20.588772],[-78.333119,20.554633]]],[[[-78.436147,20.725979],[-78.527821,20.699286],[-78.478586,20.73017],[-78.436147,20.725979]]],[[[-78.826568,20.753241],[-78.785959,20.748969],[-78.768056,20.712226],[-78.826568,20.753241]]],[[[-75.517079,20.794257],[-75.482167,20.737779],[-75.577748,20.769517],[-75.517079,20.794257]]],[[[-78.925852,20.807847],[-78.854482,20.773139],[-78.952138,20.831366],[-78.925852,20.807847]]],[[[-79.025217,20.886664],[-78.982737,20.844631],[-79.069203,20.885972],[-79.025217,20.886664]]],[[[-79.073598,20.917711],[-79.151763,20.966051],[-79.19286,20.986762],[-79.073598,20.917711]]],[[[-79.388905,21.123236],[-79.324778,21.068305],[-79.331166,21.093004],[-79.388905,21.123236]]],[[[-81.372304,21.70539],[-81.551381,21.62759],[-81.442698,21.65998],[-81.372304,21.70539]]],[[[-82.568023,21.636542],[-82.594635,21.541815],[-82.906239,21.437486],[-83.078521,21.469224],[-83.191803,21.630316],[-82.959096,21.561998],[-83.085601,21.800279],[-82.989491,21.948432],[-82.703725,21.892808],[-82.568023,21.636542]]],[[[-77.634185,22.054267],[-77.703114,21.910834],[-77.949452,22.102607],[-77.634185,22.054267]]],[[[-77.847076,22.260321],[-77.880686,22.308743],[-77.790151,22.211493],[-77.847076,22.260321]]],[[[-77.997304,22.147366],[-78.017812,22.314887],[-77.825999,22.157904],[-77.997304,22.147366]]],[[[-78.196523,22.329169],[-78.312611,22.404283],[-78.144195,22.428941],[-78.010976,22.281399],[-78.196523,22.329169]]],[[[-78.426178,22.462592],[-78.696197,22.541449],[-78.396352,22.559801],[-78.278472,22.448676],[-78.426178,22.462592]]],[[[-78.984202,22.637681],[-79.064443,22.660346],[-79.070383,22.674018],[-78.984202,22.637681]]],[[[-79.357533,22.637681],[-79.524037,22.725002],[-79.606923,22.810248],[-79.357533,22.637681]]],[[[-79.895375,22.959174],[-79.91983,22.949286],[-79.957428,22.95303],[-79.895375,22.959174]]],[[[-80.320546,22.986518],[-80.246693,22.989447],[-80.231801,22.959174],[-80.320546,22.986518]]],[[[-80.197011,23.124254],[-80.136586,23.089016],[-80.182729,23.07095],[-80.197011,23.124254]]],[[[-80.828236,23.1789],[-80.853179,23.14175],[-80.862538,23.162177],[-80.828236,23.1789]]],[[[-80.491851,23.192572],[-80.495229,23.168362],[-80.576975,23.192572],[-80.491851,23.192572]]],[[[-78.581695,20.661607],[-78.593984,20.64289],[-78.609039,20.660712],[-78.581695,20.661607]]],[[[-78.651519,20.664944],[-78.62975,20.65884],[-78.646474,20.652289],[-78.651519,20.664944]]],[[[-81.981191,21.647773],[-82.07433,21.572211],[-82.054514,21.606147],[-81.981191,21.647773]]],[[[-81.852528,21.66356],[-81.901357,21.615627],[-81.905629,21.631008],[-81.852528,21.66356]]],[[[-82.645172,21.954535],[-82.591176,21.926663],[-82.630116,21.920722],[-82.645172,21.954535]]],[[[-83.552846,21.961371],[-83.550649,21.959418],[-83.607818,21.966498],[-83.552846,21.961371]]],[[[-81.556264,22.065985],[-81.565419,22.049872],[-81.588857,22.064358],[-81.556264,22.065985]]],[[[-78.73766,22.548407],[-78.736195,22.530585],[-78.767893,22.525214],[-78.73766,22.548407]]],[[[-82.514475,22.625149],[-82.518788,22.565741],[-82.527821,22.634752],[-82.514475,22.625149]]],[[[-79.224517,22.639716],[-79.176869,22.64468],[-79.213246,22.624416],[-79.224517,22.639716]]],[[[-79.680084,22.859442],[-79.69518,22.850491],[-79.728261,22.895331],[-79.680084,22.859442]]],[[[-79.826283,22.964667],[-79.837636,22.926174],[-79.86148,22.931952],[-79.826283,22.964667]]],[[[-80.061391,23.049791],[-80.066558,23.038886],[-80.094472,23.050686],[-80.061391,23.049791]]],[[[-80.2447,23.107489],[-80.26179,23.096177],[-80.305735,23.134508],[-80.2447,23.107489]]],[[[-80.401438,23.154608],[-80.419667,23.143378],[-80.458404,23.137193],[-80.401438,23.154608]]],[[[-80.668528,23.212226],[-80.673695,23.194037],[-80.700836,23.177191],[-80.668528,23.212226]]],[[[-80.775014,23.20661],[-80.711903,23.190823],[-80.86144,23.220364],[-80.775014,23.20661]]],[[[-80.878774,23.250434],[-80.890126,23.233873],[-80.933746,23.254462],[-80.878774,23.250434]]]]}},{"type":"Feature","properties":{"name":"Honduras","ISO3166-1-Alpha-3":"HND","ISO3166-1-Alpha-2":"HN"},"geometry":{"type":"MultiPolygon","coordinates":[[[[-89.361621,14.415478],[-89.160393,14.581282],[-89.23243,14.8485],[-89.160806,15.060245],[-88.316672,15.6746],[-87.591298,15.935492],[-87.4794,15.786038],[-87.345082,15.850328],[-86.374745,15.770941],[-85.933258,15.936672],[-86.007924,16.031073],[-85.488578,15.869567],[-84.999949,15.987942],[-84.676552,15.876203],[-84.660054,15.774494],[-84.452811,15.795648],[-84.64183,15.862907],[-84.294638,15.81101],[-83.72997,15.401557],[-84.21288,15.551215],[-83.938385,15.259223],[-83.821889,15.270697],[-84.026519,15.408677],[-83.759836,15.202094],[-83.623362,15.296088],[-83.527659,15.284369],[-83.621449,15.176174],[-83.481801,15.215562],[-83.702992,15.402004],[-83.130444,14.997012],[-83.509084,15.01154],[-83.615615,14.872685],[-84.261803,14.758532],[-84.267281,14.677736],[-84.482694,14.619471],[-84.904219,14.816978],[-85.029637,14.588956],[-85.14547,14.564254],[-85.169629,14.321763],[-85.727347,13.965014],[-85.742462,13.823705],[-86.020197,14.055164],[-86.340126,13.756655],[-86.766198,13.74526],[-86.704031,13.298828],[-86.910789,13.239581],[-87.035045,12.979777],[-87.314036,12.981553],[-87.303944,13.098334],[-87.419342,13.111355],[-87.512237,13.286689],[-87.400624,13.41116],[-87.817169,13.406562],[-87.721153,13.460833],[-87.789934,13.532819],[-87.703608,13.814998],[-87.817891,13.91587],[-88.015321,13.866364],[-88.099036,13.989819],[-88.235075,13.992868],[-88.496816,13.851197],[-88.504361,13.983695],[-88.838759,14.100407],[-89.107476,14.39597],[-89.361621,14.415478]]],[[[-87.615142,13.290107],[-87.658559,13.250963],[-87.663971,13.267483],[-87.615142,13.290107]]],[[[-87.622304,13.368883],[-87.57079,13.365871],[-87.637563,13.319159],[-87.622304,13.368883]]],[[[-86.878733,16.127265],[-86.913197,16.090155],[-86.988735,16.095466],[-86.878733,16.127265]]],[[[-86.606542,16.285029],[-86.231077,16.428835],[-86.347768,16.397528],[-86.606542,16.285029]]],[[[-85.911473,16.462043],[-85.81695,16.498309],[-85.947068,16.40319],[-85.911473,16.462043]]],[[[-83.941151,17.418647],[-83.926137,17.416327],[-83.921946,17.409084],[-83.941151,17.418647]]]]}},{"type":"Feature","properties":{"name":"United States of America","ISO3166-1-Alpha-3":"USA","ISO3166-1-Alpha-2":"US"},"geometry":{"type":"MultiPolygon","coordinates":[[[[-122.753017,48.992515],[-95.177106,48.99267],[-95.160569,49.369494],[-94.839142,49.308878],[-94.710907,48.807513],[-94.592852,48.726433],[-93.874885,48.636206],[-93.756779,48.516549],[-92.97972,48.61768],[-92.648604,48.536263],[-92.718909,48.459782],[-92.490629,48.433117],[-92.371851,48.222587],[-92.281598,48.33178],[-92.070499,48.346714],[-91.574845,48.048205],[-90.873802,48.234344],[-90.750347,48.083991],[-90.120386,48.115359],[-89.92045,47.98746],[-89.363636,47.979605],[-88.376461,48.305115],[-84.87869,46.897914],[-84.773322,46.633434],[-84.566565,46.461196],[-84.110443,46.526464],[-84.096774,46.224828],[-83.964586,46.063184],[-83.613884,46.115636],[-83.462808,46.007787],[-83.636867,45.773944],[-82.54829,45.334598],[-82.145653,43.576411],[-82.526224,42.619906],[-83.079963,42.305067],[-83.159493,42.046324],[-83.068413,41.847731],[-82.666913,41.669086],[-82.424861,41.676811],[-81.276662,42.208665],[-80.246596,42.365477],[-79.019384,42.802686],[-78.909055,42.930223],[-79.031967,43.013422],[-79.17431,43.464532],[-78.750821,43.617055],[-76.841532,43.625504],[-76.327765,44.18149],[-74.903744,45.005213],[-71.50408,45.013739],[-71.449045,45.226905],[-71.334323,45.28871],[-71.160329,45.245767],[-70.993155,45.347827],[-70.892412,45.234604],[-70.812986,45.42343],[-70.641316,45.408496],[-70.732009,45.491591],[-70.686792,45.572723],[-70.262528,45.923038],[-70.280899,46.211857],[-70.074323,46.419545],[-70.007763,46.704075],[-69.237268,47.45881],[-69.069655,47.431886],[-69.057486,47.269467],[-68.906229,47.190221],[-68.299728,47.367833],[-67.813556,47.081908],[-67.807045,45.71287],[-67.431306,45.597941],[-67.471303,45.266282],[-67.176015,45.178656],[-67.040069,44.973171],[-67.203399,44.904893],[-66.977325,44.815538],[-67.196482,44.644232],[-67.332021,44.709499],[-67.409413,44.595811],[-67.554392,44.64407],[-67.603464,44.528103],[-67.828359,44.584255],[-67.902211,44.397203],[-67.977895,44.499132],[-68.060536,44.328315],[-68.202016,44.525092],[-68.409291,44.404649],[-68.47822,44.493394],[-68.464792,44.389838],[-68.574412,44.410834],[-68.541371,44.237331],[-68.82079,44.314643],[-68.69933,44.409695],[-68.816192,44.402086],[-68.801625,44.560289],[-68.807118,44.472927],[-68.986602,44.421169],[-68.937489,44.331977],[-69.191396,43.952175],[-69.369496,43.972642],[-69.364288,44.060533],[-69.547637,43.834906],[-69.533966,44.021023],[-69.592397,43.807725],[-69.670115,43.873562],[-69.629587,44.027289],[-69.758005,43.759508],[-69.774729,44.059963],[-69.882802,43.97663],[-69.828155,43.698269],[-69.86913,43.869574],[-70.027455,43.739936],[-69.999379,43.861518],[-70.286855,43.650499],[-70.204945,43.561143],[-70.343739,43.539496],[-70.321645,43.452501],[-70.570546,43.298489],[-70.660146,43.094143],[-70.733388,43.120429],[-70.863759,42.826239],[-70.75711,42.657213],[-70.597035,42.634467],[-70.878,42.537543],[-71.046783,42.321519],[-70.741811,42.235663],[-70.59081,42.01732],[-70.714833,42.002672],[-70.335194,41.719224],[-70.000111,41.816311],[-70.099852,42.03739],[-70.24682,42.061468],[-70.081198,42.058354],[-69.924672,41.83808],[-69.938873,41.674221],[-70.41808,41.640041],[-70.658682,41.521349],[-70.623606,41.729438],[-70.710439,41.748033],[-70.845204,41.592475],[-70.905385,41.640041],[-70.947621,41.536444],[-71.185902,41.468736],[-71.110748,41.797065],[-71.260406,41.651109],[-71.391347,41.818793],[-71.497711,41.366278],[-72.287953,41.282945],[-72.391835,41.366278],[-72.350901,41.289984],[-72.507924,41.256415],[-72.909983,41.305121],[-73.893833,40.803853],[-73.875315,41.153266],[-73.975942,41.292182],[-73.91808,40.931464],[-74.282687,40.497319],[-73.979156,40.449286],[-74.093013,39.776337],[-74.060699,40.062161],[-74.297353,39.508612],[-74.407216,39.557034],[-74.413442,39.357123],[-74.642079,39.306708],[-74.550649,39.28266],[-74.954701,38.926418],[-74.906321,39.179633],[-75.146474,39.187079],[-75.531606,39.477973],[-75.558217,39.613471],[-75.02359,40.016303],[-75.592152,39.649237],[-75.39379,39.055551],[-75.08434,38.795967],[-75.064807,38.632609],[-75.139189,38.688052],[-75.207916,38.569525],[-75.060091,38.612541],[-75.044749,38.425035],[-75.078765,38.336737],[-75.062734,38.457343],[-75.17951,38.40842],[-75.1044,38.31623],[-75.818707,37.454238],[-75.949111,37.124952],[-76.016957,37.257799],[-75.934722,37.576402],[-75.633127,37.960028],[-75.874989,37.951117],[-75.742991,38.110826],[-75.9405,38.135403],[-75.818674,38.23371],[-75.906646,38.270982],[-75.843251,38.404364],[-75.962717,38.247992],[-75.990468,38.362047],[-76.037913,38.232489],[-76.318959,38.473944],[-76.171986,38.56623],[-76.277415,38.624742],[-75.970204,38.606594],[-76.288038,38.775526],[-76.341293,38.673173],[-76.304677,38.82274],[-76.173111,38.756612],[-76.106068,38.877997],[-76.247182,38.951158],[-76.374748,38.841573],[-76.315297,39.029364],[-76.197561,38.97934],[-76.065094,39.146145],[-76.242618,39.03326],[-76.174957,39.31623],[-75.839182,39.371487],[-76.034265,39.392877],[-75.839182,39.460761],[-75.831695,39.584377],[-76.000713,39.45279],[-75.934722,39.604193],[-76.082997,39.557807],[-76.067535,39.457831],[-76.209706,39.364651],[-76.232493,39.474514],[-76.284169,39.310614],[-76.401479,39.392524],[-76.332631,39.350979],[-76.401479,39.256008],[-76.483469,39.310614],[-76.449178,39.194957],[-76.623199,39.259711],[-76.394195,39.024563],[-76.569163,39.066392],[-76.452427,38.943861],[-76.568608,38.952542],[-76.493101,38.89895],[-76.511977,38.527734],[-76.392764,38.35357],[-76.636475,38.474163],[-76.681467,38.679389],[-76.673644,38.486058],[-76.373382,38.298893],[-76.323897,38.043842],[-76.456125,38.207017],[-76.517161,38.131781],[-76.80421,38.253623],[-76.880686,38.398871],[-76.839216,38.257217],[-76.922174,38.291593],[-77.031565,38.481391],[-77.255259,38.393522],[-77.227528,38.556871],[-77.012467,38.697355],[-77.068333,38.901938],[-77.047771,38.715724],[-77.229888,38.656684],[-77.34307,38.348691],[-77.040841,38.39591],[-76.954171,38.210168],[-76.614613,38.150377],[-76.247909,37.903471],[-76.304677,37.637885],[-76.504994,37.656928],[-76.934967,38.093695],[-77.133941,38.166002],[-76.551982,37.626758],[-76.284169,37.569566],[-76.393381,37.533149],[-76.270062,37.517356],[-76.25764,37.33551],[-76.415151,37.442694],[-76.371897,37.288031],[-76.496029,37.249115],[-76.798166,37.504381],[-76.606224,37.295789],[-76.38561,37.232489],[-76.274526,37.048041],[-76.429189,36.976304],[-76.860219,37.323147],[-76.931467,37.245266],[-77.274322,37.316352],[-76.669972,37.185007],[-76.524403,36.863227],[-76.291656,36.849555],[-76.310015,36.959612],[-76.004592,36.932358],[-75.523834,35.794379],[-75.719472,36.009996],[-75.946889,36.718451],[-75.901112,36.496039],[-76.044586,36.589504],[-76.03718,36.5008],[-75.785512,36.08161],[-75.961741,36.306952],[-75.90807,36.164984],[-76.198842,36.322659],[-76.063466,36.162014],[-76.291982,36.212714],[-76.220123,36.099514],[-76.463002,36.205959],[-76.311513,36.096096],[-76.57726,36.012397],[-76.687001,36.056098],[-76.729848,36.322659],[-76.729848,35.945258],[-76.048329,35.98371],[-76.124176,35.794582],[-76.03718,35.698798],[-76.140859,35.698798],[-76.03718,35.651028],[-75.98998,35.886908],[-75.86144,35.880683],[-75.852854,35.979967],[-75.721832,35.829169],[-75.783925,35.575914],[-75.886342,35.637356],[-76.15038,35.347154],[-76.355336,35.413479],[-76.373606,35.343166],[-76.418324,35.464504],[-76.498362,35.391343],[-76.575185,35.497463],[-76.463002,35.541164],[-76.647328,35.520697],[-76.599762,35.395087],[-77.051991,35.534369],[-76.470367,35.270575],[-76.675201,35.1706],[-76.560536,35.124416],[-76.764475,34.989203],[-77.079335,35.156968],[-76.940256,34.979804],[-76.539866,34.932074],[-76.453765,35.073391],[-76.461822,34.940579],[-76.353139,35.027248],[-76.269887,34.972602],[-76.346262,34.883246],[-76.512766,34.734361],[-76.615956,34.816067],[-76.632965,34.709174],[-76.685211,34.800727],[-76.770823,34.753485],[-76.701975,34.725572],[-77.093251,34.676988],[-77.131703,34.762397],[-77.336537,34.561103],[-77.435618,34.753485],[-77.378896,34.527167],[-77.730458,34.315863],[-77.942047,33.930487],[-77.962554,34.191148],[-78.017812,33.896308],[-78.374664,33.950914],[-78.763336,33.778551],[-79.133127,33.417426],[-79.183461,33.217922],[-79.272043,33.317288],[-79.189605,33.436998],[-79.277089,33.359117],[-79.183461,33.183783],[-79.340443,33.155829],[-79.387034,33.01732],[-79.584828,33.013821],[-79.588735,32.91413],[-79.828725,32.762763],[-79.943756,32.851467],[-79.887318,32.688137],[-80.177113,32.567043],[-80.26594,32.621405],[-80.204457,32.560614],[-80.323232,32.48843],[-80.669789,32.521145],[-80.478179,32.478095],[-80.587473,32.456936],[-80.458363,32.423163],[-80.547109,32.347113],[-80.429799,32.409817],[-80.553293,32.278795],[-80.63683,32.266791],[-80.657297,32.462714],[-80.66747,32.305365],[-80.759348,32.360785],[-80.85497,32.539496],[-80.677846,32.214748],[-80.82079,32.10814],[-80.787994,32.235826],[-80.95816,31.87934],[-81.118235,31.90766],[-81.039906,31.826972],[-81.10554,31.742662],[-81.273305,31.76553],[-81.196278,31.717597],[-81.331091,31.552431],[-81.325657,31.348929],[-81.492421,31.367662],[-81.26769,31.258734],[-81.385976,31.14175],[-81.454823,31.206],[-81.492584,31.113674],[-81.405385,31.094794],[-81.424143,31.025051],[-81.513539,31.093329],[-81.450795,30.963568],[-81.533355,30.853705],[-81.293813,29.89411],[-80.528228,28.472602],[-80.592193,28.207913],[-80.450917,27.86636],[-80.619944,28.206977],[-80.600413,28.600287],[-80.76594,28.612291],[-80.752349,28.741929],[-80.848134,28.790595],[-80.197011,27.180487],[-80.31432,27.24258],[-80.148793,27.138251],[-80.038238,26.811184],[-80.128774,25.775295],[-80.140614,25.900824],[-80.402496,25.186225],[-80.5655,25.245998],[-80.710927,25.14525],[-81.101959,25.124742],[-81.129954,25.344468],[-81.005767,25.214179],[-80.917226,25.245754],[-81.141347,25.384752],[-81.348459,25.81684],[-81.732004,25.920478],[-81.664377,25.98135],[-81.800893,26.098619],[-81.855946,26.448879],[-82.008656,26.484524],[-81.780385,26.714993],[-82.039052,26.527899],[-82.096995,26.909369],[-81.978383,26.996161],[-82.155181,26.927639],[-82.273834,27.016018],[-82.150258,26.803168],[-82.313832,26.849351],[-82.573638,27.395087],[-82.729156,27.514716],[-82.589182,27.503241],[-82.389963,27.811103],[-82.421742,27.917182],[-82.527089,27.824774],[-82.690989,28.037665],[-82.718861,27.927802],[-82.561879,27.886176],[-82.654042,27.695054],[-82.815094,27.832221],[-82.718861,27.659654],[-82.842397,27.828518],[-82.633616,28.887641],[-82.800852,29.17475],[-83.040679,29.180121],[-83.680572,29.921291],[-84.209137,30.107082],[-84.383616,30.031928],[-84.346303,29.969875],[-84.466135,29.989691],[-84.377349,29.887356],[-85.346099,29.678371],[-85.356516,29.888739],[-85.679555,30.134345],[-85.395009,30.055569],[-85.72053,30.195787],[-85.586781,30.326117],[-85.85436,30.264838],[-85.72053,30.134345],[-86.510894,30.40762],[-86.107777,30.386705],[-86.207143,30.504869],[-87.194081,30.360297],[-86.893788,30.43891],[-87.029612,30.607327],[-87.077382,30.449652],[-87.180572,30.584662],[-87.156809,30.474514],[-87.328847,30.319729],[-87.529205,30.277737],[-87.345611,30.42768],[-87.426829,30.48314],[-87.473704,30.359198],[-87.611806,30.360297],[-87.590159,30.275377],[-88.030141,30.223782],[-87.764231,30.279527],[-88.030141,30.737698],[-88.137685,30.31977],[-88.927642,30.442206],[-88.859364,30.408108],[-89.331939,30.377143],[-89.442535,30.189765],[-89.595937,30.155911],[-90.189443,30.390815],[-90.405019,30.22016],[-90.414052,30.106594],[-90.168365,30.024482],[-89.667388,30.164008],[-89.840403,30.01142],[-89.66454,29.875474],[-89.486236,30.076361],[-89.366038,30.048651],[-89.454701,29.976386],[-89.345326,29.791693],[-89.482533,29.833319],[-89.601471,29.734849],[-89.482533,29.634101],[-89.70226,29.709784],[-89.6197,29.627265],[-89.756907,29.634101],[-89.539866,29.397773],[-89.197092,29.353461],[-89.010162,29.17475],[-89.133656,28.996243],[-89.24767,29.105902],[-89.413645,28.928371],[-89.276194,29.160102],[-89.383656,29.087836],[-89.45519,29.250474],[-89.818146,29.31616],[-89.743806,29.369843],[-89.816314,29.474351],[-90.182037,29.579495],[-90.017568,29.298285],[-90.229237,29.086656],[-90.260813,29.269477],[-90.393707,29.243069],[-90.434438,29.357245],[-90.602773,29.307563],[-90.640736,29.140611],[-90.884023,29.133775],[-91.327992,29.294867],[-91.222971,29.380194],[-91.113108,29.270982],[-91.262563,29.469062],[-91.228383,29.608059],[-91.298655,29.483832],[-91.559316,29.538479],[-91.637929,29.742092],[-91.858469,29.719062],[-91.847524,29.831244],[-92.202382,29.76439],[-92.024892,29.627265],[-92.314307,29.534369],[-93.199593,29.772811],[-93.831028,29.700135],[-93.893697,29.790814],[-93.759952,29.960576],[-93.854075,29.986558],[-93.938112,29.805903],[-93.875803,29.675035],[-94.101959,29.6706],[-94.762766,29.366523],[-94.485951,29.566107],[-94.77905,29.529877],[-94.734055,29.782241],[-94.919597,29.655327],[-95.05228,29.749748],[-95.023915,29.542182],[-94.821116,29.373969],[-95.170522,29.20893],[-95.158925,29.045722],[-96.218861,28.489488],[-95.987782,28.644843],[-96.226471,28.587144],[-96.136871,28.626654],[-96.188059,28.690863],[-96.345774,28.635321],[-96.444814,28.763861],[-96.3697,28.626654],[-96.493235,28.578925],[-96.447133,28.635647],[-96.650868,28.729722],[-96.493235,28.510647],[-96.547597,28.469306],[-96.403798,28.434882],[-96.653717,28.319485],[-96.793324,28.479722],[-96.782338,28.241604],[-96.880238,28.150621],[-96.945058,28.126451],[-96.910308,28.263617],[-96.973012,28.133938],[-97.013987,28.20897],[-97.173248,28.159003],[-97.149078,28.00552],[-97.021067,28.100328],[-97.184071,27.836615],[-97.521067,27.873196],[-97.259592,27.695054],[-97.411204,27.335028],[-97.541575,27.290351],[-97.486928,27.400214],[-97.630238,27.300238],[-97.774281,27.468492],[-97.667633,27.310858],[-97.760569,27.27912],[-97.426096,27.263658],[-97.562001,26.837877],[-97.310536,26.123277],[-97.211985,26.091213],[-97.255605,25.998928],[-97.151845,26.075019],[-97.137522,25.974514],[-97.36599,25.843902],[-97.659874,26.03066],[-98.222656,26.075412],[-99.106427,26.423039],[-99.248278,26.827097],[-99.461728,27.056954],[-99.515006,27.588601],[-99.83292,27.776755],[-100.056498,28.137922],[-100.275089,28.277242],[-100.668967,29.116208],[-101.233919,29.622663],[-101.312158,29.597859],[-101.405098,29.778442],[-102.321011,29.893939],[-102.406096,29.777279],[-102.69104,29.736817],[-102.858781,29.229147],[-103.122771,28.996474],[-103.38663,29.028798],[-104.516639,29.654315],[-104.93434,30.610536],[-106.209249,31.477305],[-106.39177,31.745919],[-108.215121,31.777751],[-108.214811,31.327443],[-111.067118,31.333644],[-114.822108,32.50024],[-114.724285,32.712836],[-117.125121,32.531669],[-117.226186,32.697207],[-117.115089,32.600262],[-117.133209,32.689846],[-117.255279,32.691392],[-117.322161,33.108501],[-117.508844,33.335205],[-118.117387,33.743607],[-118.412041,33.741678],[-118.514068,34.022162],[-119.128653,34.100547],[-119.563175,34.414795],[-120.454107,34.442812],[-120.636627,34.562893],[-120.644887,35.13939],[-120.876682,35.22379],[-120.887318,35.432929],[-121.288313,35.66483],[-121.506678,36.00326],[-121.899661,36.3044],[-121.981115,36.583717],[-121.763743,36.722073],[-121.804246,36.836018],[-121.905601,36.969126],[-122.134991,36.965726],[-122.33929,37.118582],[-122.520472,37.531421],[-122.515172,37.781126],[-122.408637,37.810392],[-122.374109,37.604187],[-122.03214,37.463364],[-122.217293,37.758486],[-122.331509,37.782388],[-122.429698,37.964262],[-122.366306,38.012336],[-121.690044,38.009119],[-121.606679,38.099351],[-121.61276,38.021491],[-121.445383,38.003892],[-121.604075,38.10578],[-121.778709,38.036019],[-121.682602,38.147193],[-121.89817,38.053221],[-122.055165,38.133734],[-122.13029,38.042142],[-122.39652,38.153231],[-122.502317,38.113521],[-122.438801,37.882083],[-122.528426,37.816372],[-122.920142,38.065312],[-123.027453,37.994489],[-122.996297,38.24273],[-122.832265,38.095893],[-123.726242,38.918576],[-123.854019,39.833514],[-124.36351,40.261481],[-124.409202,40.443818],[-124.239738,40.758709],[-124.22576,40.686123],[-124.087398,40.825156],[-124.232841,40.766643],[-124.110413,41.015253],[-124.068349,41.539252],[-124.262895,41.776428],[-124.203684,41.971177],[-124.359556,42.113002],[-124.399891,42.61573],[-124.566762,42.83397],[-124.401324,43.310096],[-124.232874,43.424081],[-124.140035,43.375349],[-124.208698,43.45219],[-124.335229,43.365316],[-124.209788,43.65663],[-124.070218,43.711661],[-124.202945,43.680773],[-124.114084,44.307359],[-124.017893,44.409817],[-124.084352,44.498066],[-124.004755,44.616291],[-124.077992,44.674917],[-124.00178,45.344468],[-123.871083,45.697903],[-123.93788,45.660604],[-123.981139,45.760294],[-123.923329,46.013983],[-124.022664,46.230842],[-123.798736,46.102444],[-123.865419,46.186468],[-123.180095,46.179102],[-123.692967,46.305202],[-124.080175,46.271688],[-124.062876,46.654941],[-123.958119,46.378241],[-123.840647,46.415758],[-123.95641,46.623114],[-123.763987,46.678412],[-124.093379,46.743228],[-124.12682,46.898505],[-124.021311,46.832343],[-123.813059,46.95897],[-124.11687,47.042917],[-124.178461,46.925507],[-124.42276,47.741889],[-124.671986,47.990709],[-124.727528,48.387728],[-123.970991,48.165598],[-123.246927,48.115334],[-123.108251,48.183838],[-122.87328,47.99372],[-122.877756,48.106635],[-122.770172,48.141099],[-122.620107,47.877631],[-122.800364,47.679877],[-122.856435,47.826077],[-123.161285,47.356838],[-122.839182,47.431952],[-123.113515,47.391018],[-122.570953,47.81977],[-122.613189,47.94595],[-122.528066,47.905504],[-122.468373,47.756537],[-122.661041,47.730455],[-122.592152,47.58275],[-122.696929,47.623114],[-122.681508,47.527533],[-122.507924,47.520331],[-122.568512,47.264065],[-122.686269,47.301215],[-122.633127,47.404608],[-122.772776,47.173082],[-122.805653,47.397773],[-123.078765,47.130276],[-122.930247,47.174465],[-123.010487,47.082506],[-122.935414,47.130276],[-122.8933,47.047268],[-122.817128,47.165717],[-122.722483,47.089301],[-122.537506,47.315863],[-122.433095,47.264879],[-122.328481,47.357123],[-122.404368,47.797593],[-122.191721,48.026313],[-122.3756,48.213202],[-122.469472,48.177069],[-122.348012,48.054267],[-122.510365,48.147447],[-122.53395,48.249677],[-122.385854,48.303778],[-122.683461,48.430162],[-122.633046,48.516262],[-122.488881,48.454901],[-122.567006,48.585354],[-122.440297,48.580715],[-122.508616,48.755683],[-122.667348,48.731879],[-122.808095,48.934516],[-122.753017,48.992515]]],[[[-141.005564,69.650946],[-140.994929,60.304382],[-140.01579,60.187387],[-139.679816,60.32681],[-139.079465,60.341021],[-139.182146,60.073389],[-138.704888,59.898464],[-138.59921,59.753822],[-137.611363,59.239331],[-137.486875,58.900075],[-136.569489,59.172152],[-136.467557,59.461643],[-136.244728,59.528202],[-136.350329,59.592384],[-135.482759,59.792475],[-135.259879,59.698218],[-135.018524,59.559363],[-135.095754,59.418855],[-134.95783,59.280982],[-134.692084,59.235249],[-134.22219,58.842714],[-133.831129,58.718019],[-133.392241,58.403878],[-133.41503,58.330549],[-132.230994,57.19682],[-132.34122,57.080393],[-132.031859,57.028406],[-132.107384,56.858753],[-131.871558,56.79346],[-131.825592,56.593343],[-131.560363,56.594066],[-130.760334,56.345192],[-130.403974,56.121898],[-130.071539,56.084123],[-130.019618,55.907952],[-130.173655,55.749498],[-129.989247,55.284003],[-130.365387,54.907294],[-130.691274,54.762641],[-130.752512,54.969387],[-130.745188,54.821723],[-130.934234,54.824449],[-130.971018,55.061225],[-130.720326,55.081],[-130.461578,55.331855],[-130.759918,55.096991],[-131.057037,55.126288],[-130.924713,55.294013],[-130.612457,55.297065],[-130.861887,55.312161],[-130.9204,55.810452],[-131.196401,55.971422],[-131.009674,56.112616],[-131.914662,55.859442],[-131.763824,55.797349],[-131.880523,55.5987],[-132.004018,55.667629],[-131.961415,55.501044],[-132.17162,55.588528],[-132.266184,55.756293],[-132.046213,55.817288],[-131.963043,56.157375],[-131.489491,56.22248],[-131.907826,56.232733],[-131.980133,56.365912],[-132.344879,56.528998],[-132.305043,56.640204],[-132.540191,56.631496],[-132.35969,56.818427],[-132.514801,56.755439],[-132.761383,56.845771],[-132.922027,56.982856],[-132.76769,56.969672],[-132.7954,57.092719],[-132.877675,57.021308],[-133.165191,57.086005],[-133.167551,57.169623],[-133.317006,57.102484],[-133.551991,57.181464],[-133.471913,57.281887],[-133.038075,57.367092],[-133.419504,57.34394],[-133.335927,57.438178],[-133.497426,57.531562],[-133.3131,57.592963],[-133.59142,57.574612],[-133.648264,57.702826],[-133.003977,57.51789],[-133.52892,57.750922],[-133.551991,57.915107],[-133.124094,57.857123],[-133.554311,57.929429],[-133.68635,57.790717],[-133.861155,57.956732],[-133.691396,57.942043],[-133.764963,58.062242],[-133.682362,58.155341],[-133.864369,57.986965],[-134.059722,58.07217],[-134.004506,58.408596],[-133.771799,58.524644],[-133.976633,58.504828],[-134.157867,58.204291],[-134.756174,58.381537],[-134.991444,58.682929],[-134.915679,58.655585],[-134.950429,58.820054],[-135.025543,58.737535],[-135.149037,58.843695],[-135.361806,59.270819],[-135.348297,59.470608],[-135.414377,59.300605],[-135.553782,59.31977],[-135.307362,59.086982],[-135.553782,59.230414],[-135.374989,59.086982],[-135.385813,58.954332],[-135.162709,58.634508],[-135.226186,58.612291],[-135.057281,58.351549],[-135.093821,58.23725],[-135.350453,58.276801],[-135.484934,58.483954],[-135.478017,58.373765],[-135.909413,58.381293],[-135.875885,58.463202],[-135.950347,58.463202],[-135.847971,58.470038],[-135.820668,58.600328],[-136.073883,58.812649],[-135.77302,58.904527],[-136.046539,58.861029],[-136.157379,59.037584],[-136.224721,58.922512],[-136.099924,58.853746],[-136.209706,58.7508],[-136.475209,58.836575],[-136.492258,58.970893],[-136.574127,58.915717],[-136.711985,59.02558],[-136.633453,58.891791],[-137.059478,59.063707],[-136.903717,58.93244],[-137.129709,58.826321],[-136.587554,58.848334],[-136.484771,58.799628],[-136.649892,58.820054],[-136.515859,58.702379],[-136.3426,58.691555],[-136.525746,58.614],[-136.29304,58.669257],[-136.026723,58.388129],[-136.272817,58.312974],[-136.50593,58.442694],[-136.561147,58.373765],[-136.370595,58.299547],[-136.620513,58.353909],[-136.561147,58.257758],[-136.664784,58.220364],[-136.860504,58.382392],[-137.631459,58.606187],[-137.43814,58.655585],[-137.670644,58.633246],[-138.287913,59.080756],[-138.610015,59.127997],[-138.449086,59.191636],[-138.630483,59.142239],[-139.857004,59.546291],[-139.480051,59.704413],[-139.621083,59.890286],[-139.473215,59.993598],[-139.305165,59.864691],[-139.289906,59.576158],[-139.280385,59.833686],[-138.897369,59.813178],[-139.520904,60.0515],[-139.849029,59.819403],[-140.322743,59.701239],[-141.45401,59.882066],[-141.267323,59.955552],[-141.377675,60.142157],[-141.47761,60.11107],[-141.392934,60.02204],[-141.673492,59.961127],[-142.798492,60.112372],[-144.249623,60.032294],[-144.002553,60.03974],[-144.252553,60.154608],[-144.196441,60.205634],[-144.571116,60.190619],[-144.94164,60.306627],[-144.790842,60.464911],[-144.887034,60.485419],[-144.76061,60.672756],[-144.622792,60.717027],[-145.269521,60.357082],[-145.938754,60.456066],[-145.629018,60.679145],[-146.263173,60.653713],[-146.043446,60.801011],[-146.482289,60.686957],[-146.695709,60.744818],[-146.093088,60.84101],[-146.628285,60.827297],[-146.753285,60.955024],[-146.585846,60.944729],[-146.699818,60.976874],[-146.570465,61.030707],[-146.647939,61.073798],[-146.277984,61.122748],[-146.609446,61.130764],[-146.976715,60.945787],[-147.287913,61.007025],[-147.364613,60.891262],[-147.449859,60.902533],[-147.422597,61.012356],[-147.542063,60.913316],[-147.483998,61.073798],[-147.561147,61.155911],[-147.665273,61.014594],[-147.599029,60.869086],[-147.730458,60.889472],[-147.703114,60.950873],[-147.870188,60.837714],[-148.050404,60.950141],[-147.702138,61.213202],[-147.730458,61.279853],[-148.049428,61.026597],[-148.145945,61.117906],[-148.409495,61.060126],[-148.449818,60.991889],[-148.148752,61.060126],[-148.333119,60.971381],[-148.332875,60.819403],[-148.703684,60.79267],[-148.449818,60.800116],[-148.66747,60.674506],[-148.374705,60.779608],[-148.429921,60.62873],[-148.230702,60.772773],[-148.196604,60.62873],[-148.68989,60.457221],[-148.470204,60.54621],[-148.237538,60.457465],[-148.083608,60.604885],[-147.935902,60.461168],[-148.390859,60.277411],[-148.442983,60.183743],[-148.100331,60.220933],[-148.188832,60.134752],[-148.333119,60.170111],[-148.435374,59.959296],[-148.54601,60.032294],[-148.645579,59.923163],[-149.106882,59.96898],[-149.103098,60.058092],[-149.285878,59.874661],[-149.408681,60.123725],[-149.388905,59.997504],[-149.627878,59.828315],[-149.526723,59.717597],[-149.635935,59.74494],[-149.724721,59.964057],[-149.76594,59.839667],[-149.868113,59.847968],[-149.746083,59.667182],[-150.031687,59.799262],[-149.916493,59.717597],[-150.012685,59.628241],[-150.119252,59.700344],[-150.087839,59.594672],[-150.347971,59.469957],[-150.224355,59.715399],[-150.479482,59.467353],[-150.553334,59.535712],[-150.492502,59.600898],[-150.656972,59.552476],[-150.609324,59.438666],[-150.917673,59.326565],[-150.958608,59.203681],[-151.243479,59.318427],[-151.097239,59.232611],[-151.741526,59.167141],[-151.977162,59.279364],[-151.689076,59.480292],[-151.382192,59.44477],[-151.441477,59.532213],[-151.174143,59.600084],[-150.992787,59.779039],[-151.472605,59.635688],[-151.410512,59.607733],[-151.871775,59.749457],[-151.724965,60.024888],[-151.305979,60.386949],[-151.396921,60.738023],[-150.387034,61.047268],[-150.22529,60.937242],[-149.752919,60.973822],[-149.025828,60.854682],[-150.067332,61.155748],[-149.68342,61.399359],[-149.245554,61.498969],[-149.428171,61.51317],[-149.757395,61.453355],[-149.983754,61.246324],[-150.499623,61.261664],[-150.540273,61.369289],[-151.177113,61.053941],[-151.566762,60.994534],[-151.807729,60.847886],[-151.711374,60.725735],[-152.051381,60.673163],[-152.329579,60.492499],[-152.24592,60.395982],[-152.596303,60.228461],[-153.082631,60.299791],[-152.578603,60.070136],[-152.737904,59.908393],[-153.243357,59.862454],[-153.000071,59.813178],[-153.166249,59.664008],[-153.425242,59.649359],[-153.322214,59.717597],[-153.452585,59.79267],[-153.490712,59.650092],[-153.70641,59.631985],[-153.586415,59.56745],[-153.877146,59.546291],[-153.751454,59.440253],[-154.145253,59.381171],[-153.95344,59.361314],[-154.261301,59.148424],[-154.16511,59.02558],[-153.711537,59.070746],[-153.26415,58.857367],[-154.110463,58.477484],[-154.000234,58.385565],[-154.364369,58.285102],[-154.121327,58.279731],[-154.302317,58.196275],[-154.246775,58.12641],[-154.337026,58.162095],[-154.352773,58.082221],[-154.494089,58.203111],[-154.469838,58.08983],[-154.610789,58.120551],[-154.583119,58.02497],[-155.023142,58.02558],[-155.125315,57.956732],[-155.068674,57.897366],[-155.336985,57.833197],[-155.310292,57.740424],[-155.605092,57.792222],[-155.59081,57.675523],[-155.771433,57.644721],[-155.741648,57.552069],[-156.020457,57.576809],[-156.104726,57.531562],[-156.060658,57.430243],[-156.214589,57.476264],[-156.544626,57.322699],[-156.339955,57.285305],[-156.447377,57.229926],[-156.375925,57.143256],[-156.645375,57.05858],[-156.549794,56.982856],[-156.784779,57.04914],[-156.809438,56.906684],[-156.961293,56.97663],[-157.189402,56.776272],[-157.419667,56.867377],[-157.406321,56.763739],[-157.60558,56.722154],[-157.482655,56.620347],[-157.772898,56.684394],[-158.133168,56.530341],[-157.868967,56.569037],[-157.877146,56.478217],[-158.43102,56.438056],[-158.646433,56.270657],[-158.472971,56.34276],[-158.208241,56.283922],[-158.414377,56.202053],[-158.119496,56.236151],[-158.409657,56.180813],[-158.407582,56.078437],[-158.503245,56.10163],[-158.427561,56.006537],[-158.604685,56.052314],[-158.479237,56.191474],[-158.639638,56.202053],[-158.564565,56.167914],[-158.702341,56.147406],[-158.682932,55.958401],[-158.859446,56.012926],[-159.421702,55.790473],[-159.544993,55.889635],[-159.503651,55.766913],[-159.626536,55.578274],[-159.756907,55.5987],[-159.617014,55.635199],[-159.709706,55.667629],[-159.625234,55.81269],[-159.845774,55.851223],[-160.164052,55.657131],[-160.442128,55.646552],[-160.366404,55.605536],[-160.495188,55.486151],[-160.613474,55.605536],[-160.768137,55.545396],[-160.68342,55.464667],[-160.92455,55.51911],[-161.279164,55.354885],[-161.518422,55.383368],[-161.388743,55.57217],[-161.144887,55.53498],[-161.620798,55.612982],[-161.902415,55.217841],[-162.04601,55.235582],[-162.001291,55.093207],[-162.128,55.102973],[-162.101267,55.167914],[-162.230946,55.112738],[-162.202097,55.039862],[-162.44933,55.040269],[-162.517405,55.114691],[-162.360707,55.105292],[-162.645334,55.300035],[-162.718332,55.217922],[-162.559926,54.961249],[-162.649485,55.052965],[-162.877634,54.938951],[-163.183054,55.139146],[-163.205515,55.018988],[-163.049875,54.94184],[-163.341379,54.811103],[-163.38976,54.858873],[-163.279897,54.91352],[-163.347605,54.940823],[-163.245961,54.969957],[-163.334543,55.119534],[-162.497141,55.373969],[-162.621409,55.406928],[-161.799998,55.889716],[-161.155344,56.017035],[-161.367543,55.955634],[-160.874135,55.99315],[-161.023386,55.890774],[-160.689565,55.697903],[-160.791575,55.886705],[-160.24352,55.776842],[-160.579905,55.989732],[-160.18871,56.386908],[-159.208852,56.695461],[-158.889231,56.889594],[-159.024892,56.796576],[-158.639638,56.763739],[-158.682118,57.02204],[-158.312449,57.314887],[-157.757761,57.564276],[-157.413808,57.489936],[-157.392079,57.566311],[-157.595408,57.493232],[-157.602162,57.62401],[-157.70991,57.652533],[-157.60554,58.105211],[-157.384226,58.207099],[-157.139475,58.168402],[-157.482655,58.230414],[-157.562082,58.363674],[-157.436147,58.521633],[-156.940867,58.737535],[-157.077992,58.757392],[-156.783193,59.155219],[-157.084462,58.886664],[-158.203359,58.612982],[-158.557729,58.806464],[-158.421132,58.977118],[-158.497507,58.993964],[-158.1728,59.013007],[-157.995351,58.908271],[-158.544057,59.175767],[-158.462148,59.052802],[-158.729482,58.873603],[-158.746409,58.994818],[-158.825266,58.977118],[-158.787953,58.769761],[-158.914622,58.775377],[-158.708689,58.492255],[-158.881734,58.39962],[-159.051259,58.424709],[-159.482737,58.816067],[-159.660918,58.839443],[-159.617487,58.931324],[-159.90613,58.765406],[-159.997141,58.874091],[-160.328931,58.941429],[-160.255116,58.990302],[-160.352169,59.070659],[-160.83372,58.812546],[-160.888551,58.884102],[-161.306142,58.812649],[-161.376222,58.686802],[-161.301285,58.681818],[-161.707509,58.561184],[-161.765085,58.645087],[-162.176054,58.644923],[-161.677398,58.773527],[-161.774737,58.770507],[-161.855824,59.033759],[-161.569163,59.115058],[-161.97411,59.131415],[-162.038686,59.289374],[-161.713938,59.50137],[-162.209828,60.025458],[-162.25141,60.201419],[-162.149037,60.245185],[-162.290232,60.242499],[-162.228726,60.145586],[-162.317243,60.11306],[-162.45858,60.295086],[-162.22411,60.587836],[-161.88154,60.703925],[-162.183176,60.731147],[-162.123362,60.658922],[-162.276316,60.612942],[-162.415964,60.382392],[-162.703318,60.265692],[-162.450266,60.191067],[-162.525828,59.997504],[-163.316477,59.830268],[-164.098337,59.833686],[-164.21227,59.954983],[-164.114735,60.00495],[-164.412668,60.091783],[-164.649159,60.33393],[-164.988962,60.341376],[-165.143259,60.450629],[-164.985585,60.54682],[-165.431223,60.553046],[-164.999216,60.711371],[-165.031361,60.787014],[-164.874949,60.848782],[-164.937449,60.936469],[-164.270823,60.787909],[-164.218373,60.690172],[-164.420359,60.554267],[-163.955637,60.779853],[-163.816233,60.755113],[-163.811106,60.59394],[-163.686472,60.589748],[-163.409006,60.752346],[-163.930409,60.854682],[-163.563588,60.913316],[-163.756418,60.945258],[-163.704091,60.999661],[-164.007069,60.862209],[-165.170766,60.941596],[-164.766469,61.108588],[-165.058705,61.062893],[-165.191029,61.136461],[-165.060658,61.218451],[-165.143259,61.259426],[-165.082387,61.218451],[-165.15685,61.155748],[-165.362742,61.212795],[-164.72407,61.625556],[-165.294057,61.334459],[-165.225779,61.273098],[-165.390248,61.224595],[-165.373728,61.071601],[-165.605092,61.124498],[-165.609975,61.287299],[-165.87678,61.336575],[-165.918324,61.41474],[-165.776967,61.515815],[-166.106191,61.498521],[-166.199941,61.59455],[-166.144399,61.725531],[-166.116444,61.636135],[-165.766428,61.690823],[-166.102773,61.821112],[-165.588246,61.862128],[-165.750356,61.984442],[-165.705556,62.116604],[-165.133046,62.515692],[-164.608835,62.437445],[-164.733632,62.37873],[-164.581899,62.426174],[-164.857981,62.563625],[-164.479075,62.745917],[-164.813222,62.620185],[-164.890004,62.786933],[-164.766469,62.801215],[-164.883168,62.841539],[-164.690745,63.027086],[-164.313954,63.014106],[-164.595164,63.130113],[-164.423533,63.20897],[-163.994578,63.256252],[-163.541819,63.128811],[-163.806874,62.986151],[-163.528554,63.116685],[-163.093984,63.057359],[-162.596506,63.276679],[-162.309438,63.546576],[-162.018056,63.485826],[-162.168894,63.43122],[-161.056508,63.574408],[-160.766957,63.824123],[-160.973459,64.250474],[-161.257761,64.405097],[-161.188832,64.418118],[-161.538889,64.39765],[-161.41393,64.537543],[-161.035024,64.507758],[-161.085927,64.552558],[-160.833974,64.617336],[-160.791575,64.725898],[-161.155344,64.925198],[-161.020131,64.947211],[-161.545766,64.750881],[-161.806386,64.82274],[-161.71642,64.794867],[-162.51122,64.558661],[-162.781321,64.343695],[-162.827463,64.500637],[-163.148997,64.658271],[-163.38976,64.596869],[-163.039744,64.521145],[-163.165883,64.41059],[-163.678538,64.58633],[-164.937815,64.534735],[-164.924143,64.459662],[-164.766469,64.48017],[-165.035512,64.44831],[-166.189687,64.585191],[-166.483469,64.729641],[-166.390207,64.898505],[-166.957387,65.178127],[-166.880238,65.28205],[-166.932078,65.16885],[-166.712636,65.112942],[-166.371287,65.272528],[-166.031188,65.243104],[-167.398555,65.401082],[-168.137441,65.665025],[-167.531239,65.726142],[-167.561025,65.808905],[-167.345937,65.898586],[-167.059885,65.877631],[-166.310902,66.17536],[-165.500111,66.152289],[-165.889963,66.241034],[-165.48766,66.402289],[-165.033396,66.399319],[-164.718088,66.556342],[-164.274363,66.602281],[-163.628733,66.570014],[-163.930124,66.585761],[-163.7624,66.525824],[-163.895619,66.399319],[-163.854685,66.289455],[-164.191111,66.193305],[-163.91747,66.210679],[-163.680491,66.078599],[-162.758534,66.111314],[-162.676869,66.006537],[-162.179433,66.075914],[-161.858225,65.977281],[-161.50593,66.278876],[-161.086415,66.241034],[-161.162546,66.118598],[-161.017527,66.193305],[-161.135732,66.343166],[-161.510691,66.40766],[-161.874705,66.377631],[-161.896311,66.270453],[-161.888376,66.5244],[-162.625315,66.861477],[-162.484812,66.960395],[-162.30663,66.952948],[-162.016835,66.780951],[-162.065989,66.653062],[-161.633778,66.457994],[-161.204213,66.538642],[-160.76537,66.370429],[-160.228505,66.412055],[-160.274973,66.654608],[-161.136057,66.651923],[-161.495432,66.536689],[-161.901967,66.735093],[-161.730662,66.953559],[-161.525217,66.991441],[-162.288279,67.070868],[-162.456899,66.994574],[-162.360097,67.167426],[-162.580434,67.015041],[-163.724965,67.111274],[-163.823964,67.35456],[-164.151479,67.619615],[-166.29662,68.299628],[-166.82905,68.351386],[-166.315134,68.405992],[-166.222605,68.88581],[-164.346425,68.929389],[-163.622548,69.119208],[-163.125803,69.38996],[-163.064768,69.555976],[-163.148997,69.60578],[-162.938425,69.711249],[-163.018748,69.745836],[-161.90571,70.320624],[-161.703359,70.263739],[-162.121693,70.153876],[-160.9499,70.290432],[-160.172231,70.604926],[-159.947092,70.597235],[-159.943837,70.521959],[-160.201894,70.47663],[-159.921986,70.489651],[-160.133656,70.325141],[-159.948476,70.370429],[-159.771189,70.195461],[-159.887278,70.387193],[-159.825795,70.497056],[-159.291371,70.538072],[-159.715932,70.497056],[-160.127431,70.626207],[-159.161,70.886908],[-159.449045,70.777045],[-159.222483,70.68891],[-159.279042,70.764716],[-158.989735,70.777045],[-159.060414,70.816555],[-157.864939,70.866441],[-156.471506,71.412502],[-156.371653,71.380316],[-156.604441,71.353664],[-156.042714,71.215888],[-156.110951,71.174872],[-155.573435,71.150377],[-155.7447,71.004462],[-156.187327,70.921698],[-155.981272,70.894355],[-155.978098,70.75967],[-155.577138,70.845933],[-155.308583,71.028754],[-155.191721,70.995063],[-155.289174,71.086127],[-155.08967,71.154934],[-155.097401,71.017279],[-154.971669,71.120063],[-154.600168,71.012885],[-154.810007,70.880683],[-154.230336,70.778388],[-153.893546,70.898383],[-153.255686,70.932766],[-152.714915,70.821031],[-152.712514,70.890367],[-152.327504,70.856879],[-152.219228,70.812445],[-152.509145,70.663886],[-152.075266,70.579047],[-152.630116,70.558539],[-151.733266,70.558539],[-151.979685,70.448717],[-151.222279,70.375718],[-150.793528,70.503323],[-150.379384,70.497016],[-150.416737,70.414537],[-149.488515,70.523017],[-148.51183,70.318345],[-147.842763,70.307522],[-147.679596,70.212226],[-145.880198,70.174954],[-144.941558,69.977973],[-144.129547,70.067694],[-144.071441,69.989407],[-144.064036,70.085598],[-143.550689,70.126614],[-143.297515,70.043402],[-143.235666,70.118232],[-141.412913,69.650377],[-141.005564,69.650946]]],[[[-123.090506,48.992515],[-123.035308,48.992499],[-123.08849,48.972235],[-123.090506,48.992515]]],[[[-73.93338,40.797187],[-74.016916,40.699286],[-73.928049,40.877509],[-73.93338,40.797187]]],[[[-71.315094,41.580797],[-71.335927,41.62637],[-71.335927,41.65762],[-71.315094,41.580797]]],[[[-69.664052,43.78913],[-69.688791,43.828192],[-69.647125,43.837307],[-69.664052,43.78913]]],[[[-69.66926,43.955797],[-69.695981,43.880445],[-69.706855,43.865349],[-69.66926,43.955797]]],[[[-68.60676,44.088609],[-68.634104,44.018297],[-68.653635,44.052151],[-68.60676,44.088609]]],[[[-68.811187,44.148505],[-68.88801,44.130276],[-68.940094,44.125067],[-68.811187,44.148505]]],[[[-68.390614,44.162828],[-68.463531,44.149807],[-68.472646,44.177151],[-68.390614,44.162828]]],[[[-68.920562,44.237047],[-68.927073,44.266995],[-68.924469,44.307359],[-68.920562,44.237047]]],[[[-68.489573,44.347724],[-68.509104,44.322984],[-68.519521,44.367255],[-68.489573,44.347724]]],[[[-68.868479,44.381578],[-68.885406,44.330797],[-68.916656,44.34512],[-68.868479,44.381578]]],[[[-67.566396,44.461005],[-67.605458,44.48314],[-67.60025,44.518297],[-67.566396,44.461005]]],[[[-67.283844,44.619859],[-67.276031,44.602932],[-67.321604,44.602932],[-67.283844,44.619859]]],[[[-67.045115,44.927151],[-67.02949,44.944485],[-66.989573,44.89761],[-67.045115,44.927151]]],[[[-132.647694,54.817857],[-132.6162,54.760199],[-132.78482,54.92772],[-132.629303,54.903998],[-132.647694,54.817857]]],[[[-131.243723,54.934556],[-131.331166,54.861233],[-131.482167,54.925605],[-131.243723,54.934556]]],[[[-132.826487,55.054389],[-132.822662,55.190497],[-132.668202,55.050686],[-132.826487,55.054389]]],[[[-132.702952,54.701239],[-132.842885,54.693793],[-132.908355,54.838324],[-133.147939,54.954413],[-133.182118,55.235582],[-132.702952,54.701239]]],[[[-131.479563,55.006293],[-131.547841,55.088813],[-131.624501,55.017401],[-131.517242,55.134182],[-131.551584,55.276557],[-131.372792,55.201483],[-131.357045,55.032538],[-131.479563,55.006293]]],[[[-133.291371,55.262926],[-133.209381,55.270413],[-133.449859,55.25023],[-133.318105,55.339057],[-133.291371,55.262926]]],[[[-131.818471,55.413764],[-131.636098,55.299302],[-131.763824,55.248684],[-131.72289,55.140082],[-131.817779,55.197984],[-131.818471,55.413764]]],[[[-133.449615,55.406928],[-133.607289,55.235582],[-133.689198,55.311347],[-133.580556,55.426215],[-133.449615,55.406928]]],[[[-133.538401,55.482652],[-133.418446,55.475572],[-133.600453,55.447903],[-133.538401,55.482652]]],[[[-133.346588,55.447903],[-133.428538,55.544135],[-133.272084,55.530463],[-133.346588,55.447903]]],[[[-133.603871,55.489447],[-133.799062,55.447903],[-133.70287,55.557766],[-133.603871,55.489447]]],[[[-133.305653,55.797349],[-133.49059,55.790473],[-133.542104,55.694892],[-133.682362,55.790473],[-133.305653,55.797349]]],[[[-133.285146,55.907172],[-133.250803,55.775946],[-133.341176,55.837348],[-133.285146,55.907172]]],[[[-155.652333,55.886664],[-155.556101,55.914618],[-155.597264,55.760431],[-155.749849,55.81768],[-155.652333,55.886664]]],[[[-134.17927,55.914618],[-134.101552,55.920803],[-134.258412,55.818427],[-134.347157,55.910956],[-134.17927,55.914618]]],[[[-133.919504,55.920844],[-133.832183,55.90058],[-133.912668,55.862779],[-133.919504,55.920844]]],[[[-130.961903,55.58511],[-130.971669,55.38524],[-131.192006,55.185736],[-131.311391,55.235582],[-131.20995,55.406317],[-131.298329,55.276557],[-131.463206,55.293402],[-131.270741,55.447333],[-131.350819,55.645575],[-131.325429,55.446763],[-131.462148,55.331855],[-131.421254,55.530463],[-131.5065,55.499416],[-131.526479,55.299384],[-131.820221,55.463813],[-131.619781,55.595282],[-131.686879,55.683905],[-131.517445,55.729071],[-131.709218,55.739651],[-131.482655,55.783026],[-131.687734,55.831977],[-131.470367,55.831977],[-131.578847,55.907172],[-131.280263,55.965155],[-130.968739,55.701117],[-130.961903,55.58511]]],[[[-133.607289,56.078518],[-133.285308,56.147203],[-133.311147,55.99787],[-133.794911,55.94359],[-133.607289,56.078518]]],[[[-132.548411,56.304429],[-132.39977,56.350409],[-132.483795,56.194566],[-132.092193,56.106431],[-132.202016,56.09219],[-132.133453,55.929023],[-132.645416,56.058092],[-132.702952,56.22248],[-132.548411,56.304429]]],[[[-131.976715,54.831529],[-132.004018,54.693793],[-132.27774,54.71483],[-132.216298,54.803656],[-132.35969,54.803656],[-132.26476,54.84455],[-132.380198,55.023383],[-132.436147,54.916571],[-132.490061,55.002875],[-132.593414,54.968248],[-132.464955,55.050727],[-132.612904,55.064276],[-132.558339,55.167914],[-132.640859,55.25609],[-132.696116,55.146877],[-132.799143,55.270413],[-132.94933,55.208319],[-133.035024,55.225653],[-132.909779,55.285224],[-133.212961,55.279202],[-133.206614,55.384467],[-132.846303,55.352281],[-133.125844,55.483588],[-132.908355,55.63288],[-133.379058,55.629788],[-133.381947,55.722846],[-133.139801,55.876614],[-133.259755,55.945299],[-133.264638,56.147406],[-133.57311,56.184963],[-133.614735,56.352851],[-133.182118,56.332343],[-133.024892,56.172024],[-133.140492,56.119452],[-133.079091,56.058051],[-132.73644,55.996568],[-132.508412,55.827623],[-132.434804,55.626654],[-132.370513,55.667629],[-132.140614,55.465277],[-132.523508,55.62523],[-132.681793,55.455308],[-132.276926,55.452704],[-132.483795,55.406928],[-132.154897,55.365953],[-132.095286,55.267076],[-132.240224,55.197211],[-131.994293,55.268134],[-132.001454,55.104478],[-132.223134,54.989203],[-131.963043,55.030219],[-132.047027,54.898586],[-131.976715,54.831529]]],[[[-132.612904,56.400621],[-132.647206,56.282416],[-132.819651,56.236151],[-133.055247,56.344794],[-132.924224,56.451972],[-132.612904,56.400621]]],[[[-132.004018,56.339179],[-131.928334,56.194566],[-132.072336,56.119452],[-132.338246,56.257799],[-132.375356,56.488471],[-132.004018,56.339179]]],[[[-154.055816,56.530341],[-153.877146,56.565131],[-154.137807,56.510484],[-154.055816,56.530341]]],[[[-157.060618,56.582221],[-156.978261,56.536526],[-157.331248,56.524156],[-157.060618,56.582221]]],[[[-154.42516,56.593044],[-154.430287,56.556789],[-154.610789,56.483222],[-154.42516,56.593044]]],[[[-154.08259,56.552069],[-154.341624,56.528144],[-154.08259,56.606106],[-154.08259,56.552069]]],[[[-132.959584,56.787991],[-132.816314,56.797349],[-132.533437,56.580308],[-132.918609,56.507025],[-132.959584,56.787991]]],[[[-133.884674,56.490058],[-133.847483,56.298245],[-133.972524,56.3605],[-133.891916,56.229804],[-133.949127,56.092353],[-134.039296,56.112616],[-134.052317,56.318752],[-134.190094,56.178127],[-134.086415,56.09219],[-134.129384,55.999457],[-134.264556,56.260403],[-134.160064,56.312405],[-134.281972,56.362779],[-134.178375,56.441352],[-134.039296,56.373358],[-134.034413,56.485907],[-134.306142,56.565131],[-134.086415,56.64704],[-134.357574,56.676581],[-134.40567,56.852688],[-134.107533,56.84634],[-134.264556,56.941881],[-134.012685,56.885159],[-133.904897,56.760647],[-133.993764,56.639228],[-133.862375,56.809882],[-133.717152,56.771186],[-133.735911,56.567125],[-133.922597,56.616645],[-133.884674,56.490058]]],[[[-133.912668,57.08275],[-133.263254,56.925279],[-133.298736,57.010199],[-133.052358,56.982856],[-132.935658,56.866848],[-132.933949,56.641588],[-133.010813,56.606106],[-133.346425,56.837592],[-133.079091,56.530341],[-133.621246,56.442206],[-133.67927,56.853705],[-133.764963,56.812201],[-133.888173,56.901435],[-133.73762,56.89411],[-134.018178,57.017564],[-133.912668,57.08275]]],[[[-152.907867,57.16474],[-153.272165,56.998521],[-153.41161,57.079047],[-153.244374,57.211005],[-153.212351,57.133694],[-152.907867,57.16474]]],[[[-135.601552,57.171576],[-135.628245,57.010199],[-135.841135,56.989691],[-135.710805,57.168443],[-135.855377,57.22309],[-135.843739,57.324693],[-135.615224,57.284491],[-135.601552,57.171576]]],[[[-134.62149,56.743842],[-134.66747,56.170396],[-135.052846,56.537828],[-134.847401,56.688666],[-134.961008,56.626532],[-134.984731,56.714545],[-135.109771,56.601752],[-134.99885,56.761664],[-135.187896,56.676744],[-135.121734,56.832017],[-135.367543,56.828925],[-135.350006,56.970404],[-135.165354,57.041734],[-135.374989,57.092719],[-135.266428,57.161038],[-135.412913,57.157904],[-135.334055,57.250393],[-135.529205,57.236721],[-135.674957,57.358629],[-135.475331,57.354315],[-135.608998,57.3876],[-135.381174,57.553616],[-135.279408,57.511054],[-135.396067,57.442694],[-134.994781,57.397773],[-134.909495,57.339789],[-134.984527,57.298163],[-134.838979,57.257799],[-134.62149,56.743842]]],[[[-153.301747,57.833197],[-153.541941,57.935614],[-153.32665,57.926581],[-153.212351,57.81269],[-153.301747,57.833197]]],[[[-152.160878,57.627143],[-152.362986,57.428534],[-152.973378,57.51789],[-152.910715,57.489936],[-153.041697,57.428534],[-152.832468,57.476264],[-152.596018,57.373928],[-152.837473,57.270738],[-152.882151,57.352484],[-153.174753,57.351386],[-152.959096,57.257148],[-153.391103,57.209418],[-153.455271,57.116848],[-153.54186,57.175849],[-153.498158,57.074286],[-153.761057,57.051744],[-153.559763,56.986518],[-153.987253,56.743842],[-154.149526,56.750922],[-153.774729,56.997138],[-153.973337,56.962958],[-153.739939,57.133694],[-154.099558,56.96483],[-153.959665,57.120063],[-154.494944,57.113593],[-154.103708,57.113837],[-154.304921,56.85578],[-154.528554,56.991645],[-154.601511,57.258938],[-154.810007,57.346584],[-154.220326,57.675523],[-154.018625,57.647203],[-153.973337,57.572496],[-154.110463,57.544582],[-153.935496,57.53498],[-153.890736,57.408026],[-153.630686,57.270901],[-153.850819,57.577297],[-153.678456,57.544582],[-153.884592,57.648261],[-153.584584,57.617092],[-153.905751,57.711249],[-153.924631,57.810492],[-153.665476,57.89468],[-153.507192,57.627143],[-153.499135,57.760891],[-153.321278,57.730902],[-153.449167,57.846869],[-153.178822,57.709662],[-153.240305,57.902086],[-153.048451,57.833197],[-153.28425,58.010443],[-152.808298,57.908271],[-152.885569,57.728705],[-152.817983,57.860419],[-152.486318,57.910712],[-152.329091,57.825751],[-152.551137,57.703315],[-152.160878,57.627143]]],[[[-136.389801,57.963568],[-136.451283,57.846869],[-136.542836,58.065904],[-136.338368,58.014635],[-136.389801,57.963568]]],[[[-153.418365,58.065985],[-153.277781,58.146796],[-152.890818,57.997707],[-153.418365,58.065985]]],[[[-151.866078,58.257758],[-151.793446,58.244696],[-151.846181,58.175198],[-151.866078,58.257758]]],[[[-135.847971,57.394355],[-136.012441,57.51789],[-135.800893,57.465806],[-136.073883,57.607327],[-135.950347,57.620917],[-136.115468,57.621649],[-136.224721,57.784817],[-136.416493,57.825751],[-136.31192,57.99551],[-136.032948,57.846869],[-136.409657,58.079901],[-136.272532,58.106879],[-136.355702,58.219875],[-136.101186,58.058539],[-136.136586,58.223049],[-135.965321,58.164008],[-135.785064,58.276068],[-135.484853,58.162095],[-135.78307,58.04206],[-135.624827,58.01317],[-135.793324,57.984036],[-135.656158,57.949286],[-135.389272,58.141059],[-134.924794,58.027493],[-134.915679,57.846869],[-135.203684,57.943061],[-134.930002,57.81269],[-135.013783,57.785875],[-135.889556,57.997707],[-135.372385,57.805243],[-135.363881,57.726223],[-134.913889,57.755845],[-134.813873,57.497463],[-135.056874,57.46662],[-135.813222,57.764309],[-135.703969,57.675523],[-135.806996,57.641425],[-135.604848,57.607082],[-135.656158,57.552069],[-135.546295,57.466051],[-135.847971,57.394355]]],[[[-134.597279,58.23725],[-134.67984,58.309272],[-134.563344,58.34455],[-134.258412,58.196275],[-134.597279,58.23725]]],[[[-134.353993,57.092719],[-134.614613,57.010199],[-134.63329,57.224189],[-134.457021,57.311835],[-134.556304,57.397773],[-134.306142,57.394355],[-134.569163,57.492011],[-134.353993,57.544582],[-134.566884,57.511054],[-134.653554,57.598212],[-134.806467,58.055406],[-134.731313,58.1789],[-134.783681,58.1105],[-134.907623,58.201239],[-134.961008,58.404853],[-134.693186,58.168402],[-134.176991,58.16352],[-133.789296,57.588853],[-134.306752,58.09809],[-134.224233,57.969713],[-134.31664,57.996649],[-134.289174,57.836656],[-133.839996,57.462633],[-134.072825,57.511054],[-133.86498,57.355129],[-134.175852,57.3876],[-134.084788,57.256415],[-134.353993,57.092719]]],[[[-151.966013,58.332831],[-152.116811,58.147895],[-152.27656,58.264228],[-152.370066,58.203111],[-152.273874,58.134833],[-152.548207,58.086412],[-152.57665,58.206692],[-152.804921,57.991523],[-153.229604,58.168891],[-152.9051,58.168402],[-153.109934,58.271389],[-152.767323,58.257758],[-152.760487,58.360175],[-152.883372,58.408596],[-152.650624,58.483629],[-152.499827,58.463202],[-152.419667,58.322943],[-152.349355,58.421129],[-152.116811,58.401109],[-152.143544,58.233832],[-151.966013,58.332831]]],[[[-152.644399,58.518459],[-152.348988,58.628323],[-152.502024,58.473456],[-152.644399,58.518459]]],[[[-160.947643,58.737648],[-160.687786,58.818724],[-160.897858,58.570343],[-161.085979,58.553326],[-161.171903,58.690754],[-161.07803,58.639275],[-160.947643,58.737648]]],[[[-152.249705,58.922512],[-152.363271,58.915717],[-152.157786,58.956692],[-152.249705,58.922512]]],[[[-150.704172,59.395453],[-150.608591,59.381171],[-150.76183,59.316799],[-150.704172,59.395453]]],[[[-153.524526,59.330268],[-153.538157,59.377102],[-153.397939,59.408515],[-153.524526,59.330268]]],[[[-150.334828,59.456977],[-150.321278,59.422349],[-150.379099,59.431383],[-150.334828,59.456977]]],[[[-144.341786,59.984524],[-144.208608,60.011786],[-144.605295,59.813178],[-144.341786,59.984524]]],[[[-148.005035,60.046576],[-148.182322,59.964057],[-148.223256,59.99136],[-148.005035,60.046576]]],[[[-147.82665,60.052802],[-147.98176,59.959052],[-147.891754,60.069037],[-147.82665,60.052802]]],[[[-147.963775,60.07392],[-148.141306,60.011786],[-147.966461,60.156562],[-147.881256,60.107367],[-147.963775,60.07392]]],[[[-148.159373,60.043158],[-148.313832,60.032294],[-148.049998,60.195705],[-148.159373,60.043158]]],[[[-147.107249,60.2862],[-146.922271,60.313463],[-147.49234,59.861802],[-147.915395,59.79267],[-147.201161,60.242174],[-147.189605,60.362209],[-147.011057,60.347602],[-147.107249,60.2862]]],[[[-147.977447,60.375556],[-148.014109,60.308336],[-148.128285,60.306627],[-147.977447,60.375556]]],[[[-145.174428,60.382392],[-145.095082,60.416327],[-145.12328,60.311754],[-145.284291,60.33393],[-145.174428,60.382392]]],[[[-146.188629,60.402167],[-146.078765,60.402167],[-146.600168,60.245185],[-146.682037,60.2862],[-146.490305,60.361274],[-146.722646,60.386217],[-146.588124,60.484036],[-146.120351,60.427069],[-146.188629,60.402167]]],[[[-147.771392,60.409654],[-147.84024,60.395982],[-147.70816,60.506781],[-147.614369,60.436957],[-147.737213,60.395982],[-147.625356,60.389594],[-147.798695,60.170111],[-147.908559,60.292955],[-147.780385,60.314846],[-147.874989,60.333401],[-147.771392,60.409654]]],[[[-151.869822,60.485419],[-152.038564,60.350409],[-151.990224,60.419094],[-151.869822,60.485419]]],[[[-145.757232,60.62873],[-145.913686,60.536811],[-146.093088,60.525784],[-145.757232,60.62873]]],[[[-147.49767,60.656684],[-147.413075,60.702053],[-147.339711,60.645575],[-147.49767,60.656684]]],[[[-147.929067,60.718166],[-147.847076,60.693996],[-148.012196,60.725002],[-147.929067,60.718166]]],[[[-148.16865,60.662909],[-148.21703,60.759101],[-148.111155,60.738105],[-148.16865,60.662909]]],[[[-148.087351,60.800116],[-148.107777,60.923],[-147.912343,60.825426],[-148.087351,60.800116]]],[[[-162.34081,63.602484],[-162.384145,63.557766],[-162.602528,63.613715],[-162.34081,63.602484]]],[[[-163.185374,69.610256],[-163.129099,69.681545],[-163.176259,69.482245],[-163.185374,69.610256]]],[[[-141.423085,69.721869],[-141.472564,69.720771],[-141.800282,69.809149],[-141.423085,69.721869]]],[[[-163.055776,69.804511],[-162.841135,69.93476],[-163.129099,69.701972],[-163.055776,69.804511]]],[[[-162.701772,70.022325],[-162.556467,70.090277],[-162.806345,69.948391],[-162.701772,70.022325]]],[[[-162.484527,70.173163],[-162.162709,70.269924],[-162.559926,70.106024],[-162.484527,70.173163]]],[[[-161.551137,70.325995],[-161.912099,70.339911],[-161.96996,70.321234],[-161.551137,70.325995]]],[[[-148.819692,70.469794],[-149.015696,70.484931],[-149.236277,70.55329],[-148.819692,70.469794]]],[[[-81.746246,24.576117],[-81.746246,24.569892],[-81.784413,24.546129],[-81.746246,24.576117]]],[[[-81.705312,24.597805],[-81.654612,24.593207],[-81.711497,24.576117],[-81.705312,24.597805]]],[[[-81.506012,24.638821],[-81.636464,24.583564],[-81.52717,24.624498],[-81.560658,24.693427],[-81.506012,24.638821]]],[[[-81.087717,24.68594],[-81.11559,24.715725],[-81.043691,24.724311],[-81.087717,24.68594]]],[[[-81.430287,24.754828],[-81.417307,24.748684],[-81.340566,24.646715],[-81.430287,24.754828]]],[[[-80.923818,24.76911],[-80.932118,24.763739],[-81.03307,24.720689],[-80.923818,24.76911]]],[[[-80.800364,24.843573],[-80.793528,24.830552],[-80.793528,24.816881],[-80.800364,24.843573]]],[[[-80.320546,25.248277],[-80.598012,24.9501],[-80.251617,25.344468],[-80.320546,25.248277]]],[[[-80.190175,25.481024],[-80.232533,25.404731],[-80.199941,25.489814],[-80.190175,25.481024]]],[[[-80.162913,25.672838],[-80.173573,25.702867],[-80.175689,25.718329],[-80.162913,25.672838]]],[[[-82.129221,26.461127],[-82.026845,26.447455],[-82.204945,26.550482],[-82.129221,26.461127]]],[[[-82.260162,26.701321],[-82.245961,26.694525],[-82.225453,26.611274],[-82.260162,26.701321]]],[[[-82.136708,26.584662],[-82.177642,26.701321],[-82.082021,26.491523],[-82.136708,26.584662]]],[[[-82.273834,26.803127],[-82.259104,26.73725],[-82.277821,26.785061],[-82.273834,26.803127]]],[[[-97.198313,26.276109],[-97.166379,26.102847],[-97.397532,26.831],[-97.377065,27.207831],[-97.198313,26.276109]]],[[[-82.65746,27.396796],[-82.680979,27.434068],[-82.593088,27.33983],[-82.65746,27.396796]]],[[[-97.075429,27.814521],[-97.397532,27.228909],[-97.25414,27.659654],[-97.075429,27.814521]]],[[[-80.388783,27.718655],[-80.444569,27.857489],[-80.162913,27.173651],[-80.388783,27.718655]]],[[[-96.880238,28.130113],[-96.938222,27.983059],[-96.95934,27.983059],[-96.880238,28.130113]]],[[[-80.636464,28.181057],[-80.640696,28.204169],[-80.631988,28.190416],[-80.636464,28.181057]]],[[[-96.427724,28.393297],[-96.835805,28.071194],[-96.807769,28.187649],[-96.427724,28.393297]]],[[[-96.3697,28.406928],[-96.232533,28.482733],[-96.254954,28.471096],[-96.3697,28.406928]]],[[[-80.67748,28.578925],[-80.64977,28.225165],[-80.737416,28.484849],[-80.67748,28.578925]]],[[[-90.943715,29.060777],[-90.903188,29.057196],[-90.879628,29.051256],[-90.943715,29.060777]]],[[[-90.346547,29.058051],[-90.31078,29.082424],[-90.293609,29.086127],[-90.346547,29.058051]]],[[[-89.962961,29.270982],[-89.955474,29.25731],[-90.030629,29.216376],[-89.962961,29.270982]]],[[[-94.81428,29.352932],[-94.724409,29.333155],[-95.116544,29.088993],[-94.81428,29.352932]]],[[[-89.167836,29.50373],[-89.161366,29.500637],[-89.203236,29.469143],[-89.167836,29.50373]]],[[[-91.802073,29.490058],[-92.03539,29.596177],[-91.720204,29.581732],[-91.802073,29.490058]]],[[[-85.141754,29.640855],[-85.212799,29.688707],[-85.08609,29.685736],[-85.141754,29.640855]]],[[[-84.737375,29.736477],[-84.788238,29.695502],[-85.031565,29.610907],[-84.737375,29.736477]]],[[[-89.45519,29.791693],[-89.440256,29.748481],[-89.48998,29.736477],[-89.45519,29.791693]]],[[[-89.304351,29.805365],[-89.283762,29.811021],[-89.290679,29.771226],[-89.304351,29.805365]]],[[[-84.617014,29.805365],[-84.583608,29.821845],[-84.608713,29.789252],[-84.617014,29.805365]]],[[[-89.234364,29.948432],[-89.24059,29.929348],[-89.293935,29.920071],[-89.234364,29.948432]]],[[[-89.272939,29.982082],[-89.304107,29.932359],[-89.309438,29.93651],[-89.272939,29.982082]]],[[[-88.872426,30.058661],[-88.854563,29.769192],[-88.823964,29.9289],[-88.872426,30.058661]]],[[[-89.433013,30.145697],[-89.426422,30.148383],[-89.431264,30.133368],[-89.433013,30.145697]]],[[[-89.188344,30.079739],[-89.345326,30.066067],[-89.180816,30.168524],[-89.188344,30.079739]]],[[[-88.940785,30.217515],[-88.927846,30.217597],[-88.969309,30.210639],[-88.940785,30.217515]]],[[[-88.503041,30.216254],[-88.503041,30.223782],[-88.434193,30.209418],[-88.503041,30.216254]]],[[[-89.057973,30.257799],[-89.089467,30.196601],[-89.098948,30.216254],[-89.057973,30.257799]]],[[[-88.643056,30.240465],[-88.537913,30.224433],[-88.756337,30.250434],[-88.643056,30.240465]]],[[[-88.071116,30.250434],[-88.296986,30.244696],[-88.125315,30.265082],[-88.071116,30.250434]]],[[[-86.693756,30.408108],[-86.52184,30.401272],[-87.296498,30.332343],[-86.693756,30.408108]]],[[[-81.478749,30.805976],[-81.417307,30.970404],[-81.461659,30.725816],[-81.478749,30.805976]]],[[[-118.358766,32.827828],[-118.49915,32.850628],[-118.607215,33.030856],[-118.358766,32.827828]]],[[[-79.340443,33.060248],[-79.368398,33.005683],[-79.337758,33.066148],[-79.340443,33.060248]]],[[[-119.488604,33.267188],[-119.434337,33.224012],[-119.578926,33.276097],[-119.488604,33.267188]]],[[[-118.515654,33.423005],[-118.603913,33.476589],[-118.30434,33.30904],[-118.515654,33.423005]]],[[[-77.96996,33.889553],[-77.96996,33.847968],[-78.017812,33.875881],[-77.96996,33.889553]]],[[[-120.044139,34.037273],[-119.96883,33.941117],[-120.109891,33.89314],[-120.248517,34.001127],[-120.044139,34.037273]]],[[[-120.344582,34.046492],[-120.373825,34.017764],[-120.415274,34.054496],[-120.344582,34.046492]]],[[[-119.529426,34.025248],[-119.817205,33.959338],[-119.933019,34.060229],[-119.529426,34.025248]]],[[[-77.87442,34.088121],[-77.844228,34.166653],[-77.823354,34.171861],[-77.87442,34.088121]]],[[[-77.431874,34.499661],[-77.353017,34.527574],[-77.634185,34.362494],[-77.431874,34.499661]]],[[[-76.565338,34.670966],[-76.537709,34.642157],[-76.643219,34.678412],[-76.565338,34.670966]]],[[[-76.89745,34.698228],[-76.681467,34.705146],[-77.099762,34.649848],[-76.89745,34.698228]]],[[[-76.256256,34.913642],[-76.249664,34.903225],[-76.530629,34.589057],[-76.256256,34.913642]]],[[[-76.078114,35.071601],[-76.043935,35.056301],[-76.137278,35.003404],[-76.078114,35.071601]]],[[[-75.98998,35.12344],[-75.798899,35.184231],[-75.817372,35.162909],[-75.98998,35.12344]]],[[[-75.476064,35.69538],[-75.515614,35.260199],[-75.735748,35.18769],[-75.516347,35.291002],[-75.517079,35.780748],[-75.476064,35.69538]]],[[[-75.715688,35.92475],[-75.688344,35.938422],[-75.622141,35.834662],[-75.715688,35.92475]]],[[[-75.656127,37.461506],[-75.719214,37.368298],[-75.684319,37.436735],[-75.656127,37.461506]]],[[[-75.621981,37.57112],[-75.602195,37.562408],[-75.674375,37.485835],[-75.621981,37.57112]]],[[[-76.005365,38.026514],[-76.017226,37.928794],[-76.045255,37.980088],[-76.005365,38.026514]]],[[[-76.03323,38.148551],[-76.079009,38.182844],[-76.036218,38.189908],[-76.03323,38.148551]]],[[[-75.15331,38.207017],[-75.092437,38.302639],[-75.392913,37.864699],[-75.15331,38.207017]]],[[[-74.358795,39.44717],[-74.31786,39.454006],[-74.430898,39.42536],[-74.358795,39.44717]]],[[[-74.132883,39.714667],[-74.129682,39.70129],[-74.255767,39.529731],[-74.132883,39.714667]]],[[[-73.256144,40.639052],[-73.566393,40.59032],[-73.357601,40.640328],[-73.256144,40.639052]]],[[[-74.126088,40.63349],[-74.053569,40.602704],[-74.250831,40.501397],[-74.126088,40.63349]]],[[[-72.881511,40.7344],[-72.757083,40.768802],[-73.305046,40.629922],[-72.881511,40.7344]]],[[[-71.918935,41.064887],[-72.723955,40.770419],[-72.650516,40.797455],[-73.710925,40.610212],[-73.581801,40.584486],[-73.93947,40.541959],[-73.768806,40.618546],[-74.03999,40.619786],[-73.9086,40.788677],[-73.757522,40.771111],[-73.485687,40.945626],[-72.628326,40.983588],[-72.275543,41.162624],[-72.624623,40.907823],[-71.918935,41.064887]]],[[[-71.559474,41.201024],[-71.571572,41.149769],[-71.591217,41.197333],[-71.559474,41.201024]]],[[[-71.998734,41.251666],[-72.011349,41.276208],[-71.939757,41.292197],[-71.998734,41.251666]]],[[[-70.054149,41.392686],[-69.967149,41.249453],[-70.278112,41.307907],[-70.081939,41.292548],[-70.054149,41.392686]]],[[[-70.5006,41.393622],[-70.455719,41.429633],[-70.45287,41.358873],[-70.5006,41.393622]]],[[[-70.576405,41.427802],[-70.507436,41.362616],[-70.846221,41.346666],[-70.576405,41.427802]]],[[[-71.357818,41.558173],[-71.392649,41.463284],[-71.387807,41.512885],[-71.357818,41.558173]]],[[[-69.973012,41.653713],[-69.95995,41.640692],[-70.002105,41.553778],[-69.973012,41.653713]]],[[[-71.285512,41.581732],[-71.220611,41.660549],[-71.233632,41.489203],[-71.354563,41.458319],[-71.285512,41.581732]]],[[[-123.973997,46.49293],[-123.947118,46.44868],[-123.997763,46.453397],[-123.973997,46.49293]]],[[[-122.435129,47.425727],[-122.366811,47.383531],[-122.527252,47.346259],[-122.471018,47.495795],[-122.435129,47.425727]]],[[[-122.496938,47.607123],[-122.57787,47.601549],[-122.557769,47.713813],[-122.496938,47.607123]]],[[[-122.729319,48.096747],[-122.681508,48.00727],[-122.729319,48.082994],[-122.729319,48.096747]]],[[[-122.359364,47.97663],[-122.386708,47.904934],[-122.539215,47.972154],[-122.607249,48.153754],[-122.74413,48.205878],[-122.656565,48.385077],[-122.517568,48.294013],[-122.723704,48.233791],[-122.580637,48.188463],[-122.535512,48.005927],[-122.514027,48.090766],[-122.359364,47.97663]]],[[[-122.861928,48.489325],[-122.827748,48.417385],[-122.937611,48.458319],[-122.887074,48.563666],[-122.861928,48.489325]]],[[[-122.693715,48.585924],[-122.688059,48.547024],[-122.73705,48.577135],[-122.693715,48.585924]]],[[[-123.020172,48.499335],[-122.964955,48.451483],[-123.177561,48.598822],[-123.020172,48.499335]]],[[[-122.745839,48.664374],[-123.026519,48.626532],[-122.917958,48.711412],[-122.745839,48.664374]]],[[[-122.621409,48.668524],[-122.662221,48.670315],[-122.698476,48.734687],[-122.621409,48.668524]]],[[[-166.094553,53.980658],[-166.111521,53.956],[-166.196116,53.981024],[-166.094553,53.980658]]],[[[-159.521474,54.792222],[-159.569325,54.754584],[-159.604197,54.812323],[-159.521474,54.792222]]],[[[-161.333567,55.191474],[-161.369822,55.165351],[-161.372263,55.219143],[-161.333567,55.191474]]],[[[-161.559031,55.254462],[-161.574086,55.207017],[-161.676869,55.200181],[-161.559031,55.254462]]],[[[-160.036244,55.326199],[-160.072947,55.308295],[-160.085439,55.343411],[-160.036244,55.326199]]],[[[-159.312734,55.811225],[-159.289622,55.76789],[-159.344716,55.783881],[-159.312734,55.811225]]],[[[-156.680409,56.039008],[-156.683665,56.012437],[-156.725168,56.041327],[-156.680409,56.039008]]],[[[-156.779897,56.189643],[-156.809397,56.1789],[-156.792592,56.220689],[-156.779897,56.189643]]],[[[-157.812327,56.342882],[-157.833323,56.313666],[-157.89741,56.347398],[-157.812327,56.342882]]],[[[-153.833811,57.502021],[-153.881459,57.476142],[-153.875722,57.533108],[-153.833811,57.502021]]],[[[-152.343902,57.923326],[-152.504832,57.925727],[-152.46345,57.95954],[-152.343902,57.923326]]],[[[-152.744374,57.983832],[-152.739858,57.951646],[-152.827097,57.936957],[-152.744374,57.983832]]],[[[-152.81135,58.290351],[-152.858266,58.334866],[-152.819325,58.321112],[-152.81135,58.290351]]],[[[-160.258738,58.678616],[-160.271297,58.651765],[-160.301547,58.708952],[-160.258738,58.678616]]],[[[-160.384592,58.730862],[-160.393015,58.699652],[-160.435536,58.691148],[-160.384592,58.730862]]],[[[-150.210846,61.173041],[-150.196238,61.141303],[-150.259999,61.133124],[-150.210846,61.173041]]],[[[-164.586903,63.064439],[-164.567006,63.046291],[-164.611806,63.046698],[-164.586903,63.064439]]],[[[-179.143503,51.275051],[-179.069447,51.262844],[-179.119008,51.215399],[-179.143503,51.275051]]],[[[-178.985829,51.384223],[-178.904246,51.353827],[-178.986887,51.307522],[-178.985829,51.384223]]],[[[-178.786529,51.829901],[-178.808298,51.747301],[-178.858876,51.795722],[-178.786529,51.829901]]],[[[-176.264719,51.810004],[-176.38561,51.737128],[-176.423044,51.85102],[-176.264719,51.810004]]],[[[-176.011464,51.829901],[-176.13561,51.829901],[-176.223744,51.843573],[-176.011464,51.829901]]],[[[-175.990956,51.884508],[-175.956776,51.860826],[-176.020945,51.912787],[-175.990956,51.884508]]],[[[-177.800282,51.795722],[-177.933461,51.5987],[-178.101389,51.665432],[-177.955393,51.763739],[-178.213816,51.876044],[-177.622182,51.857164],[-177.800282,51.795722]]],[[[-177.122182,51.932929],[-177.046824,51.891995],[-177.156687,51.700141],[-177.704701,51.700141],[-177.29247,51.782782],[-177.122182,51.932929]]],[[[-175.72411,51.973863],[-175.662058,51.959621],[-175.726064,51.933051],[-175.72411,51.973863]]],[[[-176.437245,51.788275],[-176.710398,51.617011],[-176.814443,51.615546],[-176.827097,51.720038],[-176.977895,51.600287],[-176.820261,51.7685],[-176.904775,51.807563],[-176.704172,51.788275],[-176.758778,51.953437],[-176.545888,51.980129],[-176.641469,51.857164],[-176.437245,51.788275]]],[[[-175.867502,51.987494],[-175.876414,51.96894],[-175.897898,51.986274],[-175.867502,51.987494]]],[[[-176.138743,51.994371],[-176.143259,52.107123],[-175.963694,52.035346],[-176.138743,51.994371]]],[[[-173.123402,52.107978],[-172.9558,52.089911],[-173.490224,52.021674],[-174.059438,52.124701],[-173.123402,52.107978]]],[[[-172.407175,52.385443],[-172.310902,52.316474],[-172.633046,52.261298],[-172.407175,52.385443]]],[[[-174.051951,52.24079],[-174.20283,52.212836],[-174.098948,52.112982],[-174.429921,52.110053],[-174.411366,52.042792],[-175.340525,52.014838],[-174.339345,52.186184],[-174.228261,52.267524],[-174.435536,52.322699],[-174.190297,52.417873],[-174.010976,52.3581],[-174.051951,52.24079]]],[[[-171.256418,52.529446],[-171.222157,52.46308],[-171.311635,52.46426],[-171.256418,52.529446]]],[[[-170.604644,52.687079],[-170.621938,52.593899],[-170.837392,52.549262],[-170.604644,52.687079]]],[[[-170.1044,52.78266],[-170.065745,52.741441],[-170.179677,52.780015],[-170.1044,52.78266]]],[[[-169.686635,52.872016],[-169.723378,52.774482],[-170.011098,52.823635],[-169.686635,52.872016]]],[[[-170.070261,52.919176],[-170.030588,52.864569],[-170.124827,52.888617],[-170.070261,52.919176]]],[[[-169.693471,53.035875],[-169.68635,52.989],[-169.760487,52.968695],[-169.693471,53.035875]]],[[[-167.857493,53.392768],[-169.111277,52.823635],[-168.871083,52.954006],[-168.623362,53.274237],[-168.360789,53.271308],[-168.406565,53.409491],[-168.236806,53.530097],[-167.806996,53.520087],[-167.857493,53.392768]]],[[[-166.136952,53.837836],[-166.212636,53.708075],[-166.297841,53.760199],[-166.136952,53.837836]]],[[[-166.294301,53.727973],[-166.595652,53.5362],[-166.66454,53.598212],[-166.659169,53.490912],[-166.794871,53.570299],[-166.752187,53.450873],[-167.508249,53.259914],[-167.850046,53.309638],[-166.960032,53.5362],[-167.144358,53.556627],[-167.133778,53.631781],[-166.99352,53.618109],[-167.028025,53.704779],[-166.801707,53.631781],[-166.82905,53.708075],[-166.705515,53.721137],[-167.151112,53.824164],[-167.021596,53.961249],[-166.634592,54.004584],[-166.609934,53.831],[-166.370351,54.00849],[-166.224924,53.905463],[-166.575144,53.714301],[-166.294301,53.727973]]],[[[-165.266713,54.091051],[-165.271352,54.064683],[-165.326039,54.06684],[-165.266713,54.091051]]],[[[-165.739084,54.12519],[-165.657175,54.12519],[-165.900746,54.033352],[-166.12267,54.118354],[-165.945505,54.222073],[-165.739084,54.12519]]],[[[-165.485829,54.173651],[-165.609975,54.118354],[-165.574574,54.235053],[-165.679799,54.248928],[-165.494333,54.296373],[-165.547312,54.222073],[-165.40453,54.19184],[-165.485829,54.173651]]],[[[-159.284535,54.940823],[-159.208811,54.918524],[-159.28661,54.871731],[-159.284535,54.940823]]],[[[-159.390085,55.023383],[-159.339182,54.975531],[-159.462717,54.948188],[-159.462717,55.064276],[-159.390085,55.023383]]],[[[-159.524159,55.071112],[-159.65925,55.065131],[-159.53364,55.251044],[-159.524159,55.071112]]],[[[-159.901479,55.140082],[-159.825795,55.180976],[-160.23705,54.888577],[-160.092722,55.050686],[-160.194814,55.121527],[-160.017568,55.105292],[-160.065378,55.201483],[-159.953603,55.175849],[-159.887278,55.297065],[-159.901479,55.140082]]],[[[-163.139027,55.40351],[-163.171946,55.404039],[-163.142771,55.441067],[-163.139027,55.40351]]],[[[-154.899622,19.567016],[-154.814064,19.506579],[-154.874736,19.412884],[-155.502797,19.137681],[-155.674756,18.906117],[-155.87813,19.029072],[-155.887374,19.359568],[-156.060164,19.731221],[-155.835458,19.975703],[-155.880483,20.252021],[-155.168043,19.946827],[-154.899622,19.567016]]],[[[-156.561774,20.598008],[-156.544555,20.513217],[-156.700562,20.525427],[-156.561774,20.598008]]],[[[-156.848378,20.876817],[-156.831257,20.763807],[-156.96228,20.732388],[-157.063136,20.890387],[-156.848378,20.876817]]],[[[-156.001698,20.800442],[-156.048423,20.650888],[-156.407653,20.587207],[-156.464319,20.781383],[-156.696009,20.915802],[-156.597929,21.032653],[-156.481672,20.904397],[-156.281931,20.950263],[-156.001698,20.800442]]],[[[-156.749013,21.170966],[-156.869578,21.053371],[-157.303944,21.109565],[-157.259759,21.22188],[-156.749013,21.170966]]],[[[-157.706824,21.351995],[-157.704076,21.25953],[-157.947003,21.302743],[-157.960927,21.388821],[-158.094309,21.293606],[-158.278933,21.575265],[-157.969655,21.709061],[-157.706824,21.351995]]],[[[-160.113759,22.000271],[-160.072214,21.910834],[-160.211285,21.780209],[-160.113759,22.000271]]],[[[-159.301259,22.151028],[-159.437315,21.868769],[-159.787211,22.01927],[-159.558543,22.232995],[-159.301259,22.151028]]],[[[179.400076,51.408433],[179.472341,51.370551],[179.243012,51.353827],[178.636404,51.637437],[179.400076,51.408433]]],[[[178.252208,51.829901],[178.381114,51.772366],[178.285981,51.79975],[178.252208,51.829901]]],[[[178.533946,51.987494],[178.604259,51.93769],[178.516775,51.896186],[178.533946,51.987494]]],[[[179.780935,51.967027],[179.6421,51.874172],[179.486095,51.973863],[179.780935,51.967027]]],[[[177.642589,52.124701],[177.612071,51.927924],[177.413585,51.93065],[177.323578,51.826809],[177.224294,51.891995],[177.642589,52.124701]]],[[[175.881847,52.377997],[175.936534,52.371649],[175.962901,52.344062],[175.881847,52.377997]]],[[[173.79127,52.501532],[173.743419,52.361233],[173.388927,52.403795],[173.79127,52.501532]]],[[[174.09669,52.713772],[174.083507,52.726508],[174.113943,52.741034],[174.09669,52.713772]]],[[[173.376638,52.830471],[172.944347,52.749823],[172.763438,52.795722],[172.811046,52.887926],[172.476085,52.926663],[173.127208,52.99494],[173.441905,52.857733],[173.376638,52.830471]]],[[[-164.972524,54.12519],[-165.116322,54.082953],[-165.133005,54.132636],[-164.972524,54.12519]]],[[[-162.409128,54.406399],[-162.368113,54.392076],[-162.480173,54.401923],[-162.409128,54.406399]]],[[[-162.587229,54.441107],[-162.63268,54.371894],[-162.841135,54.461005],[-162.587229,54.441107]]],[[[-162.374949,54.954413],[-162.262685,54.989203],[-162.230946,54.907294],[-162.342152,54.839545],[-162.434153,54.914374],[-162.374949,54.954413]]],[[[-163.073842,54.687567],[-163.369496,54.764553],[-163.622548,54.611802],[-164.13268,54.623236],[-164.652577,54.391995],[-164.845286,54.423489],[-164.958241,54.58515],[-164.700673,54.67829],[-164.477528,54.918891],[-164.225087,54.894721],[-163.75654,55.06037],[-163.525706,55.04385],[-163.35436,54.776923],[-163.073842,54.687567]]],[[[-161.730662,55.160549],[-161.641306,55.119534],[-161.751169,55.058051],[-161.908193,55.143459],[-161.730662,55.160549]]],[[[-160.325429,55.358547],[-160.336293,55.248684],[-160.531484,55.325019],[-160.325429,55.358547]]],[[[-160.497385,55.194648],[-160.818918,55.119534],[-160.853627,55.331855],[-160.559275,55.393134],[-160.579905,55.235582],[-160.497385,55.194648]]],[[[-160.147939,55.38642],[-160.298777,55.400092],[-160.236928,55.449856],[-160.147939,55.38642]]],[[[-158.708567,55.831488],[-158.845774,55.810981],[-158.853749,55.890937],[-158.708567,55.831488]]],[[[-169.580881,56.609524],[-169.474355,56.593004],[-169.789052,56.620347],[-169.580881,56.609524]]],[[[-170.241567,57.216254],[-170.104441,57.250393],[-170.289988,57.106391],[-170.412099,57.184801],[-170.241567,57.216254]]],[[[-165.582102,59.950995],[-166.246693,59.853909],[-166.081736,59.779039],[-166.182078,59.756293],[-167.121938,60.000718],[-167.45283,60.217231],[-166.820424,60.217597],[-166.157419,60.436957],[-166.07551,60.33393],[-165.684438,60.299791],[-165.726064,60.066474],[-165.582102,59.950995]]],[[[-172.297312,60.351345],[-172.208567,60.313463],[-172.599965,60.32982],[-173.057607,60.49844],[-172.925038,60.606676],[-172.811838,60.477973],[-172.297312,60.351345]]],[[[-169.809967,63.064643],[-169.777089,63.035061],[-169.931874,63.139146],[-169.809967,63.064643]]],[[[-169.440943,63.36354],[-169.489329,63.367825],[-169.529001,63.383368],[-169.440943,63.36354]]],[[[-170.296213,63.239407],[-170.449656,63.3251],[-170.485463,63.344672],[-170.296213,63.239407]]],[[[-170.975209,63.43122],[-171.072895,63.437326],[-170.784047,63.408515],[-170.975209,63.43122]]],[[[-171.090037,63.603909],[-171.07079,63.602484],[-171.0749,63.60224],[-171.090037,63.603909]]],[[[-171.090037,63.603909],[-171.157656,63.609737],[-171.144032,63.611762],[-171.090037,63.603909]]],[[[-168.740712,63.280992],[-168.850819,63.162828],[-169.351145,63.176215],[-169.666208,62.945217],[-169.817454,63.126776],[-170.262034,63.198432],[-170.234975,63.283515],[-170.444325,63.359198],[-170.85615,63.460354],[-171.43932,63.31977],[-171.735585,63.375922],[-171.852895,63.521186],[-171.728017,63.796129],[-171.407216,63.64411],[-171.487172,63.608954],[-170.93696,63.571682],[-170.310048,63.698676],[-170.082468,63.61518],[-170.084543,63.485826],[-168.740712,63.280992]]],[[[-68.848134,44.095526],[-68.786733,44.052354],[-68.860097,44.065212],[-68.848134,44.095526]]],[[[-68.642079,44.260037],[-68.622792,44.171332],[-68.716339,44.167344],[-68.642079,44.260037]]],[[[-68.244822,44.424506],[-68.176544,44.328315],[-68.414052,44.258612],[-68.375762,44.404079],[-68.244822,44.424506]]],[[[-161.947865,23.038031],[-161.946034,23.044582],[-161.940907,23.041978],[-161.947865,23.038031]]],[[[-164.704335,23.579332],[-164.699086,23.570543],[-164.708485,23.57453],[-164.704335,23.579332]]],[[[-167.996775,25.001125],[-167.999867,25.016425],[-167.995066,25.007758],[-167.996775,25.001125]]],[[[-171.722849,25.773017],[-171.72936,25.751939],[-171.739084,25.756293],[-171.722849,25.773017]]],[[[-173.964996,26.071357],[-173.96052,26.063137],[-173.965647,26.05858],[-173.964996,26.071357]]],[[[-178.290381,28.401679],[-178.298397,28.387372],[-178.297988,28.390993],[-178.290381,28.401679]]],[[[-122.705393,47.181952],[-122.689768,47.129584],[-122.742177,47.143744],[-122.705393,47.181952]]],[[[-122.868153,47.268297],[-122.879465,47.172065],[-122.912017,47.269721],[-122.868153,47.268297]]],[[[-82.118398,24.556464],[-82.113759,24.557318],[-82.128774,24.550849],[-82.118398,24.556464]]],[[[-82.119618,24.58511],[-82.145741,24.592719],[-82.109609,24.586127],[-82.119618,24.58511]]],[[[-81.424469,24.654975],[-81.417592,24.65941],[-81.414784,24.647691],[-81.424469,24.654975]]],[[[-81.265207,24.671291],[-81.258372,24.667629],[-81.276031,24.655585],[-81.265207,24.671291]]],[[[-81.448069,24.680569],[-81.446848,24.650784],[-81.455434,24.676093],[-81.448069,24.680569]]],[[[-81.482411,24.683254],[-81.497385,24.663967],[-81.519032,24.687323],[-81.482411,24.683254]]],[[[-81.329457,24.703315],[-81.317779,24.674954],[-81.33788,24.693305],[-81.329457,24.703315]]],[[[-80.700836,24.881008],[-80.718251,24.859442],[-80.735992,24.857367],[-80.700836,24.881008]]],[[[-80.625478,24.936225],[-80.617502,24.938137],[-80.62621,24.92414],[-80.625478,24.936225]]],[[[-81.047475,25.309394],[-81.048492,25.28498],[-81.074615,25.288723],[-81.047475,25.309394]]],[[[-81.089019,25.338853],[-81.090728,25.312812],[-81.116526,25.341946],[-81.089019,25.338853]]],[[[-81.380483,25.82095],[-81.399892,25.794867],[-81.439565,25.8039],[-81.380483,25.82095]]],[[[-81.453359,25.825507],[-81.507883,25.852037],[-81.503041,25.865871],[-81.453359,25.825507]]],[[[-81.676137,25.901272],[-81.690256,25.863105],[-81.708567,25.883775],[-81.676137,25.901272]]],[[[-81.541005,25.890123],[-81.548492,25.857489],[-81.561025,25.894843],[-81.541005,25.890123]]],[[[-82.666005,28.734442],[-82.681874,28.716946],[-82.685618,28.730048],[-82.666005,28.734442]]],[[[-82.696401,28.763983],[-82.697581,28.782294],[-82.673492,28.777086],[-82.696401,28.763983]]],[[[-90.652089,29.067206],[-90.74942,29.040961],[-90.708241,29.065416],[-90.652089,29.067206]]],[[[-90.417388,29.055487],[-90.420155,29.048733],[-90.510976,29.080308],[-90.417388,29.055487]]],[[[-83.038197,29.145209],[-83.036773,29.137519],[-83.057525,29.150092],[-83.038197,29.145209]]],[[[-90.450022,29.235093],[-90.453603,29.237982],[-90.433827,29.255113],[-90.450022,29.235093]]],[[[-89.927846,29.288153],[-89.913157,29.290229],[-89.92927,29.276597],[-89.927846,29.288153]]],[[[-89.994944,29.45661],[-90.062082,29.472846],[-90.04898,29.496649],[-89.994944,29.45661]]],[[[-89.057037,29.562079],[-89.049916,29.565009],[-89.084096,29.529446],[-89.057037,29.562079]]],[[[-88.979604,29.63288],[-88.970082,29.639797],[-88.968821,29.638577],[-88.979604,29.63288]]],[[[-88.925404,29.683092],[-88.938832,29.673285],[-88.874094,29.747463],[-88.925404,29.683092]]],[[[-81.251289,31.504578],[-81.17465,31.521421],[-81.279611,31.385481],[-81.251289,31.504578]]],[[[-81.160555,31.669889],[-81.133527,31.656941],[-81.175071,31.570503],[-81.160555,31.669889]]],[[[-118.234676,33.763153],[-118.257629,33.716554],[-118.260562,33.733454],[-118.234676,33.763153]]],[[[-75.903773,37.129214],[-75.873971,37.29038],[-75.810779,37.200169],[-75.903773,37.129214]]],[[[-72.341559,41.090652],[-72.280482,41.078895],[-72.297891,41.041523],[-72.341559,41.090652]]],[[[-72.131022,41.120472],[-72.084971,41.083543],[-72.102585,41.081343],[-72.131022,41.120472]]],[[[-70.830471,41.260366],[-70.809126,41.259514],[-70.810903,41.248046],[-70.830471,41.260366]]],[[[-70.871176,41.43867],[-70.875984,41.422481],[-70.948503,41.414124],[-70.871176,41.43867]]],[[[-70.724354,41.5111],[-70.742893,41.481654],[-70.832951,41.442465],[-70.724354,41.5111]]],[[[-123.417085,46.204842],[-123.34886,46.166409],[-123.376901,46.15613],[-123.417085,46.204842]]],[[[-123.480747,46.255944],[-123.444335,46.235899],[-123.452664,46.218286],[-123.480747,46.255944]]],[[[-133.520334,54.814114],[-133.543975,54.779446],[-133.545155,54.816026],[-133.520334,54.814114]]],[[[-131.18915,55.103431],[-131.189992,55.048337],[-131.254895,55.069237],[-131.18915,55.103431]]],[[[-133.307277,55.432187],[-133.236057,55.44022],[-133.274493,55.40428],[-133.307277,55.432187]]],[[[-152.288189,57.396985],[-152.255922,57.384243],[-152.298183,57.363155],[-152.288189,57.396985]]],[[[-136.137573,58.265089],[-136.106984,58.303409],[-136.027939,58.294969],[-136.137573,58.265089]]],[[[-135.718503,58.346144],[-135.654904,58.379797],[-135.543345,58.334832],[-135.718503,58.346144]]],[[[-152.035227,58.951687],[-152.055165,58.914293],[-152.061838,58.938096],[-152.035227,58.951687]]],[[[-151.687859,59.129656],[-151.646924,59.103936],[-151.699838,59.097939],[-151.687859,59.129656]]],[[[-151.465133,59.138191],[-151.438209,59.127182],[-151.459556,59.109014],[-151.465133,59.138191]]],[[[-151.858987,59.163867],[-151.788782,59.153053],[-151.853312,59.144766],[-151.858987,59.163867]]],[[[-146.323598,59.452135],[-146.308217,59.447089],[-146.340688,59.411444],[-146.323598,59.452135]]],[[[-152.563181,60.14997],[-152.611155,60.131049],[-152.632395,60.174791],[-152.563181,60.14997]]],[[[-147.360422,60.300727],[-147.370269,60.262844],[-147.493886,60.263129],[-147.360422,60.300727]]],[[[-173.06432,60.642524],[-173.068715,60.624213],[-173.071726,60.686225],[-173.06432,60.642524]]],[[[-146.820306,60.841694],[-146.76162,60.87925],[-146.718009,60.828393],[-146.820306,60.841694]]],[[[-147.094146,60.897935],[-147.318918,60.877265],[-147.175852,60.89997],[-147.094146,60.897935]]],[[[-165.948923,62.029527],[-165.973948,62.018744],[-165.995595,62.054267],[-165.948923,62.029527]]],[[[-168.035512,64.985297],[-168.02656,64.968085],[-168.09675,64.965399],[-168.035512,64.985297]]],[[[-168.907908,65.768297],[-168.909861,65.739569],[-168.951731,65.75316],[-168.907908,65.768297]]],[[[-167.777008,65.773017],[-167.760447,65.764635],[-167.827219,65.738593],[-167.777008,65.773017]]],[[[-167.670969,65.793687],[-167.556467,65.817369],[-167.73054,65.745673],[-167.670969,65.793687]]],[[[-166.859486,66.03974],[-167.027048,65.974677],[-167.164906,65.931708],[-166.859486,66.03974]]],[[[-166.283518,66.200629],[-166.187082,66.210273],[-166.800526,66.0515],[-166.283518,66.200629]]],[[[-166.088531,66.256171],[-166.047109,66.254828],[-166.14741,66.220364],[-166.088531,66.256171]]],[[[-165.864329,66.316881],[-165.873158,66.300116],[-166.010365,66.257717],[-165.864329,66.316881]]],[[[-165.488718,66.409003],[-165.601389,66.376654],[-165.680531,66.35932],[-165.488718,66.409003]]],[[[-165.488718,66.409003],[-165.484771,66.410305],[-165.448313,66.418769],[-165.488718,66.409003]]],[[[-165.342641,66.436713],[-165.378367,66.4289],[-165.381663,66.425686],[-165.342641,66.436713]]],[[[-165.342641,66.436713],[-165.326405,66.440253],[-165.322703,66.440416],[-165.342641,66.436713]]],[[[-164.763336,66.546454],[-164.795359,66.52912],[-164.929311,66.504828],[-164.763336,66.546454]]]]}},{"type":"Feature","properties":{"name":"Canada","ISO3166-1-Alpha-3":"CAN","ISO3166-1-Alpha-2":"CA"},"geometry":{"type":"MultiPolygon","coordinates":[[[[-95.160569,49.369494],[-95.177106,48.99267],[-122.753017,48.992515],[-122.906606,49.088324],[-123.090506,48.992515],[-123.142974,49.06094],[-123.040679,49.151028],[-123.211985,49.12995],[-123.137603,49.195705],[-123.246897,49.274644],[-122.960846,49.281887],[-122.855702,49.441799],[-122.93814,49.325832],[-123.270009,49.335354],[-123.17101,49.705268],[-123.502675,49.505439],[-123.533559,49.388495],[-123.885569,49.477281],[-124.061106,49.630805],[-123.93928,49.743598],[-123.777089,49.505316],[-123.760081,49.609687],[-123.533518,49.705268],[-123.794545,49.644029],[-123.927602,49.763617],[-123.953603,49.989691],[-123.754547,50.093736],[-123.828359,50.158393],[-123.993479,50.219794],[-123.807851,50.103176],[-123.993153,50.01081],[-123.938222,49.828803],[-124.037465,49.924994],[-124.081614,49.808295],[-124.28303,49.746568],[-124.513254,49.797512],[-124.828928,50.054755],[-124.684885,49.986477],[-124.602935,50.240302],[-124.71345,50.331366],[-124.358998,50.509263],[-124.830149,50.317613],[-125.006988,50.432115],[-125.081532,50.324693],[-125.057444,50.477281],[-124.869862,50.582953],[-124.823638,50.734524],[-124.910471,50.793606],[-124.813832,50.927191],[-124.98648,50.808254],[-124.908193,50.627387],[-125.127838,50.436998],[-125.356679,50.543118],[-125.577056,50.470689],[-125.454579,50.720364],[-125.703277,50.437934],[-125.787221,50.531643],[-126.280629,50.519436],[-125.959869,50.645575],[-126.277252,50.625881],[-125.705637,50.681708],[-125.507314,50.939195],[-125.637034,51.103705],[-125.542063,50.939195],[-125.67927,50.870307],[-125.647694,50.782416],[-126.186635,50.671861],[-126.034535,50.795111],[-126.547353,50.837388],[-126.498931,50.922349],[-126.173085,50.938788],[-126.459462,50.951728],[-126.514719,51.076361],[-126.535064,50.941718],[-126.674224,50.87816],[-127.165761,50.939195],[-126.921986,50.87226],[-127.042348,50.822903],[-127.530751,51.00373],[-127.481068,51.109931],[-127.777008,51.167222],[-127.736399,51.25788],[-127.126617,51.338813],[-127.779652,51.330552],[-127.492014,51.620592],[-126.603424,51.713813],[-126.666127,51.802558],[-126.69933,51.665432],[-127.423207,51.671861],[-127.350087,51.870185],[-127.492665,51.698717],[-127.645579,51.700141],[-127.467437,51.662299],[-127.713857,51.45775],[-127.65925,51.514594],[-127.796376,51.528266],[-127.873687,51.673407],[-127.849599,51.920111],[-127.666086,51.959621],[-127.547353,52.143256],[-127.467437,52.124701],[-127.62442,52.02851],[-127.430491,52.088813],[-127.451731,52.181871],[-127.172597,52.316474],[-126.997629,52.297512],[-126.672271,51.987494],[-126.938547,52.305854],[-126.753041,52.393378],[-127.144032,52.349311],[-127.224965,52.456122],[-126.931793,52.712836],[-126.969553,52.829413],[-127.076405,52.885077],[-126.986887,52.710883],[-127.616567,52.298529],[-127.755442,52.281806],[-127.736643,52.354397],[-127.872426,52.21955],[-127.888254,52.515123],[-127.902577,52.385321],[-128.01594,52.346747],[-128.05309,52.485175],[-127.877675,52.584052],[-128.392242,52.296047],[-128.226226,52.460517],[-128.132232,52.873114],[-128.028798,52.916653],[-128.442983,52.827704],[-128.556752,53.12873],[-128.481028,53.145738],[-128.84911,53.278551],[-128.831044,53.488349],[-128.974477,53.556627],[-128.789459,53.570299],[-128.493886,53.344062],[-128.351918,53.481513],[-128.127024,53.450873],[-128.104237,53.337592],[-127.87149,53.228339],[-128.111073,53.488349],[-128.529408,53.433743],[-128.807729,53.615383],[-128.775136,53.798285],[-128.473744,53.841498],[-128.693918,53.899319],[-128.598297,54.030219],[-128.932851,53.776353],[-129.009185,53.899319],[-128.973215,53.777574],[-129.063832,53.810492],[-129.228342,53.632717],[-129.289784,53.385403],[-130.104726,53.947089],[-130.05012,54.156195],[-129.961334,54.166815],[-129.714955,53.953843],[-129.927235,54.187323],[-129.491811,54.251451],[-130.124908,54.160875],[-130.281484,54.214423],[-130.194732,54.263007],[-130.249379,54.406399],[-130.482533,54.373684],[-130.379709,54.461005],[-130.431223,54.632961],[-129.958892,54.322089],[-130.084869,54.392076],[-129.981435,54.515448],[-130.101145,54.426337],[-130.372426,54.664252],[-129.879547,54.620592],[-130.201527,54.728502],[-130.05012,54.893012],[-130.173655,54.84455],[-130.022043,54.973863],[-129.641347,54.989569],[-130.001047,55.022447],[-129.639231,55.441067],[-129.478017,55.483466],[-129.712961,55.420803],[-129.824818,55.619208],[-129.786204,55.356757],[-130.124827,55.005276],[-130.167388,55.085395],[-129.949371,55.293158],[-130.130605,55.736274],[-129.961334,55.920844],[-130.071539,56.084123],[-130.403974,56.121898],[-130.760334,56.345192],[-131.560363,56.594066],[-131.825592,56.593343],[-131.871558,56.79346],[-132.107384,56.858753],[-132.031859,57.028406],[-132.34122,57.080393],[-132.230994,57.19682],[-133.41503,58.330549],[-133.392241,58.403878],[-133.831129,58.718019],[-134.22219,58.842714],[-134.692084,59.235249],[-134.95783,59.280982],[-135.095754,59.418855],[-135.032942,59.573109],[-135.482759,59.792475],[-136.2585,59.621582],[-136.350329,59.592384],[-136.275036,59.486448],[-136.467557,59.461643],[-136.569489,59.172152],[-137.486875,58.900075],[-137.611363,59.239331],[-138.59921,59.753822],[-138.704888,59.898464],[-139.182146,60.073389],[-139.079465,60.341021],[-139.679816,60.32681],[-140.01579,60.187387],[-140.994929,60.304382],[-141.005564,69.650946],[-139.143788,69.513658],[-138.60261,69.242662],[-138.357045,69.304674],[-138.09553,69.140123],[-137.223744,68.950914],[-136.067616,68.885321],[-135.149037,68.660468],[-135.50536,68.845445],[-135.340891,68.838609],[-136.004994,68.947903],[-135.923085,68.962144],[-135.954172,69.048407],[-135.519032,69.029771],[-135.919423,69.093492],[-135.967763,69.222154],[-135.415924,69.0987],[-135.855377,69.290473],[-135.6822,69.330268],[-135.567372,69.229071],[-135.569325,69.344672],[-135.166656,69.263007],[-135.284332,69.414537],[-135.155385,69.479722],[-134.476308,69.443793],[-134.416412,69.497463],[-134.594472,69.512885],[-134.405507,69.636868],[-134.480946,69.727484],[-134.224233,69.681545],[-134.149159,69.633124],[-134.242421,69.577216],[-134.12092,69.544338],[-133.751291,69.551174],[-134.312978,69.153957],[-133.631907,69.399156],[-133.045522,69.434516],[-132.887278,69.661078],[-132.332997,69.684638],[-132.627187,69.674058],[-132.548411,69.742987],[-132.277415,69.774319],[-132.483795,69.736151],[-132.138905,69.687934],[-131.408315,69.961493],[-131.188466,69.824897],[-130.893625,70.106024],[-130.515289,70.177191],[-130.519765,70.104804],[-130.385081,70.165676],[-130.186879,70.052558],[-129.931711,70.076117],[-129.67394,70.269924],[-129.632965,70.167548],[-129.406484,70.121161],[-130.941151,69.565904],[-131.047963,69.643744],[-131.983551,69.536851],[-132.324859,69.249213],[-132.434804,69.304145],[-132.497467,69.160142],[-132.544667,69.290473],[-132.77123,69.256334],[-132.907948,69.130845],[-132.832631,69.112982],[-132.891998,68.982733],[-132.928863,69.08161],[-133.100738,69.072008],[-133.236724,68.913764],[-133.491322,68.842515],[-132.922027,68.693996],[-133.388173,68.845445],[-132.483225,68.805406],[-132.39387,68.865912],[-132.784535,68.85102],[-132.709788,68.88581],[-132.810902,68.937323],[-132.675649,68.927395],[-132.873647,69.057766],[-132.415273,69.23786],[-132.469553,69.112982],[-132.326975,69.23371],[-132.216298,69.153957],[-131.715443,69.400336],[-131.976715,69.407782],[-131.911244,69.428127],[-131.427561,69.435126],[-131.514882,69.335924],[-131.317047,69.493801],[-131.243723,69.407782],[-131.252065,69.503852],[-131.211171,69.398424],[-131.414377,69.297919],[-131.347808,69.317084],[-131.161122,69.393541],[-131.243072,69.585354],[-131.115142,69.51675],[-131.138051,69.369778],[-131.061757,69.489081],[-131.194692,69.592108],[-131.127797,69.621039],[-131.030181,69.461819],[-131.119537,69.325263],[-130.947743,69.538886],[-131.051259,69.338935],[-130.900868,69.385647],[-131.026194,69.206],[-130.927805,69.139635],[-130.945139,69.276679],[-130.379709,69.694525],[-129.122914,69.856106],[-128.886057,69.976264],[-128.932851,69.845404],[-129.173695,69.832343],[-129.153635,69.703518],[-128.941518,69.68244],[-128.310374,69.962714],[-128.337229,70.129828],[-127.515207,70.222113],[-128.111073,70.366767],[-127.906239,70.39411],[-128.20051,70.400865],[-127.991526,70.592922],[-127.136464,70.252875],[-126.77477,69.975735],[-126.701772,69.767401],[-126.245229,69.525336],[-125.448842,69.319159],[-125.370107,69.352525],[-125.459543,69.414008],[-125.088979,69.454332],[-125.624013,69.420844],[-125.483957,69.513658],[-125.116851,69.489691],[-125.438385,69.612616],[-125.370107,69.694525],[-124.822011,69.715033],[-125.281361,69.811225],[-125.064605,69.799384],[-124.91511,69.935126],[-124.630238,69.986274],[-125.209462,69.935492],[-125.206207,70.003079],[-125.013824,70.085598],[-124.545562,70.018948],[-124.417348,70.051459],[-124.753774,70.126614],[-124.408111,70.155422],[-124.370269,70.041693],[-124.540883,69.96955],[-124.403717,69.859687],[-124.506744,69.736151],[-124.034413,69.681545],[-124.521067,69.407782],[-124.422841,69.366645],[-123.38268,69.414008],[-123.443227,69.476874],[-123.165639,69.500434],[-123.157338,69.77025],[-122.979726,69.834784],[-121.64387,69.789049],[-120.085805,69.363593],[-118.666371,69.225491],[-117.165395,68.893948],[-116.973622,68.946275],[-115.971181,68.809272],[-116.317983,68.968329],[-115.56725,68.971869],[-114.522572,68.717231],[-114.079945,68.494452],[-114.110829,68.413479],[-113.905385,68.399807],[-114.035471,68.241197],[-114.941518,68.291327],[-114.755116,68.194322],[-115.241689,68.186916],[-115.249135,68.042914],[-115.111969,68.016181],[-115.543365,67.923407],[-115.118235,67.8039],[-111.885487,67.685207],[-111.931549,67.748684],[-111.545644,67.721381],[-111.167388,67.846096],[-111.212229,67.762356],[-111.018951,67.768134],[-110.059641,68.005072],[-109.966908,67.833808],[-109.832021,67.873603],[-109.622629,67.741889],[-109.716705,67.719184],[-109.067047,67.72016],[-108.929433,67.531806],[-109.013092,67.46133],[-108.824127,67.357164],[-108.730702,67.61579],[-108.639882,67.629462],[-108.471262,67.351467],[-108.370269,67.447577],[-107.992543,67.282457],[-107.885365,67.048245],[-108.214955,67.027411],[-108.62206,67.152818],[-108.5183,67.037177],[-108.119456,66.939399],[-108.231679,66.851142],[-107.995229,66.832221],[-107.888905,66.669745],[-107.857737,66.760077],[-107.241526,66.348538],[-107.799672,66.768622],[-107.689809,66.768622],[-107.765859,66.996324],[-107.6079,66.974066],[-107.642974,67.077094],[-107.484364,66.91942],[-107.697255,66.953559],[-107.562978,66.839504],[-107.40925,66.817084],[-107.484364,66.885932],[-107.401031,66.974311],[-107.087717,66.830715],[-107.403391,67.041164],[-107.203196,67.124905],[-107.527008,67.212348],[-107.71642,67.404608],[-107.585846,67.501166],[-108.005727,67.709662],[-107.94164,67.854315],[-107.659332,67.946723],[-107.909535,67.995103],[-107.879506,68.093004],[-107.697255,68.077623],[-107.813954,68.057196],[-107.774078,67.988593],[-107.146637,68.131822],[-106.758168,68.104967],[-106.813385,68.207994],[-106.644887,68.173285],[-106.6315,68.249579],[-106.443471,68.152777],[-106.346588,68.186916],[-106.48412,68.228664],[-106.445668,68.351264],[-105.727122,68.426581],[-105.778676,68.550686],[-105.648346,68.638739],[-106.553334,68.515855],[-106.422353,68.515855],[-106.635243,68.468695],[-106.487945,68.407416],[-106.552724,68.29678],[-106.786733,68.414944],[-107.155141,68.270087],[-107.546539,68.351752],[-107.889027,68.269477],[-107.614654,68.16706],[-108.389231,68.111029],[-108.32787,68.204576],[-108.45759,68.186916],[-108.416615,68.304185],[-108.815053,68.274237],[-108.280832,68.621568],[-107.292592,68.701402],[-106.22175,68.94599],[-105.469594,68.721991],[-105.539174,68.650051],[-105.324127,68.482489],[-105.543935,68.413886],[-105.039215,68.259101],[-105.086008,68.31037],[-104.894195,68.351386],[-104.842193,68.291897],[-104.93517,68.235907],[-104.601959,68.235338],[-104.675689,68.139716],[-104.483876,68.033922],[-103.792592,68.026272],[-103.414866,68.169379],[-103.363515,68.011461],[-102.218902,67.69184],[-101.98058,67.791571],[-101.415924,67.690253],[-100.707387,67.851142],[-98.936431,67.696845],[-98.682607,67.81269],[-98.363352,67.794623],[-98.72704,67.957831],[-98.733876,68.070868],[-98.584584,68.096381],[-97.927235,67.696885],[-97.213246,67.624579],[-97.061147,67.680406],[-97.226226,67.714545],[-97.120839,67.793036],[-97.249582,67.924628],[-97.363515,67.876939],[-97.693227,68.02265],[-98.001536,67.959459],[-98.095041,67.836615],[-98.589915,68.152777],[-98.456125,68.183783],[-98.411448,68.082465],[-98.315541,68.16706],[-98.713368,68.379259],[-98.51476,68.331529],[-98.52599,68.425401],[-98.213124,68.304185],[-97.747629,68.36872],[-97.979644,68.547065],[-97.529368,68.420722],[-97.620961,68.462104],[-97.260365,68.468695],[-96.993479,68.337714],[-97.080637,68.265692],[-96.690012,68.286444],[-96.620961,68.185655],[-96.403798,68.317857],[-96.764516,68.017157],[-96.444814,68.05036],[-96.548451,68.085069],[-95.896718,68.296739],[-96.081654,68.145941],[-96.216786,67.810248],[-96.181874,67.64289],[-96.343902,67.689399],[-96.46524,67.478013],[-96.095937,67.467475],[-96.253,67.247748],[-96.110748,67.221869],[-95.58137,67.384833],[-95.835276,67.165839],[-95.437408,67.200629],[-95.330312,67.010362],[-95.913726,66.947821],[-95.9558,67.07453],[-96.127065,66.956977],[-96.455678,67.05976],[-95.85204,66.758124],[-95.820953,66.591132],[-95.643463,66.669298],[-96.093495,66.920233],[-95.316314,66.900214],[-95.218332,66.974066],[-95.348134,67.152696],[-95.172841,67.278632],[-95.413808,67.45661],[-95.338124,67.552232],[-95.707672,67.733344],[-95.545481,67.808295],[-95.582021,67.899522],[-95.421742,68.019965],[-95.478383,68.063422],[-94.798248,68.038072],[-94.210927,68.269477],[-94.122385,68.422349],[-93.374867,68.638739],[-93.752268,68.612128],[-93.570668,68.844062],[-93.634918,68.962144],[-93.909291,68.995673],[-93.827138,69.0692],[-94.080556,68.852281],[-93.826243,68.87934],[-94.094228,68.762885],[-94.636098,68.756049],[-94.601959,68.968329],[-94.442983,68.944159],[-94.005483,69.160142],[-94.324045,69.155829],[-94.281646,69.32213],[-93.525706,69.441352],[-93.881947,69.249498],[-93.8131,69.270006],[-93.840321,69.168687],[-93.361887,69.372992],[-93.587758,69.366197],[-93.450592,69.489691],[-94.322174,69.452989],[-94.629872,69.68773],[-94.875111,69.571641],[-95.669057,69.788438],[-95.786855,69.742987],[-96.2058,69.865831],[-96.081654,69.879503],[-96.110097,69.956529],[-96.53189,70.136176],[-96.54601,70.340562],[-96.232981,70.571194],[-95.793446,70.544135],[-96.053944,70.607042],[-95.814809,70.715562],[-96.190338,70.624742],[-96.602447,70.791327],[-96.499989,71.045152],[-96.376047,71.094102],[-96.561513,71.127061],[-96.375885,71.16059],[-96.506907,71.277899],[-96.133534,71.414171],[-95.536448,71.296088],[-95.588246,71.36046],[-95.437408,71.380316],[-95.546213,71.42772],[-95.375966,71.510688],[-95.807362,71.510688],[-95.91039,71.606879],[-95.277211,71.724311],[-95.216054,71.829535],[-94.608144,71.867621],[-95.1787,71.847154],[-95.225168,71.94953],[-94.492014,71.990424],[-94.393422,71.939317],[-94.460317,71.857408],[-94.649159,71.81977],[-94.595123,71.743476],[-94.354888,71.798692],[-94.415517,71.665473],[-94.210764,71.792304],[-93.720855,71.765326],[-93.820546,71.655341],[-92.980133,71.347357],[-92.858713,71.158637],[-92.854115,70.859605],[-93.040842,70.862372],[-92.692942,70.774644],[-92.676584,70.681464],[-92.215443,70.616278],[-92.193186,70.510077],[-92.285553,70.48961],[-91.97643,70.366767],[-92.086293,70.304674],[-91.723215,70.35578],[-91.696523,70.202257],[-91.510976,70.161322],[-91.995473,70.123033],[-92.367543,70.236436],[-92.26537,70.206529],[-92.587229,70.078803],[-91.942942,70.024115],[-92.868398,69.701972],[-92.538808,69.708808],[-92.923004,69.674058],[-92.367421,69.708726],[-91.798329,69.489691],[-91.497304,69.661078],[-91.167592,69.655707],[-91.093251,69.64057],[-91.572377,69.523261],[-90.311757,69.454332],[-90.702789,69.454332],[-90.58552,69.420844],[-90.79776,69.366197],[-90.805247,69.256334],[-91.086334,69.270006],[-90.956044,69.359361],[-91.189076,69.290473],[-91.449534,69.352525],[-90.670644,69.088202],[-90.621083,68.916327],[-90.435292,68.878974],[-90.599762,68.8039],[-90.442128,68.831163],[-90.565012,68.625718],[-90.477162,68.53441],[-90.607045,68.443915],[-90.318593,68.379259],[-90.475657,68.337714],[-90.338368,68.352037],[-90.270823,68.242133],[-89.864573,68.488349],[-89.900868,68.660468],[-89.715932,68.646186],[-89.743235,68.968329],[-89.331695,69.249498],[-89.035878,69.267198],[-88.022613,68.808661],[-87.792226,68.331244],[-87.943756,68.200873],[-88.179555,68.245307],[-88.199371,68.383368],[-88.398427,68.290798],[-88.283315,68.126044],[-88.373647,67.975816],[-88.140533,67.670722],[-87.362945,67.267198],[-87.516184,67.11872],[-87.372182,67.180121],[-87.289296,67.097602],[-87.228139,67.228095],[-86.960683,67.255235],[-87.077707,67.357652],[-86.501943,67.379381],[-86.452952,67.605943],[-86.529286,67.687201],[-86.130605,68.016059],[-85.901723,68.054389],[-85.887318,68.192694],[-85.789418,68.221666],[-85.844065,68.324042],[-85.665273,68.454413],[-85.742828,68.624823],[-85.668121,68.726996],[-84.788238,68.735582],[-84.809234,68.814073],[-85.192942,68.86933],[-85.000559,68.88581],[-85.118723,68.963568],[-84.795725,68.937323],[-84.953114,69.018541],[-84.528188,69.023627],[-85.138295,69.126654],[-85.012278,69.180487],[-85.270253,69.137885],[-85.206614,69.188056],[-85.4735,69.276801],[-85.336985,69.318427],[-85.50829,69.407782],[-85.34439,69.441352],[-85.534047,69.463324],[-85.385365,69.564195],[-85.544097,69.65351],[-85.440012,69.7119],[-85.514475,69.77025],[-85.33316,69.791368],[-85.563222,69.8581],[-85.055776,69.777086],[-84.339833,69.859687],[-83.731191,69.70897],[-82.253407,69.64057],[-82.753651,69.577867],[-82.516103,69.49372],[-83.293813,69.539903],[-82.281565,69.41942],[-82.389963,69.400336],[-82.143463,69.297919],[-82.269602,69.238227],[-81.753041,69.26789],[-81.344716,69.194892],[-81.273305,69.0987],[-82.061594,68.878974],[-81.378774,68.867621],[-81.233022,68.773912],[-81.26651,68.638739],[-81.953725,68.43065],[-82.273834,68.536973],[-82.176869,68.488105],[-82.611643,68.530219],[-82.496938,68.463935],[-82.650624,68.433905],[-82.348948,68.337714],[-82.506581,68.317857],[-82.441762,68.284003],[-82.272694,68.291571],[-82.314849,68.146593],[-81.993642,68.215033],[-82.177642,68.009385],[-82.101552,67.910386],[-81.237945,67.460517],[-81.502919,67.001044],[-81.954905,66.976793],[-82.156565,66.713975],[-82.373158,66.727647],[-82.590891,66.570868],[-82.998647,66.555162],[-83.560536,66.349351],[-83.678131,66.525336],[-84.01358,66.632066],[-83.856597,66.686713],[-83.958974,66.748114],[-83.91808,66.885932],[-84.097768,66.719306],[-84.269399,66.727851],[-84.439443,66.830675],[-84.240142,66.83751],[-84.582834,66.981513],[-84.370513,66.974066],[-84.939076,67.055976],[-84.637441,66.981513],[-85.227122,66.885932],[-84.603342,66.939927],[-84.747304,66.899604],[-84.322133,66.776068],[-84.452463,66.720811],[-84.144602,66.686713],[-84.211008,66.59455],[-83.690785,66.199205],[-84.348744,66.277777],[-84.537465,66.405219],[-84.636708,66.343858],[-84.378326,66.173041],[-85.117828,66.33039],[-85.241567,66.270087],[-85.465479,66.574425],[-86.782541,66.522203],[-86.631703,66.440253],[-86.807851,66.446275],[-86.620595,66.314399],[-85.856662,66.16283],[-85.974355,66.03559],[-86.426259,65.898383],[-86.549794,65.672471],[-87.380767,65.329698],[-88.063873,65.359483],[-88.83141,65.645209],[-88.413686,65.631537],[-89.109364,65.728461],[-89.687978,65.946845],[-90.003896,65.946845],[-89.770579,65.822699],[-90.435292,65.884752],[-90.236969,65.926866],[-91.497304,65.946845],[-91.031646,65.808336],[-91.107655,65.923041],[-89.958119,65.794298],[-89.039866,65.328192],[-87.372792,65.275214],[-86.938222,65.141954],[-87.300201,64.76439],[-87.49649,64.743232],[-87.577626,64.569525],[-87.809885,64.516059],[-88.041737,64.25731],[-87.981679,64.191514],[-88.11266,64.140855],[-88.734609,63.972357],[-89.290679,64.136908],[-89.049306,63.946357],[-89.545562,64.079779],[-89.482533,63.952582],[-89.706899,64.031684],[-89.825795,64.109565],[-89.736399,64.147773],[-89.786366,64.25023],[-89.887196,64.205797],[-89.832346,64.141425],[-90.127431,64.130072],[-89.932118,64.117499],[-89.813344,63.946031],[-90.277659,64.007188],[-89.965891,63.813341],[-90.119985,63.781236],[-90.061513,63.743476],[-90.22057,63.613227],[-90.648183,63.705512],[-90.702789,63.664537],[-90.544545,63.609931],[-90.910146,63.5692],[-91.990712,63.781236],[-91.888295,63.809149],[-92.373769,63.77912],[-93.44815,64.023139],[-93.77953,64.191514],[-93.555572,64.033637],[-93.76594,63.993476],[-93.647288,63.881456],[-93.217193,63.842719],[-93.450592,63.932074],[-93.400624,63.977362],[-92.099965,63.699286],[-92.545644,63.554755],[-92.467437,63.528388],[-91.778432,63.714423],[-91.39094,63.487738],[-90.784739,63.39765],[-90.976471,63.424384],[-90.689117,63.356676],[-90.730092,63.18476],[-90.626454,63.061265],[-91.394276,62.786811],[-92.452748,62.824937],[-92.27774,62.678778],[-91.888051,62.620429],[-91.983469,62.531602],[-92.61852,62.622545],[-92.531972,62.444892],[-92.704945,62.468817],[-92.682769,62.376654],[-92.827382,62.355536],[-92.619781,62.322862],[-92.47053,62.150092],[-93.252024,62.369818],[-92.764719,62.21837],[-93.115224,62.159735],[-92.929799,62.116563],[-93.170155,61.985582],[-93.416493,62.034003],[-93.217193,61.958319],[-93.388539,61.951483],[-93.279286,61.896837],[-93.617014,61.952338],[-93.491567,61.88939],[-93.613596,61.861029],[-93.264556,61.744452],[-93.47175,61.766547],[-93.313385,61.732367],[-93.984975,61.457994],[-93.822336,61.349921],[-94.114735,61.328315],[-93.998647,61.224595],[-94.101064,61.163194],[-93.986236,61.100653],[-94.351552,60.8581],[-94.520009,60.54682],[-94.800608,60.498399],[-94.61559,60.392279],[-94.82136,59.948106],[-94.793121,59.525824],[-94.738515,59.347724],[-94.660146,59.358751],[-94.772206,59.298041],[-94.793121,59.093817],[-94.999176,59.052802],[-94.804026,59.063056],[-94.683258,58.950385],[-94.745961,58.833116],[-94.608144,58.881537],[-94.436879,58.723822],[-94.204091,58.806464],[-94.361724,58.223009],[-94.232045,58.401109],[-94.177398,58.77912],[-93.189524,58.759711],[-92.807769,58.075751],[-92.785797,57.839423],[-92.423573,57.354438],[-92.597157,57.048326],[-92.881988,56.914537],[-91.031117,57.264635],[-88.879221,56.859931],[-87.979563,56.442857],[-87.589223,56.07982],[-87.61856,56.002753],[-85.904273,55.662049],[-85.127919,55.349799],[-85.417307,54.999213],[-85.053944,55.294135],[-83.929067,55.326524],[-83.561147,55.133165],[-83.713246,55.276557],[-82.975697,55.239081],[-82.95165,55.112738],[-82.529368,55.167589],[-82.321034,55.071112],[-82.330922,55.162543],[-82.198557,54.85578],[-82.430898,54.228217],[-82.126047,53.812201],[-82.219228,53.604438],[-82.11441,53.289008],[-82.250559,53.212958],[-82.301178,52.967597],[-82.04186,52.842841],[-81.478749,52.303453],[-81.882802,52.19359],[-81.512034,52.239325],[-80.594879,51.711371],[-80.429799,51.357164],[-81.012603,51.035386],[-80.410024,51.339545],[-80.136138,51.301337],[-79.744537,51.123521],[-79.334299,50.726915],[-79.725657,51.121772],[-79.696767,51.398505],[-79.323232,51.666978],[-79.275624,51.531602],[-79.011545,51.467393],[-78.953196,51.219224],[-78.847035,51.164496],[-78.882151,51.403266],[-78.690012,51.487291],[-79.038808,51.7685],[-78.840566,51.842271],[-78.892568,51.946763],[-78.591298,52.106147],[-78.546742,52.246649],[-78.408193,52.248236],[-78.552846,52.268134],[-78.515981,52.476752],[-78.765126,52.57038],[-78.690012,52.597724],[-78.850168,52.757392],[-78.690012,52.885077],[-78.855295,52.883897],[-78.785553,52.981879],[-78.984202,53.028428],[-78.895416,53.268622],[-79.114573,53.508857],[-78.923085,53.566718],[-79.156117,53.708075],[-79.048818,53.725653],[-79.05248,53.837836],[-78.901682,53.817328],[-79.135081,53.961371],[-78.979563,54.019232],[-79.292633,54.091051],[-79.046254,54.180487],[-79.382069,54.194078],[-79.285878,54.255561],[-79.463979,54.310167],[-79.450307,54.42003],[-79.601186,54.557196],[-79.525461,54.591376],[-79.765614,54.659613],[-77.781606,55.273505],[-76.681549,56.042914],[-76.515126,56.438178],[-76.532704,57.115302],[-76.949818,57.827826],[-77.470611,58.211982],[-78.566477,58.620836],[-78.468577,58.706],[-78.565745,58.95775],[-78.316396,58.925523],[-78.106557,59.209906],[-77.67516,59.402289],[-77.915395,59.419053],[-77.730336,59.548651],[-77.778188,59.71015],[-77.312734,59.566759],[-77.545481,59.74494],[-77.291615,59.799547],[-77.425038,59.919298],[-77.189198,60.060248],[-77.634185,60.066474],[-77.408274,60.135321],[-77.742258,60.425849],[-77.41511,60.54682],[-77.829701,60.649237],[-77.51065,60.84101],[-78.196523,60.79267],[-77.692738,61.207343],[-77.785268,61.454698],[-77.476552,61.539984],[-77.989735,61.71483],[-78.154897,62.297309],[-77.471791,62.593817],[-75.592152,62.273017],[-75.893788,62.163764],[-75.327748,62.31745],[-74.558095,62.109117],[-74.755035,62.213568],[-73.670725,62.482123],[-72.947377,62.122748],[-72.62914,62.116889],[-72.607777,61.972154],[-72.795969,61.835395],[-72.601877,61.812567],[-72.605214,61.943671],[-72.23233,61.881293],[-72.131825,61.800605],[-72.223704,61.75019],[-71.995229,61.67711],[-72.30309,61.567857],[-71.979482,61.603827],[-71.956776,61.711249],[-71.580963,61.613837],[-71.857411,61.533759],[-71.748199,61.479112],[-71.891591,61.430732],[-71.583119,61.410224],[-71.822662,61.354967],[-71.665639,61.334459],[-71.727122,61.287299],[-71.572865,61.155748],[-71.49767,61.230902],[-71.371571,61.129014],[-70.53539,61.012315],[-70.155344,61.087633],[-70.151194,60.882025],[-69.915883,60.810004],[-69.776967,60.919501],[-69.662343,60.88524],[-69.585439,61.08808],[-69.36974,60.916815],[-69.381337,60.799872],[-69.719797,60.684027],[-69.666737,60.567206],[-69.82901,60.525743],[-69.59557,60.1789],[-69.628041,60.076728],[-69.826283,60.071601],[-69.794911,59.991319],[-71.035064,60.066474],[-69.735097,59.970282],[-69.561513,59.864691],[-69.657704,59.703315],[-69.516225,59.649278],[-69.748525,59.516099],[-69.632069,59.385118],[-69.755116,59.317694],[-69.422597,59.361518],[-69.232533,59.241278],[-69.542551,59.169542],[-69.342437,59.093817],[-69.503529,59.07331],[-69.45165,58.895209],[-69.665151,58.792182],[-69.671864,58.927436],[-69.863149,59.059678],[-69.801747,58.82628],[-70.254221,58.771674],[-69.921213,58.77912],[-69.918284,58.686387],[-69.797434,58.700751],[-69.87682,58.644721],[-69.813547,58.596503],[-69.378163,58.869493],[-68.773427,58.921698],[-68.410268,58.82392],[-68.348704,58.600328],[-68.191029,58.546373],[-68.354075,58.123725],[-69.36974,57.770494],[-68.417592,58.038642],[-68.17394,58.491075],[-68.006215,58.579535],[-67.862701,58.309272],[-68.129547,58.082994],[-67.862701,58.23725],[-67.738515,58.469184],[-67.64802,58.236151],[-67.71349,57.927069],[-67.56786,58.230414],[-67.086903,58.362779],[-66.946645,58.498358],[-66.852203,58.425035],[-66.615102,58.497992],[-66.595367,58.677191],[-66.382395,58.853583],[-65.944163,58.620836],[-66.053375,58.332831],[-65.827504,58.579901],[-66.108632,58.77912],[-65.795644,58.863471],[-65.982249,58.917182],[-65.885487,59.008165],[-65.677358,58.928575],[-65.793324,59.005072],[-65.683461,59.052802],[-65.319732,59.046007],[-65.717641,59.158311],[-65.739329,59.270616],[-65.594106,59.189399],[-65.491689,59.258287],[-65.55899,59.376654],[-65.357574,59.282172],[-65.447174,59.366767],[-65.381825,59.402289],[-65.559926,59.491034],[-64.983957,59.381171],[-65.411855,59.51789],[-65.497914,59.79267],[-64.983957,59.764757],[-65.229726,59.892401],[-65.08019,59.929877],[-65.12857,60.046576],[-64.874094,60.20421],[-64.957265,60.258857],[-64.860463,60.361274],[-64.380605,60.245185],[-64.758656,60.238349],[-64.557362,60.269843],[-64.463246,60.238349],[-64.566274,60.176337],[-64.380605,60.170111],[-64.828277,59.991156],[-64.377187,60.129747],[-64.393219,60.014472],[-64.53954,60.010932],[-64.401926,59.941474],[-64.518422,59.902533],[-64.224233,59.997504],[-64.326039,60.060248],[-64.182607,60.032294],[-64.298736,59.943549],[-64.126373,59.907457],[-64.264556,59.764757],[-63.921986,59.655504],[-64.120595,59.518378],[-64.007314,59.62401],[-63.864084,59.611314],[-63.980702,59.506415],[-63.727691,59.519965],[-63.795033,59.422187],[-64.060658,59.387274],[-63.709625,59.36815],[-63.825754,59.244615],[-63.651682,59.36815],[-63.524078,59.323106],[-63.628977,59.216986],[-63.380727,59.278754],[-63.442209,59.120551],[-64.039906,59.01793],[-63.131581,59.062323],[-63.339752,59.032335],[-63.16161,58.922471],[-63.32608,58.861029],[-63.014516,58.897406],[-62.914622,58.751166],[-63.044911,58.710191],[-62.844594,58.685167],[-63.167836,58.504828],[-63.442209,58.524644],[-63.524078,58.477484],[-63.339752,58.463202],[-63.593007,58.305528],[-63.264027,58.470038],[-63.085846,58.456366],[-63.16161,58.367621],[-63.063303,58.451606],[-62.558258,58.477484],[-62.65392,58.414781],[-62.623443,58.309272],[-62.907582,58.214342],[-62.667592,58.27147],[-62.583323,58.235216],[-62.635243,58.186754],[-63.079091,58.155341],[-63.010813,58.141059],[-63.339752,57.983995],[-62.462066,58.181993],[-62.517323,58.058539],[-62.376698,58.112901],[-62.305043,58.031195],[-62.674957,57.935614],[-62.421132,57.963568],[-62.420766,57.870673],[-62.339182,57.983995],[-62.324086,57.909044],[-62.140859,57.978258],[-62.118723,57.797471],[-61.886708,57.637641],[-62.348948,57.45775],[-62.533681,57.496039],[-61.90038,57.415473],[-61.804799,57.367051],[-62.011627,57.242987],[-61.784291,57.154771],[-61.619781,57.229926],[-61.696441,57.157904],[-61.35912,57.089586],[-61.344838,56.955512],[-61.50178,56.978949],[-61.664174,56.808946],[-61.904652,56.793769],[-61.886708,56.702338],[-61.694936,56.7296],[-61.819936,56.70897],[-61.6881,56.620347],[-62.503082,56.784857],[-62.088694,56.841295],[-62.585601,56.797838],[-61.914052,56.626532],[-62.242991,56.620347],[-61.712026,56.575385],[-61.667592,56.503282],[-62.147369,56.455268],[-61.60554,56.283922],[-62.078481,56.298204],[-61.935292,56.217353],[-61.344838,56.22248],[-61.409413,56.13231],[-61.338612,56.111029],[-61.455312,56.058051],[-61.234975,56.043769],[-61.503082,56.010199],[-60.728505,55.825263],[-60.943918,55.729804],[-60.601959,55.819566],[-60.681304,55.564561],[-60.507924,55.804023],[-60.334706,55.781968],[-60.52538,55.616767],[-60.399526,55.612982],[-60.454742,55.503119],[-60.304026,55.530463],[-60.482086,55.352281],[-60.327707,55.494818],[-60.365387,55.434882],[-60.254018,55.50495],[-60.194081,55.427436],[-60.502553,55.270372],[-60.612416,55.167914],[-60.355336,55.259101],[-60.687571,54.995429],[-60.022817,55.276557],[-60.297109,55.023383],[-59.776357,55.331855],[-59.735422,55.201483],[-59.963979,55.117133],[-59.530588,55.214057],[-59.430043,55.142035],[-59.921986,54.743232],[-59.159779,55.238715],[-59.142649,55.154731],[-59.382558,54.978013],[-59.027415,55.161973],[-58.954254,55.13109],[-59.044789,54.998847],[-58.892486,54.954413],[-59.015452,54.893012],[-58.90567,54.922471],[-58.913808,54.848212],[-57.864817,54.74494],[-57.350413,54.589423],[-57.41161,54.491319],[-57.707021,54.475287],[-57.419016,54.461005],[-57.63386,54.383409],[-58.186147,54.358588],[-58.261301,54.310167],[-58.097401,54.331855],[-58.727406,54.145697],[-59.579661,54.05036],[-59.302846,54.018378],[-58.371165,54.228217],[-58.626332,54.044298],[-59.042714,54.030219],[-58.919789,54.015977],[-59.474517,53.828111],[-60.13268,53.783149],[-60.016591,53.708075],[-60.136098,53.529364],[-60.859446,53.83515],[-60.920277,53.714301],[-60.06371,53.508857],[-60.037099,53.439927],[-60.412262,53.357978],[-60.181264,53.336371],[-60.420644,53.268622],[-60.128977,53.275458],[-59.783803,53.481513],[-59.879465,53.538153],[-59.022206,53.714301],[-59.070668,53.796251],[-58.840688,53.947089],[-58.128082,54.097886],[-57.795766,54.071234],[-58.321767,54.092841],[-58.415517,54.140448],[-58.356068,54.209581],[-57.466176,54.200303],[-57.075795,53.824164],[-57.549387,53.590766],[-57.317779,53.585191],[-57.377431,53.433702],[-56.983469,53.727484],[-56.479888,53.790025],[-56.41161,53.727973],[-56.726918,53.686998],[-55.979604,53.549791],[-56.263499,53.553656],[-55.965932,53.412665],[-56.041086,53.371649],[-55.816518,53.340399],[-55.911366,53.309638],[-55.745473,53.255601],[-55.843088,53.214667],[-55.746897,53.145738],[-55.945465,53.118476],[-55.931386,53.025824],[-56.165191,53.028428],[-55.904164,52.983507],[-55.802113,52.840684],[-56.162465,52.817979],[-55.753733,52.624986],[-56.097239,52.662177],[-55.98644,52.556708],[-56.21817,52.540269],[-56.500356,52.597724],[-55.74059,52.492906],[-55.653879,52.365058],[-56.19872,52.446845],[-55.616526,52.220323],[-55.772613,52.214301],[-55.684804,52.11168],[-55.965932,52.021674],[-55.916412,51.935004],[-56.682485,51.648139],[-56.966542,51.425238],[-57.685902,51.480414],[-58.040151,51.313666],[-58.671986,51.255683],[-58.62564,51.151475],[-59.007965,51.01496],[-58.940297,50.884589],[-59.007965,50.761054],[-59.087758,50.887681],[-59.202789,50.73192],[-59.419504,50.664862],[-59.423984,50.540013],[-59.80309,50.445746],[-59.88561,50.376899],[-59.82726,50.32807],[-60.134877,50.212999],[-60.153472,50.288398],[-60.802642,50.267076],[-61.717885,50.100043],[-61.784291,50.109931],[-61.57608,50.187364],[-61.776763,50.134141],[-61.863189,50.23017],[-62.709137,50.315416],[-63.420644,50.21898],[-63.80899,50.315416],[-65.964223,50.293199],[-66.087514,50.192491],[-66.46817,50.2685],[-66.54955,50.19831],[-66.434885,50.157538],[-66.63561,50.185045],[-67.131459,49.831285],[-67.376332,49.339219],[-68.054555,49.294379],[-68.300893,49.198188],[-68.18106,49.124457],[-68.392323,49.06391],[-68.444325,49.198188],[-68.407053,49.123033],[-68.615102,49.039496],[-68.643544,48.91767],[-69.055735,48.773505],[-69.676015,48.149888],[-70.369211,48.374132],[-71.069814,48.444648],[-70.788482,48.395697],[-70.865631,48.324164],[-70.477528,48.356431],[-69.735951,48.122504],[-69.932037,47.773057],[-70.236887,47.495592],[-70.486928,47.44477],[-70.75064,47.091783],[-71.341664,46.742336],[-71.880523,46.69066],[-72.602528,46.301337],[-72.994496,46.210801],[-73.420277,45.765123],[-73.979237,45.49844],[-74.379465,45.561632],[-73.961537,45.354234],[-74.712961,44.999254],[-75.270233,44.863774],[-76.454631,44.084235],[-76.797194,43.64527],[-78.750821,43.617055],[-79.17431,43.464532],[-79.031967,43.013422],[-78.909055,42.930223],[-79.019384,42.802686],[-80.246596,42.365477],[-81.276662,42.208665],[-82.451319,41.671902],[-83.068413,41.847731],[-83.159493,42.046324],[-83.079963,42.305067],[-82.526224,42.619906],[-82.145653,43.576411],[-82.532141,45.293516],[-83.636867,45.773944],[-83.462808,46.007787],[-83.613884,46.115636],[-83.964586,46.063184],[-84.096774,46.224828],[-84.110443,46.526464],[-84.566565,46.461196],[-84.773322,46.633434],[-84.87869,46.897914],[-88.347264,48.298655],[-89.363636,47.979605],[-89.92045,47.98746],[-90.120386,48.115359],[-90.750347,48.083991],[-90.873802,48.234344],[-91.574845,48.048205],[-92.070499,48.346714],[-92.281598,48.33178],[-92.371851,48.222587],[-92.490629,48.433117],[-92.718909,48.459782],[-92.648604,48.536263],[-92.97972,48.61768],[-93.756779,48.516549],[-93.874885,48.636206],[-94.592852,48.726433],[-94.710907,48.807513],[-94.839142,49.308878],[-95.160569,49.369494]]],[[[-67.176015,45.178656],[-67.471303,45.266282],[-67.431306,45.597941],[-67.807045,45.71287],[-67.813556,47.081908],[-68.299728,47.367833],[-68.906229,47.190221],[-69.057486,47.269467],[-69.069655,47.431886],[-69.221972,47.459688],[-70.007763,46.704075],[-70.074323,46.419545],[-70.280899,46.211857],[-70.262528,45.923038],[-70.686792,45.572723],[-70.732009,45.491591],[-70.641316,45.408496],[-70.812986,45.42343],[-70.892412,45.234604],[-70.993155,45.347827],[-71.160329,45.245767],[-71.334323,45.28871],[-71.449045,45.226905],[-71.50408,45.013739],[-74.712961,44.999254],[-73.73469,45.418606],[-73.518951,45.426256],[-73.448842,45.704495],[-73.156117,46.049709],[-72.731028,46.176622],[-72.189931,46.526231],[-70.534901,47.010565],[-69.445465,47.991889],[-68.824778,48.365831],[-66.62206,49.122626],[-65.565785,49.266466],[-64.552561,49.097357],[-64.221181,48.894355],[-64.168813,48.761827],[-64.559397,48.88288],[-64.175038,48.644477],[-64.282135,48.569037],[-64.188832,48.526597],[-65.285553,48.012641],[-65.783844,48.115587],[-65.895741,48.225531],[-66.067047,48.101996],[-66.473297,48.120103],[-66.84789,47.998969],[-66.385894,48.075141],[-65.81786,47.907416],[-65.635732,47.62226],[-65.20934,47.819688],[-64.800038,47.809272],[-64.860463,47.75255],[-64.668609,47.732123],[-64.892161,47.56151],[-64.908844,47.355333],[-65.367543,47.087795],[-64.799631,47.08161],[-64.905832,46.886868],[-64.792144,46.724718],[-64.854237,46.676337],[-64.713612,46.687161],[-64.71109,46.480455],[-64.613393,46.419298],[-64.70401,46.327501],[-64.558502,46.369127],[-64.559397,46.223782],[-63.813059,46.140286],[-64.093251,46.03262],[-63.669749,45.823391],[-63.491933,45.882636],[-63.408599,45.854478],[-63.51594,45.810899],[-63.229848,45.806057],[-63.380727,45.771959],[-63.294789,45.725653],[-63.100657,45.811347],[-62.674957,45.771959],[-62.756947,45.758897],[-62.633412,45.717353],[-62.749745,45.61286],[-62.612904,45.69066],[-62.470448,45.614488],[-61.911488,45.888983],[-61.876291,45.692694],[-61.619781,45.614325],[-61.492543,45.69066],[-61.237213,45.505764],[-61.461537,45.354844],[-60.968658,45.271633],[-61.687123,45.17536],[-61.639638,45.087307],[-61.825266,45.099026],[-62.448394,44.833482],[-62.475738,44.901109],[-62.830434,44.71776],[-63.058583,44.778225],[-63.058583,44.675198],[-63.119374,44.790676],[-63.140492,44.68887],[-63.4169,44.682929],[-63.438954,44.59634],[-63.661855,44.716783],[-63.523264,44.518134],[-63.632802,44.440741],[-63.929433,44.511339],[-63.888417,44.696357],[-64.065989,44.634263],[-64.075836,44.47663],[-64.305531,44.565985],[-64.339711,44.415147],[-64.210561,44.367336],[-64.347157,44.367336],[-64.269032,44.267076],[-64.429067,44.339993],[-64.360178,44.271796],[-64.71703,44.058824],[-64.666982,43.99787],[-64.847401,43.929104],[-64.838979,43.829657],[-64.966786,43.873643],[-64.983957,43.75788],[-65.039174,43.832343],[-65.024973,43.716213],[-65.12857,43.674669],[-65.237864,43.805569],[-65.250356,43.673407],[-65.367543,43.743557],[-65.34081,43.544908],[-65.456899,43.599514],[-65.401682,43.503974],[-65.450103,43.560452],[-65.474843,43.470933],[-65.565989,43.574042],[-65.729563,43.513495],[-65.861643,43.805569],[-65.996653,43.854071],[-65.979604,43.705959],[-66.121693,43.743557],[-66.190582,44.165351],[-65.840484,44.573391],[-66.180328,44.434434],[-65.785878,44.696357],[-65.692291,44.620714],[-65.428944,44.778225],[-65.723459,44.727444],[-65.397613,44.894884],[-64.415395,45.271633],[-64.477773,45.341132],[-64.329742,45.309556],[-64.367543,45.107815],[-64.223459,45.108385],[-64.155344,44.98371],[-64.100697,45.059394],[-64.19933,45.148668],[-64.115061,45.216051],[-63.360219,45.36107],[-64.576161,45.415635],[-64.758656,45.299628],[-64.929311,45.326321],[-64.380605,45.792385],[-64.264556,45.765123],[-64.347157,45.888658],[-64.545766,45.731594],[-64.531484,45.902248],[-64.748687,46.089911],[-64.572418,45.860704],[-64.771637,45.614325],[-65.752349,45.244371],[-66.135976,45.312649],[-66.009755,45.464342],[-66.196767,45.333808],[-66.060211,45.258043],[-66.440663,45.079901],[-66.490956,45.155626],[-66.888905,45.060696],[-66.943471,45.189765],[-67.040069,45.075629],[-67.176015,45.178656]]],[[[-66.901031,44.88939],[-66.98176,44.872463],[-66.904937,44.955797],[-66.901031,44.88939]]],[[[-66.963531,44.961005],[-67.014312,44.963609],[-66.954416,45.027411],[-66.963531,44.961005]]],[[[-55.877187,47.266018],[-55.938954,47.271877],[-55.863596,47.29328],[-55.877187,47.266018]]],[[[-54.122548,47.642727],[-54.244049,47.407701],[-54.362701,47.40998],[-54.122548,47.642727]]],[[[-55.925038,47.677476],[-55.877187,47.616034],[-56.109975,47.636542],[-55.925038,47.677476]]],[[[-54.095123,47.619127],[-54.081532,47.691148],[-54.081532,47.478217],[-54.095123,47.619127]]],[[[-53.567698,48.190823],[-53.533518,48.108222],[-53.618804,48.082099],[-53.875234,48.106513],[-53.931386,48.208441],[-53.567698,48.190823]]],[[[-54.65689,49.465725],[-54.684438,49.42768],[-54.753774,49.445217],[-54.65689,49.465725]]],[[[-55.725738,49.561916],[-55.657094,49.541449],[-55.733225,49.513495],[-55.725738,49.561916]]],[[[-55.578969,49.609687],[-55.714467,49.571479],[-55.65746,49.623358],[-55.578969,49.609687]]],[[[-54.883453,49.55508],[-54.529286,49.625067],[-54.744008,49.493801],[-54.883453,49.55508]]],[[[-54.276763,49.575588],[-54.269846,49.72724],[-53.978505,49.664293],[-54.276763,49.575588]]],[[[-59.350575,50.603461],[-59.337514,50.644436],[-59.327463,50.54621],[-59.350575,50.603461]]],[[[-55.510365,50.805121],[-55.47175,50.770087],[-55.646392,50.732611],[-55.510365,50.805121]]],[[[-55.527821,50.972724],[-55.567372,50.915269],[-55.613393,50.931342],[-55.527821,50.972724]]],[[[-58.398427,51.254543],[-58.5537,51.245307],[-58.412099,51.281806],[-58.398427,51.254543]]],[[[-52.628814,47.526679],[-52.937611,47.087836],[-52.854482,47.026353],[-53.066884,46.665595],[-53.19286,46.627631],[-53.355336,46.739],[-53.554677,46.618354],[-53.636464,46.711371],[-53.485707,46.902899],[-53.644887,46.801174],[-53.521148,46.944648],[-53.643381,46.985419],[-53.498687,47.135647],[-53.56017,47.204535],[-53.947825,46.85814],[-54.188547,46.828437],[-54.010406,47.233873],[-53.931752,47.234361],[-53.996205,47.317206],[-53.807851,47.423651],[-53.923451,47.454088],[-53.892568,47.598822],[-54.081532,47.875474],[-54.26651,47.903469],[-54.198232,47.833319],[-54.458363,47.499416],[-54.403676,47.450914],[-54.615956,47.368964],[-54.417348,47.609198],[-54.664418,47.3758],[-54.83788,47.419257],[-55.026967,47.172553],[-55.136098,47.169745],[-55.074696,47.081],[-55.196156,47.069648],[-55.250885,46.91885],[-55.73941,46.854438],[-55.97997,46.970364],[-55.487172,47.140286],[-55.18399,47.460354],[-54.698557,47.67064],[-55.08849,47.601711],[-54.9381,47.78734],[-55.131174,47.583564],[-55.129872,47.663804],[-55.427317,47.71955],[-55.407053,47.501451],[-55.5985,47.399319],[-55.638417,47.545315],[-55.917592,47.437242],[-55.746897,47.58808],[-56.161936,47.491929],[-55.629547,47.677476],[-55.914418,47.659247],[-55.780385,47.958075],[-55.860015,47.791205],[-56.059316,47.69953],[-56.15095,47.841986],[-56.180776,47.630683],[-56.301747,47.629096],[-56.308583,47.75259],[-56.335846,47.616034],[-56.754262,47.636542],[-56.705881,47.567613],[-56.791493,47.530097],[-57.884511,47.697333],[-58.354726,47.649115],[-58.261301,47.75259],[-58.425771,47.636542],[-59.146352,47.560981],[-59.308461,47.622504],[-59.282867,47.759426],[-59.405832,47.896633],[-58.570424,48.440334],[-58.272206,48.520901],[-59.262441,48.472602],[-58.768951,48.780463],[-58.958852,48.616156],[-58.713735,48.568183],[-58.398427,49.136705],[-57.884511,48.972235],[-58.135406,49.126939],[-57.850413,49.184516],[-58.079986,49.146796],[-57.926096,49.246568],[-58.19343,49.243069],[-58.228668,49.370998],[-58.00121,49.561916],[-57.89745,49.439195],[-57.700307,49.462836],[-57.94811,49.679511],[-57.355295,50.606594],[-57.154775,50.625678],[-57.396962,50.708645],[-56.925526,50.918158],[-57.089426,51.021145],[-56.900706,51.018215],[-56.980133,51.055325],[-56.795237,51.137844],[-56.720204,51.319322],[-55.892812,51.627753],[-55.822581,51.623847],[-55.872874,51.495551],[-55.60969,51.480414],[-55.737864,51.554999],[-55.632151,51.610053],[-55.404205,51.562974],[-55.534576,51.508368],[-55.458119,51.463284],[-55.596059,51.309149],[-56.089508,51.370551],[-56.014394,51.275051],[-56.075795,51.233385],[-55.965688,51.159003],[-55.764475,51.217475],[-55.733144,51.083075],[-56.080637,50.720649],[-56.161366,50.878241],[-56.100087,50.668606],[-56.500356,50.391099],[-56.444163,50.304389],[-56.9051,49.75373],[-56.781565,49.729438],[-56.856679,49.548245],[-56.116811,50.158393],[-56.062164,50.082709],[-56.191884,49.924994],[-55.959137,50.041083],[-55.746409,49.931952],[-55.465077,49.962551],[-56.001943,49.752509],[-56.165435,49.574652],[-55.835601,49.691636],[-56.130727,49.429145],[-55.822011,49.52204],[-55.65746,49.383734],[-55.520904,49.493598],[-55.569325,49.362698],[-55.370107,49.506659],[-55.431549,49.42475],[-55.314849,49.452053],[-55.445221,49.355862],[-55.288564,49.400784],[-55.314849,49.314887],[-55.236318,49.38996],[-55.314849,49.534613],[-55.136098,49.540758],[-55.383127,49.047309],[-55.184478,49.123033],[-55.277659,49.106024],[-55.288442,49.194566],[-55.054189,49.294379],[-55.082143,49.362698],[-55.034006,49.230211],[-54.83373,49.409613],[-54.816965,49.275621],[-54.469309,49.546088],[-54.483469,49.267646],[-54.372914,49.422309],[-54.23233,49.362698],[-54.044749,49.481757],[-53.492543,49.287543],[-53.589915,49.052069],[-53.838246,49.033677],[-53.72525,49.013861],[-54.197621,48.774237],[-53.844472,48.839057],[-54.020131,48.746324],[-53.931386,48.629625],[-53.793568,48.678046],[-53.916656,48.672756],[-53.835194,48.750393],[-53.604115,48.676703],[-53.958648,48.547065],[-53.748891,48.519761],[-54.164133,48.390692],[-53.855377,48.475246],[-53.856028,48.368394],[-53.65685,48.546576],[-53.72525,48.431586],[-53.581899,48.526597],[-53.615387,48.409898],[-53.437245,48.615912],[-53.24352,48.526353],[-53.076812,48.703559],[-52.984771,48.554511],[-53.187408,48.355292],[-53.354888,48.386664],[-53.369008,48.29385],[-53.639475,48.169338],[-53.925282,48.237006],[-53.905181,48.08511],[-53.663197,48.061103],[-53.908355,48.021064],[-53.608551,48.054267],[-53.787343,47.903469],[-53.791615,47.774604],[-53.928944,47.852444],[-53.763173,47.625678],[-53.666168,47.684027],[-53.670033,47.526679],[-53.553863,47.539252],[-53.276479,48.016425],[-52.923329,48.170966],[-52.836741,48.105455],[-53.207387,47.735907],[-53.156117,47.683743],[-53.262074,47.614203],[-53.1704,47.609198],[-53.259755,47.558539],[-53.129384,47.416815],[-52.876373,47.588284],[-52.772532,47.801011],[-52.628814,47.526679]]],[[[-127.918691,51.52204],[-127.897532,51.429755],[-128.050282,51.459947],[-128.156606,51.627875],[-128.009877,51.7237],[-127.918691,51.52204]]],[[[-55.352691,51.884508],[-55.427398,51.891343],[-55.270131,52.005601],[-55.352691,51.884508]]],[[[-128.138336,51.864],[-128.251047,51.875922],[-128.15925,52.034817],[-127.95344,52.049018],[-128.017649,51.772162],[-128.135243,51.747301],[-128.138336,51.864]]],[[[-130.996653,52.111721],[-131.07136,52.060981],[-131.023997,51.946601],[-131.12682,52.111558],[-130.996653,52.111721]]],[[[-127.946604,52.165717],[-127.877675,52.171942],[-127.961497,52.082831],[-128.122955,52.151679],[-127.946604,52.165717]]],[[[-128.248199,52.021674],[-128.290679,52.124701],[-128.145253,52.19359],[-128.248199,52.021674]]],[[[-128.227773,52.212836],[-128.339757,52.079336],[-128.522442,52.157552],[-128.447298,52.238007],[-128.227773,52.212836]]],[[[-128.097401,52.24079],[-128.173166,52.255072],[-127.98526,52.302069],[-127.907704,52.200873],[-128.097401,52.24079]]],[[[-127.240834,52.426418],[-127.238026,52.312934],[-127.57665,52.186184],[-127.718088,51.988227],[-127.90217,51.968248],[-127.751047,52.25019],[-127.240834,52.426418]]],[[[-128.618235,52.453681],[-128.679596,52.268134],[-128.763824,52.44953],[-128.618235,52.453681]]],[[[-128.562978,52.611396],[-128.497874,52.436347],[-128.817454,52.521959],[-128.562978,52.611396]]],[[[-131.564565,52.727444],[-131.674428,52.706936],[-131.468984,52.73428],[-131.452748,52.64525],[-131.60204,52.59516],[-131.702382,52.721259],[-131.564565,52.727444]]],[[[-128.310374,52.429429],[-128.46642,52.382717],[-128.391265,52.796536],[-128.310374,52.429429]]],[[[-128.930084,52.614447],[-128.981272,52.453681],[-129.275054,52.824652],[-128.930084,52.614447]]],[[[-128.310374,52.727444],[-128.173166,52.823635],[-128.274973,52.602525],[-128.310374,52.727444]]],[[[-128.532826,52.727444],[-128.502105,52.872016],[-128.509877,52.653876],[-128.532826,52.727444]]],[[[-129.557281,53.001166],[-129.558502,52.964423],[-129.629262,52.992255],[-129.557281,53.001166]]],[[[-129.564076,53.056342],[-129.548573,53.016913],[-129.608754,53.030707],[-129.564076,53.056342]]],[[[-129.653472,53.132066],[-129.588857,53.071763],[-129.742909,53.132066],[-129.653472,53.132066]]],[[[-129.304067,53.035875],[-129.394928,53.000393],[-129.550445,53.166205],[-129.304067,53.035875]]],[[[-131.112701,52.171942],[-131.174957,52.124498],[-131.277211,52.24079],[-131.279693,52.132392],[-131.55842,52.330227],[-131.511586,52.408515],[-132.086008,52.73428],[-131.938791,52.773139],[-132.086008,52.857733],[-132.133778,52.754706],[-132.342275,52.94245],[-132.113881,53.001166],[-132.48884,53.031684],[-132.565785,53.145738],[-131.797963,53.255601],[-131.59557,53.041938],[-132.004018,53.06387],[-131.613026,52.926663],[-131.983551,52.878241],[-131.660878,52.805732],[-131.839508,52.713772],[-131.468984,52.507717],[-131.407582,52.3581],[-131.248443,52.446926],[-131.359731,52.344428],[-131.009674,52.227118],[-131.112701,52.171942]]],[[[-128.803782,52.70067],[-128.927317,52.672797],[-129.121205,52.84455],[-128.877349,53.072008],[-129.015452,53.145738],[-128.864613,53.035875],[-129.100006,52.902981],[-129.183746,52.94953],[-129.078114,53.302802],[-128.634674,53.163153],[-128.538726,53.019721],[-128.594594,52.614447],[-128.75536,52.603909],[-128.664459,52.970893],[-128.803782,52.70067]]],[[[-129.293528,53.107896],[-129.275746,53.331],[-129.197825,53.321682],[-129.139556,53.104804],[-129.293528,53.107896]]],[[[-128.913645,53.40644],[-128.940012,53.32392],[-129.148183,53.363715],[-128.997222,53.543931],[-128.913645,53.40644]]],[[[-129.74295,53.235297],[-129.939443,53.168891],[-130.32551,53.39997],[-130.413889,53.498603],[-130.338124,53.516303],[-130.527089,53.55268],[-130.515289,53.630357],[-129.973988,53.457994],[-129.74295,53.235297]]],[[[-129.166249,53.385403],[-129.159983,53.627021],[-128.823638,53.708075],[-129.166249,53.385403]]],[[[-130.406361,53.686998],[-130.260894,53.797838],[-130.091664,53.570299],[-130.406361,53.686998]]],[[[-130.252797,53.892483],[-129.830963,53.735419],[-129.515736,53.488349],[-129.639231,53.481513],[-129.336536,53.360615],[-129.328718,53.263449],[-129.429589,53.335635],[-129.585032,53.2237],[-129.896799,53.478095],[-129.912953,53.611274],[-130.057525,53.607856],[-129.871938,53.639228],[-130.091664,53.646064],[-130.252797,53.892483]]],[[[-130.447377,53.981838],[-130.489247,53.899319],[-130.675771,53.961005],[-130.622222,53.856431],[-130.715484,53.857652],[-130.673899,53.989244],[-130.42162,54.100043],[-130.228871,53.953843],[-130.478627,53.84394],[-130.331288,53.967597],[-130.447377,53.981838]]],[[[-132.579416,53.207221],[-132.709788,53.261786],[-132.538442,53.326972],[-132.757558,53.317084],[-132.702952,53.378485],[-132.400136,53.330308],[-132.977284,53.556627],[-132.891103,53.619696],[-133.144399,53.896918],[-133.038075,54.043891],[-133.072865,54.166815],[-132.575673,54.118354],[-132.661366,53.940863],[-132.40685,54.099351],[-132.161041,54.00849],[-132.117014,53.871975],[-132.240631,53.777045],[-132.657948,53.690741],[-132.352895,53.672756],[-132.483795,53.577135],[-132.159169,53.699897],[-132.078521,53.892483],[-132.1822,54.043891],[-131.660797,54.166815],[-131.933339,53.618638],[-131.963043,53.282945],[-132.27774,53.214667],[-132.126943,53.200995],[-132.195872,53.15941],[-132.579416,53.207221]]],[[[-130.229156,54.118354],[-130.252797,54.19066],[-130.162506,54.160956],[-130.229156,54.118354]]],[[[-130.654042,54.118354],[-130.728505,54.136054],[-130.786733,54.202541],[-130.654042,54.118354]]],[[[-130.353261,54.267646],[-130.365387,54.242499],[-130.436879,54.332668],[-130.353261,54.267646]]],[[[-130.352122,54.267727],[-130.354237,54.29678],[-130.265045,54.278795],[-130.352122,54.267727]]],[[[-130.760162,54.362006],[-130.708648,54.406399],[-130.690175,54.392524],[-130.760162,54.362006]]],[[[-130.742787,54.605618],[-130.969106,54.461982],[-130.931223,54.622707],[-130.742787,54.605618]]],[[[-130.591949,54.742174],[-130.483551,54.81037],[-130.478017,54.712348],[-130.591949,54.742174]]],[[[-130.208363,54.811103],[-130.203765,54.783393],[-130.338124,54.707994],[-130.208363,54.811103]]],[[[-57.871449,54.817857],[-58.157094,54.763861],[-58.227366,54.871405],[-57.945302,54.926581],[-57.987538,54.803656],[-57.871449,54.817857]]],[[[-130.431223,54.789984],[-130.167388,55.016547],[-130.269846,54.831529],[-130.431223,54.789984]]],[[[-60.749013,55.934516],[-60.889272,55.86579],[-60.879303,55.920844],[-60.749013,55.934516]]],[[[-61.009674,56.043769],[-60.940663,56.018948],[-61.23233,56.099799],[-61.043813,56.161078],[-60.940785,56.09219],[-61.009674,56.043769]]],[[[-61.413726,56.373358],[-61.497874,56.323554],[-61.577016,56.392971],[-61.413726,56.373358]]],[[[-61.228831,56.455268],[-61.14684,56.442206],[-61.639638,56.496894],[-61.428049,56.483222],[-61.633453,56.510484],[-61.46231,56.550035],[-61.228831,56.455268]]],[[[-61.215728,56.585639],[-61.164906,56.69184],[-61.057485,56.633979],[-61.215728,56.585639]]],[[[-61.62975,56.84634],[-61.519887,56.948717],[-61.338694,56.935045],[-61.584706,56.771674],[-61.384389,56.772162],[-61.388417,56.623236],[-61.647125,56.736477],[-61.62975,56.84634]]],[[[-61.612945,57.415473],[-61.90038,57.448961],[-61.679351,57.537543],[-61.825266,57.435289],[-61.612945,57.415473]]],[[[-61.85261,57.586127],[-61.793935,57.50731],[-62.017079,57.51789],[-61.85261,57.586127]]],[[[-61.90038,57.764309],[-61.800404,57.844916],[-61.654124,57.789984],[-61.745188,57.713039],[-61.90038,57.764309]]],[[[-61.931386,57.795356],[-62.105784,57.838568],[-61.931386,57.915107],[-61.931386,57.795356]]],[[[-69.101971,59.131323],[-69.218902,58.963446],[-69.363515,58.963446],[-69.286244,59.06981],[-69.354156,59.14057],[-69.101971,59.131323]]],[[[-64.078969,59.799547],[-63.96288,59.751776],[-64.203114,59.74494],[-64.101918,59.862982],[-64.078969,59.799547]]],[[[-107.875356,66.943061],[-107.793446,66.994574],[-107.95051,66.857978],[-107.875356,66.943061]]],[[[-108.046702,66.981513],[-107.936838,66.953559],[-108.036773,66.90233],[-108.11498,67.036811],[-108.046702,66.981513]]],[[[-107.416656,67.11872],[-107.320465,67.104438],[-107.543568,67.088446],[-107.624176,67.204535],[-107.416656,67.11872]]],[[[-108.005727,67.371975],[-108.149078,67.412909],[-107.881581,67.467475],[-107.907338,67.31684],[-108.005727,67.371975]]],[[[-108.286936,67.535793],[-108.382476,67.467475],[-108.499176,67.535793],[-108.286936,67.535793]]],[[[-108.128651,67.645697],[-108.003814,67.660549],[-107.922515,67.549506],[-108.105784,67.468207],[-108.128651,67.645697]]],[[[-97.431711,67.707709],[-97.335276,67.679755],[-97.551178,67.645331],[-97.431711,67.707709]]],[[[-109.211741,67.7897],[-109.039784,67.7897],[-109.052358,67.78498],[-109.211741,67.7897]]],[[[-114.137278,67.887641],[-113.926503,67.879096],[-114.296457,67.899563],[-114.137278,67.887641]]],[[[-113.446034,67.926825],[-113.248036,67.919989],[-113.603749,67.906317],[-113.446034,67.926825]]],[[[-111.089345,67.865424],[-110.808176,67.961005],[-110.859364,67.902899],[-111.089345,67.865424]]],[[[-108.053538,67.954779],[-108.229237,67.881741],[-108.235097,67.930569],[-108.053538,67.954779]]],[[[-108.910715,67.919989],[-109.184682,67.957343],[-109.006256,67.970404],[-108.910715,67.919989]]],[[[-98.966664,68.070868],[-98.95401,67.985093],[-99.083363,68.057196],[-98.966664,68.070868]]],[[[-109.355702,68.057196],[-109.317535,67.985175],[-109.547515,68.057196],[-109.355702,68.057196]]],[[[-110.061431,68.098131],[-109.875844,68.13227],[-110.259429,68.042914],[-110.061431,68.098131]]],[[[-109.856028,68.159613],[-109.581654,68.235907],[-109.675038,68.201728],[-109.856028,68.159613]]],[[[-111.657867,68.304185],[-111.500234,68.304185],[-111.768707,68.229926],[-111.657867,68.304185]]],[[[-100.090688,68.372504],[-100.120961,68.278632],[-100.234039,68.324042],[-100.090688,68.372504]]],[[[-110.836049,68.550686],[-110.698883,68.488593],[-111.095204,68.480048],[-110.836049,68.550686]]],[[[-110.644276,68.550686],[-110.520741,68.550686],[-110.760487,68.56623],[-110.644276,68.550686]]],[[[-104.490142,68.515855],[-104.46581,68.416897],[-104.655181,68.398017],[-105.086008,68.550686],[-104.490142,68.515855]]],[[[-113.967437,68.612128],[-113.941884,68.620307],[-113.795766,68.581732],[-113.967437,68.612128]]],[[[-114.14623,68.67414],[-114.070465,68.619534],[-114.192738,68.680976],[-114.14623,68.67414]]],[[[-101.693959,68.770331],[-101.694,68.653876],[-101.844797,68.571112],[-102.351918,68.687201],[-102.024648,68.823798],[-101.693959,68.770331]]],[[[-114.473948,68.893256],[-114.438385,68.900377],[-114.350982,68.872748],[-114.473948,68.893256]]],[[[-100.206776,68.8039],[-100.392405,68.715074],[-100.471181,68.79975],[-100.603342,68.755561],[-100.631337,68.995673],[-100.323476,69.003119],[-100.124867,68.906928],[-100.206776,68.8039]]],[[[-100.042307,69.085028],[-100.02184,68.940375],[-100.255198,69.050279],[-100.138539,69.147121],[-100.042307,69.085028]]],[[[-101.529449,69.188056],[-101.701405,69.0987],[-101.605214,69.150539],[-101.689076,69.211168],[-101.529449,69.188056]]],[[[-135.566762,69.386054],[-135.353383,69.39704],[-135.272572,69.348822],[-135.566762,69.386054]]],[[[-100.981435,69.482245],[-101.242502,69.374335],[-101.303538,69.448147],[-101.186838,69.482245],[-101.381459,69.538153],[-100.981435,69.482245]]],[[[-96.554921,69.479193],[-96.740224,69.585354],[-96.16926,69.570502],[-96.101308,69.467271],[-96.143137,69.352525],[-96.554921,69.479193]]],[[[-133.929433,69.577867],[-134.0183,69.582506],[-133.812734,69.60578],[-133.929433,69.577867]]],[[[-95.944488,69.420844],[-96.011383,69.482815],[-95.801137,69.633124],[-95.371205,69.513577],[-95.533599,69.331448],[-95.74592,69.338935],[-95.655385,69.409491],[-95.72175,69.55565],[-95.835276,69.558051],[-95.780019,69.468655],[-95.884592,69.343899],[-95.992299,69.359361],[-95.944488,69.420844]]],[[[-139.113393,69.654202],[-138.870107,69.592108],[-139.335601,69.571682],[-139.113393,69.654202]]],[[[-135.574208,69.577867],[-135.510976,69.648383],[-135.464426,69.592108],[-135.574208,69.577867]]],[[[-102.125966,69.715033],[-102.210561,69.660305],[-102.235829,69.718085],[-102.125966,69.715033]]],[[[-95.214915,68.862209],[-95.530385,68.678412],[-95.777821,68.74136],[-95.842112,68.619534],[-96.520497,68.447577],[-98.119252,68.674994],[-98.363759,68.857571],[-98.522369,68.750312],[-98.863352,68.834418],[-98.819732,68.92772],[-98.96996,68.954739],[-99.19225,68.829779],[-99.597279,69.026679],[-99.461293,69.134589],[-99.006703,69.139065],[-98.409576,69.307807],[-98.611318,69.449164],[-98.418568,69.47606],[-98.590566,69.52025],[-98.549428,69.58511],[-98.023834,69.434638],[-98.370188,69.60578],[-98.283844,69.757148],[-97.92516,69.895941],[-97.342275,69.708808],[-97.493153,69.674058],[-97.390736,69.600165],[-97.284006,69.696967],[-96.219797,69.313951],[-96.225575,69.054429],[-96.123402,69.033352],[-96.154775,69.164211],[-96.048207,69.229722],[-95.828196,68.875881],[-95.214915,68.862209]]],[[[-97.46581,69.900621],[-97.388417,69.962388],[-97.226226,69.879543],[-97.46581,69.900621]]],[[[-124.959218,70.167548],[-125.007802,70.136176],[-125.105336,70.121812],[-124.959218,70.167548]]],[[[-113.165517,70.312161],[-112.946401,70.290432],[-113.207102,70.297838],[-113.165517,70.312161]]],[[[-100.7412,70.312161],[-100.766713,70.267524],[-100.860422,70.301093],[-100.7412,70.312161]]],[[[-111.952707,70.325141],[-111.671498,70.312161],[-112.322621,70.356187],[-111.952707,70.325141]]],[[[-116.664052,70.497056],[-116.571197,70.469794],[-116.831939,70.510728],[-116.664052,70.497056]]],[[[-116.263417,70.551703],[-116.1256,70.538072],[-116.496165,70.52383],[-116.263417,70.551703]]],[[[-116.722076,70.558539],[-116.543609,70.565863],[-116.744456,70.542426],[-116.722076,70.558539]]],[[[-115.885976,70.58218],[-115.815785,70.573676],[-116.064117,70.551703],[-115.885976,70.58218]]],[[[-117.05724,70.571601],[-116.87975,70.551703],[-117.30427,70.571601],[-117.05724,70.571601]]],[[[-128.234609,70.660956],[-128.08373,70.613186],[-128.344472,70.544867],[-128.234609,70.660956]]],[[[-100.351389,70.489651],[-100.655629,70.551581],[-100.714508,70.681464],[-100.193756,70.579047],[-100.392405,70.585273],[-100.229237,70.464545],[-100.351389,70.489651]]],[[[-125.948883,71.963202],[-125.988433,71.970404],[-125.980295,71.983629],[-125.948883,71.963202]]],[[[-110.507069,72.593817],[-110.477528,72.582709],[-110.575266,72.579657],[-110.507069,72.593817]]],[[[-110.397206,72.62051],[-110.36856,72.621039],[-110.348866,72.607489],[-110.397206,72.62051]]],[[[-110.314687,72.655219],[-110.303049,72.633205],[-110.410878,72.642239],[-110.314687,72.655219]]],[[[-100.872182,69.807807],[-100.964345,69.664455],[-101.294789,69.670478],[-101.457387,69.906155],[-101.673451,69.646715],[-102.224965,69.920478],[-102.335927,69.767035],[-102.672597,69.769436],[-102.487172,69.69066],[-102.509592,69.564195],[-102.783844,69.536851],[-103.489613,69.694525],[-103.510081,69.619452],[-103.125559,69.439887],[-103.016672,69.482245],[-103.023508,69.28026],[-103.208404,69.201117],[-103.198069,69.120307],[-102.842926,69.384711],[-102.282582,69.503648],[-101.939076,69.42064],[-102.173166,69.352525],[-102.037831,69.288031],[-102.221547,69.229071],[-101.92748,69.261542],[-101.756012,69.160142],[-101.846791,68.988349],[-102.965891,68.798651],[-104.099721,68.858466],[-104.264231,68.947903],[-105.123036,68.89643],[-105.277821,68.954739],[-104.918446,69.075141],[-106.412099,69.188056],[-106.274241,69.288072],[-106.317535,69.401313],[-106.583892,69.503607],[-106.96345,69.362738],[-106.937367,69.215644],[-107.334828,69.02558],[-108.539459,68.946967],[-109.028554,68.726752],[-113.244008,68.454413],[-113.298085,68.491034],[-113.039133,68.49494],[-113.668121,68.815375],[-113.571889,68.965155],[-113.637847,69.029771],[-113.549713,69.044094],[-113.693105,69.194892],[-113.541127,69.190741],[-115.974843,69.300198],[-116.63268,69.461819],[-116.596099,69.563951],[-117.235992,69.756008],[-117.442047,69.989407],[-116.965077,70.129055],[-114.509429,70.315253],[-112.586252,70.200019],[-112.137603,70.27733],[-112.260894,70.309312],[-111.486562,70.331977],[-111.964263,70.374579],[-112.172434,70.503323],[-113.988393,70.716213],[-115.560699,70.579047],[-117.585439,70.60635],[-118.421498,70.990546],[-117.798004,71.170396],[-115.728912,71.387152],[-116.190256,71.444525],[-115.056752,71.52497],[-115.823598,71.548163],[-117.390248,71.387152],[-117.564931,71.503852],[-117.631581,71.462592],[-117.483022,71.421332],[-117.55134,71.374172],[-118.161977,71.378974],[-118.308258,71.469916],[-117.672109,71.558743],[-117.969309,71.621731],[-117.695302,71.668362],[-118.428944,71.579535],[-118.461293,71.653062],[-118.832997,71.662909],[-118.88858,71.582953],[-119.137603,71.774359],[-119.076039,71.91885],[-118.678212,72.142279],[-118.127838,72.22724],[-118.174469,72.338365],[-118.593414,72.428697],[-118.189809,72.635443],[-117.369252,72.917792],[-114.584299,73.384589],[-114.265126,73.335679],[-113.958363,73.140123],[-114.056793,72.888617],[-113.981068,72.809149],[-114.336659,72.755601],[-114.248036,72.689399],[-114.604237,72.607489],[-114.546132,72.567816],[-113.508778,72.70303],[-113.734039,72.614244],[-113.659576,72.613105],[-113.439809,72.685248],[-113.603993,72.777533],[-113.39094,72.911566],[-113.015004,73.016018],[-111.219635,72.724107],[-111.289296,72.565985],[-111.887522,72.367743],[-111.658803,72.359524],[-111.753326,72.207099],[-111.418284,72.346747],[-111.589589,72.381537],[-111.295237,72.470689],[-111.205393,72.463446],[-111.376698,72.354193],[-111.027903,72.285305],[-111.086293,72.408271],[-110.704091,72.578803],[-110.334299,72.427314],[-110.534413,72.504381],[-110.349517,72.559027],[-109.780263,72.436184],[-110.259429,72.559027],[-109.787709,72.504381],[-110.29426,72.675727],[-109.773427,72.716702],[-110.254506,72.738959],[-110.172719,72.791327],[-110.529042,72.84927],[-110.735707,73.00137],[-109.622629,72.915961],[-109.752349,72.881171],[-108.946034,72.673774],[-109.047231,72.57331],[-108.633412,72.565579],[-108.663075,72.361029],[-108.540151,72.148749],[-108.402415,72.148749],[-108.340932,71.935858],[-108.191518,71.962958],[-108.294301,71.881496],[-108.170318,71.754096],[-108.245961,71.722968],[-107.740956,71.61815],[-107.834381,71.709906],[-107.251576,71.806138],[-107.472483,71.870266],[-107.251576,71.901679],[-107.779164,72.141303],[-107.864858,72.295844],[-107.717763,72.30268],[-107.871897,72.434801],[-107.786,72.463446],[-107.985219,72.518052],[-107.875356,72.57331],[-108.013173,72.62051],[-108.23469,73.042914],[-108.156565,73.052476],[-108.298329,73.133775],[-107.867909,73.189643],[-108.118723,73.268785],[-108.013173,73.313178],[-108.087636,73.354153],[-107.073232,73.178046],[-107.087717,73.285834],[-106.873443,73.315579],[-106.233998,73.087226],[-105.850087,73.059963],[-105.367177,72.792426],[-105.318756,72.737779],[-105.510569,72.778754],[-105.289662,72.654446],[-105.318756,72.559027],[-105.195872,72.483954],[-105.305084,72.45661],[-104.966298,72.193549],[-105.024566,72.072984],[-104.365346,71.577216],[-104.281321,71.350246],[-104.486969,71.347602],[-104.440541,71.249091],[-104.647817,71.119696],[-104.591176,71.073188],[-103.571848,70.605536],[-102.927846,70.499091],[-103.125234,70.576077],[-103.086903,70.677476],[-102.851064,70.516343],[-102.192209,70.333441],[-101.59496,70.27733],[-101.64745,70.204413],[-101.529449,70.11286],[-101.022288,70.186225],[-100.872182,69.807807]]],[[[-72.948964,66.734565],[-73.005808,66.817694],[-72.803456,67.042955],[-72.350901,67.119452],[-72.193349,67.275702],[-72.369822,67.330797],[-72.508005,67.502265],[-72.426096,67.54328],[-72.482045,67.61758],[-72.662953,67.684801],[-72.608225,67.786282],[-72.94404,67.932278],[-72.994618,68.235907],[-73.494944,68.276923],[-73.213735,68.379299],[-73.279124,68.399726],[-73.619089,68.249579],[-73.844431,68.349595],[-73.947377,68.413479],[-73.738637,68.519232],[-73.817006,68.571112],[-73.721506,68.61579],[-73.824534,68.619534],[-73.755605,68.687201],[-74.187571,68.729397],[-73.885203,68.554877],[-74.220041,68.515815],[-74.720774,68.735541],[-74.574452,68.841864],[-74.982737,68.811265],[-74.684804,68.879828],[-75.044138,68.906928],[-74.640085,69.023627],[-74.809071,69.083319],[-75.116038,68.892971],[-75.486399,69.02204],[-75.606516,68.88581],[-76.624989,68.682359],[-76.673166,68.765815],[-76.533803,68.881415],[-76.644643,68.916938],[-76.638132,69.015937],[-75.989858,69.010891],[-75.620961,69.087958],[-75.59557,69.229071],[-76.629587,69.545966],[-76.469553,69.65762],[-76.181874,69.667873],[-76.62206,69.688666],[-76.517039,69.667873],[-76.702992,69.565009],[-77.20287,69.646715],[-76.794789,69.72248],[-76.901235,69.777086],[-76.776723,69.836086],[-77.312815,69.841986],[-76.976389,69.942206],[-77.634267,69.824897],[-77.442454,69.790758],[-77.614369,69.742987],[-77.703928,70.201239],[-78.408274,70.215888],[-78.539255,70.312161],[-78.388417,70.338813],[-78.581654,70.314439],[-78.7447,70.456122],[-79.100942,70.503323],[-78.881785,70.600775],[-78.717356,70.551703],[-78.839915,70.635688],[-79.155466,70.631781],[-79.003245,70.618598],[-79.213368,70.420803],[-79.34675,70.448717],[-79.230662,70.558539],[-79.591257,70.411322],[-78.925364,70.302069],[-78.66511,70.013821],[-78.799916,69.879543],[-79.680857,69.848578],[-79.906077,69.9831],[-81.762441,70.12287],[-81.193227,70.0008],[-80.770334,69.782294],[-80.951243,69.715033],[-81.567576,69.96955],[-83.047922,70.312161],[-81.711537,69.93476],[-82.138376,69.785956],[-83.051625,70.010484],[-84.694773,70.006578],[-84.833811,70.035956],[-84.811716,70.11872],[-85.874827,70.071967],[-85.234609,69.996243],[-85.782908,69.995185],[-86.549875,70.236477],[-86.59081,70.366767],[-86.296986,70.477444],[-86.37092,70.526597],[-86.639231,70.325141],[-86.883494,70.335639],[-86.741648,70.387193],[-86.974599,70.472724],[-87.248728,70.39411],[-87.009755,70.374457],[-86.974436,70.290432],[-87.779734,70.331977],[-87.611887,70.284247],[-87.852528,70.237982],[-88.262929,70.331977],[-87.904001,70.328762],[-88.907216,70.544867],[-89.449086,70.908026],[-89.188425,70.962592],[-89.557729,71.092963],[-87.893015,70.935289],[-87.002309,70.996772],[-87.749013,71.140774],[-87.864125,71.274848],[-88.081125,71.209662],[-89.853139,71.339342],[-90.044911,71.596666],[-89.797922,71.764594],[-90.118601,71.92886],[-89.992543,72.071601],[-89.578196,72.162421],[-89.90095,72.189765],[-89.950673,72.333726],[-89.833079,72.402981],[-89.912953,72.425971],[-89.787506,72.424262],[-89.887685,72.449083],[-89.735056,72.621243],[-89.468332,72.668891],[-89.578196,72.792426],[-89.27656,72.758246],[-89.413645,72.830878],[-89.298044,72.920722],[-89.360666,72.98017],[-89.214915,73.013251],[-89.311879,73.052476],[-89.147532,73.186225],[-88.886708,73.216986],[-89.051218,73.251695],[-88.619211,73.285834],[-88.859446,73.333686],[-88.687489,73.423041],[-87.764475,73.716742],[-87.134104,73.80272],[-85.105702,73.811998],[-84.836741,73.745185],[-86.030344,73.302436],[-86.737538,72.730943],[-86.242014,72.422512],[-86.432485,72.276842],[-86.408193,72.005805],[-85.496938,71.51439],[-84.947621,71.423326],[-84.837636,71.286566],[-85.193186,71.299302],[-86.823557,70.990546],[-84.972605,71.196194],[-84.856801,71.159735],[-84.877675,71.072455],[-85.145212,71.086127],[-84.959665,71.078681],[-84.967966,70.923977],[-84.799184,70.927883],[-84.797109,71.184882],[-84.664784,71.223334],[-84.798695,71.287665],[-84.761342,71.40766],[-84.528269,71.473131],[-84.622385,71.665839],[-85.257883,71.668362],[-85.583445,71.791815],[-85.437815,71.814765],[-85.555531,71.901679],[-86.050649,72.014553],[-85.497751,72.079901],[-85.54247,72.127631],[-85.398508,72.134467],[-85.508372,72.175442],[-85.54247,72.236884],[-85.418935,72.217027],[-85.47643,72.266262],[-84.862009,72.219713],[-84.206614,71.938544],[-84.16454,72.024604],[-84.939158,72.292141],[-84.432078,72.381537],[-84.873118,72.373684],[-84.780141,72.461656],[-85.131907,72.353909],[-85.514516,72.463446],[-85.618235,72.545356],[-85.473582,72.579535],[-85.70637,72.638495],[-85.682078,72.893622],[-85.317942,72.96308],[-83.95287,72.758246],[-85.118031,73.033149],[-85.535634,73.025784],[-85.463572,73.111884],[-83.637563,72.984809],[-85.192983,73.231269],[-84.797231,73.390937],[-84.342641,73.231269],[-84.65803,73.395087],[-84.1822,73.477688],[-83.780955,73.436103],[-83.605173,73.3015],[-83.665232,73.456122],[-84.007517,73.50495],[-82.831125,73.736721],[-81.528391,73.716213],[-81.229075,73.5397],[-81.187571,73.264553],[-80.6197,73.160102],[-80.549875,73.094794],[-80.64033,72.927924],[-80.245473,72.737779],[-81.382639,72.24433],[-80.506215,72.497626],[-80.5124,72.381537],[-80.97175,72.203355],[-80.566884,72.082261],[-81.026316,72.093492],[-81.087758,72.052558],[-80.800404,72.017768],[-80.985341,71.888088],[-80.396677,72.050116],[-80.482859,72.180732],[-80.238108,72.209621],[-80.245229,72.299872],[-79.676381,72.127631],[-80.169789,72.326321],[-79.818837,72.506415],[-79.593821,72.340522],[-79.768015,72.222357],[-79.545644,72.275092],[-79.450388,72.19595],[-79.545969,72.292141],[-79.331614,72.402289],[-78.957224,72.283108],[-79.038889,72.072984],[-79.230662,71.976264],[-78.504465,71.874457],[-78.914418,72.014146],[-78.830434,72.172675],[-78.504465,72.100328],[-78.208974,71.823798],[-77.90864,71.771389],[-78.308339,71.949856],[-78.153554,71.972398],[-77.747629,71.751695],[-77.69636,71.812323],[-78.875071,72.230658],[-78.750925,72.285305],[-78.804758,72.33808],[-78.604319,72.357815],[-78.427561,72.179429],[-78.408803,72.329047],[-77.691355,72.21662],[-77.660959,72.100328],[-77.589589,72.183295],[-76.997426,72.134467],[-78.554758,72.44481],[-78.427439,72.593736],[-77.601023,72.755805],[-76.783518,72.729478],[-76.169504,72.591132],[-76.102976,72.479682],[-75.93989,72.592231],[-75.198354,72.497626],[-74.941721,72.257392],[-75.245961,72.128485],[-76.028757,72.08869],[-76.414622,71.860785],[-75.657704,72.124335],[-75.222279,72.069281],[-75.585398,72.004096],[-75.804514,71.757758],[-76.099924,71.696275],[-75.866444,71.707953],[-75.550649,71.983547],[-75.063181,72.128241],[-74.242258,72.079901],[-74.118031,71.967231],[-74.214955,71.837144],[-75.351796,71.700141],[-74.939768,71.661689],[-75.414052,71.52497],[-74.649403,71.67886],[-75.153391,71.469713],[-74.843699,71.523261],[-74.92809,71.456041],[-74.704661,71.394924],[-75.045888,71.187201],[-74.630971,71.390204],[-74.742502,71.514106],[-74.522654,71.662584],[-74.108347,71.73786],[-74.24946,71.608791],[-74.145985,71.538642],[-74.216786,71.620917],[-73.996042,71.754218],[-73.620961,71.772528],[-73.996165,71.461819],[-74.317942,71.415107],[-74.029978,71.442369],[-74.242258,71.202826],[-74.002878,71.326321],[-73.86616,71.535346],[-73.563791,71.558498],[-73.638905,71.3605],[-73.378855,71.387152],[-73.899607,71.059475],[-73.694163,71.086127],[-73.440907,71.346829],[-73.049875,71.270453],[-73.276438,71.223334],[-73.29011,71.099799],[-73.454579,71.031562],[-73.378855,70.9831],[-73.169016,71.227281],[-72.995351,71.254218],[-72.994618,71.40766],[-72.755076,71.435614],[-72.837595,71.510688],[-72.549428,71.665107],[-71.544301,71.505113],[-71.117055,71.270453],[-71.47053,71.06566],[-72.045115,71.084784],[-72.356272,70.87873],[-72.776112,70.81802],[-72.165354,70.839748],[-72.570668,70.613186],[-71.590647,70.873236],[-71.174387,70.857164],[-71.289011,70.908026],[-71.201853,71.006985],[-70.861643,71.109076],[-70.621449,71.069322],[-70.521189,70.914252],[-70.805531,70.724351],[-71.212229,70.581855],[-71.576365,70.613186],[-71.747996,70.448879],[-71.967356,70.421373],[-71.729848,70.425482],[-71.82372,70.293687],[-71.514882,70.579047],[-71.168894,70.535102],[-71.274648,70.269924],[-71.542226,70.024115],[-71.247996,70.222113],[-70.985341,70.633694],[-69.914988,70.879869],[-69.774485,70.856187],[-70.448679,70.635199],[-70.401072,70.527533],[-70.494496,70.482856],[-70.309519,70.503323],[-70.393625,70.614691],[-70.040883,70.596625],[-69.473459,70.791327],[-68.362253,70.584296],[-68.280507,70.517646],[-68.458608,70.372992],[-68.591298,70.466986],[-68.720041,70.322333],[-69.808339,70.166693],[-70.179921,70.020453],[-69.832224,69.98314],[-70.472768,69.845404],[-69.758494,69.972886],[-69.801829,70.068264],[-69.683176,70.139594],[-69.013539,70.188666],[-69.100168,70.22012],[-68.643625,70.14704],[-69.408193,69.82925],[-69.788157,69.832343],[-69.982045,69.617825],[-69.746897,69.804389],[-68.649159,69.942857],[-68.564931,70.053412],[-68.191111,70.126614],[-68.348744,70.188666],[-68.156972,70.318345],[-67.808542,70.263739],[-67.225331,69.948391],[-67.115468,69.728664],[-68.013051,69.776068],[-68.349192,69.633124],[-70.021555,69.536851],[-68.587473,69.59101],[-66.788035,69.340033],[-66.649363,69.222154],[-66.742258,69.136868],[-69.013539,69.359361],[-69.260569,69.276801],[-68.952463,69.338935],[-68.082509,69.219672],[-68.96406,69.223456],[-68.507029,69.201117],[-69.069895,69.113715],[-68.924753,69.105536],[-69.018259,68.968411],[-68.864084,69.09162],[-68.373362,69.179592],[-67.704457,69.023627],[-68.551218,68.984076],[-68.040273,68.947903],[-67.999013,68.855902],[-68.492787,68.899482],[-67.773386,68.784003],[-69.397776,68.858466],[-68.047719,68.687201],[-68.904286,68.605211],[-67.93342,68.560045],[-67.958363,68.399807],[-67.858957,68.550238],[-67.664133,68.564683],[-67.492258,68.530097],[-67.629994,68.493109],[-67.606272,68.384101],[-67.548573,68.492255],[-67.190541,68.433905],[-67.34142,68.413479],[-66.663564,68.440823],[-67.876169,68.283393],[-67.032541,68.326646],[-67.385081,68.154202],[-67.602122,68.16706],[-67.379709,68.128811],[-67.065297,68.296129],[-66.788157,68.249416],[-66.971425,68.036689],[-66.693186,68.145453],[-66.738718,67.988959],[-66.58141,68.148383],[-66.313547,68.129136],[-66.478017,68.077623],[-66.183176,68.016181],[-66.413645,67.869127],[-66.745554,67.879096],[-66.388661,67.78148],[-66.279408,67.961005],[-65.955759,68.042385],[-65.928171,68.164781],[-65.854807,68.081],[-66.032338,67.961005],[-65.944203,67.899563],[-66.01179,67.636623],[-65.95934,67.817328],[-65.770579,67.897691],[-65.809641,67.974921],[-65.451894,67.998603],[-65.614451,67.789455],[-65.361155,67.597886],[-65.38036,67.718695],[-65.549509,67.793036],[-65.419423,67.913764],[-65.025014,68.057196],[-64.749705,68.000718],[-65.066599,67.934272],[-64.943064,67.913764],[-65.108754,67.866645],[-65.149119,67.796454],[-65.011952,67.793036],[-65.194814,67.643744],[-64.913197,67.794257],[-64.816111,67.782864],[-64.826365,67.694159],[-64.758738,67.824408],[-64.503489,67.806545],[-64.367624,67.758938],[-64.641428,67.666734],[-64.312449,67.735053],[-64.207346,67.654242],[-64.285146,67.62519],[-64.041982,67.536526],[-64.44343,67.481147],[-63.997141,67.453843],[-64.004587,67.331],[-63.908396,67.30683],[-64.799672,67.351467],[-64.23054,67.29621],[-64.772694,67.19831],[-63.962961,67.275702],[-64.60912,67.140286],[-64.700388,67.008857],[-64.496531,67.138617],[-63.449086,67.227973],[-63.771189,66.960395],[-63.163645,67.337551],[-62.976918,67.221869],[-63.280832,67.110826],[-63.236765,66.974066],[-63.819651,66.817084],[-63.528025,66.818183],[-63.442454,66.910834],[-63.428456,66.707831],[-63.34907,66.890692],[-62.865305,66.969143],[-62.901601,66.638251],[-62.750193,66.788031],[-62.74706,66.943061],[-62.555247,66.938463],[-62.31135,66.727688],[-62.425038,66.928209],[-62.090037,67.05976],[-62.004099,67.036811],[-62.105906,66.91942],[-61.753611,66.951239],[-62.00829,66.880072],[-61.60558,66.871649],[-61.729726,66.830715],[-61.267527,66.631578],[-61.438222,66.546536],[-61.999257,66.698879],[-62.188425,66.632066],[-61.821523,66.628648],[-61.582021,66.477851],[-61.989817,66.41234],[-61.462229,66.371405],[-61.564646,66.344062],[-61.93456,66.289455],[-62.626658,66.440253],[-62.716013,66.41234],[-62.318796,66.303127],[-62.664255,66.219631],[-62.894154,66.337226],[-62.699045,66.198147],[-62.105906,66.144843],[-62.170359,66.120795],[-62.010325,66.075914],[-62.113352,66.056098],[-61.954213,66.019761],[-62.318796,65.980943],[-63.0655,66.124335],[-62.428904,65.978705],[-62.291493,65.822699],[-62.870798,65.908149],[-62.571767,65.7626],[-62.846384,65.768704],[-62.598012,65.674872],[-62.657175,65.588772],[-62.819651,65.610419],[-62.932118,65.760565],[-62.959665,65.589993],[-63.196156,65.633734],[-63.510081,65.93651],[-63.346669,65.672512],[-63.721425,65.679267],[-63.366567,65.63349],[-63.366648,65.538316],[-63.620351,65.548977],[-63.291371,65.432318],[-63.6551,65.467027],[-63.387644,65.398139],[-63.524159,65.385077],[-63.339833,65.302558],[-63.455881,65.241156],[-63.313303,65.209784],[-63.517934,65.192694],[-63.339833,65.144924],[-63.535024,64.898505],[-63.6551,64.918362],[-63.612742,65.002875],[-63.825795,64.98664],[-63.6551,65.041897],[-63.870961,65.044501],[-63.809071,65.185858],[-64.109731,65.052314],[-64.278269,65.103949],[-64.07905,65.200141],[-64.374338,65.179267],[-64.338206,65.295478],[-64.40864,65.288275],[-64.237375,65.432318],[-64.446116,65.319525],[-64.557118,65.093207],[-64.616933,65.19245],[-64.730824,65.159166],[-64.648874,65.254136],[-64.908925,65.302558],[-64.682362,65.343492],[-64.91511,65.343492],[-64.40864,65.480699],[-65.010203,65.369371],[-65.169626,65.487494],[-64.710317,65.65884],[-64.991282,65.548],[-65.340891,65.583157],[-64.792226,65.727729],[-65.184031,65.656724],[-65.453847,65.679348],[-65.384999,65.787746],[-65.50536,65.755072],[-65.335805,65.921332],[-64.73762,65.974189],[-64.854319,66.03559],[-64.717234,66.224555],[-64.353993,66.350287],[-64.710317,66.28262],[-64.963572,66.075914],[-65.899403,65.953681],[-65.960398,66.05268],[-65.63915,66.172756],[-65.477488,66.391832],[-65.681874,66.191352],[-66.011912,66.117499],[-66.257314,66.223578],[-66.149648,66.289455],[-66.520823,66.218695],[-66.471791,66.350287],[-66.574208,66.371405],[-66.443227,66.414252],[-66.765981,66.385077],[-66.677235,66.46015],[-66.861562,66.542711],[-66.725046,66.591132],[-67.060251,66.645738],[-66.88268,66.570014],[-67.129384,66.487209],[-67.527821,66.624457],[-67.746083,66.570014],[-67.286244,66.52619],[-67.155629,66.368476],[-67.410268,66.432807],[-67.145985,66.302802],[-67.398915,66.296454],[-67.992502,66.508531],[-67.763376,66.365546],[-67.752919,66.254706],[-67.163279,66.042426],[-67.314158,66.001451],[-67.187123,65.916164],[-67.9228,65.903225],[-68.033437,66.001451],[-67.972646,66.083441],[-68.513539,66.303127],[-68.496571,66.212877],[-68.84968,66.193305],[-68.027292,66.075914],[-68.082509,65.980943],[-68.211619,66.007636],[-68.116038,65.966702],[-68.34789,66.039781],[-68.191111,65.95303],[-68.312449,65.912787],[-68.146718,65.932563],[-68.191111,65.864325],[-68.082265,65.832831],[-68.205393,65.796047],[-67.81432,65.815863],[-67.958363,65.74079],[-67.868967,65.645209],[-68.06074,65.569403],[-67.950917,65.562649],[-68.033437,65.487494],[-67.735544,65.638373],[-67.273142,65.645209],[-67.34142,65.57689],[-67.25947,65.535346],[-67.458689,65.501166],[-67.059885,65.424058],[-67.417104,65.35102],[-67.122304,65.31623],[-67.111928,65.203355],[-66.937327,65.241156],[-66.961537,65.110093],[-67.108632,65.062323],[-66.725046,65.185858],[-66.916819,65.049302],[-66.759226,65.069159],[-66.743398,64.968207],[-66.834299,64.945624],[-66.725046,64.918362],[-66.70519,64.768785],[-66.635691,64.781195],[-66.6822,65.044176],[-66.149648,64.870551],[-66.341501,64.774359],[-66.217966,64.69245],[-66.018666,64.857571],[-66.041371,64.719428],[-65.957265,64.767524],[-65.807362,64.637437],[-65.952138,64.884508],[-65.716786,64.844224],[-65.710276,64.69245],[-65.646596,64.773383],[-65.560007,64.712877],[-65.752431,64.590033],[-65.706858,64.490058],[-65.340891,64.527981],[-65.407826,64.44538],[-65.211374,64.541409],[-65.073435,64.449123],[-65.265207,64.383979],[-65.22704,64.300523],[-65.656199,64.301418],[-65.435496,64.30508],[-65.566843,64.254218],[-65.343699,64.253323],[-65.2447,64.198961],[-65.395497,64.15119],[-65.052927,64.068671],[-65.193105,64.021918],[-64.666127,64.03262],[-64.991444,63.828437],[-64.522328,63.669094],[-64.586781,63.602484],[-64.507558,63.422065],[-64.635203,63.418158],[-64.522288,63.376654],[-64.627756,63.321357],[-64.536814,63.255194],[-64.717112,63.280992],[-64.942698,63.632717],[-65.302439,63.81273],[-64.987498,63.603095],[-65.149119,63.43122],[-65.046702,63.438666],[-65.121165,63.403876],[-64.946482,63.359809],[-64.902089,63.239407],[-65.149119,63.287787],[-64.751291,63.10224],[-64.867909,63.096015],[-64.764963,63.05508],[-64.847483,62.97309],[-64.627756,62.911078],[-64.887074,62.869371],[-65.272043,63.006659],[-64.929392,62.643541],[-65.169626,62.568427],[-65.354563,62.684516],[-65.2447,62.780097],[-65.375071,62.786933],[-65.251536,62.835354],[-65.32726,62.917873],[-65.603831,62.825141],[-65.752431,62.92475],[-65.712229,63.051215],[-65.788157,62.873196],[-65.96349,62.937486],[-65.83434,63.033352],[-66.029368,62.986151],[-66.283152,63.136949],[-66.103871,62.951606],[-66.396718,62.999823],[-66.688425,63.281399],[-66.643666,63.374579],[-66.738718,63.294013],[-66.600901,63.212063],[-66.559926,63.081732],[-66.684071,63.10224],[-66.550404,62.996283],[-66.768666,63.090644],[-66.806956,63.274807],[-66.834299,63.150702],[-67.019887,63.239407],[-66.973988,63.395901],[-67.012441,63.287787],[-67.201121,63.288479],[-67.924184,63.767564],[-67.697703,63.369696],[-68.28893,63.699123],[-68.993031,63.760728],[-68.863352,63.609931],[-68.444407,63.444892],[-68.229807,63.199286],[-67.917429,63.143215],[-67.985666,63.075507],[-67.611318,63.097113],[-67.773386,62.958808],[-67.536936,63.044989],[-67.676584,62.928697],[-67.423818,62.979438],[-67.245188,62.88996],[-67.368723,62.85578],[-67.197987,62.876899],[-67.245188,62.814846],[-67.122304,62.829169],[-67.053415,62.691962],[-66.910024,62.698188],[-67.006215,62.657172],[-66.759714,62.683905],[-66.480295,62.505072],[-66.512156,62.423814],[-66.352406,62.447455],[-66.473866,62.336656],[-65.987131,62.242092],[-65.930002,62.197821],[-66.040028,62.075263],[-66.204294,62.116604],[-65.948842,61.908759],[-66.0631,61.874945],[-66.539784,61.903022],[-67.581288,62.181098],[-68.55366,62.249742],[-69.197499,62.444525],[-69.315175,62.541083],[-69.281077,62.623684],[-69.377268,62.533677],[-69.586781,62.657701],[-69.390248,62.767035],[-69.835317,62.829169],[-69.760854,62.732896],[-70.240305,62.754096],[-71.041941,62.958808],[-70.946238,63.032782],[-71.15803,62.993598],[-70.822825,63.130113],[-70.926462,63.172553],[-71.216176,63.008775],[-71.402048,63.055569],[-71.71349,63.177924],[-71.761952,63.232611],[-71.648671,63.263902],[-71.768748,63.260484],[-71.780873,63.414496],[-72.142323,63.44831],[-71.614451,63.426907],[-71.226918,63.602484],[-71.561879,63.581488],[-71.53539,63.712348],[-71.655507,63.657701],[-71.922841,63.819648],[-72.008372,63.753974],[-71.844472,63.760728],[-71.929799,63.655015],[-72.200632,63.780422],[-72.213816,63.677639],[-72.317576,63.67886],[-72.364613,63.760728],[-72.090321,63.910956],[-72.24177,63.959418],[-72.378245,63.782538],[-72.666249,63.856391],[-72.591176,64.027655],[-72.663197,64.08393],[-72.734242,63.969875],[-73.104482,64.28148],[-73.386301,64.28148],[-73.265574,64.370307],[-73.481882,64.405097],[-73.167185,64.590033],[-73.30309,64.665717],[-73.313954,64.538153],[-73.464223,64.508002],[-73.427235,64.603013],[-73.646352,64.665717],[-73.751902,64.541571],[-73.921702,64.60928],[-73.782908,64.48017],[-73.961659,64.48017],[-74.077748,64.329332],[-74.17394,64.370307],[-74.07905,64.4206],[-74.17394,64.465888],[-74.043568,64.44599],[-74.126169,64.541571],[-73.954823,64.51496],[-74.167104,64.569525],[-74.002634,64.582587],[-74.049794,64.725898],[-74.242258,64.582587],[-74.300282,64.683051],[-74.420359,64.665717],[-74.39448,64.57685],[-74.708363,64.74022],[-74.486643,64.836656],[-74.646311,64.904731],[-74.731435,64.772162],[-74.988881,64.802314],[-74.468739,64.562079],[-74.646311,64.534735],[-74.505686,64.461737],[-74.68102,64.377753],[-75.820017,64.622219],[-75.815378,64.531399],[-75.633168,64.459662],[-75.921824,64.487006],[-75.736033,64.372463],[-76.710927,64.305365],[-76.688954,64.191555],[-77.853993,64.370307],[-78.1822,64.579657],[-78.155629,64.699286],[-78.299021,64.706732],[-78.07311,64.815904],[-78.120595,64.974189],[-77.312815,65.200141],[-77.51415,65.326117],[-77.291697,65.381415],[-77.391591,65.47309],[-75.797922,65.232327],[-75.41865,65.030463],[-75.667917,64.945624],[-75.460276,64.843085],[-75.537587,64.781195],[-75.296986,64.734076],[-75.345815,64.925198],[-75.571726,64.884223],[-75.262563,64.957017],[-75.19872,65.105699],[-75.363149,65.007636],[-75.949086,65.322455],[-75.193186,65.256293],[-75.083974,65.30272],[-75.105051,65.396145],[-74.715159,65.439765],[-74.551218,65.333401],[-74.118357,65.537095],[-73.474436,65.459621],[-73.717844,65.774604],[-74.472157,66.148586],[-73.344675,66.658759],[-72.948964,66.734565]]],[[[-115.323638,73.508694],[-119.163889,72.629828],[-119.340159,72.346747],[-119.805653,72.223212],[-120.25475,72.26081],[-120.15807,72.128363],[-120.43399,71.964301],[-120.382436,71.691718],[-120.635243,71.491441],[-121.423166,71.380316],[-121.700551,71.468085],[-122.79776,71.087795],[-123.255279,71.130439],[-124.064565,71.700385],[-125.253407,71.955715],[-124.958892,71.96662],[-125.877553,71.964016],[-125.741567,72.024848],[-125.752065,72.147691],[-125.569407,72.175442],[-125.67927,72.230658],[-125.490549,72.277899],[-125.438385,72.415676],[-124.952382,72.569648],[-125.10261,72.634711],[-124.945546,72.70303],[-125.113433,72.867499],[-124.475982,72.933051],[-124.859934,73.090318],[-123.773752,73.765611],[-124.213246,73.879218],[-124.545644,74.265123],[-124.755686,74.348578],[-121.5808,74.555854],[-119.5183,74.231147],[-119.817983,74.104315],[-119.765248,74.035346],[-119.479888,74.226142],[-119.144358,74.209052],[-119.069244,74.090522],[-119.18932,73.992174],[-118.951894,74.017564],[-118.805084,74.101386],[-118.883168,74.178697],[-118.725413,74.220771],[-117.416493,74.232489],[-115.323638,73.508694]]],[[[-123.286936,48.612698],[-123.312652,48.608466],[-123.338612,48.64647],[-123.286936,48.612698]]],[[[-123.369008,48.774237],[-123.531117,48.734361],[-123.59557,48.951809],[-123.369008,48.774237]]],[[[-123.65392,49.033677],[-123.697255,49.10932],[-123.317128,48.869818],[-123.65392,49.033677]]],[[[-123.721262,49.160793],[-123.73233,49.130316],[-123.870473,49.185492],[-123.721262,49.160793]]],[[[-125.949941,49.200751],[-125.960276,49.172105],[-126.0183,49.181464],[-125.949941,49.200751]]],[[[-126.083323,49.314887],[-126.223541,49.277086],[-126.231435,49.378607],[-126.083323,49.314887]]],[[[-123.330678,49.37287],[-123.426178,49.340074],[-123.349965,49.417548],[-123.330678,49.37287]]],[[[-124.232167,49.499335],[-124.171702,49.454739],[-124.379058,49.50727],[-124.232167,49.499335]]],[[[-123.451568,49.445217],[-123.418121,49.530911],[-123.322499,49.48607],[-123.451568,49.445217]]],[[[-124.607411,49.530911],[-124.63561,49.517401],[-124.691274,49.509345],[-124.607411,49.530911]]],[[[-124.70873,49.497016],[-124.722239,49.481879],[-124.836049,49.597724],[-124.70873,49.497016]]],[[[-124.109486,49.677965],[-124.205068,49.705268],[-124.020131,49.780992],[-124.109486,49.677965]]],[[[-124.664418,49.746894],[-124.34789,49.704169],[-124.123158,49.499823],[-124.664418,49.746894]]],[[[-126.658681,49.787828],[-126.679433,49.591783],[-126.98705,49.815131],[-126.768544,49.88345],[-126.658681,49.787828]]],[[[-127.240631,50.021715],[-127.272328,49.977973],[-127.314565,50.013251],[-127.240631,50.021715]]],[[[-125.027496,50.14411],[-124.995676,50.232082],[-124.890981,50.069037],[-125.005483,50.017646],[-125.027496,50.14411]]],[[[-125.198842,50.041083],[-125.336008,50.274482],[-125.171457,50.21898],[-125.198842,50.041083]]],[[[-124.890981,50.192532],[-124.917063,50.303453],[-124.753774,50.16828],[-124.890981,50.192532]]],[[[-124.802642,50.228583],[-124.725087,50.304511],[-124.650746,50.224433],[-124.725819,50.163235],[-124.723297,50.292873],[-124.802642,50.228583]]],[[[-125.336008,50.301744],[-125.404205,50.33218],[-125.287953,50.437405],[-125.047963,50.205552],[-125.142201,50.1258],[-125.212473,50.322252],[-125.336008,50.301744]]],[[[-125.502268,50.413804],[-125.770253,50.380927],[-125.687652,50.410346],[-125.502268,50.413804]]],[[[-125.367991,50.461127],[-125.392405,50.367418],[-125.544789,50.377834],[-125.367991,50.461127]]],[[[-125.749135,50.42182],[-125.948638,50.424994],[-125.793691,50.472357],[-125.749135,50.42182]]],[[[-126.537709,50.583808],[-126.614898,50.55268],[-126.661244,50.590969],[-126.537709,50.583808]]],[[[-126.336537,50.603461],[-126.226674,50.569281],[-126.624501,50.534573],[-126.336537,50.603461]]],[[[-126.403798,50.629828],[-126.452626,50.588121],[-126.52953,50.592231],[-126.403798,50.629828]]],[[[-126.859283,50.645738],[-126.872385,50.624823],[-127.141469,50.654771],[-126.859283,50.645738]]],[[[-126.617665,50.672309],[-126.289459,50.828559],[-126.178863,50.7508],[-126.288075,50.654608],[-126.617665,50.672309]]],[[[-126.782135,50.774726],[-126.9051,50.829332],[-126.562408,50.802069],[-126.782135,50.774726]]],[[[-123.321197,48.495836],[-123.30248,48.414293],[-123.437327,48.444648],[-123.65392,48.314276],[-125.093984,48.730048],[-125.18517,48.800971],[-124.846995,49.020453],[-124.80842,49.246568],[-124.907704,49.006415],[-125.606557,48.961859],[-125.871693,49.090155],[-125.612945,49.206366],[-125.746693,49.148139],[-125.77477,49.370103],[-125.843739,49.267035],[-126.028066,49.273871],[-125.911977,49.438381],[-126.014394,49.322333],[-126.055084,49.445299],[-126.254791,49.450507],[-126.288075,49.362698],[-126.432118,49.472561],[-126.572662,49.414293],[-126.548818,49.596015],[-126.107493,49.683295],[-126.453236,49.674302],[-126.467356,49.792304],[-126.57311,49.706936],[-126.649729,49.898017],[-126.843617,49.973456],[-126.839467,49.88817],[-126.919342,49.973456],[-126.936147,49.866645],[-127.141916,49.866645],[-127.237538,49.961819],[-127.096913,50.150946],[-127.285268,50.150946],[-127.362538,50.032538],[-127.46345,50.186957],[-127.898101,50.114081],[-127.746978,50.243232],[-127.968088,50.342231],[-127.925771,50.462104],[-127.591176,50.485745],[-127.446929,50.376899],[-127.562489,50.521064],[-127.419016,50.603461],[-127.877675,50.630113],[-127.5926,50.543606],[-128.06017,50.452582],[-128.417226,50.771877],[-127.882476,50.866889],[-126.864247,50.530097],[-125.476715,50.339016],[-125.178334,49.924994],[-124.882069,49.724921],[-124.976226,49.668036],[-124.794749,49.472561],[-123.954945,49.229193],[-123.756907,49.042141],[-123.835113,49.00019],[-123.579945,48.821601],[-123.650787,48.753119],[-123.526682,48.678046],[-123.535471,48.540107],[-123.416819,48.691107],[-123.321197,48.495836]]],[[[-127.84557,50.922919],[-127.874989,50.890367],[-127.983022,50.916734],[-127.84557,50.922919]]],[[[-127.545318,51.089789],[-127.556223,51.05036],[-127.599843,51.059027],[-127.545318,51.089789]]],[[[-131.681264,52.842108],[-131.700836,52.817694],[-131.817779,52.846747],[-131.681264,52.842108]]],[[[-132.229644,52.995185],[-132.215688,52.975043],[-132.382558,53.004096],[-132.229644,52.995185]]],[[[-132.978505,54.245998],[-133.000478,54.19009],[-133.077219,54.223863],[-132.978505,54.245998]]],[[[-64.477447,60.33393],[-64.426666,60.2862],[-64.861562,60.465522],[-64.641347,60.492255],[-64.422475,60.39761],[-64.477447,60.33393]]],[[[-67.880798,60.496805],[-67.972847,60.290296],[-68.419382,60.209676],[-68.241306,60.585606],[-67.880798,60.496805]]],[[[-64.61026,60.690172],[-64.59732,60.650214],[-64.703114,60.590644],[-64.61026,60.690172]]],[[[-78.243723,60.834866],[-78.230702,60.813137],[-78.696116,60.714097],[-78.243723,60.834866]]],[[[-64.840566,61.351549],[-65.484242,61.622504],[-64.71703,61.663479],[-64.792144,61.622504],[-64.649973,61.604722],[-64.67927,61.495266],[-64.840566,61.351549]]],[[[-65.703277,61.793158],[-65.946401,61.801093],[-65.791493,61.872504],[-65.703277,61.793158]]],[[[-93.025461,61.916693],[-92.963979,61.88939],[-93.058909,61.829901],[-93.22468,61.90644],[-93.025461,61.916693]]],[[[-65.2412,61.920396],[-64.977773,61.896877],[-64.82787,61.761176],[-65.147328,61.783922],[-65.2412,61.920396]]],[[[-92.271881,62.407375],[-92.14151,62.39647],[-92.374908,62.390326],[-92.271881,62.407375]]],[[[-79.28246,62.269924],[-79.325999,61.98843],[-79.75886,61.58218],[-80.261091,61.856298],[-80.214973,62.137658],[-79.934565,62.37805],[-79.539703,62.417629],[-79.28246,62.269924]]],[[[-92.57665,62.403957],[-92.429067,62.4147],[-92.443227,62.39647],[-92.57665,62.403957]]],[[[-64.380605,62.527493],[-64.594146,62.369818],[-64.96349,62.464789],[-64.792144,62.492743],[-64.867828,62.527493],[-64.80134,62.568508],[-64.380605,62.527493]]],[[[-77.853912,62.588324],[-77.932444,62.547309],[-78.113352,62.574652],[-77.853912,62.588324]]],[[[-77.722971,62.588324],[-77.620513,62.588324],[-77.833485,62.602607],[-77.722971,62.588324]]],[[[-64.966908,62.533677],[-65.141591,62.554145],[-64.840566,62.582099],[-64.966908,62.533677]]],[[[-91.592885,62.650946],[-91.586049,62.626166],[-91.670725,62.671047],[-91.592885,62.650946]]],[[[-91.134145,62.684516],[-90.983998,62.664008],[-91.271352,62.691962],[-91.134145,62.684516]]],[[[-74.016225,62.670844],[-73.964711,62.609442],[-74.653066,62.719306],[-74.016225,62.670844]]],[[[-70.24059,62.615627],[-70.17705,62.589988],[-70.361982,62.526865],[-70.727895,62.553412],[-70.92516,62.745917],[-70.773997,62.771308],[-71.235951,62.88642],[-70.492493,62.766957],[-70.24059,62.615627]]],[[[-82.191314,62.986151],[-81.862375,62.92475],[-81.939809,62.711615],[-83.066151,62.187161],[-83.280629,62.252509],[-83.70519,62.1435],[-83.724843,62.285631],[-83.939809,62.423814],[-83.418691,62.892279],[-83.060414,62.841986],[-82.191314,62.986151]]],[[[-90.620229,63.47956],[-90.599762,63.466539],[-90.719879,63.450751],[-90.620229,63.47956]]],[[[-77.537994,63.287787],[-77.559682,63.18476],[-77.940764,63.087149],[-78.544272,63.449184],[-78.440545,63.519387],[-77.844309,63.47248],[-77.537994,63.287787]]],[[[-90.674875,63.521186],[-90.811757,63.500067],[-90.78189,63.535346],[-90.674875,63.521186]]],[[[-91.463124,63.616767],[-91.298655,63.567776],[-91.539133,63.607001],[-91.463124,63.616767]]],[[[-64.086415,63.335028],[-64.059722,63.274807],[-64.279205,63.341132],[-64.497914,63.616767],[-64.354888,63.66885],[-64.292551,63.438666],[-64.086415,63.335028]]],[[[-76.688873,63.485826],[-76.544911,63.466539],[-76.701975,63.369696],[-76.982086,63.407294],[-77.446116,63.661119],[-77.120269,63.685045],[-76.617828,63.521674],[-76.688873,63.485826]]],[[[-72.474436,63.705512],[-72.540395,63.694525],[-72.599721,63.646674],[-72.474436,63.705512]]],[[[-92.977651,63.904202],[-92.961537,63.879381],[-93.079579,63.896226],[-92.977651,63.904202]]],[[[-64.888336,63.794908],[-64.562571,63.908596],[-64.607167,63.842719],[-64.50475,63.842719],[-64.613393,63.787502],[-64.388051,63.732856],[-64.888336,63.794908]]],[[[-77.973378,63.965562],[-77.545481,64.027655],[-77.737213,63.932074],[-77.973378,63.965562]]],[[[-81.468821,64.191555],[-81.536773,64.223212],[-81.382558,64.213202],[-81.468821,64.191555]]],[[[-73.276357,64.219428],[-73.173329,64.205797],[-73.39981,64.164862],[-73.276357,64.219428]]],[[[-73.529612,64.504055],[-73.515289,64.370307],[-73.654205,64.323228],[-73.577992,64.49315],[-73.684193,64.524807],[-73.529612,64.504055]]],[[[-65.546254,64.548407],[-65.450673,64.534735],[-65.68814,64.547593],[-65.411936,64.739814],[-65.409088,64.658271],[-65.29308,64.74022],[-65.209828,64.643988],[-65.546254,64.548407]]],[[[-62.257232,65.748236],[-62.134389,65.654527],[-62.339182,65.617906],[-62.485707,65.7237],[-62.257232,65.748236]]],[[[-83.503407,65.809719],[-83.582509,65.861518],[-83.291168,65.846869],[-83.503407,65.809719]]],[[[-80.183339,63.767564],[-81.124908,63.463813],[-82.074615,63.69184],[-82.48176,63.685207],[-82.550933,63.75731],[-82.37092,63.913031],[-83.084543,63.958197],[-83.138295,64.006659],[-82.96581,64.13703],[-83.084299,64.189846],[-83.685292,64.014065],[-83.633778,63.770982],[-84.28425,63.626776],[-84.59024,63.315131],[-85.273915,63.123358],[-85.509755,63.129218],[-85.635162,63.243109],[-85.590199,63.613349],[-85.713735,63.7744],[-86.868153,63.561754],[-87.123769,63.563625],[-87.223785,63.660142],[-86.895904,63.930243],[-86.19286,64.10342],[-86.364817,64.308824],[-86.419423,64.596869],[-86.173004,64.829576],[-86.151519,65.396145],[-85.938935,65.763198],[-85.486511,65.924136],[-85.488271,65.796617],[-85.171864,65.78913],[-85.052358,65.614163],[-85.316477,65.54149],[-85.007639,65.415717],[-84.931793,65.218207],[-84.815256,65.221137],[-84.554677,65.485907],[-84.160024,65.346991],[-84.230336,65.267646],[-84.098459,65.20954],[-83.397694,65.136623],[-83.208363,64.947699],[-82.336741,64.761542],[-81.771311,64.51203],[-81.774648,64.309231],[-81.606597,64.134101],[-81.991607,63.998725],[-81.398834,64.101508],[-80.930653,63.993476],[-80.979115,64.068671],[-80.888783,64.122626],[-80.496897,63.91767],[-80.674631,63.893988],[-80.183339,63.767564]]],[[[-85.001129,66.007636],[-84.574086,65.635647],[-84.800893,65.567084],[-85.11266,65.762112],[-85.179311,65.987779],[-85.001129,66.007636]]],[[[-84.473541,66.090237],[-84.021352,66.087714],[-83.692738,65.925727],[-83.786366,65.812812],[-83.21231,65.706],[-83.367055,65.618598],[-83.582875,65.706],[-83.838857,65.652248],[-83.685292,65.755072],[-84.14273,65.76675],[-84.124582,65.906684],[-84.473541,66.090237]]],[[[-83.273793,66.309312],[-82.904449,66.268378],[-83.077626,66.197821],[-83.273793,66.309312]]],[[[-62.40746,67.186957],[-62.746897,67.018052],[-62.901519,67.063422],[-62.40746,67.186957]]],[[[-63.517893,67.324164],[-63.360219,67.29621],[-63.83316,67.289984],[-63.517893,67.324164]]],[[[-63.757476,67.522773],[-64.037994,67.529608],[-63.954701,67.654975],[-63.757476,67.522773]]],[[[-73.358266,67.83808],[-74.402333,67.778876],[-74.640248,67.856676],[-74.775217,68.029364],[-74.338368,68.180732],[-74.214426,68.135403],[-74.255442,68.063463],[-73.446156,67.992987],[-73.358266,67.83808]]],[[[-66.296376,68.269477],[-66.183095,68.262641],[-66.270579,68.161444],[-66.661122,68.209459],[-66.296376,68.269477]]],[[[-86.577138,68.290595],[-86.407826,68.20775],[-86.372467,67.936591],[-86.477773,67.782864],[-86.680084,67.735053],[-86.9204,67.861396],[-86.837148,67.992011],[-86.987375,68.084296],[-86.747711,68.287014],[-86.577138,68.290595]]],[[[-75.033518,68.173285],[-75.161366,67.953111],[-75.044057,67.816962],[-75.065053,67.552436],[-75.595855,67.311103],[-76.981557,67.243313],[-77.2506,67.453843],[-77.322662,67.707994],[-76.688873,68.262641],[-75.911204,68.34455],[-75.033518,68.173285]]],[[[-78.909047,68.324042],[-78.829986,68.252672],[-79.04426,68.166205],[-79.183461,68.221666],[-79.156117,68.34455],[-78.909047,68.324042]]],[[[-82.08141,68.307318],[-82.348948,68.365058],[-82.000111,68.351386],[-82.08141,68.307318]]],[[[-74.368764,68.389228],[-74.29776,68.464423],[-74.080719,68.332709],[-74.221669,68.249579],[-74.368764,68.389228]]],[[[-78.614247,68.506293],[-78.97057,68.474921],[-78.668853,68.584784],[-78.886301,68.658881],[-78.46345,68.619534],[-78.724192,68.523342],[-78.614247,68.506293]]],[[[-74.844838,68.578559],[-74.792592,68.675686],[-74.517079,68.564276],[-74.844838,68.578559]]],[[[-74.838002,68.420233],[-74.811269,68.324042],[-74.996246,68.337714],[-75.378977,68.498847],[-75.40038,68.60871],[-75.238922,68.724799],[-75.019887,68.680976],[-74.773752,68.4855],[-74.838002,68.420233]]],[[[-68.006093,68.770331],[-67.663442,68.701402],[-68.458567,68.793647],[-68.006093,68.770331]]],[[[-90.182037,69.119208],[-90.127431,69.057766],[-90.276763,69.114],[-90.182037,69.119208]]],[[[-90.497385,69.242662],[-90.685414,69.229071],[-90.655995,69.349799],[-90.777008,69.328681],[-90.618967,69.37637],[-90.497385,69.242662]]],[[[-79.079823,68.878974],[-79.268178,68.832261],[-79.423004,68.927395],[-78.621693,69.263129],[-78.710113,69.34162],[-78.312734,69.387112],[-78.214019,69.302883],[-78.456654,69.229071],[-78.846588,68.907904],[-79.079823,68.878974]]],[[[-90.250356,69.297919],[-90.327626,69.238959],[-90.506744,69.366645],[-90.201894,69.448147],[-90.147288,69.372992],[-90.250356,69.297919]]],[[[-76.692291,69.410875],[-76.675201,69.310981],[-76.943593,69.207994],[-76.901194,69.105536],[-77.264963,69.146715],[-77.387196,69.266547],[-77.250111,69.435126],[-76.692291,69.410875]]],[[[-67.444325,69.592108],[-67.307769,69.558051],[-67.752838,69.523261],[-67.444325,69.592108]]],[[[-67.909901,69.533759],[-68.307729,69.592108],[-67.827952,69.661078],[-67.9558,69.710435],[-67.731068,69.658759],[-67.909901,69.533759]]],[[[-78.394521,69.646715],[-78.176096,69.756415],[-77.942047,69.646715],[-78.880727,69.480658],[-78.394521,69.646715]]],[[[-79.971059,69.633124],[-80.077504,69.636868],[-79.93635,69.536851],[-79.998647,69.500149],[-80.230621,69.540839],[-80.238026,69.626288],[-80.334218,69.558051],[-80.814036,69.694525],[-80.718373,69.756008],[-80.40274,69.670152],[-80.50064,69.787421],[-80.206044,69.800686],[-80.150299,69.723375],[-79.672434,69.82038],[-79.326812,69.708808],[-79.971059,69.633124]]],[[[-83.83609,69.749823],[-83.897572,69.818671],[-83.527659,69.790758],[-83.83609,69.749823]]],[[[-91.853586,69.859687],[-91.641265,69.859687],[-91.840199,69.824897],[-91.853586,69.859687]]],[[[-91.463124,69.777086],[-91.737457,69.797593],[-91.408518,69.879543],[-91.463124,69.777086]]],[[[-87.084218,69.989407],[-87.379018,70.106024],[-86.650746,70.120917],[-86.460357,70.01675],[-87.084218,69.989407]]],[[[-71.507965,71.017279],[-71.343495,71.007636],[-71.406077,70.916571],[-72.002065,70.811916],[-72.228017,70.921698],[-71.859731,71.078559],[-71.507965,71.017279]]],[[[-72.953603,71.517524],[-72.817047,71.448635],[-73.024159,71.412299],[-72.978871,71.325751],[-73.053578,71.296373],[-73.378774,71.517524],[-73.100901,71.55329],[-73.139312,71.420844],[-72.953603,71.517524]]],[[[-72.737904,71.661526],[-72.658762,71.600043],[-72.765289,71.528998],[-73.043568,71.586412],[-72.737904,71.661526]]],[[[-95.327545,71.847113],[-95.259267,71.832831],[-95.318471,71.742499],[-95.492055,71.743476],[-95.327545,71.847113]]],[[[-95.766347,72.874986],[-95.732289,72.807685],[-95.855784,72.860663],[-95.766347,72.874986]]],[[[-96.917714,72.737779],[-97.013987,72.778754],[-96.759389,72.896186],[-96.648305,72.80093],[-96.917714,72.737779]]],[[[-97.072011,73.138129],[-96.809193,73.192084],[-96.568267,73.052476],[-96.973012,72.929633],[-97.140696,73.058905],[-97.072011,73.138129]]],[[[-108.087636,73.590644],[-107.591868,73.587226],[-107.993967,73.546576],[-108.087636,73.590644]]],[[[-104.680898,73.629828],[-104.500844,73.567206],[-104.572662,73.33218],[-105.015777,73.013861],[-105.359731,72.9501],[-105.203359,72.867499],[-105.284983,72.851386],[-106.107655,73.197089],[-106.045644,73.223822],[-106.19579,73.285834],[-106.120717,73.29267],[-107.039296,73.484442],[-106.599599,73.710639],[-105.381418,73.770657],[-104.680898,73.629828]]],[[[-80.903391,73.607367],[-80.802602,73.670722],[-80.861806,73.75137],[-80.56017,73.772528],[-79.450307,73.635321],[-78.113759,73.665717],[-77.21349,73.51081],[-77.039866,73.358832],[-76.714426,73.322496],[-76.583567,73.219224],[-76.634267,73.169827],[-76.243276,73.093451],[-76.332631,72.970526],[-76.058258,72.901679],[-76.318959,72.816718],[-78.170888,72.898627],[-79.56843,72.759833],[-80.00182,72.871243],[-80.176137,73.0456],[-80.163808,73.233385],[-80.860097,73.318996],[-80.849762,73.475328],[-80.697336,73.484442],[-80.903391,73.607367]]],[[[-96.32127,72.466864],[-96.876812,72.326321],[-96.53416,72.24433],[-96.499981,72.093492],[-96.869284,72.045111],[-96.493226,72.028022],[-96.766948,71.922268],[-96.501323,71.931464],[-96.588766,71.820746],[-97.685283,71.618394],[-98.252788,71.669989],[-98.359274,71.734361],[-98.213115,71.881252],[-98.295025,71.901679],[-98.500469,71.722968],[-98.04181,71.531195],[-98.729961,71.271715],[-98.967632,71.383246],[-99.235088,71.349595],[-99.385235,71.585842],[-100.636537,72.186469],[-100.967754,72.175442],[-101.216167,72.334703],[-101.44863,72.242133],[-101.782044,72.308783],[-101.933981,72.486518],[-102.614238,72.661322],[-102.755962,72.812323],[-102.484763,73.041246],[-101.947816,73.093451],[-101.276836,72.778754],[-101.413392,72.752021],[-101.333558,72.724799],[-100.448345,72.738105],[-100.316631,72.806098],[-100.467429,73.018988],[-100.310405,73.03266],[-100.416566,72.978339],[-100.268779,72.960028],[-100.30479,72.874986],[-100.035462,72.943834],[-100.323467,73.100898],[-100.227886,73.134426],[-100.529522,73.093451],[-100.611472,73.148098],[-100.467429,73.203315],[-100.556255,73.231269],[-100.35138,73.29267],[-99.768617,73.210761],[-100.362896,73.399604],[-100.337139,73.326239],[-100.857891,73.262844],[-101.625632,73.49136],[-100.91856,73.602973],[-100.420269,73.419257],[-100.60431,73.498765],[-100.549419,73.600531],[-101.118552,73.724066],[-100.885845,73.832099],[-100.023296,73.737779],[-99.846091,73.888332],[-100.302959,73.861233],[-99.802715,73.936957],[-99.191224,73.690253],[-97.773906,73.918891],[-97.835755,73.868069],[-97.193706,73.84748],[-96.938213,73.686835],[-97.220033,73.555976],[-97.643942,73.5397],[-97.632223,73.460395],[-97.220195,73.477484],[-97.150493,73.395087],[-97.733298,73.306342],[-98.49404,73.01789],[-98.446188,72.872504],[-97.985169,73.044135],[-97.255962,72.962063],[-97.4186,72.860663],[-97.025615,72.729478],[-97.19391,72.615058],[-96.537578,72.752021],[-96.588766,72.696845],[-96.32127,72.466864]]],[[[-99.247426,73.855048],[-99.440256,73.909003],[-98.173004,74.097724],[-97.643219,74.072211],[-98.143422,73.878404],[-99.247426,73.855048]]],[[[-90.291005,73.923285],[-90.195709,73.902248],[-90.786366,73.55683],[-90.983388,73.559556],[-90.921254,73.498114],[-91.25768,73.272203],[-91.63386,73.231269],[-91.376332,73.203192],[-92.095815,72.746243],[-94.32079,72.765082],[-93.787424,72.740709],[-93.816803,72.64525],[-93.464223,72.463446],[-94.233876,72.032416],[-94.026601,72.065579],[-94.060129,71.983629],[-95.211497,71.994208],[-95.088612,72.100328],[-95.201243,72.110907],[-94.790435,72.159939],[-95.176747,72.154975],[-95.235341,72.439521],[-95.135732,72.463446],[-95.592681,72.699449],[-95.513092,72.737779],[-95.668935,72.802151],[-95.622955,72.929633],[-95.717397,72.997138],[-95.513254,73.133734],[-95.704945,73.559556],[-95.540435,73.580715],[-95.719228,73.690579],[-95.411733,73.776435],[-94.622426,73.655748],[-95.330922,73.917467],[-94.72057,74.101386],[-93.757232,74.077135],[-93.729848,74.160834],[-93.272572,74.177965],[-92.430165,74.062405],[-92.271311,73.992174],[-92.333974,73.943183],[-91.572377,74.033149],[-90.291005,73.923285]]],[[[-97.736806,74.471381],[-97.503041,74.623033],[-97.260365,74.597968],[-97.736806,74.471381]]],[[[-95.362294,74.590806],[-95.255605,74.518785],[-95.870025,74.581244],[-95.362294,74.590806]]],[[[-103.638417,75.19953],[-103.762685,75.090644],[-104.229482,75.018866],[-104.929555,75.141099],[-104.403228,75.432603],[-103.820546,75.366685],[-103.638417,75.19953]]],[[[-93.43692,74.944322],[-93.533111,74.6706],[-94.724192,74.631781],[-95.305409,74.805487],[-95.511342,74.743598],[-95.514882,74.814114],[-95.897572,74.825873],[-96.136871,74.936916],[-96.033274,74.950588],[-96.143137,74.957994],[-96.064605,75.023586],[-96.266672,74.909613],[-96.403798,74.936916],[-96.329457,75.004136],[-96.616119,74.991523],[-96.46935,75.194403],[-95.986073,75.252183],[-96.093984,75.260972],[-95.903554,75.293158],[-96.171051,75.30744],[-95.780019,75.382514],[-96.155507,75.408026],[-95.704945,75.403022],[-95.842112,75.465074],[-94.899526,75.644721],[-94.39391,75.604234],[-93.676503,75.362047],[-93.800038,75.30744],[-93.499379,75.268012],[-93.580312,75.205024],[-93.491567,75.074042],[-93.642405,75.039944],[-93.43692,74.944322]]],[[[-96.575103,75.43773],[-96.872711,75.357367],[-97.054921,75.499213],[-96.375111,75.65998],[-95.91039,75.560696],[-96.205719,75.457994],[-96.424306,75.581204],[-96.575103,75.43773]]],[[[-120.997955,75.930609],[-120.868276,75.916938],[-120.991119,75.763007],[-121.293446,75.759955],[-121.022613,75.823472],[-120.997955,75.930609]]],[[[-102.87328,75.766099],[-103.386586,75.766099],[-103.044911,75.906155],[-101.981313,75.951728],[-102.87328,75.766099]]],[[[-94.48526,75.97842],[-94.294586,75.775702],[-94.743804,75.761542],[-94.910471,75.937445],[-94.48526,75.97842]]],[[[-102.571645,75.992662],[-103.69164,75.888983],[-103.976226,75.944281],[-102.318512,76.044135],[-102.571645,75.992662]]],[[[-117.784739,75.89647],[-118.27066,75.615912],[-118.202382,75.60163],[-118.613922,75.50373],[-119.409047,75.60163],[-118.621205,75.922065],[-117.798695,76.11164],[-117.462514,76.088284],[-117.784739,75.89647]]],[[[-78.895416,76.122992],[-78.799875,76.084866],[-79.176015,75.957953],[-78.896474,75.842597],[-79.279164,75.876532],[-79.43814,75.795356],[-79.752024,75.882799],[-78.895416,76.122992]]],[[[-81.327952,76.149726],[-81.465077,76.164008],[-81.204416,76.184475],[-81.327952,76.149726]]],[[[-103.811431,76.033637],[-104.478139,76.14704],[-102.726633,76.315619],[-102.530629,76.157172],[-103.811431,76.033637]]],[[[-89.380116,76.445136],[-89.626536,76.451361],[-89.503,76.471869],[-89.380116,76.445136]]],[[[-83.992258,76.42536],[-84.137807,76.514065],[-83.911244,76.471869],[-83.992258,76.42536]]],[[[-104.39802,76.468736],[-104.681304,76.6022],[-104.024648,76.670478],[-103.924713,76.640082],[-104.058176,76.568061],[-103.796132,76.623114],[-103.010406,76.423489],[-103.336252,76.331732],[-104.377675,76.324856],[-104.462229,76.396715],[-104.39802,76.468736]]],[[[-97.424875,75.519721],[-97.280873,75.403022],[-97.724233,75.572211],[-97.856272,75.547675],[-97.773834,75.46015],[-98.041819,75.484931],[-97.774281,75.42414],[-98.035308,75.415513],[-97.879994,75.374335],[-98.122955,75.368638],[-98.116689,75.298],[-97.930531,75.339545],[-98.000844,75.279527],[-97.568837,75.149807],[-97.812856,75.113105],[-98.103261,75.225531],[-98.151031,75.170233],[-97.973256,75.111965],[-97.975819,75.014472],[-99.405507,74.998969],[-99.305776,75.131293],[-99.501047,75.032457],[-99.425933,74.991523],[-99.645416,74.97602],[-100.368764,75.023098],[-100.398549,75.163398],[-100.549428,75.205024],[-99.98705,75.238593],[-100.782135,75.355211],[-100.426503,75.382514],[-100.721344,75.43773],[-100.041168,75.457221],[-100.310414,75.478746],[-99.665517,75.615912],[-99.823232,75.656236],[-98.894195,75.699652],[-102.633412,75.498114],[-102.881663,75.617825],[-102.633046,75.615912],[-102.687652,75.677965],[-102.561879,75.725531],[-102.009267,75.704657],[-102.374135,75.810492],[-102.262278,75.869818],[-101.832997,75.905829],[-101.275787,75.745673],[-100.913157,75.814521],[-101.358754,75.779731],[-101.550608,75.869818],[-101.589467,75.924506],[-101.303538,76.020657],[-101.70995,75.989691],[-101.902903,76.105902],[-101.385487,76.253363],[-102.167551,76.239081],[-101.954661,76.369452],[-102.035146,76.412787],[-101.321645,76.414537],[-101.057118,76.328437],[-101.132069,76.245185],[-100.625111,76.122992],[-100.7412,76.095689],[-100.420277,76.122992],[-100.625111,76.081488],[-99.947092,75.87519],[-99.440256,75.972235],[-99.864125,75.937445],[-100.221059,76.136054],[-99.418528,76.164008],[-100.478749,76.233832],[-99.843658,76.286851],[-100.988189,76.506578],[-100.33259,76.644721],[-99.64094,76.637437],[-99.163686,76.513495],[-99.257314,76.46894],[-99.070302,76.404202],[-99.138539,76.455064],[-98.850575,76.43769],[-99.028717,76.6022],[-98.455312,76.682074],[-98.151031,76.588568],[-98.367909,76.570502],[-97.66511,76.486151],[-97.788564,76.322252],[-97.506744,76.19066],[-97.65453,75.982123],[-97.570221,75.86522],[-97.939361,75.745673],[-97.377512,75.679836],[-97.424875,75.519721]]],[[[-101.159739,76.581732],[-101.687123,76.588568],[-100.972483,76.735541],[-100.247711,76.739407],[-101.159739,76.581732]]],[[[-89.674957,76.732611],[-89.859283,76.616441],[-89.674957,76.506578],[-89.977366,76.477729],[-90.594472,76.750881],[-89.982167,76.842353],[-89.674957,76.732611]]],[[[-105.395131,75.674262],[-105.750803,75.492377],[-105.593129,75.465074],[-105.939443,75.214667],[-105.839508,75.183295],[-106.073801,75.10456],[-106.008901,75.056627],[-107.231028,74.920111],[-107.686269,74.982245],[-107.771718,75.101386],[-107.991444,75.012641],[-107.944244,74.936916],[-108.416615,74.91706],[-108.807037,74.985297],[-108.512196,74.978461],[-108.824208,75.071519],[-109.532338,74.867011],[-110.307851,74.8522],[-111.000966,74.61636],[-112.437408,74.41352],[-113.693023,74.444485],[-114.439809,74.683661],[-112.797841,74.985053],[-111.585805,75.006415],[-110.91804,75.232367],[-112.346059,75.121527],[-112.473459,75.149807],[-112.336903,75.225531],[-112.589508,75.183295],[-112.678863,75.279527],[-112.699371,75.14232],[-112.857086,75.109849],[-113.886627,75.058173],[-113.929026,75.144273],[-113.645334,75.190741],[-113.939524,75.183295],[-113.812978,75.32392],[-113.32315,75.42414],[-113.873931,75.373765],[-114.070668,75.474921],[-114.046457,75.366441],[-114.19579,75.225165],[-114.615142,75.283271],[-114.303293,75.181789],[-114.440826,75.067939],[-115.057688,74.966742],[-115.195953,75.002427],[-115.262807,75.183295],[-115.405751,75.102932],[-115.666575,75.148505],[-115.53718,75.039944],[-115.715443,74.970364],[-116.25593,75.06037],[-116.043691,75.12873],[-116.33849,75.115627],[-116.2565,75.211249],[-116.767242,75.122219],[-117.688466,75.25967],[-117.202219,75.48078],[-116.0419,75.484809],[-115.002105,75.698472],[-116.115631,75.577786],[-117.249013,75.609076],[-116.885365,75.789008],[-114.827382,75.879381],[-116.736318,75.937445],[-116.461334,75.97842],[-116.701568,76.040473],[-116.630279,76.120429],[-116.162709,76.203843],[-114.666982,76.164008],[-115.926991,76.286851],[-115.512318,76.456204],[-114.872426,76.520209],[-114.15925,76.458808],[-114.090932,76.389879],[-114.179758,76.35578],[-113.963043,76.190619],[-112.994211,76.273261],[-112.425649,76.170844],[-112.525746,76.120998],[-111.726796,75.916938],[-112.22704,75.814521],[-111.459055,75.841864],[-111.596425,75.814521],[-111.369862,75.732611],[-111.410797,75.615912],[-111.250844,75.521877],[-110.51358,75.57331],[-108.909983,75.478746],[-109.033599,75.5539],[-108.855458,75.560696],[-108.937367,75.677965],[-108.828114,75.691067],[-110.054596,75.89647],[-109.297353,76.03913],[-109.389882,76.067776],[-109.323069,76.115383],[-110.383616,76.300523],[-110.397206,76.396715],[-109.771962,76.50019],[-109.70519,76.527086],[-109.849192,76.540717],[-109.325103,76.788886],[-108.775624,76.864163],[-108.450795,76.732611],[-108.731923,76.643215],[-108.484934,76.458808],[-108.615875,76.423489],[-108.080881,76.286851],[-108.499176,76.040473],[-107.640126,75.989244],[-108.026235,75.787258],[-107.075999,75.8994],[-106.88093,75.649237],[-106.882314,75.766099],[-106.614817,75.80093],[-106.885894,75.838202],[-106.874867,75.965399],[-106.339833,76.061591],[-105.606801,75.937445],[-105.395131,75.674262]]],[[[-114.837026,76.759833],[-114.631581,76.86164],[-113.846059,76.898871],[-113.453481,76.773505],[-113.673166,76.70425],[-114.837026,76.759833]]],[[[-79.56017,74.991523],[-79.334299,74.903388],[-79.909047,74.813951],[-80.31314,74.941555],[-80.410553,74.901801],[-80.100819,74.827623],[-80.245432,74.758734],[-80.128774,74.71776],[-80.217519,74.58747],[-81.788686,74.458401],[-82.919993,74.5515],[-83.117258,74.669379],[-83.078481,74.815823],[-83.491689,74.909491],[-83.562489,74.89232],[-83.322174,74.762152],[-83.49352,74.577826],[-84.25829,74.506496],[-84.914866,74.512356],[-85.007965,74.704088],[-85.035268,74.539008],[-85.184926,74.493109],[-85.357411,74.505561],[-85.533681,74.69009],[-85.482289,74.545356],[-85.603871,74.498033],[-86.124623,74.484361],[-86.08019,74.549872],[-86.17927,74.622219],[-86.380035,74.487494],[-86.803049,74.622219],[-86.603749,74.471381],[-88.517812,74.501207],[-88.564361,74.573432],[-88.434193,74.76557],[-88.296986,74.779853],[-88.48884,74.793524],[-88.539459,74.903754],[-88.847646,74.664984],[-89.098948,74.840725],[-89.010162,74.786078],[-89.060292,74.722235],[-89.270253,74.758734],[-89.098948,74.687079],[-89.147369,74.607896],[-89.434438,74.55329],[-89.918528,74.527289],[-90.563791,74.608588],[-90.723297,74.738267],[-91.024973,74.704088],[-90.786773,74.889635],[-91.230377,74.738267],[-91.099436,74.629055],[-91.330434,74.720933],[-91.513499,74.644721],[-92.062734,74.803412],[-92.01183,74.909613],[-92.230336,75.074042],[-92.01183,75.101386],[-92.055898,75.153225],[-92.504018,75.218004],[-92.326527,75.375678],[-92.463043,75.375678],[-92.380767,75.456122],[-92.004384,75.60163],[-92.175689,75.752509],[-92.12682,75.873847],[-92.61974,76.014594],[-92.666127,76.135077],[-93.06017,76.349026],[-93.76594,76.286851],[-93.634918,76.259589],[-93.703725,76.251532],[-94.749094,76.314846],[-95.390248,76.239081],[-94.800608,76.328437],[-96.108998,76.499742],[-95.588246,76.609605],[-96.027008,76.554999],[-96.965566,76.739407],[-96.867502,76.813666],[-96.308217,76.759833],[-96.819569,76.872016],[-96.851145,76.929633],[-96.657704,76.952297],[-96.81843,76.983385],[-95.770741,77.076728],[-94.233998,76.890611],[-93.700917,76.920966],[-93.196767,76.753079],[-93.299143,76.554999],[-93.656077,76.445136],[-93.560699,76.395168],[-93.079254,76.627631],[-90.921132,76.643297],[-90.46939,76.486151],[-91.565541,76.499742],[-89.194447,76.248196],[-90.45641,76.17768],[-90.093739,76.124986],[-91.613352,76.267035],[-91.25768,76.201565],[-91.408518,76.149726],[-90.66808,76.115627],[-90.866689,76.067776],[-90.188222,76.067776],[-91.161488,76.020657],[-90.942983,76.006334],[-91.072133,75.992662],[-90.947174,75.942857],[-91.147817,75.903266],[-91.128814,75.836127],[-90.79776,75.998847],[-90.428456,75.972235],[-90.518544,75.89883],[-89.963775,76.016018],[-89.687978,75.903266],[-89.777333,75.794094],[-89.514801,75.85932],[-89.162506,75.765204],[-89.257192,75.63581],[-89.763051,75.581204],[-89.208485,75.586005],[-88.917388,75.430365],[-88.763783,75.43773],[-88.900299,75.609076],[-88.722401,75.686103],[-88.222646,75.544989],[-88.303822,75.499213],[-88.228139,75.47134],[-87.750844,75.580878],[-87.466908,75.456],[-87.507476,75.561265],[-87.265736,75.623033],[-86.364817,75.430365],[-86.618031,75.368883],[-85.521881,75.403022],[-86.151682,75.508775],[-85.227122,75.560696],[-85.322662,75.574368],[-85.044911,75.655829],[-84.57608,75.624254],[-84.500885,75.63581],[-84.664703,75.691067],[-83.91808,75.814521],[-84.0006,75.828803],[-83.119537,75.740058],[-82.331044,75.843573],[-81.113149,75.77912],[-81.286285,75.663723],[-80.503407,75.661566],[-79.950022,75.540229],[-80.375803,75.465074],[-79.573842,75.451483],[-79.683095,75.43773],[-79.491322,75.382514],[-79.614858,75.303697],[-79.443512,75.287014],[-79.516916,75.229234],[-80.44343,75.039944],[-80.176584,74.985297],[-80.249135,74.953518],[-79.56017,74.991523]]],[[[-119.317494,76.199897],[-119.486318,76.36107],[-119.716868,76.335273],[-119.564605,76.17182],[-119.703236,76.164008],[-119.552398,76.122992],[-119.805653,76.115627],[-119.485951,75.974921],[-120.387441,75.806708],[-120.489003,75.847073],[-120.388499,75.972235],[-120.683746,76.006171],[-120.649159,76.102525],[-120.751576,76.102525],[-120.662221,76.1435],[-120.86498,76.200995],[-121.01122,76.138861],[-120.953481,75.958197],[-121.299672,75.910793],[-121.847076,76.045233],[-122.425893,75.932807],[-122.731557,75.97842],[-122.482981,76.102362],[-122.704905,76.115627],[-122.492584,76.1435],[-122.605824,76.174262],[-123.040679,76.088284],[-122.403228,76.404202],[-121.511871,76.448228],[-121.187327,76.688178],[-120.367991,76.814521],[-120.429433,76.869086],[-119.162709,77.324897],[-117.852366,77.390448],[-117.962229,77.370022],[-117.039215,77.292792],[-117.181386,77.348863],[-116.646962,77.390448],[-117.154042,77.458726],[-116.406728,77.562405],[-115.392568,77.307929],[-116.400543,77.137274],[-115.732045,76.948554],[-116.365793,76.931789],[-115.892812,76.698432],[-117.007924,76.552151],[-117.077626,76.519599],[-116.934316,76.35578],[-117.136342,76.290229],[-117.571401,76.271633],[-118.05842,76.410386],[-117.907582,76.533352],[-117.918568,76.693345],[-117.736236,76.780341],[-117.865793,76.82331],[-118.496653,76.718899],[-118.305409,76.554999],[-118.946278,76.522854],[-118.568959,76.345201],[-118.899729,76.275092],[-118.963531,76.135728],[-119.244862,76.113186],[-119.317494,76.199897]]],[[[-85.162221,77.458726],[-85.542388,77.540717],[-85.018381,77.583482],[-84.816233,77.499701],[-85.162221,77.458726]]],[[[-89.661285,77.35635],[-90.405019,77.203192],[-91.179514,77.394192],[-91.209299,77.575385],[-90.304107,77.629381],[-89.775746,77.486396],[-89.661285,77.35635]]],[[[-104.394521,77.192532],[-104.791168,77.109931],[-105.224599,77.164496],[-106.093658,77.729641],[-105.503041,77.721096],[-104.996083,77.537095],[-105.015859,77.414618],[-104.421254,77.307929],[-104.394521,77.192532]]],[[[-93.252024,77.644355],[-93.545522,77.44481],[-93.784535,77.43773],[-95.98762,77.479071],[-96.328725,77.609565],[-96.235463,77.705512],[-95.5065,77.810736],[-95.355458,77.739936],[-93.608022,77.78148],[-93.101145,77.664211],[-93.252024,77.644355]]],[[[-77.572743,77.856635],[-77.596588,77.816596],[-77.920318,77.808295],[-77.572743,77.856635]]],[[[-102.44872,77.739936],[-102.530629,77.836127],[-102.448476,77.881293],[-101.725209,77.90648],[-100.931996,77.744534],[-102.44872,77.739936]]],[[[-113.686269,77.866604],[-113.577016,77.815009],[-114.300689,77.713284],[-115.118235,77.959662],[-114.32726,78.080797],[-113.686269,77.866604]]],[[[-109.603668,78.07392],[-109.786855,77.949774],[-110.903717,77.853217],[-110.71996,77.766181],[-110.1079,77.77619],[-110.041005,77.644355],[-110.235422,77.504218],[-111.990834,77.329291],[-113.165883,77.515082],[-113.241282,77.582261],[-113.089752,77.623236],[-113.32315,77.808173],[-113.141103,77.922512],[-111.824127,78.052639],[-109.603668,78.07392]]],[[[-102.900543,78.274359],[-102.778472,78.214789],[-103.284169,78.161363],[-102.900543,78.274359]]],[[[-88.057444,78.45246],[-88.208323,78.281806],[-88.405588,78.258979],[-88.057444,78.45246]]],[[[-109.259511,78.459296],[-109.408681,78.309882],[-109.823232,78.295396],[-111.154612,78.39053],[-111.43399,78.274604],[-112.175526,78.377387],[-113.061513,78.274359],[-113.336171,78.336371],[-110.740956,78.757961],[-109.887278,78.67593],[-109.259511,78.459296]]],[[[-74.558095,78.78144],[-74.167063,78.726793],[-74.703603,78.726874],[-74.558095,78.78144]]],[[[-96.910308,77.795152],[-97.103342,77.808173],[-96.993479,77.924872],[-97.774281,78.041571],[-96.869293,78.137152],[-97.919545,78.220282],[-97.766835,78.247016],[-98.407297,78.488186],[-98.024973,78.552558],[-98.31607,78.646226],[-98.361887,78.766181],[-97.451039,78.797105],[-96.157297,78.619574],[-96.273508,78.535061],[-95.46109,78.511135],[-94.82787,78.363715],[-95.403228,78.233344],[-94.889312,78.10928],[-95.060658,77.972642],[-96.496165,77.906073],[-96.910308,77.795152]]],[[[-105.606801,79.103583],[-105.456899,79.329291],[-103.721588,79.363349],[-102.879465,79.233303],[-102.618764,79.096747],[-102.776438,78.94595],[-102.571645,78.94595],[-102.598948,78.877631],[-102.40274,78.934801],[-102.420766,79.014228],[-101.648427,79.081],[-100.988189,78.931627],[-101.18517,78.80744],[-100.349762,78.823717],[-99.892079,78.69892],[-100.063385,78.638088],[-99.557932,78.5987],[-99.871653,78.43887],[-99.748118,78.380805],[-99.802724,78.308498],[-98.946156,78.068915],[-99.103831,77.965888],[-99.029042,77.882717],[-99.938588,77.782904],[-100.610015,77.863959],[-100.830678,78.015326],[-100.762074,78.082994],[-101.059722,78.205512],[-102.592519,78.244452],[-102.802235,78.287787],[-102.667144,78.363715],[-102.74413,78.380561],[-104.465688,78.274644],[-105.046376,78.504788],[-104.640981,78.583441],[-103.53954,78.500393],[-103.37975,78.589586],[-104.044504,78.630601],[-103.318267,78.737047],[-104.188059,78.776679],[-103.832183,78.904975],[-104.247222,78.997056],[-104.955434,78.798163],[-105.03185,78.826158],[-104.678538,79.011135],[-105.563466,79.025946],[-105.606801,79.103583]]],[[[-100.15217,79.997992],[-99.779368,80.150784],[-99.1197,80.133734],[-98.705963,79.966986],[-98.775054,79.90469],[-98.651357,79.792222],[-98.840199,79.669867],[-99.583608,79.898668],[-100.070221,79.87816],[-100.180084,79.911689],[-100.15217,79.997992]]],[[[-95.852366,80.652777],[-96.150543,80.665839],[-94.971303,80.639146],[-95.852366,80.652777]]],[[[-96.623118,80.044338],[-96.801666,80.097317],[-94.382232,79.988023],[-94.807444,80.097317],[-94.087473,80.179877],[-94.585683,80.226386],[-95.401519,80.126654],[-95.69811,80.179877],[-95.232004,80.241278],[-95.969146,80.201361],[-96.684967,80.343695],[-95.437408,80.343695],[-96.102162,80.494574],[-95.903554,80.542914],[-96.027008,80.58393],[-93.785756,80.529283],[-94.677073,80.665839],[-94.128774,80.728217],[-95.533599,80.824123],[-95.150014,80.885565],[-95.485219,80.906073],[-94.902984,81.063707],[-94.447092,80.967515],[-93.909291,81.042629],[-94.302398,81.122707],[-93.155751,81.097846],[-93.100006,81.15644],[-93.217193,81.214545],[-94.395863,81.261705],[-94.188466,81.366645],[-93.56664,81.30329],[-93.485463,81.334784],[-93.54776,81.384996],[-93.25768,81.37344],[-91.798329,81.159247],[-91.915028,81.077379],[-90.592926,80.652777],[-90.731068,80.566718],[-89.057973,80.467841],[-89.257192,80.398993],[-89.078481,80.398993],[-89.255849,80.28974],[-88.538442,80.099107],[-88.146148,80.103461],[-88.708567,80.28974],[-88.644154,80.396674],[-87.700551,80.412584],[-87.567698,80.183295],[-88.063629,80.12523],[-87.239369,80.07038],[-87.008453,79.953315],[-87.488271,79.837226],[-86.962026,79.908759],[-87.135813,79.649482],[-87.460927,79.53559],[-86.309071,79.648098],[-86.042063,79.569078],[-86.138254,79.521918],[-86.028391,79.480943],[-86.166168,79.459866],[-86.067535,79.436184],[-85.69872,79.617987],[-84.912587,79.270697],[-86.503896,79.068671],[-86.746653,78.959052],[-86.968251,79.064195],[-86.940175,78.918606],[-87.649241,78.643012],[-87.997548,78.811225],[-87.984731,78.964301],[-87.728424,79.083075],[-88.173736,78.995592],[-88.228912,78.804511],[-88.13622,78.686916],[-88.358469,78.657904],[-88.022043,78.654608],[-87.909739,78.552436],[-88.228505,78.463568],[-88.804758,78.610175],[-88.540028,78.416897],[-88.811269,78.165432],[-89.049957,78.181708],[-90.006174,78.613756],[-90.099477,78.561713],[-89.98884,78.448676],[-89.45519,78.164496],[-90.332021,78.336371],[-90.7506,78.32274],[-90.325429,78.274359],[-90.27595,78.186469],[-90.352691,78.144599],[-92.024526,78.210679],[-92.326527,78.288642],[-92.219838,78.332261],[-92.503407,78.313178],[-92.991282,78.466132],[-91.649159,78.565009],[-93.281728,78.594713],[-93.8131,78.767768],[-93.038442,78.767768],[-93.874582,78.83397],[-94.293528,78.986884],[-93.330474,79.170966],[-90.366363,79.247545],[-92.627349,79.245429],[-92.695872,79.267401],[-91.120513,79.391588],[-92.495351,79.365424],[-92.580393,79.384752],[-92.230336,79.432563],[-93.086659,79.487128],[-93.004954,79.391588],[-93.388539,79.343166],[-93.234364,79.418158],[-93.321034,79.452053],[-93.929799,79.259182],[-94.210927,79.274888],[-93.840972,79.398993],[-94.480092,79.426663],[-94.388417,79.371039],[-95.211008,79.280951],[-95.32136,79.336982],[-95.163686,79.350002],[-95.280385,79.405219],[-95.75536,79.406236],[-95.670155,79.446845],[-95.780019,79.480943],[-94.340647,79.686225],[-94.300282,79.775214],[-95.853749,79.652411],[-96.588775,79.857123],[-96.136871,79.911689],[-96.557932,79.948554],[-96.677561,80.015367],[-96.390207,80.048896],[-96.623118,80.044338]]],[[[-61.085479,82.331163],[-61.312408,82.197211],[-62.031321,82.13939],[-61.873077,82.112738],[-62.257639,82.023546],[-63.920196,81.798692],[-64.32608,81.830919],[-64.120636,81.769477],[-64.372589,81.724962],[-65.37503,81.762681],[-66.04662,81.694403],[-65.34085,81.694403],[-65.858144,81.627265],[-68.213206,81.563218],[-69.308339,81.721666],[-68.356231,81.542955],[-68.855865,81.55036],[-68.580556,81.516099],[-66.608306,81.516221],[-70.213287,81.179877],[-69.637278,81.179877],[-70.020253,81.105943],[-65.735748,81.493272],[-64.546051,81.55036],[-64.435943,81.481513],[-67.563018,80.94599],[-69.666005,80.355211],[-70.309478,80.358018],[-70.219512,80.419501],[-70.824452,80.566962],[-70.370351,80.412665],[-70.452911,80.343736],[-69.959462,80.261827],[-70.159088,80.192491],[-71.734609,80.117865],[-72.41983,80.213446],[-71.898468,80.117865],[-72.34203,80.062567],[-70.648223,80.14289],[-70.486969,80.062608],[-71.459625,79.898749],[-70.91161,79.892564],[-71.142405,79.789496],[-72.231679,79.662584],[-72.920196,79.709581],[-73.063507,79.801866],[-72.930979,79.823594],[-74.227773,79.895697],[-74.844879,79.850328],[-73.383331,79.775621],[-73.125315,79.566352],[-73.733713,79.496161],[-73.96581,79.563585],[-73.992218,79.458686],[-74.282012,79.439927],[-74.996368,79.513414],[-75.064605,79.494086],[-74.88858,79.415635],[-75.027984,79.373277],[-77.133778,79.548651],[-77.188507,79.508409],[-76.193593,79.470282],[-75.880157,79.356879],[-76.87328,79.350043],[-77.124501,79.46894],[-77.401519,79.45307],[-77.161895,79.330186],[-78.059397,79.356879],[-77.325754,79.267442],[-77.49706,79.247626],[-74.468739,79.227159],[-74.824981,79.179307],[-74.440826,79.06269],[-75.757151,79.084215],[-76.088775,79.204698],[-78.257395,79.171942],[-76.085601,79.103624],[-76.168691,79.077338],[-78.895497,79.069444],[-77.703155,79.008043],[-78.29898,78.795762],[-78.226837,78.772203],[-77.718007,78.969713],[-75.780751,78.982001],[-76.459218,78.849351],[-74.773752,78.834825],[-74.906321,78.788316],[-74.721954,78.712633],[-74.872833,78.644273],[-74.632598,78.589667],[-76.66161,78.528266],[-75.029815,78.336412],[-75.62621,78.199815],[-76.915435,78.206773],[-75.581939,78.113023],[-75.93399,77.958604],[-76.232411,78.021104],[-76.880686,77.905015],[-78.216583,78.00255],[-78.429962,77.911322],[-77.980702,77.816718],[-78.079864,77.678534],[-77.716217,77.609605],[-78.689687,77.319078],[-78.84085,77.315416],[-78.771026,77.384955],[-79.133209,77.291327],[-80.551422,77.309801],[-81.296864,77.43651],[-81.937489,77.68537],[-81.673004,77.523668],[-81.737213,77.434801],[-81.170929,77.332506],[-82.19815,77.301744],[-81.857696,77.170478],[-81.103017,77.287462],[-80.115142,77.205552],[-80.372467,77.074693],[-79.432403,77.238593],[-79.0065,77.104722],[-79.37564,76.925645],[-78.903066,76.93419],[-78.964386,76.842393],[-78.720367,76.827582],[-78.384429,77.004096],[-78.09085,77.022813],[-77.716217,76.821967],[-77.770782,76.664293],[-78.367258,76.465684],[-78.774241,76.577338],[-79.293243,76.302354],[-81.072499,76.129136],[-80.958038,76.198188],[-81.095204,76.218614],[-80.772491,76.419989],[-81.206858,76.563585],[-81.538116,76.473009],[-82.055694,76.516466],[-81.986399,76.584296],[-82.061594,76.616523],[-81.783233,76.688463],[-82.276275,76.634874],[-82.729766,76.82099],[-82.511871,76.662299],[-82.082102,76.568101],[-82.225494,76.52025],[-82.138173,76.438707],[-83.001047,76.436265],[-83.116119,76.588609],[-83.391143,76.677965],[-83.381012,76.761339],[-83.527659,76.708726],[-83.251617,76.577257],[-83.185089,76.430894],[-83.712799,76.435045],[-84.292958,76.663804],[-84.197255,76.618109],[-84.215891,76.450792],[-84.633372,76.439032],[-84.987457,76.586046],[-85.055816,76.52025],[-84.388092,76.315131],[-85.203399,76.284288],[-86.347401,76.388536],[-86.417551,76.471666],[-86.207183,76.527167],[-86.577952,76.641669],[-86.302887,76.527696],[-86.64273,76.477159],[-86.721954,76.348375],[-87.433095,76.465684],[-87.563018,76.620185],[-87.547393,76.449042],[-87.406321,76.355821],[-88.403554,76.393663],[-88.354319,76.51911],[-88.519561,76.621446],[-88.506988,76.823717],[-88.708567,76.712104],[-88.496327,76.547593],[-88.618398,76.404405],[-88.695831,76.415269],[-88.612945,76.486192],[-88.710479,76.600816],[-88.910634,76.410468],[-89.681182,76.574937],[-89.386383,76.732652],[-89.53718,76.856757],[-88.393219,77.102525],[-88.494618,77.114122],[-86.60379,77.178209],[-87.181304,77.200181],[-86.912913,77.267035],[-87.248687,77.307969],[-86.850372,77.363878],[-87.721018,77.370063],[-87.783111,77.438341],[-87.646555,77.486762],[-87.700592,77.540758],[-88.211497,77.650336],[-88.15331,77.742377],[-88.235015,77.774115],[-88.105255,77.81505],[-88.221954,77.86286],[-86.452179,77.836412],[-85.974395,77.713324],[-85.718536,77.474473],[-85.795684,77.425279],[-85.508087,77.479112],[-84.466135,77.301744],[-84.617014,77.383653],[-83.466217,77.348944],[-83.836171,77.458808],[-82.986114,77.678534],[-82.540802,77.924913],[-82.596018,78.021186],[-82.321075,78.082587],[-82.764882,78.027696],[-82.735992,77.928331],[-83.678497,77.534532],[-84.761016,77.52025],[-84.868194,77.573472],[-84.435089,77.728583],[-84.943023,77.602729],[-85.350616,77.739976],[-84.971425,77.843736],[-85.401682,77.831651],[-84.315338,77.89765],[-85.679596,77.935167],[-84.288604,78.082587],[-85.097401,78.103095],[-85.035308,78.178819],[-84.027984,78.178819],[-84.968332,78.214057],[-84.575999,78.353502],[-84.87088,78.369981],[-84.617014,78.589667],[-85.491485,78.106065],[-86.289377,78.08336],[-85.939198,78.237372],[-85.86026,78.385565],[-86.23648,78.205064],[-86.769765,78.120429],[-87.536692,78.144639],[-87.091054,78.206773],[-87.52302,78.233385],[-87.529286,78.410956],[-86.858306,78.548774],[-87.122345,78.582872],[-86.94046,78.714179],[-85.031077,78.921861],[-83.745636,78.838853],[-82.342804,78.5692],[-82.239044,78.594346],[-82.596018,78.706407],[-82.219268,78.726874],[-83.260162,78.836737],[-81.753692,78.843004],[-81.65689,78.890733],[-81.759999,78.918647],[-81.698557,78.978502],[-81.47879,79.049018],[-82.534576,78.885118],[-84.752105,79.038926],[-84.452911,79.148301],[-83.363189,79.055243],[-84.027984,79.158881],[-83.962473,79.220404],[-84.32962,79.192369],[-84.486602,79.412706],[-84.879303,79.487413],[-85.021026,79.61754],[-86.47468,79.760972],[-86.378489,79.823594],[-86.47468,79.892564],[-86.39627,79.962999],[-85.253814,79.926011],[-86.534657,80.03087],[-86.653798,80.136949],[-86.503936,80.309068],[-83.787872,80.250922],[-82.170888,79.868883],[-81.615956,79.624376],[-81.787262,79.611396],[-80.587473,79.569159],[-79.752024,79.706977],[-81.523427,79.718004],[-81.661692,79.907579],[-81.403717,79.939683],[-82.168731,80.018297],[-83.205556,80.323228],[-78.052317,80.569078],[-79.964345,80.617499],[-78.18928,80.806016],[-76.515289,80.856065],[-78.936431,80.87877],[-78.909088,81.001695],[-78.444163,81.170518],[-76.744171,81.440497],[-78.191721,81.305162],[-78.736846,81.113634],[-79.505035,81.200303],[-79.066192,81.091051],[-79.614491,80.827623],[-80.875559,80.66295],[-82.913116,80.539415],[-83.168284,80.587714],[-81.759999,80.816718],[-83.568634,80.741645],[-83.123606,80.831],[-83.273712,80.846503],[-83.862823,80.762071],[-83.719472,80.631781],[-83.846018,80.544053],[-85.121368,80.504096],[-85.864532,80.542955],[-85.562896,80.624945],[-86.050201,80.537828],[-86.749054,80.604478],[-85.622467,80.980292],[-82.363271,81.179877],[-85.780995,81.034044],[-87.276031,80.631781],[-87.706532,80.645453],[-89.462148,80.914781],[-86.699208,81.005439],[-84.733673,81.283515],[-87.388499,81.069444],[-89.826161,81.013048],[-90.352773,81.173651],[-88.933868,81.248725],[-89.955556,81.330634],[-88.81786,81.461046],[-88.888946,81.500474],[-87.248687,81.495103],[-88.342681,81.590522],[-90.49234,81.370836],[-90.859893,81.447333],[-89.585601,81.63231],[-90.298655,81.704088],[-91.470001,81.529893],[-91.956614,81.660224],[-90.242909,81.899848],[-89.72175,81.923326],[-89.335357,81.809027],[-89.14745,81.885565],[-89.413238,81.929551],[-88.070465,82.107286],[-87.372833,82.077379],[-87.173614,82.015855],[-87.289581,81.964464],[-86.727935,81.893012],[-87.131378,81.975572],[-86.162139,82.045844],[-85.399322,81.85692],[-85.734202,81.988593],[-85.267893,82.008002],[-84.795725,81.885565],[-85.069488,81.988593],[-84.865875,81.993516],[-84.603342,81.893012],[-84.752431,81.991197],[-86.878733,82.208319],[-85.401031,82.277045],[-85.54837,82.415758],[-85.91922,82.43358],[-84.708404,82.483018],[-84.623525,82.452501],[-84.945953,82.427436],[-83.674875,82.348985],[-82.95169,82.1258],[-83.130442,82.071153],[-81.876617,82.043809],[-82.627024,82.103746],[-83.018463,82.236192],[-82.969879,82.298448],[-79.230621,81.817857],[-79.92337,81.988593],[-79.863678,82.026923],[-82.731475,82.404893],[-82.497304,82.509385],[-81.47879,82.502509],[-82.396759,82.619208],[-82.328033,82.659166],[-80.580637,82.543443],[-81.584543,82.800523],[-81.473948,82.830308],[-80.315419,82.786444],[-79.846954,82.643785],[-79.984771,82.694322],[-78.504425,82.688096],[-79.895009,82.765245],[-79.998443,82.803575],[-79.67634,82.831488],[-80.42984,82.900377],[-80.158111,82.939276],[-79.340484,82.975531],[-79.009023,82.874742],[-78.605987,82.94359],[-78.518707,82.846055],[-78.175445,82.831488],[-78.106597,82.838324],[-78.243723,82.866278],[-77.852203,82.926011],[-75.893829,82.598741],[-76.218332,82.452094],[-75.400421,82.619208],[-77.387237,82.989732],[-77.134023,83.036973],[-74.200022,83.002143],[-73.828399,82.865709],[-72.591135,82.701158],[-72.501739,82.729071],[-73.653147,82.92711],[-72.702056,83.096544],[-71.627594,83.103339],[-71.796051,83.020128],[-70.837066,82.886094],[-71.50121,83.00963],[-71.12442,83.099595],[-69.68753,83.116523],[-69.774444,83.051215],[-69.45169,83.036973],[-69.617014,82.989936],[-69.039296,83.045762],[-68.131866,82.933173],[-66.299835,82.934516],[-68.617706,82.630439],[-66.667633,82.711859],[-65.851593,82.842353],[-65.155304,82.770006],[-65.354522,82.803575],[-64.696685,82.909776],[-64.936798,82.872423],[-64.442901,82.760484],[-63.447092,82.826728],[-63.380767,82.770006],[-63.853057,82.721625],[-62.928253,82.570787],[-63.373321,82.441026],[-62.174713,82.529853],[-62.352284,82.482042],[-61.578887,82.488878],[-61.085479,82.331163]]],[[[-79.841379,53.145738],[-79.80663,53.097357],[-79.93635,53.125312],[-79.841379,53.145738]]],[[[-79.950022,53.351793],[-79.947133,53.265937],[-80.086049,53.33039],[-79.950022,53.351793]]],[[[-79.861887,53.912909],[-79.871409,53.908433],[-79.920237,53.926256],[-79.861887,53.912909]]],[[[-79.977935,56.202053],[-80.10497,56.200507],[-80.059885,56.304429],[-79.674428,56.384508],[-79.545888,56.530341],[-79.678782,56.331285],[-79.977935,56.202053]]],[[[-79.593739,56.771186],[-79.483266,56.739447],[-79.564931,56.620551],[-79.593739,56.771186]]],[[[-79.902821,56.89411],[-79.795033,56.951606],[-79.730865,56.801907],[-79.902821,56.89411]]],[[[-79.792958,57.428534],[-79.850982,57.486518],[-79.737172,57.622016],[-79.792958,57.428534]]],[[[-80.470774,59.491034],[-80.473704,59.458808],[-80.539662,59.408515],[-80.470774,59.491034]]],[[[-80.224965,59.731269],[-80.156077,59.682847],[-80.342193,59.619574],[-80.224965,59.731269]]],[[[-80.108266,59.764797],[-80.17984,59.748765],[-80.042958,59.877753],[-79.881703,59.861029],[-80.108266,59.764797]]],[[[-65.607777,43.483466],[-65.574208,43.476711],[-65.626943,43.445136],[-65.607777,43.483466]]],[[[-59.793511,43.964571],[-59.707184,44.014416],[-59.90778,43.916175],[-60.130161,43.960473],[-59.793511,43.964571]]],[[[-66.231557,44.387193],[-66.217885,44.367377],[-66.327748,44.258124],[-66.231557,44.387193]]],[[[-66.86148,44.726752],[-66.74316,44.782047],[-66.690391,44.620002],[-66.905986,44.606169],[-66.86148,44.726752]]],[[[-73.995188,45.320136],[-73.920644,45.333808],[-74.165028,45.269721],[-73.995188,45.320136]]],[[[-73.889027,45.396715],[-73.906361,45.367336],[-73.984527,45.406399],[-73.889027,45.396715]]],[[[-73.931793,45.488837],[-73.946929,45.503241],[-73.891021,45.52497],[-73.931793,45.488837]]],[[[-60.914133,45.566555],[-61.003529,45.460761],[-61.111724,45.548774],[-60.914133,45.566555]]],[[[-73.857289,45.549384],[-73.666168,45.692206],[-73.636464,45.649319],[-73.857289,45.549384]]],[[[-73.499257,45.709947],[-73.588735,45.447943],[-73.973622,45.444648],[-73.499257,45.709947]]],[[[-70.843251,47.033189],[-70.874257,46.936998],[-71.124745,46.877021],[-70.843251,47.033189]]],[[[-60.080881,45.792426],[-60.671783,45.573676],[-60.871083,45.645657],[-61.284576,45.547675],[-61.442047,45.681789],[-61.551503,46.021796],[-60.642079,47.00373],[-60.396108,47.026353],[-60.495758,46.895453],[-60.31078,46.854438],[-60.351796,46.601264],[-60.605784,46.21133],[-60.42691,46.284003],[-61.118642,45.949408],[-60.735951,46.056586],[-60.815053,45.936957],[-61.071156,45.895494],[-60.914133,45.854478],[-61.147613,45.707913],[-60.732493,45.684394],[-60.737213,45.773749],[-60.399526,45.997952],[-60.699127,45.890937],[-60.781646,45.954291],[-60.301015,46.218695],[-60.652699,46.072211],[-60.283518,46.327541],[-60.204661,46.241848],[-60.290273,46.156195],[-60.136098,46.251776],[-59.810536,46.169867],[-59.957916,46.027493],[-59.805287,45.935533],[-60.153147,45.847073],[-60.080881,45.792426]]],[[[-62.004018,46.464057],[-62.35969,46.361029],[-62.365712,46.27143],[-62.496897,46.272284],[-62.437327,46.216254],[-62.576405,46.239],[-62.453236,46.107611],[-62.571929,46.03266],[-62.455922,46.025214],[-62.750722,45.950751],[-63.030629,46.066799],[-62.878245,46.155585],[-63.116811,46.215766],[-62.963002,46.320014],[-63.195709,46.272284],[-63.270863,46.19717],[-63.141916,46.198432],[-63.233388,46.145453],[-63.602122,46.216864],[-63.800038,46.331855],[-63.736928,46.39643],[-64.134267,46.415595],[-64.072743,46.642157],[-64.416819,46.682766],[-63.99706,47.067328],[-63.974843,46.893988],[-64.093251,46.779975],[-63.833648,46.612372],[-63.935618,46.478339],[-63.708892,46.444159],[-63.676869,46.568061],[-63.238108,46.407416],[-62.004018,46.464057]]],[[[-61.67101,47.546536],[-61.859364,47.423651],[-61.592519,47.560777],[-61.965566,47.283026],[-61.79304,47.240302],[-62.010569,47.224799],[-61.925526,47.413153],[-61.382192,47.636664],[-61.67101,47.546536]]],[[[-64.50475,47.889797],[-64.696604,47.759426],[-64.668691,47.871283],[-64.50475,47.889797]]],[[[-64.545766,47.971666],[-64.484283,48.020087],[-64.590443,47.903469],[-64.545766,47.971666]]],[[[-64.319203,49.791246],[-64.510569,49.868069],[-64.132802,49.950141],[-63.124094,49.783881],[-61.882639,49.354478],[-61.660756,49.151028],[-62.248199,49.067939],[-63.093332,49.232896],[-64.319203,49.791246]]],[[[-63.884674,50.199368],[-63.924794,50.239651],[-63.895619,50.248358],[-63.884674,50.199368]]],[[[-79.39509,52.083726],[-79.251698,52.07689],[-79.354115,51.953437],[-79.620432,51.920478],[-79.635325,52.021674],[-79.39509,52.083726]]],[[[-80.759348,52.919176],[-80.717681,52.694973],[-82.062652,53.022773],[-81.857777,53.185248],[-81.174224,53.212348],[-80.759348,52.919176]]],[[[-79.758168,53.522528],[-79.767201,53.539008],[-79.71288,53.509589],[-79.758168,53.522528]]],[[[-79.285878,54.91352],[-79.01891,54.940823],[-79.779937,54.783759],[-79.285878,54.91352]]],[[[-77.312082,55.619208],[-77.211252,55.653754],[-77.647857,55.427436],[-77.312082,55.619208]]],[[[-79.005279,56.017035],[-78.936391,56.024482],[-79.142445,55.797349],[-78.950673,56.078518],[-79.005279,56.017035]]],[[[-78.757639,56.167914],[-78.936391,56.119452],[-78.825022,56.358344],[-78.670766,56.443061],[-78.655263,56.236151],[-78.757639,56.167914]]],[[[-79.545888,56.043769],[-79.470815,56.121039],[-79.909047,55.825263],[-80.025706,55.900336],[-79.52538,56.293647],[-79.453725,56.559516],[-79.43517,56.414211],[-79.60733,56.134467],[-79.409332,56.22248],[-79.203959,56.684984],[-79.132651,56.615098],[-79.22302,56.649505],[-79.246991,56.562066],[-78.881825,56.325588],[-79.203277,55.859442],[-78.980214,56.392035],[-79.285878,55.866278],[-79.155588,56.236151],[-79.46935,55.879381],[-79.63386,55.902981],[-79.786122,55.790473],[-79.545888,56.043769]]],[[[-79.905914,56.866848],[-79.817372,56.83161],[-79.888051,56.749091],[-79.905914,56.866848]]],[[[-77.92162,58.332831],[-77.668324,58.250922],[-77.949452,58.326606],[-77.92162,58.332831]]],[[[-78.641591,58.628323],[-78.456654,58.538886],[-78.696197,58.696601],[-78.641591,58.628323]]],[[[-123.287221,48.812812],[-123.1881,48.756171],[-123.291493,48.756171],[-123.287221,48.812812]]],[[[-123.089019,48.767524],[-123.203684,48.794379],[-123.179596,48.815619],[-123.089019,48.767524]]],[[[-62.544962,45.826666],[-62.526446,45.809612],[-62.603144,45.804211],[-62.544962,45.826666]]],[[[-59.708079,45.994696],[-59.780995,46.004381],[-59.688629,46.03026],[-59.708079,45.994696]]],[[[-54.794227,47.279388],[-54.7923,47.259077],[-54.812399,47.231781],[-54.794227,47.279388]]],[[[-54.195604,47.393208],[-54.144589,47.400445],[-54.209626,47.359903],[-54.195604,47.393208]]],[[[-70.369781,47.426825],[-70.373891,47.383857],[-70.436594,47.386542],[-70.369781,47.426825]]],[[[-52.956475,47.654806],[-52.916443,47.634456],[-53.006193,47.593498],[-52.956475,47.654806]]],[[[-68.864333,48.407598],[-68.843206,48.409692],[-68.878677,48.387715],[-68.864333,48.407598]]],[[[-125.861625,49.237385],[-125.801352,49.143888],[-125.914986,49.176295],[-125.861625,49.237385]]],[[[-55.854271,50.205033],[-55.831785,50.211767],[-55.845072,50.190645],[-55.854271,50.205033]]],[[[-55.762971,50.231935],[-55.70102,50.203882],[-55.756532,50.199789],[-55.762971,50.231935]]],[[[-128.639076,50.80467],[-128.590842,50.812647],[-128.601514,50.793056],[-128.639076,50.80467]]],[[[-58.861186,50.833051],[-58.846323,50.789443],[-58.880863,50.784737],[-58.861186,50.833051]]],[[[-128.70214,50.836559],[-128.670489,50.818889],[-128.691551,50.801543],[-128.70214,50.836559]]],[[[-57.250265,50.840641],[-57.186562,50.823001],[-57.2519,50.802643],[-57.250265,50.840641]]],[[[-127.77912,50.901524],[-127.669204,50.880354],[-127.752586,50.859237],[-127.77912,50.901524]]],[[[-58.462634,51.176264],[-58.495659,51.120955],[-58.621209,51.091776],[-58.462634,51.176264]]],[[[-58.307577,51.25227],[-58.326294,51.220491],[-58.41101,51.201632],[-58.307577,51.25227]]],[[[-128.438216,51.980797],[-128.42076,51.952476],[-128.45437,51.917368],[-128.438216,51.980797]]],[[[-79.027455,52.113593],[-79.001861,52.107571],[-79.086659,52.09748],[-79.027455,52.113593]]],[[[-79.40567,52.260972],[-79.381256,52.244778],[-79.501617,52.23664],[-79.40567,52.260972]]],[[[-78.734242,52.445136],[-78.760894,52.40644],[-78.796986,52.41352],[-78.734242,52.445136]]],[[[-79.584625,52.555162],[-79.609446,52.535102],[-79.612416,52.577338],[-79.584625,52.555162]]],[[[-129.432788,52.68312],[-129.403256,52.663349],[-129.435476,52.637686],[-129.432788,52.68312]]],[[[-55.85233,52.77247],[-55.810692,52.743338],[-55.866326,52.743388],[-55.85233,52.77247]]],[[[-129.354662,52.86251],[-129.312018,52.839333],[-129.347705,52.799885],[-129.354662,52.86251]]],[[[-55.808466,53.006564],[-55.786904,52.995068],[-55.789629,52.948394],[-55.808466,53.006564]]],[[[-55.827319,53.079284],[-55.758767,53.034088],[-55.870688,53.026485],[-55.827319,53.079284]]],[[[-55.927587,53.492236],[-55.742891,53.445437],[-55.9835,53.441652],[-55.927587,53.492236]]],[[[-130.592115,53.496183],[-130.586966,53.466192],[-130.624653,53.48152],[-130.592115,53.496183]]],[[[-57.152729,53.693121],[-57.044938,53.715084],[-57.083798,53.656568],[-57.152729,53.693121]]],[[[-56.922484,53.797559],[-56.817715,53.790041],[-57.008855,53.788548],[-56.922484,53.797559]]],[[[-130.609117,53.797011],[-130.509821,53.826307],[-130.437885,53.756889],[-130.609117,53.797011]]],[[[-57.327952,54.287564],[-57.321212,54.269471],[-57.341012,54.247447],[-57.327952,54.287564]]],[[[-81.105214,54.332913],[-81.108022,54.366034],[-81.086049,54.348212],[-81.105214,54.332913]]],[[[-57.244476,54.484173],[-57.211083,54.469988],[-57.244422,54.467373],[-57.244476,54.484173]]],[[[-130.817562,54.486324],[-130.729567,54.420801],[-130.870027,54.434751],[-130.817562,54.486324]]],[[[-57.303677,54.574723],[-57.268041,54.50352],[-57.362203,54.507263],[-57.303677,54.574723]]],[[[-131.09876,54.627962],[-131.049953,54.606029],[-131.090905,54.58224],[-131.09876,54.627962]]],[[[-76.730458,56.160834],[-76.77481,56.103664],[-76.772857,56.165351],[-76.730458,56.160834]]],[[[-77.849843,56.315253],[-77.980092,56.286607],[-77.948964,56.313381],[-77.849843,56.315253]]],[[[-77.48705,56.442125],[-77.502553,56.386461],[-77.515777,56.410956],[-77.48705,56.442125]]],[[[-78.811147,56.65766],[-78.850942,56.672675],[-78.750071,56.675605],[-78.811147,56.65766]]],[[[-76.623443,56.681464],[-76.625844,56.633612],[-76.655385,56.58747],[-76.623443,56.681464]]],[[[-76.651967,57.071357],[-76.720082,57.146308],[-76.655995,57.139797],[-76.651967,57.071357]]],[[[-78.268381,57.198635],[-78.296702,57.19123],[-78.373647,57.185248],[-78.268381,57.198635]]],[[[-78.336497,57.305162],[-78.468414,57.287014],[-78.458119,57.304755],[-78.336497,57.305162]]],[[[-76.791127,57.336086],[-76.835439,57.425767],[-76.73941,57.283881],[-76.791127,57.336086]]],[[[-67.55829,58.411003],[-67.530842,58.296897],[-67.635937,58.291037],[-67.55829,58.411003]]],[[[-78.628814,58.779527],[-78.684804,58.780463],[-78.674713,58.791571],[-78.628814,58.779527]]],[[[-78.901112,58.832465],[-78.902333,58.817328],[-78.942128,58.837836],[-78.901112,58.832465]]],[[[-68.995487,59.016345],[-69.015564,58.972415],[-69.111281,58.971033],[-68.995487,59.016345]]],[[[-80.552398,59.110053],[-80.535471,59.099921],[-80.578603,59.092963],[-80.552398,59.110053]]],[[[-80.518544,59.694729],[-80.523346,59.674547],[-80.577016,59.65766],[-80.518544,59.694729]]],[[[-80.387278,59.711737],[-80.390492,59.685777],[-80.421783,59.661444],[-80.387278,59.711737]]],[[[-69.921941,61.013124],[-69.972079,60.952979],[-70.011946,60.996764],[-69.921941,61.013124]]],[[[-71.560975,61.333436],[-71.483996,61.319555],[-71.556856,61.295836],[-71.560975,61.333436]]],[[[-72.091425,61.894741],[-71.97344,61.858942],[-72.105937,61.870721],[-72.091425,61.894741]]],[[[-92.798413,61.948019],[-92.787456,61.928783],[-92.863299,61.930472],[-92.798413,61.948019]]],[[[-72.41214,62.039061],[-72.328116,62.016038],[-72.393815,62.012724],[-72.41214,62.039061]]],[[[-92.6417,62.060656],[-92.652846,62.026539],[-92.693781,62.057018],[-92.6417,62.060656]]],[[[-66.43846,62.895262],[-66.342541,62.849553],[-66.569044,62.914832],[-66.43846,62.895262]]],[[[-66.924694,63.065198],[-66.770799,62.944913],[-67.074457,63.097501],[-66.924694,63.065198]]],[[[-68.145251,63.272466],[-68.049819,63.19243],[-68.216111,63.276375],[-68.145251,63.272466]]],[[[-68.023387,63.300869],[-67.894994,63.189448],[-68.091999,63.320381],[-68.023387,63.300869]]],[[[-67.852667,63.345993],[-67.818293,63.291333],[-67.951502,63.380524],[-67.852667,63.345993]]],[[[-64.04343,63.563147],[-64.091172,63.48647],[-64.168668,63.604577],[-64.04343,63.563147]]],[[[-64.217244,63.842613],[-64.261105,63.723887],[-64.34286,63.769296],[-64.217244,63.842613]]],[[[-76.484202,64.181342],[-76.568512,64.206122],[-76.497426,64.24258],[-76.484202,64.181342]]],[[[-76.664418,64.241685],[-76.652008,64.26317],[-76.595815,64.239203],[-76.664418,64.241685]]],[[[-64.965364,64.309707],[-64.878303,64.229578],[-64.991296,64.193192],[-65.075487,64.306968],[-64.965364,64.309707]]],[[[-66.934274,65.317014],[-66.997076,65.29773],[-66.971176,65.346848],[-66.934274,65.317014]]],[[[-89.046753,65.406358],[-88.980553,65.382185],[-89.102704,65.397003],[-89.046753,65.406358]]],[[[-88.4308,65.48699],[-88.388926,65.45908],[-88.484618,65.464777],[-88.4308,65.48699]]],[[[-67.432516,65.742713],[-67.529472,65.713086],[-67.704541,65.716531],[-67.432516,65.742713]]],[[[-65.786418,65.701988],[-65.83725,65.678316],[-65.865552,65.781228],[-65.786418,65.701988]]],[[[-66.929467,65.949834],[-67.087681,65.97397],[-67.119948,66.006769],[-66.929467,65.949834]]],[[[-85.021725,66.08307],[-84.997474,66.057324],[-85.092424,66.050935],[-85.021725,66.08307]]],[[[-83.595204,66.040107],[-83.603017,66.068915],[-83.557769,66.051418],[-83.595204,66.040107]]],[[[-83.61144,66.084621],[-83.652455,66.090725],[-83.599029,66.118557],[-83.61144,66.084621]]],[[[-85.955642,66.463178],[-85.896216,66.453862],[-85.96243,66.43959],[-85.955642,66.463178]]],[[[-113.008308,67.947294],[-112.761341,67.964081],[-113.155099,67.921774],[-113.008308,67.947294]]],[[[-112.836925,68.17025],[-112.717801,68.15592],[-112.912256,68.144884],[-112.836925,68.17025]]],[[[-136.211942,69.179309],[-136.006267,69.090281],[-136.22191,69.105685],[-136.211942,69.179309]]],[[[-80.146578,69.400506],[-80.071006,69.383583],[-80.182012,69.379595],[-80.146578,69.400506]]],[[[-81.643279,69.414378],[-81.485631,69.34718],[-81.902723,69.394146],[-81.643279,69.414378]]],[[[-135.705953,69.508751],[-135.595243,69.448424],[-135.840928,69.48138],[-135.705953,69.508751]]],[[[-82.506235,69.790626],[-82.695541,69.761447],[-82.843311,69.808395],[-82.506235,69.790626]]]]}},{"type":"Feature","properties":{"name":"Mexico","ISO3166-1-Alpha-3":"MEX","ISO3166-1-Alpha-2":"MX"},"geometry":{"type":"MultiPolygon","coordinates":[[[[-97.139272,25.965806],[-97.651438,24.515855],[-97.725209,23.80565],[-97.822092,23.788398],[-97.76061,23.651923],[-97.722239,23.739325],[-97.74234,22.972073],[-97.890981,22.596096],[-97.834299,22.669745],[-97.76061,22.095852],[-97.316233,21.56094],[-97.418609,21.273383],[-97.472239,21.437812],[-97.370229,21.537502],[-97.781117,22.095852],[-97.657582,21.636542],[-97.48941,21.48078],[-97.150543,20.64704],[-96.456125,19.868801],[-96.290354,19.332587],[-95.752756,18.799994],[-95.958852,18.856391],[-95.85204,18.716783],[-95.568349,18.683295],[-95.732818,18.799994],[-95.190053,18.705146],[-94.786936,18.511949],[-94.466949,18.144232],[-93.781117,18.272773],[-93.576405,18.411851],[-93.839589,18.318549],[-93.552358,18.429389],[-93.155751,18.443061],[-93.128489,18.340644],[-93.137603,18.42886],[-92.855731,18.466047],[-92.716908,18.59219],[-92.669097,18.429389],[-92.695872,18.615627],[-92.40514,18.671063],[-91.94806,18.691225],[-91.866567,18.598375],[-92.052805,18.546698],[-91.888295,18.505764],[-91.970286,18.593899],[-91.901967,18.580797],[-91.81428,18.388658],[-91.798329,18.491441],[-91.48648,18.436428],[-91.504058,18.511949],[-91.181996,18.656562],[-91.298655,18.628648],[-91.265533,18.735663],[-91.414703,18.813625],[-91.237213,18.957587],[-91.505279,18.816555],[-90.769358,19.309231],[-90.683705,19.752916],[-90.477823,19.922101],[-90.489898,20.534125],[-90.332387,21.032457],[-89.785959,21.284573],[-88.129465,21.616034],[-87.256947,21.440619],[-87.138336,21.563056],[-87.413157,21.534084],[-87.11148,21.62344],[-86.827952,21.433295],[-86.741567,21.16413],[-86.875315,20.855048],[-87.430491,20.221015],[-87.479807,19.784329],[-87.478017,19.96483],[-87.667348,19.633775],[-87.7412,19.671698],[-87.673818,19.505683],[-87.41275,19.577623],[-87.675852,19.311184],[-87.638987,19.220933],[-87.460927,19.320705],[-87.844553,18.196682],[-87.93517,18.443101],[-88.077789,18.498603],[-88.036285,18.874986],[-88.247792,18.696275],[-88.150746,18.698554],[-88.283315,18.491441],[-88.527822,18.454146],[-88.871367,17.89095],[-89.049444,17.999213],[-89.160496,17.814314],[-90.98284,17.810542],[-90.991986,17.25192],[-91.442502,17.237967],[-90.79696,16.805435],[-90.633094,16.483336],[-90.394917,16.419206],[-90.437421,16.098863],[-91.739848,16.060985],[-92.211292,15.272066],[-92.073807,15.073706],[-92.226097,14.549346],[-92.840606,15.16116],[-92.737416,15.092597],[-92.768422,15.171454],[-94.142445,16.226752],[-94.436513,16.245551],[-93.963897,15.997504],[-94.722401,16.199652],[-94.580841,16.326483],[-94.793121,16.257636],[-94.878651,16.424628],[-95.063832,16.268256],[-94.834096,16.285549],[-94.930328,16.243964],[-94.766957,16.198676],[-95.149301,16.186952],[-95.434478,15.97538],[-96.504857,15.658054],[-97.266025,15.935912],[-97.772719,15.979454],[-98.172149,16.209174],[-98.068471,16.202338],[-98.552847,16.31475],[-98.776898,16.555135],[-99.663289,16.698164],[-99.991686,16.909737],[-101.059029,17.264237],[-101.989877,17.974751],[-102.190629,17.915988],[-103.36164,18.26682],[-103.979977,18.874938],[-104.993642,19.34219],[-105.698681,20.406911],[-105.243642,20.583564],[-105.341526,20.754639],[-105.544896,20.768096],[-105.234327,21.060966],[-105.184967,21.44302],[-105.448417,21.631032],[-105.632264,21.955737],[-105.80016,22.638454],[-106.429799,23.185126],[-107.035878,23.98078],[-107.799672,24.512152],[-107.498036,24.34394],[-107.529693,24.521918],[-107.624135,24.458482],[-107.936838,24.638821],[-107.806508,24.528957],[-107.908559,24.577867],[-108.060292,24.786444],[-107.978871,24.756985],[-107.985219,24.953437],[-108.048695,25.001451],[-108.087636,24.823147],[-108.32787,25.111151],[-108.183258,24.981391],[-108.003529,25.03144],[-108.351796,25.169501],[-108.361399,25.269355],[-108.399241,25.14525],[-108.435048,25.26081],[-108.731923,25.35814],[-108.594146,25.351304],[-108.765736,25.380927],[-108.768951,25.540188],[-108.896311,25.560248],[-108.929677,25.466376],[-109.116119,25.536322],[-108.980458,25.544623],[-108.838043,25.804633],[-109.062123,25.590277],[-109.250152,25.686184],[-109.156484,25.556789],[-109.410308,25.646145],[-109.286855,25.710679],[-109.410308,25.693305],[-109.433258,26.021674],[-109.216664,26.34398],[-109.109364,26.216457],[-109.088246,26.290432],[-109.249623,26.334459],[-109.255727,26.497992],[-109.483428,26.742641],[-109.494391,26.669173],[-109.784576,26.719428],[-109.966176,27.108873],[-110.522329,27.290354],[-110.425628,27.301906],[-110.550933,27.377387],[-110.627101,27.641099],[-110.548085,27.742825],[-110.609527,27.824774],[-110.513295,27.873196],[-110.84911,27.906684],[-110.838857,27.989407],[-110.886301,27.838853],[-110.999257,27.964057],[-111.105025,27.935372],[-111.43814,28.387112],[-111.708354,28.460141],[-111.94938,28.756514],[-111.868235,28.803127],[-112.166508,28.966726],[-112.239453,29.315337],[-112.411224,29.344728],[-112.377754,29.485729],[-112.746287,29.910465],[-112.764293,30.21152],[-113.079895,30.670441],[-113.091744,31.202152],[-113.622269,31.325584],[-113.659577,31.49754],[-113.977691,31.663072],[-114.028942,31.491539],[-114.208888,31.512283],[-115.029449,31.970933],[-114.780629,31.655829],[-114.884043,31.120715],[-114.710452,30.918416],[-114.665733,30.199568],[-114.533132,29.967951],[-113.636331,29.282179],[-113.524854,28.891566],[-113.434665,28.959874],[-113.354476,28.800274],[-113.220263,28.824843],[-113.10297,28.504583],[-112.846304,28.441077],[-112.773218,27.863902],[-112.354714,27.547323],[-112.212764,27.210463],[-111.950372,27.093276],[-112.017161,26.978502],[-111.784275,26.571796],[-111.676793,26.581859],[-111.851419,26.880275],[-111.560055,26.695653],[-111.322037,26.098183],[-111.307116,25.779207],[-111.019256,25.51525],[-110.904451,25.143013],[-110.683868,24.882959],[-110.738585,24.554572],[-110.60989,24.253725],[-110.325195,24.175709],[-110.432429,24.173617],[-110.360857,24.111083],[-110.33247,24.328795],[-110.232613,24.343206],[-109.987652,24.046319],[-109.828288,24.0628],[-109.696321,23.66552],[-109.468016,23.555138],[-109.494203,23.151731],[-109.895378,22.874203],[-109.999659,22.894442],[-110.307362,23.541032],[-111.444445,24.324391],[-111.359749,24.290322],[-111.67903,24.586334],[-111.812908,24.50588],[-112.008372,24.874579],[-111.966705,24.744208],[-112.035634,24.840399],[-112.088043,24.773383],[-112.096921,24.999609],[-112.144931,24.874094],[-112.165803,24.953935],[-112.030778,25.473615],[-112.178942,25.955175],[-112.402699,26.24022],[-113.060716,26.599118],[-113.119049,26.794094],[-113.21581,26.744452],[-113.145741,26.97012],[-113.270544,26.752474],[-113.470986,26.804554],[-113.637138,26.725531],[-113.816388,26.948969],[-114.435143,27.176367],[-114.506461,27.406184],[-115.022684,27.740291],[-115.083823,27.851054],[-114.499057,27.774071],[-114.316274,27.874701],[-114.102935,27.601874],[-114.074859,27.690375],[-113.953277,27.655666],[-113.918568,27.719306],[-114.059153,27.801174],[-114.051747,27.72012],[-114.140981,27.730862],[-114.153432,27.945014],[-114.276452,27.901148],[-114.134389,28.08393],[-114.106402,27.927952],[-114.121224,28.022985],[-114.039736,28.02773],[-114.124883,28.255725],[-114.068227,28.518012],[-114.972035,29.377753],[-115.697564,29.755826],[-115.837303,30.346467],[-115.989084,30.497463],[-116.004549,30.359165],[-116.049254,30.479593],[-116.057932,30.802476],[-116.335446,30.95634],[-116.341542,31.21955],[-116.750381,31.75236],[-116.643625,31.73428],[-116.611819,31.84288],[-116.865387,32.013007],[-117.125121,32.531669],[-114.724285,32.712836],[-114.822108,32.50024],[-111.006269,31.327185],[-108.214811,31.327443],[-108.215121,31.777751],[-106.428951,31.758476],[-106.209249,31.477305],[-104.93434,30.610536],[-104.516639,29.654315],[-103.38663,29.028798],[-103.122771,28.996474],[-102.858781,29.229147],[-102.69104,29.736817],[-102.406096,29.777279],[-102.321011,29.893939],[-101.405098,29.778442],[-101.312158,29.597859],[-101.233919,29.622663],[-100.668967,29.116208],[-100.275089,28.277242],[-100.056498,28.137922],[-99.83292,27.776755],[-99.515006,27.588601],[-99.461728,27.056954],[-99.248278,26.827097],[-99.106427,26.423039],[-98.222656,26.075412],[-97.659874,26.03066],[-97.425418,25.854857],[-97.139272,25.965806]]],[[[-114.775543,18.354926],[-114.723948,18.338568],[-114.747385,18.328681],[-114.775543,18.354926]]],[[[-110.945912,18.799994],[-110.924306,18.727362],[-111.06725,18.768744],[-111.000559,18.868232],[-110.945912,18.799994]]],[[[-110.81432,19.348049],[-110.8131,19.296332],[-110.836171,19.283596],[-110.81432,19.348049]]],[[[-106.224038,21.328736],[-106.236972,21.295067],[-106.260005,21.334097],[-106.224038,21.328736]]],[[[-106.404218,21.483886],[-106.387098,21.420636],[-106.492614,21.469005],[-106.404218,21.483886]]],[[[-106.512353,21.597034],[-106.545065,21.561892],[-106.660848,21.693064],[-106.512353,21.597034]]],[[[-106.663823,21.777246],[-106.655965,21.754302],[-106.688941,21.746832],[-106.663823,21.777246]]],[[[-109.83575,24.224654],[-109.802865,24.137062],[-109.93322,24.374414],[-109.83575,24.224654]]],[[[-111.561635,24.378079],[-111.462958,24.329771],[-111.673254,24.358401],[-111.561635,24.378079]]],[[[-111.753489,24.446967],[-111.708111,24.299854],[-112.006844,24.5144],[-111.753489,24.446967]]],[[[-110.324941,24.515855],[-110.34804,24.402451],[-110.415745,24.569601],[-110.324941,24.515855]]],[[[-110.710792,25.095047],[-110.524929,24.880001],[-110.642313,24.914498],[-110.710792,25.095047]]],[[[-112.103485,24.617166],[-112.059907,24.540603],[-112.155764,24.743385],[-112.304596,24.792182],[-112.125326,25.265833],[-112.213715,24.847527],[-112.103485,24.617166]]],[[[-108.831614,25.426418],[-108.836578,25.388129],[-108.932485,25.427314],[-108.831614,25.426418]]],[[[-110.765292,25.593939],[-110.791943,25.695302],[-110.762062,25.693618],[-110.765292,25.593939]]],[[[-111.081194,25.998658],[-111.204991,25.803754],[-111.176027,26.043342],[-111.056369,26.071817],[-111.081194,25.998658]]],[[[-110.044442,27.087],[-109.985245,27.069568],[-109.968414,27.049062],[-110.044442,27.087]]],[[[-110.604176,27.318024],[-110.59309,27.416986],[-110.534342,27.284357],[-110.604176,27.318024]]],[[[-115.19498,28.341358],[-115.228143,28.028323],[-115.358052,28.082579],[-115.19498,28.341358]]],[[[-112.893769,28.677696],[-112.760109,28.594853],[-112.810569,28.618433],[-112.893769,28.677696]]],[[[-112.61315,28.725763],[-112.547957,28.728549],[-112.553939,28.672288],[-112.61315,28.725763]]],[[[-112.274657,28.768388],[-112.583033,28.875363],[-112.464711,29.18183],[-112.264337,29.24689],[-112.195606,29.02133],[-112.274657,28.768388]]],[[[-113.138173,29.064887],[-113.114792,28.984478],[-113.49608,29.285201],[-113.571144,29.53995],[-113.39516,29.459318],[-113.370287,29.310009],[-113.168525,29.276118],[-113.138173,29.064887]]],[[[-114.786122,31.803046],[-114.652699,31.689765],[-114.693674,31.710273],[-114.786122,31.803046]]],[[[-87.331207,18.532416],[-87.328155,18.532701],[-87.37564,18.410264],[-87.331207,18.532416]]],[[[-87.269154,18.738511],[-87.248158,18.676215],[-87.262929,18.628648],[-87.269154,18.738511]]],[[[-91.600331,18.77204],[-91.524566,18.752143],[-91.842681,18.65119],[-91.600331,18.77204]]],[[[-86.749013,20.592231],[-86.995269,20.26081],[-86.968129,20.506252],[-86.749013,20.592231]]],[[[-86.700592,21.19892],[-86.739573,21.242825],[-86.741567,21.287665],[-86.700592,21.19892]]],[[[-97.651438,21.787909],[-97.610463,21.74018],[-97.684926,21.862454],[-97.651438,21.787909]]],[[[-97.815297,22.720201],[-97.784535,22.755845],[-97.84317,22.684882],[-97.815297,22.720201]]],[[[-118.251478,29.089444],[-118.288782,28.868083],[-118.365383,29.131653],[-118.273755,29.189563],[-118.251478,29.089444]]],[[[-113.24474,26.724595],[-113.186879,26.72134],[-113.154612,26.670885],[-113.24474,26.724595]]],[[[-89.664188,22.371069],[-89.745707,22.577249],[-89.610152,22.461081],[-89.664188,22.371069]]],[[[-110.586163,24.832117],[-110.56762,24.830197],[-110.568125,24.815203],[-110.586163,24.832117]]],[[[-115.752797,24.954779],[-115.752309,24.953274],[-115.753774,24.953518],[-115.752797,24.954779]]],[[[-110.714791,25.305926],[-110.689525,25.308389],[-110.719778,25.259348],[-110.714791,25.305926]]],[[[-112.106306,25.484113],[-112.106592,25.391762],[-112.130885,25.288659],[-112.106306,25.484113]]],[[[-111.059148,25.700978],[-111.031283,25.703645],[-111.02851,25.651793],[-111.059148,25.700978]]],[[[-111.258235,25.812789],[-111.245901,25.789395],[-111.245943,25.765702],[-111.258235,25.812789]]],[[[-111.286624,26.125846],[-111.26443,26.118247],[-111.281422,26.104883],[-111.286624,26.125846]]],[[[-112.097003,27.224523],[-112.064141,27.241472],[-112.066279,27.178965],[-112.097003,27.224523]]],[[[-111.892268,27.429019],[-111.901083,27.449228],[-111.856394,27.43787],[-111.892268,27.429019]]],[[[-115.204156,27.892496],[-115.162365,27.868343],[-115.182235,27.868724],[-115.204156,27.892496]]],[[[-111.388508,27.968802],[-111.38744,27.988079],[-111.365587,27.9534],[-111.388508,27.968802]]],[[[-115.593807,28.317167],[-115.567777,28.313724],[-115.592321,28.297501],[-115.593807,28.317167]]],[[[-113.51884,29.095563],[-113.500144,29.056222],[-113.508831,29.048423],[-113.51884,29.095563]]],[[[-114.418542,29.986776],[-114.400065,29.969304],[-114.407073,29.958648],[-114.418542,29.986776]]],[[[-116.114411,30.496223],[-116.10424,30.48808],[-116.114764,30.482035],[-116.114411,30.496223]]],[[[-117.253693,32.420802],[-117.24197,32.404426],[-117.243205,32.388743],[-117.253693,32.420802]]]]}},{"type":"Feature","properties":{"name":"Belize","ISO3166-1-Alpha-3":"BLZ","ISO3166-1-Alpha-2":"BZ"},"geometry":{"type":"MultiPolygon","coordinates":[[[[-89.19314,16.392626],[-89.153933,17.941077],[-89.049444,17.999213],[-88.871367,17.89095],[-88.527822,18.454146],[-88.303822,18.48135],[-88.357981,18.303697],[-88.09675,18.375434],[-88.083567,18.21011],[-88.287709,17.604234],[-88.167307,17.51203],[-88.286285,17.339667],[-88.215077,16.967108],[-88.344838,16.524563],[-88.311269,16.662299],[-88.53661,16.271308],[-88.740061,16.23017],[-88.951878,15.879652],[-89.236512,15.893915],[-89.19314,16.392626]]],[[[-87.838287,17.388495],[-87.8037,17.315985],[-87.81607,17.304267],[-87.838287,17.388495]]],[[[-87.827748,17.545559],[-87.907216,17.367418],[-87.909535,17.426256],[-87.827748,17.545559]]],[[[-88.07726,17.641791],[-88.053619,17.606269],[-88.050608,17.552965],[-88.07726,17.641791]]],[[[-88.160471,17.682766],[-88.071116,17.73428],[-88.134877,17.67182],[-88.160471,17.682766]]],[[[-87.913442,18.025946],[-88.009023,17.902493],[-87.857289,18.169664],[-87.913442,18.025946]]],[[[-88.095611,17.517401],[-88.077056,17.461086],[-88.105133,17.498114],[-88.095611,17.517401]]],[[[-87.969065,18.090888],[-87.962514,18.079983],[-87.984364,18.077582],[-87.969065,18.090888]]],[[[-87.939524,18.118638],[-87.95051,18.087592],[-87.95523,18.100816],[-87.939524,18.118638]]],[[[-87.878407,18.208238],[-87.878285,18.187323],[-87.883697,18.201077],[-87.878407,18.208238]]]]}},{"type":"Feature","properties":{"name":"Greenland","ISO3166-1-Alpha-3":"GRL","ISO3166-1-Alpha-2":"GL"},"geometry":{"type":"MultiPolygon","coordinates":[[[[-40.875803,65.096503],[-41.114613,65.122504],[-40.983144,64.976752],[-41.146392,64.953518],[-40.604482,64.683498],[-40.561106,64.51496],[-40.635121,64.467108],[-40.358306,64.359036],[-41.353179,64.349677],[-41.567494,64.266181],[-40.984039,64.080308],[-40.917958,64.164862],[-40.560943,64.106879],[-40.60204,63.979234],[-40.841664,63.952582],[-40.621693,63.924628],[-40.526438,63.696357],[-40.997914,63.702948],[-41.488108,63.860256],[-41.62682,63.777818],[-40.879506,63.657701],[-40.750071,63.516913],[-41.14391,63.527411],[-40.999338,63.466539],[-41.073638,63.447496],[-41.287262,63.564927],[-40.999338,63.411322],[-41.129506,63.389146],[-41.41393,63.565904],[-41.240102,63.403876],[-41.582753,63.493232],[-41.115956,63.308295],[-41.715932,63.552965],[-41.900868,63.469916],[-41.432729,63.125312],[-42.020904,63.253079],[-41.534332,63.033352],[-41.974843,63.074286],[-42.143951,63.205878],[-42.205922,63.109687],[-41.624094,62.995063],[-41.821685,62.876899],[-41.750111,62.84394],[-42.319447,62.816962],[-42.305409,62.945502],[-42.597157,62.871527],[-42.415761,62.828803],[-42.579661,62.825873],[-42.487131,62.698188],[-43.151235,62.759589],[-42.383697,62.571519],[-42.346995,62.474066],[-42.557688,62.483344],[-42.164377,62.390326],[-42.974029,62.524848],[-42.607981,62.336493],[-42.261138,62.314602],[-42.312164,62.103217],[-42.548492,61.951483],[-42.117177,62.006741],[-42.415761,61.9206],[-42.19225,61.869574],[-42.343129,61.759711],[-42.870025,61.769924],[-42.253733,61.711249],[-42.452992,61.636135],[-42.377268,61.608832],[-42.435536,61.561021],[-43.082916,61.595201],[-42.527455,61.533759],[-42.418121,61.402777],[-42.630483,61.293524],[-43.248118,61.341295],[-42.658355,61.259426],[-42.575836,61.197333],[-43.179189,61.211005],[-42.630483,61.101142],[-43.611155,61.129096],[-42.706166,61.060126],[-42.7683,61.040269],[-42.658355,60.999335],[-42.8072,61.010932],[-42.726674,60.930406],[-43.027455,60.881578],[-43.481842,60.941555],[-42.801137,60.804836],[-43.527984,60.84101],[-42.771637,60.734931],[-43.241322,60.656236],[-42.747182,60.690172],[-43.144399,60.608303],[-42.829091,60.58039],[-43.144399,60.54682],[-43.044545,60.50788],[-43.301096,60.557522],[-43.144399,60.477973],[-43.227447,60.470893],[-43.544301,60.544745],[-43.689198,60.7237],[-43.620758,60.559882],[-44.192738,60.643052],[-43.804758,60.442816],[-43.725331,60.525458],[-43.319447,60.447211],[-43.591135,60.306464],[-43.175282,60.400092],[-43.357289,60.375556],[-43.099192,60.24372],[-43.329986,60.217231],[-43.15685,60.215033],[-43.11026,60.155829],[-43.213287,60.135321],[-43.088124,60.099351],[-44.165883,60.173163],[-43.99474,60.306627],[-44.100819,60.387397],[-44.098256,60.283026],[-44.274648,60.33393],[-44.261627,60.190619],[-44.590199,59.989081],[-44.665679,60.107367],[-44.80191,60.016588],[-44.844472,60.149604],[-44.926381,60.104315],[-44.844472,60.019273],[-45.172841,60.087551],[-44.755116,60.20425],[-44.837066,60.217434],[-44.46642,60.567328],[-44.87857,60.224677],[-45.173818,60.133612],[-44.625396,60.737535],[-45.214223,60.438951],[-45.260121,60.504869],[-45.062978,60.662909],[-45.495595,60.492255],[-45.121938,60.725002],[-45.350942,60.725002],[-45.58373,60.471137],[-45.674428,60.530463],[-45.595937,60.588365],[-45.731435,60.587836],[-45.624664,60.649237],[-45.881093,60.518378],[-45.981597,60.58039],[-45.577504,60.703925],[-45.858022,60.697699],[-45.255035,60.907904],[-45.395416,61.010647],[-45.713368,60.769965],[-45.874867,60.756049],[-45.756256,60.827379],[-45.870188,60.847398],[-46.015981,60.732611],[-46.205068,60.746649],[-45.885365,60.930406],[-45.510243,60.982245],[-45.203236,61.193305],[-45.364613,61.094306],[-45.512847,61.247626],[-45.483998,61.108791],[-45.618479,61.019843],[-46.070302,60.937242],[-45.618764,61.144965],[-45.872304,61.222724],[-45.714019,61.328315],[-46.111928,61.25259],[-45.836415,61.152045],[-46.296864,61.073798],[-46.157582,60.998481],[-46.412953,61.08808],[-46.544097,60.952216],[-46.653147,60.985663],[-46.578033,60.90998],[-46.886545,60.937242],[-46.710317,60.886705],[-46.862294,60.800116],[-46.978139,60.820136],[-46.84557,60.882025],[-47.043568,60.84101],[-46.913889,60.930406],[-47.029856,60.974758],[-47.85912,60.868354],[-47.324696,60.861558],[-47.438344,60.827379],[-48.232777,60.820543],[-47.688466,61.005561],[-48.402211,60.986518],[-47.83845,61.042304],[-47.934885,61.08808],[-47.770375,61.191107],[-48.085683,61.08808],[-48.051584,61.183661],[-48.216379,61.186225],[-47.913726,61.328315],[-48.146962,61.321479],[-48.291127,61.177436],[-48.215443,61.142727],[-48.407216,61.133979],[-48.29898,61.22724],[-48.640614,61.238959],[-48.340077,61.3758],[-49.065785,61.402777],[-48.229726,61.54682],[-48.476145,61.533759],[-48.345815,61.608832],[-48.989654,61.457953],[-49.298573,61.561021],[-48.592193,61.636135],[-49.058339,61.622504],[-48.874013,61.793158],[-49.148305,61.725531],[-48.784169,61.992255],[-49.1669,61.856635],[-49.220082,61.724066],[-49.353179,61.766547],[-49.175649,61.903022],[-49.428212,61.821112],[-49.326487,61.930365],[-49.408437,61.937812],[-48.839223,62.081244],[-49.079457,62.081244],[-49.031117,62.212104],[-49.169097,62.021308],[-49.638499,61.989203],[-49.463002,62.088609],[-49.69579,62.116604],[-49.332631,62.081244],[-49.428212,62.116604],[-49.291737,62.178046],[-49.682729,62.157538],[-49.291737,62.266791],[-49.887563,62.245673],[-49.788401,62.297919],[-50.319569,62.505764],[-49.87328,62.896796],[-50.271799,62.705634],[-50.243804,62.852362],[-49.702626,63.061265],[-50.182362,62.958808],[-50.389719,62.792222],[-50.148264,63.02025],[-50.468984,62.951158],[-50.613759,62.979315],[-50.490875,63.014106],[-50.607533,63.096015],[-50.059438,63.229641],[-50.912343,63.143215],[-50.778228,63.253079],[-51.0006,63.16474],[-50.955637,63.250678],[-51.101064,63.328559],[-50.278554,63.403876],[-51.049387,63.371568],[-51.00475,63.472805],[-51.135121,63.375922],[-51.223297,63.444892],[-50.74413,63.554755],[-51.093129,63.531399],[-51.144521,63.613105],[-51.056304,63.650865],[-50.504506,63.671373],[-51.076161,63.664293],[-51.18517,63.628852],[-51.130238,63.512885],[-51.422515,63.541002],[-51.306467,63.630439],[-51.539215,63.69184],[-51.347401,63.72602],[-51.528676,63.764146],[-50.922922,63.9383],[-51.458404,63.817572],[-51.361073,63.973049],[-51.656484,64.014065],[-50.210032,64.205797],[-50.072499,64.096584],[-50.045237,64.198961],[-50.552358,64.178534],[-50.36384,64.359076],[-51.439931,64.082261],[-51.649037,64.130072],[-51.354848,64.144355],[-51.765126,64.18537],[-50.953277,64.219428],[-50.847157,64.260443],[-51.045766,64.28148],[-50.888092,64.411282],[-50.176381,64.448188],[-50.624501,64.466702],[-50.443023,64.555854],[-50.915395,64.603013],[-50.480336,64.712877],[-50.275136,64.654853],[-50.149078,64.486721],[-49.585927,64.342963],[-50.062896,64.529731],[-50.120351,64.637844],[-49.997222,64.701158],[-50.217152,64.725898],[-49.997426,64.863715],[-50.295644,64.747707],[-50.559682,64.774807],[-50.840932,65.131293],[-50.689524,65.206366],[-50.976959,65.219672],[-50.887522,64.983547],[-50.723622,64.994086],[-50.772043,64.870551],[-50.642161,64.759223],[-51.14509,64.616645],[-51.217112,64.624172],[-51.03893,64.781195],[-51.252553,64.760199],[-51.709584,64.369452],[-51.662709,64.308824],[-52.073545,64.191273],[-52.161477,64.256349],[-52.110463,64.391059],[-52.194556,64.472236],[-52.044016,64.495551],[-52.155229,64.537251],[-52.021596,64.596747],[-52.14136,64.578257],[-52.045074,64.625312],[-52.132436,64.712836],[-51.244985,65.02143],[-51.703684,64.891059],[-51.552846,64.994086],[-51.692698,65.025946],[-51.840891,64.912177],[-51.75768,64.863715],[-52.105336,64.79857],[-51.943918,64.877387],[-52.057281,64.923733],[-52.183502,64.802314],[-52.217681,64.911851],[-52.012196,64.980414],[-52.272857,65.103949],[-52.101552,65.123765],[-52.203969,65.178412],[-52.00475,65.31623],[-52.27599,65.200141],[-52.195058,65.324042],[-52.327504,65.343492],[-52.534657,65.192288],[-52.444203,65.275214],[-52.567047,65.322455],[-51.716786,65.589993],[-51.902943,65.624091],[-51.6881,65.704779],[-50.552358,65.713446],[-51.441029,65.772528],[-51.991689,65.672512],[-51.931223,65.556383],[-52.491322,65.391913],[-52.546539,65.432318],[-52.444203,65.51789],[-52.614247,65.489814],[-52.470855,65.672512],[-52.697418,65.501166],[-52.800852,65.551947],[-52.546539,65.679348],[-52.772532,65.638373],[-52.642201,65.713446],[-52.69343,65.807278],[-52.824045,65.672512],[-53.239247,65.686184],[-52.877838,65.808783],[-53.262563,65.751654],[-52.694,65.939399],[-52.299184,65.837144],[-51.977406,66.003607],[-51.739858,65.930609],[-51.861318,66.021918],[-51.731028,66.075914],[-52.303293,65.905219],[-52.53425,65.909857],[-52.576405,66.008043],[-53.18102,65.859809],[-53.265981,65.919582],[-52.874908,66.021918],[-53.472035,65.980943],[-53.107655,66.021918],[-53.464589,66.03559],[-52.360992,66.440253],[-51.977935,66.488105],[-52.025136,66.53559],[-51.874664,66.642035],[-51.445424,66.707831],[-51.524973,66.741929],[-51.283355,66.844916],[-50.364003,66.829291],[-51.011627,66.905748],[-50.682688,67.008857],[-49.997426,66.981513],[-50.634267,67.015041],[-50.319325,67.078559],[-51.174672,66.927883],[-53.450917,66.103909],[-53.663197,66.138617],[-53.121938,66.289455],[-53.625966,66.251614],[-53.695302,66.358832],[-53.498687,66.474433],[-53.643178,66.417873],[-53.622955,66.508979],[-52.416249,66.550116],[-53.22643,66.552232],[-53.457753,66.638251],[-52.580719,66.707221],[-53.204498,66.748114],[-52.649037,66.800971],[-53.107655,66.772366],[-53.002065,66.855129],[-52.231923,66.844957],[-52.464019,66.878485],[-52.292714,66.899604],[-52.498769,66.91942],[-52.450347,66.981513],[-52.799794,66.892157],[-53.647043,66.911566],[-53.828359,66.98432],[-53.217519,66.994574],[-53.829416,67.06387],[-53.397817,67.112454],[-53.964915,67.077704],[-53.840688,67.176093],[-53.38268,67.206855],[-53.588124,67.221137],[-53.521474,67.24136],[-52.190663,67.371894],[-51.552846,67.331],[-51.176137,67.124905],[-50.346832,67.186957],[-51.182281,67.145413],[-51.52184,67.350491],[-51.114654,67.4265],[-53.876698,67.234768],[-53.704213,67.46133],[-52.909739,67.687201],[-53.107655,67.659369],[-52.978627,67.714545],[-52.532948,67.741889],[-52.789622,67.750149],[-52.409088,67.769232],[-51.864125,67.635891],[-51.348012,67.679511],[-50.196645,67.467475],[-50.072499,67.515937],[-50.87442,67.604682],[-50.281606,67.738471],[-49.935943,67.700263],[-50.286,67.745429],[-51.011627,67.62519],[-50.901763,67.659369],[-51.320139,67.714545],[-50.264963,67.844916],[-50.784291,67.911282],[-50.887522,67.858547],[-50.648549,67.851142],[-51.168691,67.762356],[-51.367909,67.885891],[-50.975942,67.886868],[-51.03893,67.981513],[-51.573354,67.934272],[-51.325551,67.824368],[-51.703684,67.700263],[-51.848297,67.735053],[-51.629954,67.776597],[-52.342152,67.821723],[-51.606597,67.976996],[-52.824045,67.796454],[-53.729726,67.538072],[-53.541412,67.719672],[-53.687652,67.811835],[-53.277984,67.805813],[-53.485707,67.879096],[-53.18399,67.83808],[-53.286488,67.858547],[-53.0537,67.885891],[-53.314361,67.913764],[-52.889231,67.981513],[-53.259145,67.988959],[-53.176584,68.046088],[-52.589223,67.943101],[-52.059316,67.975287],[-52.754506,67.98664],[-53.162953,68.126044],[-53.111562,68.178412],[-53.457753,68.152777],[-53.307973,68.18651],[-52.446197,68.068996],[-52.799143,68.175767],[-51.931549,68.04682],[-51.217112,68.070868],[-50.566558,67.906317],[-50.148264,67.947943],[-51.436838,68.201158],[-50.955881,68.189276],[-51.381581,68.255805],[-51.155629,68.294827],[-51.166982,68.414211],[-50.772043,68.495429],[-50.848012,68.507148],[-51.649037,68.413479],[-51.223297,68.29678],[-52.445139,68.181464],[-52.512441,68.290595],[-52.937611,68.262641],[-52.587554,68.351386],[-53.389475,68.331529],[-53.08849,68.317857],[-52.388987,68.50967],[-52.616444,68.525946],[-51.148834,68.56391],[-51.035715,68.584174],[-51.07372,68.701402],[-50.86205,68.619818],[-50.805531,68.680976],[-50.991119,68.735582],[-50.654693,68.831204],[-51.292144,68.748603],[-50.963857,68.934231],[-51.189768,68.88581],[-51.08731,68.951321],[-51.079905,69.132799],[-50.74942,69.120917],[-50.991119,69.037258],[-50.634267,69.072008],[-50.378163,68.908393],[-50.493031,69.006171],[-50.29894,69.065009],[-50.221669,68.959906],[-50.223378,69.072008],[-50.689524,69.126654],[-50.13976,69.179755],[-50.470367,69.208564],[-50.366689,69.338935],[-50.593332,69.215399],[-51.115102,69.212226],[-50.867665,69.283677],[-50.987538,69.32982],[-50.833485,69.34512],[-50.867665,69.461819],[-50.20287,69.523261],[-50.880605,69.50788],[-50.775258,69.650295],[-50.408315,69.60578],[-50.796132,69.719875],[-50.189198,69.763414],[-50.593332,69.927924],[-50.237294,70.038398],[-51.259674,69.963039],[-50.860829,70.024115],[-51.221059,70.073961],[-51.43871,69.966457],[-52.320668,70.051459],[-52.609975,70.217108],[-54.018707,70.413235],[-54.630238,70.65412],[-54.155385,70.828803],[-52.790639,70.756781],[-51.549428,70.431586],[-50.53185,70.35932],[-50.682688,70.400865],[-50.530019,70.536566],[-50.992787,70.424954],[-51.094146,70.469794],[-50.942738,70.469794],[-51.347401,70.571601],[-51.194976,70.628485],[-50.885854,70.51081],[-50.90925,70.571601],[-50.737294,70.544867],[-50.969716,70.638983],[-50.652699,70.650336],[-51.100413,70.660956],[-51.079905,70.763983],[-51.445139,70.73192],[-51.250722,70.81387],[-50.631581,70.739081],[-50.914703,70.816107],[-50.847157,70.873236],[-51.123647,70.843899],[-51.956899,71.024115],[-50.915395,71.024115],[-51.484771,71.07038],[-51.223297,71.14761],[-52.242747,71.126776],[-51.528676,71.274237],[-51.642242,71.367336],[-52.557729,71.178616],[-52.258901,71.27265],[-52.25768,71.365546],[-51.360951,71.49372],[-52.426259,71.37226],[-52.992258,71.421332],[-51.781606,71.602729],[-51.662709,71.729804],[-52.166412,71.613105],[-53.265981,71.709906],[-52.683176,72.010932],[-53.364329,71.777777],[-53.399729,72.041978],[-53.698313,72.125922],[-53.851633,72.330634],[-53.553944,72.360419],[-53.870229,72.356635],[-53.958648,72.326321],[-53.835113,72.162421],[-53.398915,71.845893],[-53.917714,71.73725],[-53.76887,71.719672],[-53.765859,71.640326],[-54.10204,71.709906],[-53.848785,71.545478],[-53.912587,71.450507],[-54.625152,71.351304],[-55.244252,71.496324],[-55.117502,71.387641],[-55.514475,71.449164],[-55.676178,71.630113],[-55.569325,71.641059],[-55.90453,71.682034],[-55.260243,71.778225],[-55.330434,71.883124],[-54.853342,71.912991],[-54.383209,72.223212],[-54.641591,72.0185],[-55.267812,71.927314],[-55.60969,71.990465],[-54.883453,72.251166],[-54.951772,72.360419],[-54.684885,72.367174],[-55.651275,72.450385],[-55.459137,72.525946],[-54.293853,72.483954],[-55.010569,72.521715],[-54.636138,72.62226],[-54.883453,72.675727],[-54.526601,72.778754],[-54.924428,72.78559],[-54.602935,72.83397],[-54.848744,72.970526],[-54.781077,72.998481],[-55.695383,73.069525],[-55.335317,73.182807],[-55.430084,73.196234],[-55.141591,73.190375],[-55.459462,73.265367],[-55.249664,73.392035],[-55.089711,73.367906],[-56.067738,73.653022],[-55.843088,73.683092],[-56.041086,73.690579],[-55.911366,73.724066],[-55.962514,73.765611],[-55.61266,73.721137],[-55.945465,73.861233],[-55.644765,73.875474],[-56.124257,74.012112],[-55.97053,74.027086],[-56.41161,74.067328],[-56.19872,74.121283],[-56.316029,74.121283],[-56.124257,74.279608],[-57.314117,74.102688],[-56.301747,74.306301],[-56.713246,74.347846],[-56.130442,74.388861],[-56.795237,74.450873],[-56.144765,74.491889],[-56.603383,74.607896],[-56.473053,74.648871],[-57.158315,74.738267],[-56.795237,74.813951],[-57.057851,74.921942],[-58.141591,75.051825],[-57.922719,75.163398],[-58.439361,75.314276],[-58.247629,75.403022],[-58.700103,75.348456],[-58.206654,75.444037],[-58.189931,75.534369],[-58.426137,75.566107],[-58.310292,75.643256],[-58.59435,75.679755],[-58.405914,75.71894],[-59.041615,75.701361],[-59.282867,75.766099],[-59.139516,75.841864],[-59.272206,75.880113],[-59.772939,75.801418],[-59.59142,75.916938],[-60.500844,76.067369],[-60.745473,76.001044],[-60.924062,76.165676],[-62.266754,76.289944],[-62.791656,76.198147],[-62.849192,76.303534],[-63.367299,76.376899],[-64.031117,76.136054],[-64.190826,76.211371],[-64.169057,76.322252],[-64.429067,76.349026],[-64.381215,76.260321],[-64.689768,76.253363],[-64.594146,76.136054],[-65.342641,76.175849],[-65.354482,76.026801],[-65.888905,76.102525],[-65.55248,76.239081],[-65.740142,76.27851],[-66.207265,76.277818],[-66.413726,76.086127],[-66.927154,76.266506],[-67.307769,76.164008],[-66.488433,75.909857],[-68.432525,76.079413],[-68.569569,76.117499],[-68.47057,76.162828],[-69.637278,76.383124],[-68.867177,76.570217],[-68.031117,76.584052],[-68.095448,76.657416],[-67.985585,76.684149],[-69.239898,76.676581],[-70.103383,76.801459],[-69.541656,77.006293],[-70.521108,76.787177],[-70.987213,76.89704],[-70.678782,76.938625],[-71.384429,77.023993],[-71.192698,77.137274],[-70.69929,77.150865],[-70.90331,77.191352],[-69.733469,77.239],[-66.361928,77.116156],[-66.451283,77.14411],[-66.170074,77.198676],[-69.102854,77.2744],[-67.435943,77.383572],[-66.226145,77.252509],[-66.663482,77.417792],[-66.053375,77.493476],[-66.723744,77.680243],[-66.663482,77.719428],[-67.591664,77.524359],[-68.356435,77.499945],[-68.729848,77.669135],[-68.814809,77.658026],[-68.610911,77.517727],[-69.222564,77.452908],[-70.28775,77.575385],[-69.518178,77.687445],[-69.507476,77.760443],[-70.675649,77.680162],[-69.973012,77.836127],[-71.312815,77.769843],[-71.439565,77.799994],[-71.213206,77.870307],[-72.241689,77.938544],[-72.351389,78.01496],[-72.296946,78.055854],[-73.05724,78.158271],[-72.460764,78.288642],[-72.850575,78.315334],[-72.603627,78.404242],[-72.673004,78.43887],[-72.590199,78.521226],[-71.554555,78.643459],[-70.801991,78.598782],[-70.745839,78.69538],[-69.148346,78.880601],[-68.780751,78.836656],[-69.171742,78.925442],[-67.758656,79.038275],[-67.505849,79.138332],[-65.785878,79.138332],[-65.909413,79.151313],[-64.83141,79.527167],[-64.835805,79.612372],[-65.011871,79.658515],[-64.908844,79.706936],[-65.032338,79.754625],[-64.942983,79.78266],[-65.12857,79.850287],[-64.949818,79.96015],[-65.043568,80.023871],[-63.778554,80.151923],[-64.159047,80.162787],[-64.222768,80.255683],[-64.473297,80.105658],[-64.926015,80.072659],[-67.05012,80.061184],[-67.080637,80.145087],[-67.505849,80.20718],[-67.485951,80.323188],[-66.787506,80.46369],[-66.697662,80.522447],[-66.758412,80.552436],[-65.525217,80.663398],[-65.707875,80.704169],[-65.075185,80.793402],[-65.017445,80.89468],[-64.710276,80.940172],[-64.789784,80.990383],[-63.655019,81.149075],[-62.779937,80.758775],[-63.184316,80.952297],[-63.37328,81.159247],[-62.834543,81.22602],[-61.545522,81.06623],[-61.07608,81.12051],[-60.892974,81.166164],[-61.31135,81.365383],[-60.773183,81.491645],[-61.454254,81.745022],[-60.533559,81.912746],[-58.83849,81.86225],[-58.666575,81.769436],[-58.75536,81.739936],[-58.681386,81.684027],[-57.644928,81.591295],[-56.541249,81.335924],[-56.452545,81.33808],[-58.137766,81.666978],[-58.485951,81.879299],[-59.467885,82.002834],[-56.736399,82.225165],[-56.261464,82.16592],[-55.958892,82.272773],[-55.271637,82.249579],[-55.324941,82.203843],[-55.112538,82.157172],[-55.25536,82.275295],[-55.602854,82.282701],[-54.440745,82.372707],[-53.557037,82.116116],[-53.622874,82.026068],[-53.509999,81.910224],[-53.821523,81.700507],[-53.807851,81.588202],[-53.472035,81.508734],[-53.650217,81.542914],[-53.464589,81.563422],[-53.540842,81.672187],[-52.930165,81.865058],[-52.964263,82.036322],[-51.38622,81.904853],[-49.921498,81.611762],[-49.61384,81.645941],[-51.066274,81.933905],[-49.435699,81.92768],[-50.581288,82.153998],[-51.107249,82.509914],[-49.011342,82.454535],[-44.662831,81.754381],[-44.172922,81.837714],[-44.727162,81.940131],[-44.513661,81.982733],[-44.926381,81.995347],[-44.398793,82.105211],[-44.793853,82.191962],[-44.562856,82.293402],[-42.302113,82.215074],[-43.835439,82.341986],[-43.727203,82.406887],[-45.769276,82.769965],[-42.048248,82.756334],[-42.171783,82.708564],[-41.861073,82.660956],[-41.873036,82.554999],[-41.614735,82.479682],[-41.631459,82.653266],[-41.898061,82.72899],[-41.577545,82.747301],[-40.22761,82.567532],[-40.005605,82.488837],[-40.054799,82.412055],[-39.755971,82.395941],[-39.877675,82.44599],[-39.759145,82.502427],[-40.009511,82.563544],[-39.869008,82.619127],[-39.912099,82.677151],[-40.317209,82.730699],[-45.062978,82.913316],[-44.86498,82.866197],[-45.974436,82.842841],[-46.89273,82.961819],[-45.981597,82.920844],[-46.700917,83.002753],[-45.970693,83.096503],[-45.105092,82.935085],[-43.363515,82.920844],[-45.518422,83.122748],[-45.406565,83.158596],[-42.850209,83.099555],[-44.000966,83.201972],[-42.665842,83.281195],[-41.705678,83.174018],[-41.931549,83.092108],[-39.437611,82.961819],[-38.615102,82.745998],[-38.477406,82.831448],[-39.149648,82.982245],[-37.272084,83.009589],[-38.800893,83.05801],[-36.881012,83.153551],[-38.68342,83.208401],[-38.861684,83.256659],[-38.697133,83.318061],[-38.868479,83.427314],[-37.813059,83.359524],[-37.738189,83.372707],[-38.059682,83.43476],[-37.585439,83.508043],[-36.449778,83.361762],[-36.901479,83.496161],[-34.362904,83.602932],[-33.830474,83.461982],[-33.742787,83.489407],[-34.085439,83.56509],[-30.647125,83.601752],[-25.649648,83.297553],[-26.075429,83.208482],[-32.161733,83.060981],[-33.439809,83.159613],[-32.480458,83.044257],[-35.620432,82.907172],[-35.298248,82.89289],[-35.551503,82.766547],[-35.471018,82.746161],[-34.951039,82.904853],[-34.024281,82.919623],[-33.815663,82.869615],[-33.884633,82.794501],[-33.602651,82.94538],[-31.665598,82.931708],[-30.096913,83.126207],[-28.142812,83.047919],[-25.221425,83.167873],[-24.840932,83.112616],[-24.979807,83.07803],[-24.753651,82.998277],[-25.149281,82.852851],[-25.903554,82.783637],[-23.933095,82.916409],[-23.840403,82.89289],[-24.025299,82.872382],[-23.881337,82.797919],[-24.025299,82.763129],[-23.384185,82.85224],[-21.32311,82.618354],[-22.437327,82.339993],[-23.886708,82.278876],[-29.852284,82.13935],[-31.582102,82.22012],[-29.905141,82.098375],[-32.813303,81.794379],[-32.667144,81.676988],[-32.147939,81.681301],[-31.680165,81.834784],[-29.549672,81.890041],[-27.761952,82.062445],[-24.619862,81.987494],[-24.706207,81.781195],[-26.723012,81.53148],[-26.387196,81.42772],[-23.40392,81.718817],[-23.195424,82.022284],[-21.388417,82.083441],[-21.056996,81.913031],[-21.03303,81.744778],[-21.256825,81.517483],[-23.266754,80.896308],[-23.22643,80.823147],[-23.864735,80.583564],[-23.093251,80.727973],[-22.914133,80.824408],[-22.971913,80.880439],[-22.747548,80.931464],[-20.951283,81.235745],[-19.851186,81.542914],[-20.050649,81.587348],[-19.70816,81.695502],[-18.983876,81.610297],[-19.279286,81.541449],[-19.460561,81.374701],[-18.523752,81.505683],[-17.14684,81.413398],[-17.220204,81.481024],[-16.812652,81.536689],[-17.019887,81.584662],[-16.461293,81.630072],[-16.540028,81.684556],[-16.485219,81.749457],[-15.290028,81.838813],[-12.570058,81.696234],[-11.37682,81.47602],[-13.354604,81.019924],[-14.552724,80.990627],[-14.132192,80.886176],[-14.294911,80.784329],[-15.4204,80.648383],[-17.239898,80.722317],[-18.322255,80.558051],[-19.471669,80.665432],[-20.845448,80.557359],[-20.379791,80.535061],[-20.352651,80.460598],[-19.488026,80.634833],[-18.055084,80.491767],[-16.89623,80.583686],[-15.755198,80.41942],[-16.375315,80.325914],[-16.327463,80.261542],[-16.447336,80.219306],[-17.872874,80.161119],[-19.474355,80.260199],[-20.171213,80.104315],[-19.966461,80.083238],[-20.228261,80.023993],[-20.077016,79.989732],[-20.423085,79.839586],[-20.101389,79.82095],[-19.966949,79.679389],[-19.485666,79.773668],[-19.207753,79.708482],[-19.565907,79.385932],[-19.466054,79.314765],[-19.603586,79.179918],[-19.276682,79.391669],[-19.240875,79.273017],[-18.878774,79.225084],[-19.878529,79.031968],[-19.765696,78.89765],[-19.881337,78.836859],[-20.970815,78.778876],[-20.84203,78.715277],[-21.207753,78.63288],[-20.848215,78.592597],[-21.295033,78.299994],[-21.23998,78.184394],[-21.366444,78.144273],[-21.322336,78.076809],[-21.629994,77.998114],[-21.557444,77.898505],[-21.814849,77.850409],[-21.967275,77.679185],[-21.446767,77.662584],[-21.562367,77.553168],[-21.292714,77.674547],[-21.408925,77.712551],[-21.373891,77.776801],[-20.937408,77.9737],[-19.12682,77.683661],[-18.979156,77.616848],[-19.357981,77.526353],[-20.092152,77.701361],[-20.821523,77.65351],[-20.277333,77.529527],[-20.468007,77.474433],[-20.926259,77.522406],[-20.16804,77.40412],[-20.502309,77.362128],[-19.727651,77.341132],[-19.274566,77.189276],[-19.062652,77.186713],[-19.082509,77.318427],[-18.536122,77.280951],[-18.258778,77.100165],[-18.26594,76.920559],[-18.51122,76.740912],[-20.513417,76.945705],[-21.730051,76.890815],[-20.777333,76.842353],[-21.285715,76.80801],[-21.194936,76.780341],[-21.623647,76.64643],[-22.196156,76.856676],[-22.469879,76.835598],[-22.30602,76.753079],[-22.744211,76.698432],[-22.322865,76.515041],[-22.339508,76.588568],[-22.145009,76.645819],[-21.805165,76.588568],[-22.086293,76.554999],[-21.674794,76.527086],[-22.038482,76.465644],[-21.699941,76.470201],[-22.504018,76.451361],[-21.585439,76.443061],[-21.652089,76.237738],[-21.120513,76.284613],[-20.42101,76.136054],[-21.085683,76.294338],[-21.024403,76.317328],[-19.937734,76.257961],[-19.670562,76.136054],[-20.269399,75.992336],[-21.983876,75.992662],[-19.934967,75.934027],[-19.345326,75.732611],[-19.612294,75.684231],[-19.39623,75.559963],[-19.341908,75.411322],[-19.588612,75.14232],[-20.002553,75.185777],[-19.947987,75.279527],[-20.140248,75.336086],[-20.713694,75.299465],[-22.263092,75.669501],[-21.407948,75.458319],[-22.5065,75.539537],[-21.429189,75.43183],[-20.517201,75.14232],[-21.760732,74.985297],[-22.410268,75.154608],[-21.769114,74.960191],[-20.676625,75.074408],[-20.764231,74.840725],[-20.609731,74.734849],[-21.119944,74.666897],[-19.718373,74.58747],[-19.402821,74.689439],[-19.269602,74.648871],[-19.386301,74.560736],[-18.974762,74.484361],[-19.626536,74.238593],[-20.200673,74.279771],[-20.372914,74.448432],[-21.628896,74.446763],[-22.081776,74.602973],[-21.768788,74.415269],[-22.471018,74.313666],[-22.069081,74.294257],[-22.339508,74.162909],[-22.176015,74.112616],[-22.487945,74.080959],[-21.988678,73.998725],[-21.812652,73.847602],[-21.827138,73.651679],[-21.702748,73.696723],[-21.915028,73.977932],[-21.784657,74.053046],[-20.277577,73.875474],[-20.520497,73.728949],[-20.520579,73.556464],[-20.382476,73.51789],[-20.543284,73.449042],[-21.543202,73.490424],[-21.572418,73.395087],[-22.314076,73.250434],[-23.449941,73.436103],[-23.968495,73.588568],[-24.032826,73.696723],[-23.516754,73.710679],[-22.662221,73.548651],[-22.175038,73.627875],[-22.799469,73.567613],[-24.060048,73.820258],[-24.340566,73.778713],[-24.471588,73.655748],[-24.375396,73.559556],[-24.456858,73.541449],[-24.941518,73.612494],[-24.998606,73.717231],[-25.690663,73.957465],[-25.550893,73.811225],[-24.679596,73.524644],[-25.292226,73.473538],[-25.498891,73.402533],[-25.452626,73.345771],[-25.965403,73.241889],[-27.332387,73.498114],[-27.459055,73.443549],[-26.396962,73.238023],[-26.713368,73.134711],[-27.725901,73.134426],[-27.403554,73.110663],[-27.363759,73.003485],[-27.483062,72.925686],[-27.327626,72.968329],[-27.260121,73.127183],[-26.651682,73.103217],[-26.444488,73.196682],[-25.052561,73.08393],[-24.984283,73.025784],[-25.13561,72.939765],[-26.082631,72.782416],[-27.387563,72.846381],[-26.396962,72.771308],[-26.719716,72.704088],[-26.306996,72.730373],[-26.468984,72.576972],[-26.177642,72.725898],[-25.256215,72.811184],[-24.716786,72.686428],[-24.724233,72.586982],[-24.601308,72.552191],[-25.909739,72.415676],[-25.28893,72.39057],[-25.507314,72.123765],[-25.180979,72.365383],[-24.546376,72.423407],[-23.710683,72.217027],[-23.820546,72.113959],[-23.620269,72.15644],[-22.503407,71.900784],[-23.123199,71.631903],[-22.415761,71.796536],[-22.654856,71.668362],[-22.59553,71.574123],[-22.214426,71.756496],[-21.894521,71.743476],[-22.216664,71.634833],[-22.148305,71.590155],[-22.507436,71.552232],[-22.476715,71.264309],[-22.132395,71.490912],[-21.764638,71.508002],[-21.874013,71.448635],[-21.667958,71.401435],[-21.856191,71.348619],[-21.606516,71.325751],[-21.963368,71.270453],[-21.738515,71.254462],[-21.712799,71.137885],[-21.846669,71.19538],[-21.715728,71.119696],[-22.333363,71.059475],[-21.696848,71.078925],[-21.661122,71.024115],[-21.990102,70.968817],[-21.572418,70.955797],[-21.744293,70.800279],[-21.928619,70.812445],[-21.63915,70.800605],[-21.792104,70.736029],[-21.545725,70.709377],[-21.76415,70.709377],[-21.579213,70.674628],[-21.771148,70.590074],[-21.476796,70.544867],[-21.940053,70.390326],[-22.022857,70.499498],[-22.381174,70.448717],[-22.479156,70.855414],[-22.64859,70.723049],[-22.56607,70.571601],[-22.632558,70.445461],[-23.345448,70.440579],[-24.066274,70.689683],[-24.207509,70.861314],[-24.195627,71.012274],[-24.669423,71.271959],[-24.63801,71.361762],[-25.096059,71.304836],[-25.621734,71.538642],[-26.401479,71.642483],[-26.785146,71.546536],[-27.931386,72.010484],[-28.620269,72.134467],[-28.705963,72.086086],[-28.360422,72.007148],[-28.456939,71.939399],[-27.861806,71.908026],[-27.801625,71.874457],[-28.034088,71.878567],[-27.33137,71.718817],[-27.40803,71.642483],[-28.493642,71.565904],[-27.650787,71.613105],[-27.122548,71.57217],[-27.328603,71.517524],[-27.219594,71.481391],[-25.805043,71.490668],[-25.444203,71.380316],[-25.4169,71.284735],[-25.780019,71.257473],[-25.5808,71.188544],[-26.002065,71.062201],[-26.828359,70.935289],[-27.506174,70.942125],[-27.771352,71.146715],[-27.90746,71.140326],[-27.618153,70.953803],[-28.397613,70.981269],[-27.920888,70.868069],[-28.310292,70.56387],[-29.23412,70.448065],[-28.281361,70.510728],[-28.348785,70.433987],[-28.2329,70.372016],[-26.743316,70.484117],[-26.321278,70.379788],[-26.971791,70.328681],[-27.818715,70.098944],[-28.589915,70.092434],[-27.553334,70.059719],[-27.473622,69.959784],[-26.883616,70.256903],[-26.326161,70.19831],[-25.305287,70.413235],[-25.203521,70.398342],[-25.395823,70.35932],[-25.272939,70.35932],[-25.324941,70.278266],[-25.000885,70.365627],[-23.863352,70.133734],[-22.080963,70.138495],[-22.161448,70.071357],[-22.929189,69.931342],[-22.805735,69.879543],[-23.038442,69.944648],[-23.278676,69.859687],[-22.909495,69.813422],[-22.99885,69.765611],[-23.33434,69.861518],[-23.243804,69.753485],[-23.929799,69.756008],[-23.579701,69.626288],[-23.814198,69.512274],[-24.354888,69.599555],[-24.114735,69.544338],[-24.094228,69.42829],[-24.367909,69.448147],[-24.448313,69.362128],[-24.735015,69.433661],[-24.61498,69.318427],[-24.765859,69.297919],[-24.615102,69.280097],[-24.675526,69.244615],[-25.190989,69.283677],[-25.280914,69.237616],[-24.99177,69.166938],[-25.327545,69.132799],[-25.211415,69.064602],[-25.285959,69.023627],[-25.656484,69.091864],[-25.548248,69.033271],[-25.656484,69.009345],[-25.449818,68.967922],[-25.701527,68.962144],[-25.578236,68.914984],[-25.944488,68.790229],[-26.262359,68.787421],[-26.325551,68.679145],[-26.743804,68.705227],[-27.781117,68.468695],[-27.980336,68.571112],[-28.010487,68.457831],[-28.356516,68.502875],[-28.253489,68.440823],[-28.851877,68.328559],[-29.172109,68.399807],[-29.096995,68.31037],[-29.473785,68.249579],[-29.377553,68.201158],[-29.852651,68.415595],[-30.069447,68.32099],[-29.993398,68.251044],[-30.302968,68.255805],[-30.055979,68.111802],[-30.816884,68.255805],[-30.49474,68.18476],[-30.419667,68.070868],[-31.017242,68.041083],[-31.403676,68.162746],[-31.581166,68.076483],[-31.748525,68.21426],[-31.545522,68.246324],[-31.991282,68.259996],[-32.158355,68.39765],[-32.125356,68.474921],[-32.314809,68.443508],[-32.487172,68.623928],[-32.399729,68.543769],[-32.570953,68.50967],[-32.50121,68.429023],[-32.208852,68.348049],[-32.070709,68.194322],[-32.454254,68.207994],[-32.051503,68.155504],[-31.995595,68.05036],[-32.146392,68.05036],[-32.036529,67.926825],[-33.20226,67.694037],[-33.056996,67.632636],[-33.365712,67.551418],[-33.273671,67.400784],[-33.598215,67.371975],[-33.365468,67.247748],[-33.66808,67.223212],[-33.516265,67.200629],[-33.537424,67.077704],[-33.975657,66.994574],[-33.858876,66.953559],[-33.999135,66.954495],[-33.934641,66.768622],[-34.085439,66.809556],[-34.050282,66.745103],[-34.270375,66.57685],[-34.259633,66.673326],[-34.372385,66.596991],[-34.41747,66.749945],[-34.530507,66.638251],[-34.407582,66.542711],[-34.715443,66.344062],[-34.973256,66.289537],[-35.133778,66.344062],[-35.114247,66.421454],[-35.236806,66.323635],[-35.038197,66.262152],[-35.216379,66.241034],[-35.589345,66.289455],[-35.832631,66.443508],[-35.678212,66.331204],[-35.743316,66.268378],[-35.551503,66.248481],[-35.702301,66.206936],[-35.586293,66.111314],[-35.745025,66.199205],[-35.710601,66.123033],[-35.942494,66.103909],[-35.716624,66.090237],[-35.908437,66.090237],[-35.894154,66.015082],[-36.08967,65.932563],[-36.346588,65.987779],[-36.326161,65.912095],[-36.35851,66.091376],[-36.553619,66.083808],[-36.521637,65.990912],[-37.013783,65.839586],[-37.079701,66.062893],[-37.167958,66.008979],[-37.122914,65.904934],[-37.237294,65.905219],[-37.114369,65.816881],[-37.272084,65.830146],[-37.18456,65.774075],[-37.678538,65.945705],[-37.854237,65.891588],[-37.730784,65.980943],[-37.797922,66.048733],[-37.169667,66.323635],[-37.616363,66.328803],[-37.852366,66.444729],[-38.140492,66.369208],[-37.689809,66.268378],[-37.99828,66.241034],[-37.854237,66.199449],[-38.106679,66.114488],[-37.959625,66.075873],[-37.998931,65.938422],[-38.269643,65.905178],[-38.484853,66.015082],[-38.432444,65.902167],[-38.106109,65.810736],[-38.258941,65.705146],[-38.22057,65.64643],[-38.488515,65.594143],[-38.430287,65.679348],[-38.752309,65.693305],[-38.600331,65.577867],[-39.074534,65.555162],[-39.34142,65.748236],[-39.197418,65.593329],[-39.33495,65.545111],[-39.34435,65.627834],[-39.423411,65.54149],[-39.668365,65.68476],[-39.63561,65.624091],[-39.834869,65.583157],[-39.71581,65.555609],[-39.806996,65.508002],[-40.04719,65.583157],[-40.115387,65.548977],[-40.040924,65.49494],[-40.218495,65.508002],[-39.788726,65.412177],[-39.950999,65.360582],[-39.759145,65.247301],[-40.122874,65.166205],[-39.937327,65.096503],[-40.281361,65.001166],[-40.602773,65.145209],[-40.707183,65.029608],[-40.875803,65.096503]]],[[[-44.598012,59.964057],[-44.55842,59.98664],[-44.515289,59.956041],[-44.598012,59.964057]]],[[[-44.350982,59.984524],[-44.425689,59.956366],[-44.378285,60.080756],[-44.4947,60.011176],[-44.442942,60.137885],[-44.203684,60.053168],[-44.350982,59.984524]]],[[[-44.203603,60.107367],[-44.208119,60.175279],[-44.008412,60.046576],[-44.203603,60.107367]]],[[[-45.303782,60.142157],[-45.245717,60.189114],[-45.223785,60.156073],[-45.303782,60.142157]]],[[[-45.152943,60.382392],[-45.183339,60.272528],[-45.411366,60.194525],[-45.349762,60.389472],[-45.152943,60.382392]]],[[[-45.056142,60.382392],[-45.132151,60.433783],[-45.002105,60.450629],[-45.056142,60.382392]]],[[[-44.995269,60.413072],[-44.926381,60.436957],[-45.118235,60.313463],[-44.995269,60.413072]]],[[[-45.358388,60.477973],[-45.395334,60.427191],[-45.417226,60.443793],[-45.358388,60.477973]]],[[[-45.974721,60.669745],[-45.782948,60.662909],[-45.853179,60.645697],[-45.974721,60.669745]]],[[[-45.892812,60.697699],[-46.089426,60.64289],[-46.165273,60.649156],[-45.892812,60.697699]]],[[[-46.63268,60.752346],[-46.532867,60.769721],[-46.553578,60.744818],[-46.63268,60.752346]]],[[[-46.276357,60.772773],[-46.4204,60.718166],[-46.345286,60.669745],[-46.502349,60.703925],[-46.276357,60.772773]]],[[[-47.317942,60.813137],[-47.284576,60.801337],[-47.28539,60.773586],[-47.317942,60.813137]]],[[[-47.002594,60.806952],[-46.986806,60.776313],[-47.051015,60.800116],[-47.002594,60.806952]]],[[[-47.22232,60.813137],[-47.195058,60.827053],[-47.160146,60.80329],[-47.22232,60.813137]]],[[[-46.30309,60.820543],[-46.405019,60.782701],[-46.331044,60.827379],[-46.30309,60.820543]]],[[[-47.194407,60.84101],[-47.101145,60.868842],[-47.085683,60.83747],[-47.194407,60.84101]]],[[[-47.181386,60.8758],[-47.220041,60.852118],[-47.24767,60.868842],[-47.181386,60.8758]]],[[[-47.17394,60.882025],[-47.113596,60.913764],[-47.084543,60.916815],[-47.17394,60.882025]]],[[[-47.051015,60.895697],[-46.984242,60.933783],[-46.965443,60.923896],[-47.051015,60.895697]]],[[[-46.553863,60.796332],[-46.84557,60.772773],[-46.164133,60.911444],[-46.553863,60.796332]]],[[[-46.529652,60.991889],[-46.430735,60.976508],[-46.45108,60.926174],[-46.529652,60.991889]]],[[[-48.161122,61.057074],[-48.373118,61.081244],[-48.044097,61.067572],[-48.161122,61.057074]]],[[[-48.934804,61.265611],[-48.723134,61.293524],[-48.89387,61.259426],[-48.934804,61.265611]]],[[[-48.68871,61.369289],[-48.515533,61.336575],[-48.832997,61.341295],[-48.68871,61.369289]]],[[[-49.164784,61.701361],[-49.086497,61.64289],[-49.216624,61.656684],[-49.164784,61.701361]]],[[[-50.686106,63.099066],[-50.67927,63.023668],[-50.758412,63.068061],[-50.686106,63.099066]]],[[[-50.682688,63.123358],[-50.789784,63.084377],[-50.818471,63.162909],[-50.682688,63.123358]]],[[[-50.49767,63.174506],[-50.624338,63.116523],[-50.654693,63.164944],[-50.49767,63.174506]]],[[[-52.066762,64.164862],[-51.895497,64.191555],[-51.993906,64.121831],[-52.066762,64.164862]]],[[[-50.805531,64.527981],[-51.155344,64.254218],[-51.338612,64.245795],[-51.161855,64.301418],[-51.031728,64.55093],[-50.805531,64.527981]]],[[[-51.299306,64.380805],[-51.515207,64.394477],[-51.094146,64.569525],[-51.299306,64.380805]]],[[[-43.706695,59.902533],[-43.644643,59.854193],[-44.118276,59.833686],[-43.961334,59.978176],[-43.706695,59.902533]]],[[[-43.206451,59.970893],[-43.370961,59.915595],[-43.316029,60.00495],[-43.206451,59.970893]]],[[[-44.008412,59.99136],[-44.398793,59.90941],[-44.200103,60.027899],[-44.008412,59.99136]]],[[[-43.377187,59.99136],[-43.514963,59.90941],[-43.46935,60.026801],[-43.377187,59.99136]]],[[[-43.171702,60.07392],[-43.220123,59.99136],[-43.576405,60.080756],[-43.481435,60.039252],[-43.590077,59.923041],[-43.919057,60.00495],[-43.722483,60.062812],[-44.129628,60.142035],[-43.171702,60.07392]]],[[[-47.722035,60.759101],[-47.653066,60.759101],[-47.900461,60.68244],[-48.235951,60.800116],[-47.722035,60.759101]]],[[[-42.77477,60.902533],[-42.624257,60.895697],[-42.952626,60.8758],[-42.77477,60.902533]]],[[[-42.493886,61.451158],[-42.449045,61.486151],[-42.419423,61.477525],[-42.493886,61.451158]]],[[[-42.082387,61.87641],[-42.117543,61.778795],[-42.287913,61.759711],[-42.082387,61.87641]]],[[[-42.302113,62.574652],[-42.160146,62.580227],[-42.192983,62.485826],[-42.302113,62.574652]]],[[[-42.035268,62.767035],[-41.863271,62.739081],[-42.445546,62.753363],[-42.035268,62.767035]]],[[[-41.917958,62.814846],[-41.876698,62.778632],[-41.937896,62.844306],[-41.917958,62.814846]]],[[[-41.585846,63.010403],[-41.451772,62.97309],[-41.582509,62.875434],[-41.585846,63.010403]]],[[[-41.527496,63.081732],[-41.373647,63.111151],[-41.385487,63.047349],[-41.527496,63.081732]]],[[[-41.212148,63.157457],[-41.246327,63.123358],[-41.462758,63.174872],[-41.212148,63.157457]]],[[[-41.147043,63.284369],[-41.098988,63.222235],[-41.414784,63.232164],[-41.863271,63.472805],[-41.681386,63.496812],[-41.147043,63.284369]]],[[[-51.223297,63.513739],[-51.246083,63.483588],[-51.345204,63.498928],[-51.223297,63.513739]]],[[[-40.773346,63.64411],[-40.663482,63.64411],[-40.838124,63.634345],[-40.773346,63.64411]]],[[[-40.67101,64.219428],[-41.062001,64.233791],[-40.827138,64.313788],[-40.67101,64.219428]]],[[[-40.143422,64.487006],[-40.492787,64.494086],[-40.60204,64.719713],[-40.869537,64.904731],[-40.499623,64.829576],[-40.439198,64.740871],[-40.548166,64.709621],[-40.376129,64.616645],[-40.479115,64.582587],[-40.143422,64.487006]]],[[[-39.547231,65.319322],[-39.491607,65.288275],[-39.752797,65.376899],[-39.547231,65.319322]]],[[[-37.217437,65.583157],[-37.051625,65.540432],[-37.190094,65.535346],[-37.217437,65.583157]]],[[[-52.937611,65.65884],[-52.853098,65.624213],[-53.037099,65.54328],[-53.230784,65.60224],[-52.937611,65.65884]]],[[[-36.936269,65.679348],[-37.004018,65.587714],[-37.217437,65.686184],[-36.936269,65.679348]]],[[[-36.785512,65.87108],[-36.828114,65.742377],[-36.997711,65.815863],[-36.785512,65.87108]]],[[[-37.453969,65.792548],[-37.497385,65.720282],[-37.313059,65.679348],[-37.711293,65.654202],[-37.628326,65.604193],[-37.737904,65.569403],[-37.987294,65.700588],[-37.693186,65.905219],[-37.272084,65.761217],[-37.453969,65.792548]]],[[[-36.22997,65.919582],[-36.26179,65.859809],[-36.380727,65.836982],[-36.22997,65.919582]]],[[[-36.750722,65.905219],[-36.504262,65.95303],[-36.621938,65.79857],[-36.73705,65.802232],[-36.750722,65.905219]]],[[[-35.551503,66.206936],[-35.396799,66.23786],[-35.520863,66.180487],[-35.551503,66.206936]]],[[[-33.865712,66.823228],[-33.970774,66.804633],[-33.905141,66.881008],[-33.865712,66.823228]]],[[[-33.47525,67.186957],[-33.338124,67.206855],[-33.482818,67.152818],[-33.47525,67.186957]]],[[[-33.249379,67.357652],[-33.253774,67.319241],[-33.290273,67.368598],[-33.249379,67.357652]]],[[[-29.712717,68.221666],[-29.867258,68.142971],[-30.014394,68.21426],[-29.712717,68.221666]]],[[[-53.098053,68.454413],[-52.854482,68.424018],[-53.091786,68.361029],[-53.225006,68.433905],[-53.098053,68.454413]]],[[[-51.834096,68.605211],[-51.858998,68.606594],[-51.863922,68.612128],[-51.834096,68.605211]]],[[[-51.956899,68.635688],[-51.806752,68.625718],[-52.423736,68.590562],[-51.956899,68.635688]]],[[[-52.351064,68.642483],[-53.121938,68.571112],[-52.649648,68.715074],[-52.128285,68.707668],[-52.351064,68.642483]]],[[[-51.223297,69.914252],[-50.661855,69.83515],[-50.962148,69.730414],[-50.95108,69.559394],[-51.16747,69.511949],[-51.384999,69.7119],[-51.00475,69.886949],[-51.361073,69.852851],[-51.223297,69.914252]]],[[[-52.902903,69.34512],[-53.844635,69.265041],[-54.273346,69.400336],[-53.402984,69.439195],[-53.581899,69.47606],[-53.34911,69.585354],[-53.81664,69.458564],[-53.732737,69.517035],[-53.999623,69.502753],[-53.930084,69.603949],[-54.737375,69.589057],[-54.992747,69.701972],[-54.389394,69.681545],[-54.931956,69.865871],[-54.766754,69.96955],[-54.224924,69.920478],[-54.831939,70.085598],[-54.756907,70.247016],[-54.329742,70.324042],[-53.265981,70.202297],[-52.728098,69.928656],[-51.998158,69.80508],[-51.908559,69.742825],[-52.025868,69.674058],[-51.837473,69.643622],[-52.141591,69.477281],[-52.902903,69.34512]]],[[[-54.718984,70.379788],[-54.926503,70.374742],[-55.027455,70.486274],[-54.718984,70.379788]]],[[[-51.663075,70.723049],[-51.505116,70.674628],[-51.861318,70.723049],[-51.663075,70.723049]]],[[[-51.81664,70.942125],[-51.565826,70.879706],[-52.161366,70.891669],[-52.064524,70.978583],[-51.81664,70.942125]]],[[[-53.896596,71.082465],[-53.978505,71.14761],[-53.611806,71.321723],[-53.382069,71.136623],[-53.512441,71.037746],[-53.896596,71.082465]]],[[[-52.484853,71.264309],[-52.957428,71.154446],[-53.17748,71.327623],[-52.971791,71.387152],[-52.327504,71.298407],[-52.484853,71.264309]]],[[[-53.293853,71.538642],[-53.478261,71.655341],[-52.759511,71.661526],[-53.293853,71.538642]]],[[[-55.68692,71.917182],[-55.411041,71.894232],[-55.560862,71.821438],[-55.808258,71.881252],[-55.68692,71.917182]]],[[[-55.047963,72.318834],[-55.376129,72.167222],[-55.682932,72.190009],[-55.434641,72.267971],[-55.623931,72.302639],[-55.013173,72.381537],[-55.047963,72.318834]]],[[[-55.802113,72.689399],[-56.225982,72.709906],[-55.640248,72.775946],[-55.802113,72.689399]]],[[[-55.73941,72.614244],[-55.849273,72.614244],[-55.607249,72.759019],[-54.965443,72.812323],[-55.367055,72.589911],[-55.73941,72.614244]]],[[[-55.60969,73.036038],[-55.068471,72.956855],[-55.69225,72.998481],[-55.60969,73.036038]]],[[[-56.031117,73.570461],[-55.472524,73.429877],[-55.753733,73.395087],[-55.664296,73.484442],[-56.116811,73.559556],[-56.031117,73.570461]]],[[[-56.127065,73.827094],[-56.77477,73.88231],[-55.954579,73.832994],[-56.127065,73.827094]]],[[[-56.518219,74.494818],[-57.556223,74.498033],[-56.71288,74.560736],[-56.518219,74.494818]]],[[[-69.496653,76.592271],[-69.494456,76.562161],[-70.034495,76.568061],[-69.496653,76.592271]]],[[[-71.576283,77.390448],[-71.343495,77.376858],[-72.131825,77.321601],[-72.576812,77.411607],[-71.576283,77.390448]]],[[[-70.356597,77.417792],[-70.055002,77.40412],[-71.079945,77.377753],[-71.302602,77.452541],[-70.356597,77.417792]]],[[[-53.27477,82.172349],[-53.339467,82.258734],[-53.244985,82.29914],[-52.786773,82.317532],[-51.189768,81.995347],[-52.105214,81.995429],[-53.27477,82.172349]]],[[[-44.529164,82.413764],[-44.426137,82.358466],[-45.070424,82.222561],[-44.734609,82.098375],[-45.035024,82.059272],[-46.875966,82.360012],[-47.749867,82.625312],[-46.324208,82.678534],[-44.529164,82.413764]]],[[[-47.852162,82.783637],[-48.41275,82.852769],[-47.442047,82.810981],[-47.852162,82.783637]]],[[[-39.437611,83.10517],[-39.288889,83.092434],[-39.666493,82.99551],[-40.54662,83.162421],[-39.437611,83.10517]]],[[[-40.103342,83.056138],[-39.862172,82.982245],[-41.486562,83.167873],[-40.103342,83.056138]]],[[[-38.83434,83.174018],[-38.642568,83.118801],[-40.667348,83.302558],[-40.403432,83.338568],[-40.487416,83.365912],[-38.83434,83.174018]]],[[[-23.439687,69.742987],[-23.224029,69.670966],[-23.593373,69.715033],[-23.439687,69.742987]]],[[[-26.208323,70.565375],[-26.074208,70.52383],[-26.38268,70.489651],[-26.208323,70.565375]]],[[[-27.719065,70.739814],[-27.722768,70.888577],[-27.239858,70.894355],[-27.719065,70.739814]]],[[[-25.31725,70.746975],[-25.301137,70.657294],[-25.999745,70.535102],[-28.137359,70.45954],[-27.963368,70.631252],[-27.149648,70.877834],[-25.703765,71.085842],[-25.725453,70.990546],[-25.397572,70.914252],[-25.341786,70.809719],[-25.478017,70.771226],[-25.31725,70.746975]]],[[[-25.56192,71.107164],[-25.368886,71.065416],[-25.430531,71.039211],[-25.56192,71.107164]]],[[[-21.949086,72.428697],[-22.760121,72.441067],[-22.303049,72.25727],[-22.045318,72.271674],[-22.201283,72.125149],[-22.524892,72.134833],[-22.600209,72.162421],[-22.497792,72.209621],[-22.684641,72.171291],[-24.063547,72.445258],[-24.02595,72.52143],[-24.371693,72.604071],[-24.48526,72.826565],[-23.137034,72.840033],[-21.949086,72.428697]]],[[[-24.799916,72.915961],[-24.901438,72.78205],[-25.320668,72.846991],[-24.799916,72.915961]]],[[[-21.928619,72.737779],[-22.654042,72.698065],[-23.163319,72.877916],[-24.586903,72.950426],[-23.238271,73.075263],[-21.969594,72.943834],[-21.887685,72.895453],[-22.18871,72.812323],[-21.928619,72.737779]]],[[[-21.325917,73.148098],[-21.168324,73.134426],[-21.462514,73.121405],[-21.325917,73.148098]]],[[[-24.524281,73.047919],[-25.710805,73.194892],[-25.24352,73.411119],[-24.460072,73.425035],[-23.209788,73.231269],[-25.012196,73.313178],[-22.892445,73.158026],[-24.524281,73.047919]]],[[[-20.352691,74.251654],[-20.132965,74.190172],[-21.268666,74.087795],[-21.986969,74.248236],[-21.24706,74.457099],[-20.533355,74.406724],[-20.352691,74.251654]]],[[[-18.735219,74.632473],[-18.823354,74.547309],[-19.221832,74.58747],[-18.735219,74.632473]]],[[[-18.37149,74.711615],[-18.324086,74.636298],[-18.482574,74.629218],[-18.591176,74.725287],[-18.37149,74.711615]]],[[[-19.809967,74.890855],[-19.728871,74.868598],[-20.138254,74.699286],[-20.680735,74.82095],[-20.549062,74.907904],[-20.599721,74.998969],[-20.339101,75.054185],[-19.961659,74.998969],[-20.176381,74.903876],[-19.809967,74.890855]]],[[[-17.316965,75.136135],[-17.355295,75.025946],[-17.618398,74.935736],[-17.880116,75.035956],[-18.892649,74.999213],[-18.838206,75.263088],[-18.948069,75.334174],[-18.316803,75.299994],[-18.05134,75.420111],[-17.802887,75.314276],[-18.209218,75.222357],[-18.015777,75.228949],[-17.813385,75.088853],[-17.316965,75.136135]]],[[[-18.550282,76.054145],[-18.65331,75.903266],[-19.106435,76.473456],[-19.095041,76.581936],[-18.763173,76.588568],[-18.984934,76.616156],[-19.072743,76.73432],[-18.673411,76.655463],[-18.707875,76.383124],[-18.550282,76.054145]]],[[[-18.0065,77.636908],[-18.267201,77.656724],[-17.890126,77.868354],[-17.617299,77.806586],[-18.0065,77.636908]]],[[[-21.3815,77.864325],[-21.127756,77.990302],[-21.161488,77.929877],[-21.3815,77.864325]]],[[[-19.318023,77.883287],[-19.235463,77.828681],[-20.489858,77.959662],[-19.995717,77.999945],[-19.318023,77.883287]]],[[[-19.171376,77.995307],[-19.113881,78.061347],[-19.320424,78.144477],[-18.859853,78.144477],[-19.111562,77.932278],[-19.201772,77.927436],[-19.171376,77.995307]]],[[[-20.379506,78.136054],[-20.814605,78.174994],[-20.467641,78.249457],[-20.379506,78.136054]]],[[[-19.445058,78.200019],[-19.647572,78.264797],[-19.646392,78.350816],[-19.352406,78.21483],[-19.445058,78.200019]]],[[[-18.917836,78.443549],[-18.9051,78.341498],[-19.063385,78.308824],[-18.893666,78.210395],[-19.271108,78.230658],[-19.289215,78.368109],[-18.917836,78.443549]]],[[[-18.234934,78.616929],[-18.467641,78.535061],[-18.562367,78.581488],[-18.234934,78.616929]]],[[[-18.20519,78.736762],[-18.161773,78.829291],[-18.000315,78.765815],[-18.20519,78.736762]]],[[[-19.124379,78.710679],[-19.610666,78.770006],[-19.048004,78.92357],[-19.213206,78.792629],[-19.041819,78.778998],[-19.281361,78.765937],[-19.020741,78.745429],[-19.124379,78.710679]]],[[[-17.532948,79.032213],[-17.964955,78.955878],[-17.921457,79.06273],[-17.60554,79.193834],[-17.405914,79.123277],[-17.532948,79.032213]]],[[[-18.764272,79.973293],[-17.740834,80.091213],[-17.260976,80.003607],[-18.17394,79.693671],[-19.414174,79.848131],[-18.919423,79.933661],[-19.002349,80.014309],[-18.764272,79.973293]]],[[[-19.522857,80.03026],[-19.704091,80.057563],[-19.349924,80.213202],[-18.702992,80.126451],[-19.522857,80.03026]]],[[[-17.732818,81.595649],[-18.281484,81.718492],[-17.793772,81.746161],[-17.335561,81.608629],[-17.732818,81.595649]]],[[[-19.459584,81.953192],[-19.658193,82.094062],[-19.260365,82.09101],[-18.63093,81.819729],[-19.459584,81.953192]]],[[[-66.775624,80.598578],[-66.982737,80.671576],[-66.587961,80.619818],[-66.775624,80.598578]]],[[[-66.320505,80.820258],[-66.377756,80.827379],[-66.335357,80.831936],[-66.320505,80.820258]]]]}},{"type":"Feature","properties":{"name":"Curaçao","ISO3166-1-Alpha-3":"CUW","ISO3166-1-Alpha-2":"CW"},"geometry":{"type":"Polygon","coordinates":[[[-68.780751,12.097805],[-68.977773,12.124579],[-69.166127,12.387844],[-68.780751,12.097805]]]}},{"type":"Feature","properties":{"name":"Aruba","ISO3166-1-Alpha-3":"ABW","ISO3166-1-Alpha-2":"AW"},"geometry":{"type":"Polygon","coordinates":[[[-69.996938,12.577582],[-69.888092,12.41767],[-70.061106,12.625393],[-69.996938,12.577582]]]}},{"type":"Feature","properties":{"name":"The Bahamas","ISO3166-1-Alpha-3":"BHS","ISO3166-1-Alpha-2":"BS"},"geometry":{"type":"MultiPolygon","coordinates":[[[[-72.999572,21.451708],[-73.076234,21.506796],[-72.991526,21.561998],[-72.910438,21.50485],[-72.999572,21.451708]]],[[[-73.13915,22.363349],[-73.131703,22.45954],[-72.746165,22.331285],[-73.13915,22.363349]]],[[[-73.468736,22.587662],[-73.536115,22.603462],[-73.54098,22.61396],[-73.468736,22.587662]]],[[[-73.647071,21.061555],[-73.389882,21.233303],[-73.160961,21.169863],[-73.004628,21.314439],[-73.225564,20.952463],[-73.651612,20.913781],[-73.647071,21.061555]]],[[[-74.283762,22.67182],[-74.317535,22.602484],[-74.376698,22.584377],[-74.283762,22.67182]]],[[[-73.995717,22.657538],[-73.851715,22.733303],[-73.865387,22.480048],[-74.276967,22.171536],[-73.880198,22.502916],[-73.995717,22.657538]]],[[[-74.286855,22.733303],[-74.344553,22.836249],[-74.016225,22.720201],[-74.090688,22.657538],[-74.286855,22.733303]]],[[[-73.666168,23.089545],[-73.797353,23.073798],[-73.741851,23.096991],[-73.666168,23.089545]]],[[[-75.653554,23.459459],[-75.576975,23.445868],[-75.559804,23.415595],[-75.653554,23.459459]]],[[[-75.798207,23.538642],[-75.661041,23.452623],[-76.031484,23.668524],[-75.798207,23.538642]]],[[[-74.85912,22.980292],[-74.839955,22.859931],[-74.978017,23.072943],[-75.229644,23.171454],[-75.068471,23.116645],[-75.33141,23.685981],[-75.059967,23.141669],[-74.85912,22.980292]]],[[[-74.900054,23.706488],[-74.793691,23.671332],[-74.872792,23.672349],[-74.900054,23.706488]]],[[[-76.325185,23.974026],[-76.374989,24.046576],[-76.401479,24.102932],[-76.325185,23.974026]]],[[[-74.468658,24.021796],[-74.558095,23.953559],[-74.464833,24.143948],[-74.468658,24.021796]]],[[[-77.880686,24.186265],[-77.976226,24.186835],[-77.798695,24.254584],[-77.880686,24.186265]]],[[[-77.92162,24.26203],[-77.950266,24.230536],[-78.016916,24.24844],[-77.92162,24.26203]]],[[[-76.463002,24.213609],[-76.544586,24.283026],[-76.513417,24.260891],[-76.463002,24.213609]]],[[[-77.524973,23.933051],[-77.565907,23.740668],[-77.778188,23.746812],[-77.576161,23.847113],[-77.720204,23.784817],[-77.660878,23.88467],[-77.798695,23.856676],[-77.942047,24.096869],[-77.67516,24.302965],[-77.744049,24.035468],[-77.607533,24.218248],[-77.524973,23.970364],[-77.600697,23.905097],[-77.524973,23.933051]]],[[[-77.76769,24.326606],[-77.758046,24.359361],[-77.682607,24.34394],[-77.76769,24.326606]]],[[[-75.314687,24.217353],[-75.290435,24.144721],[-75.509918,24.142076],[-75.410064,24.272895],[-75.732167,24.698635],[-75.314687,24.217353]]],[[[-77.47997,24.99136],[-77.561879,25.018866],[-77.263824,25.058092],[-77.47997,24.99136]]],[[[-78.353586,24.659247],[-78.196523,24.60399],[-78.304067,24.728217],[-78.157704,25.00019],[-78.214345,25.184638],[-78.045155,25.183092],[-77.737213,24.700181],[-77.718739,24.499823],[-78.027455,24.272854],[-78.134429,24.501614],[-78.430531,24.601793],[-78.353586,24.659247]]],[[[-76.161285,25.165717],[-76.161285,24.645006],[-76.336334,24.814927],[-76.182444,24.848782],[-76.164947,25.129828],[-76.371571,25.322496],[-76.784495,25.426418],[-76.736684,25.563625],[-76.161285,25.165717]]],[[[-77.819203,25.707587],[-77.860097,25.748521],[-77.880686,25.789537],[-77.819203,25.707587]]],[[[-77.537994,26.306586],[-77.567047,26.291002],[-77.579579,26.337592],[-77.537994,26.306586]]],[[[-78.590077,26.5362],[-78.766839,26.508104],[-78.997874,26.701321],[-78.714289,26.57052],[-78.573633,26.684159],[-78.593821,26.810533],[-78.319984,26.686527],[-77.915395,26.776435],[-77.929067,26.639228],[-78.590077,26.5362]]],[[[-77.812367,26.906806],[-77.962554,26.893052],[-77.606842,26.920396],[-77.049794,26.516343],[-77.01476,26.31566],[-77.164947,26.245429],[-77.226674,25.885077],[-77.408274,26.029731],[-77.223297,26.145819],[-77.160715,26.564195],[-77.329742,26.60456],[-77.534413,26.863186],[-77.812367,26.906806]]],[[[-79.514027,23.495673],[-79.517568,23.494045],[-79.53661,23.506496],[-79.514027,23.495673]]],[[[-79.563344,23.546698],[-79.552887,23.533759],[-79.59435,23.574652],[-79.563344,23.546698]]],[[[-79.268707,25.53856],[-79.26651,25.537828],[-79.262115,25.528062],[-79.268707,25.53856]]],[[[-79.28893,25.559149],[-79.288442,25.562974],[-79.279408,25.551663],[-79.28893,25.559149]]],[[[-75.722076,22.202582],[-75.742665,22.183254],[-75.733022,22.199774],[-75.722076,22.202582]]],[[[-75.745961,22.236029],[-75.753407,22.237372],[-75.747548,22.261461],[-75.745961,22.236029]]],[[[-75.811676,22.371568],[-75.805491,22.347602],[-75.823638,22.385728],[-75.811676,22.371568]]],[[[-73.618177,22.60125],[-73.605983,22.609494],[-73.607618,22.577255],[-73.618177,22.60125]]],[[[-75.109039,23.84691],[-75.105784,23.831448],[-75.117421,23.815131],[-75.109039,23.84691]]],[[[-77.869211,24.346829],[-77.832834,24.349555],[-77.867299,24.319485],[-77.869211,24.346829]]],[[[-76.774322,24.538642],[-76.77892,24.51435],[-76.792388,24.54914],[-76.774322,24.538642]]],[[[-77.864125,25.407904],[-77.900014,25.415473],[-77.847279,25.425849],[-77.864125,25.407904]]],[[[-79.250071,25.774726],[-79.261708,25.756659],[-79.258046,25.699042],[-79.250071,25.774726]]],[[[-77.244252,26.478461],[-77.240468,26.46662],[-77.267445,26.453274],[-77.244252,26.478461]]],[[[-77.853831,26.600775],[-77.851877,26.583319],[-77.891103,26.594062],[-77.853831,26.600775]]],[[[-76.770186,25.551304],[-76.745895,25.545036],[-76.760783,25.540334],[-76.770186,25.551304]]],[[[-76.828954,25.531715],[-76.810932,25.523879],[-76.87205,25.506641],[-76.828954,25.531715]]]]}},{"type":"Feature","properties":{"name":"Turks and Caicos Islands","ISO3166-1-Alpha-3":"TCA","ISO3166-1-Alpha-2":"TC"},"geometry":{"type":"MultiPolygon","coordinates":[[[[-72.460764,21.70539],[-72.452016,21.644965],[-72.470204,21.646877],[-72.460764,21.70539]]],[[[-71.507965,21.70539],[-71.581776,21.758368],[-71.480946,21.725491],[-71.507965,21.70539]]],[[[-71.802846,21.787909],[-71.850657,21.856269],[-71.63093,21.774319],[-71.802846,21.787909]]],[[[-72.337229,21.800971],[-72.165273,21.794827],[-72.281239,21.779608],[-72.337229,21.800971]]],[[[-72.021962,21.904608],[-71.911041,21.948432],[-71.857411,21.843166],[-72.021962,21.904608]]],[[[-71.138092,21.513617],[-71.128896,21.472235],[-71.151682,21.450588],[-71.138092,21.513617]]],[[[-71.687815,21.299791],[-71.674062,21.306545],[-71.695872,21.290107],[-71.687815,21.299791]]],[[[-71.634348,21.318793],[-71.628814,21.324368],[-71.634674,21.294501],[-71.634348,21.318793]]],[[[-71.209828,21.341376],[-71.192494,21.335028],[-71.213694,21.310614],[-71.209828,21.341376]]],[[[-71.49828,21.569403],[-71.504262,21.494045],[-71.527821,21.524319],[-71.49828,21.569403]]],[[[-72.124908,21.854641],[-72.119496,21.857896],[-72.124379,21.846869],[-72.124908,21.854641]]],[[[-72.094797,21.882514],[-72.087026,21.880927],[-72.093007,21.867174],[-72.094797,21.882514]]]]}},{"type":"Feature","properties":{"name":"Saint Pierre and Miquelon","ISO3166-1-Alpha-3":"SPM","ISO3166-1-Alpha-2":"PM"},"geometry":{"type":"MultiPolygon","coordinates":[[[[-56.15095,46.793647],[-56.150217,46.766913],[-56.218902,46.788275],[-56.15095,46.793647]]],[[[-56.273793,46.895453],[-56.370676,46.7862],[-56.366282,47.140204],[-56.253326,47.053697],[-56.350209,46.994615],[-56.273793,46.895453]]]]}},{"type":"Feature","properties":{"name":"Grenada","ISO3166-1-Alpha-3":"GRD","ISO3166-1-Alpha-2":"GD"},"geometry":{"type":"MultiPolygon","coordinates":[[[[-61.612945,12.214423],[-61.631581,12.044094],[-61.790517,12.008368],[-61.612945,12.214423]]],[[[-61.428049,12.454657],[-61.496246,12.440375],[-61.428049,12.529731],[-61.428049,12.454657]]]]}},{"type":"Feature","properties":{"name":"Saint Vincent and the Grenadines","ISO3166-1-Alpha-3":"VCT","ISO3166-1-Alpha-2":"VC"},"geometry":{"type":"MultiPolygon","coordinates":[[[[-61.194,13.036851],[-61.255483,12.986721],[-61.246205,13.011217],[-61.194,13.036851]]],[[[-61.167348,13.146064],[-61.279368,13.215888],[-61.187123,13.380439],[-61.167348,13.146064]]],[[[-61.441396,12.607896],[-61.443227,12.58515],[-61.454661,12.600775],[-61.441396,12.607896]]],[[[-61.319407,12.733791],[-61.328359,12.699449],[-61.339263,12.701972],[-61.319407,12.733791]]],[[[-61.191762,12.868232],[-61.174957,12.881781],[-61.187611,12.856391],[-61.191762,12.868232]]]]}},{"type":"Feature","properties":{"name":"Barbados","ISO3166-1-Alpha-3":"BRB","ISO3166-1-Alpha-2":"BB"},"geometry":{"type":"Polygon","coordinates":[[[-59.42691,13.160386],[-59.50886,13.057318],[-59.621571,13.09398],[-59.645131,13.323717],[-59.42691,13.160386]]]}},{"type":"Feature","properties":{"name":"Saint Lucia","ISO3166-1-Alpha-3":"LCA","ISO3166-1-Alpha-2":"LC"},"geometry":{"type":"Polygon","coordinates":[[[-60.88679,14.010077],[-60.955068,13.714667],[-61.078521,13.879788],[-60.933461,14.111884],[-60.88679,14.010077]]]}},{"type":"Feature","properties":{"name":"Dominica","ISO3166-1-Alpha-3":"DMA","ISO3166-1-Alpha-2":"DM"},"geometry":{"type":"Polygon","coordinates":[[[-61.362864,15.201809],[-61.468984,15.633857],[-61.25768,15.472602],[-61.256663,15.285346],[-61.362864,15.201809]]]}},{"type":"Feature","properties":{"name":"United States Minor Outlying Islands","ISO3166-1-Alpha-3":"UMI","ISO3166-1-Alpha-2":"UM"},"geometry":{"type":"MultiPolygon","coordinates":[[[[-169.530263,16.760199],[-169.523508,16.75849],[-169.539174,16.754462],[-169.530263,16.760199]]],[[[-160.029978,-0.376153],[-160.008901,-0.372491],[-160.012441,-0.382094],[-160.029978,-0.376153]]],[[[-176.485829,0.196519],[-176.479115,0.197903],[-176.479319,0.190334],[-176.485829,0.196519]]],[[[-176.459543,0.225898],[-176.459177,0.219224],[-176.463938,0.221869],[-176.459543,0.225898]]],[[[-176.636179,0.790188],[-176.640045,0.803534],[-176.639027,0.806952],[-176.636179,0.790188]]],[[[166.619395,19.281643],[166.638194,19.286444],[166.648123,19.297756],[166.619395,19.281643]]],[[[-177.328928,28.211086],[-177.322865,28.207668],[-177.3249,28.204983],[-177.328928,28.211086]]],[[[-177.357655,28.214423],[-177.372182,28.202338],[-177.385243,28.206977],[-177.357655,28.214423]]],[[[-169.532338,16.733059],[-169.541697,16.72191],[-169.549509,16.723456],[-169.532338,16.733059]]],[[[-169.513661,16.743964],[-169.513661,16.745592],[-169.512766,16.74433],[-169.513661,16.743964]]],[[[-75.024322,18.417263],[-75.003163,18.403713],[-75.017812,18.396674],[-75.024322,18.417263]]],[[[-162.060862,5.887193],[-162.09435,5.875352],[-162.08731,5.883857],[-162.060862,5.887193]]],[[[-162.400177,6.445136],[-162.385284,6.445136],[-162.385284,6.430243],[-162.400177,6.445136]]]]}},{"type":"Feature","properties":{"name":"Montserrat","ISO3166-1-Alpha-3":"MSR","ISO3166-1-Alpha-2":"MS"},"geometry":{"type":"Polygon","coordinates":[[[-62.147369,16.744289],[-62.218861,16.688707],[-62.202016,16.819322],[-62.147369,16.744289]]]}},{"type":"Feature","properties":{"name":"Antigua and Barbuda","ISO3166-1-Alpha-3":"ATG","ISO3166-1-Alpha-2":"AG"},"geometry":{"type":"MultiPolygon","coordinates":[[[[-61.883616,17.049018],[-61.825266,17.168769],[-61.667592,17.079413],[-61.737131,16.989244],[-61.883616,17.049018]]],[[[-61.838938,17.593329],[-61.837799,17.727688],[-61.727773,17.588446],[-61.838938,17.593329]]],[[[-62.345589,16.93914],[-62.342918,16.938366],[-62.347065,16.93197],[-62.345589,16.93914]]]]}},{"type":"Feature","properties":{"name":"Saint Kitts and Nevis","ISO3166-1-Alpha-3":"KNA","ISO3166-1-Alpha-2":"KN"},"geometry":{"type":"MultiPolygon","coordinates":[[[[-62.599233,17.202948],[-62.538442,17.161933],[-62.547597,17.104641],[-62.599233,17.202948]]],[[[-62.650461,17.265611],[-62.712554,17.292304],[-62.843577,17.401068],[-62.650461,17.265611]]]]}},{"type":"Feature","properties":{"name":"United States Virgin Islands","ISO3166-1-Alpha-3":"VIR","ISO3166-1-Alpha-2":"VI"},"geometry":{"type":"MultiPolygon","coordinates":[[[[-64.559397,17.751614],[-64.895172,17.682766],[-64.876454,17.775865],[-64.559397,17.751614]]],[[[-64.700994,18.342976],[-64.801285,18.328253],[-64.713519,18.365083],[-64.700994,18.342976]]],[[[-64.871637,18.314623],[-64.981643,18.335558],[-64.926019,18.366154],[-64.871637,18.314623]]]]}},{"type":"Feature","properties":{"name":"Saint Barthelemy","ISO3166-1-Alpha-3":"BLM","ISO3166-1-Alpha-2":"BL"},"geometry":{"type":"Polygon","coordinates":[[[-62.838857,17.881985],[-62.86734,17.920396],[-62.791656,17.915473],[-62.838857,17.881985]]]}},{"type":"Feature","properties":{"name":"Puerto Rico","ISO3166-1-Alpha-3":"PRI","ISO3166-1-Alpha-2":"PR"},"geometry":{"type":"MultiPolygon","coordinates":[[[[-67.855865,18.114691],[-67.867543,18.064195],[-67.902699,18.065416],[-67.855865,18.114691]]],[[[-65.347727,18.114691],[-65.580434,18.122138],[-65.275746,18.137152],[-65.347727,18.114691]]],[[[-65.278798,18.279202],[-65.256663,18.32392],[-65.270416,18.301418],[-65.278798,18.279202]]],[[[-65.628814,18.279202],[-65.939117,17.970526],[-67.184192,17.935072],[-67.151858,18.203392],[-67.270842,18.361826],[-67.101715,18.522773],[-66.382395,18.491441],[-65.621409,18.389065],[-65.628814,18.279202]]]]}},{"type":"Feature","properties":{"name":"Anguilla","ISO3166-1-Alpha-3":"AIA","ISO3166-1-Alpha-2":"AI"},"geometry":{"type":"MultiPolygon","coordinates":[[[[-63.007395,18.273017],[-63.037668,18.212958],[-63.142079,18.198147],[-63.007395,18.273017]]],[[[-63.427968,18.592841],[-63.428822,18.601264],[-63.423573,18.600043],[-63.427968,18.592841]]],[[[-62.958205,18.289422],[-62.933813,18.294541],[-62.947364,18.280388],[-62.958205,18.289422]]],[[[-63.252031,18.27297],[-63.262631,18.282028],[-63.245606,18.28321],[-63.252031,18.27297]]],[[[-63.184504,18.268047],[-63.183541,18.265157],[-63.192213,18.268818],[-63.184504,18.268047]]],[[[-63.17429,18.264578],[-63.171206,18.265542],[-63.168316,18.26188],[-63.17429,18.264578]]]]}},{"type":"Feature","properties":{"name":"British Virgin Islands","ISO3166-1-Alpha-3":"VGB","ISO3166-1-Alpha-2":"VG"},"geometry":{"type":"MultiPolygon","coordinates":[[[[-64.635121,18.405504],[-64.714128,18.386203],[-64.516845,18.43929],[-64.635121,18.405504]]],[[[-64.380605,18.480902],[-64.418528,18.475328],[-64.402415,18.505764],[-64.380605,18.480902]]],[[[-64.336537,18.72427],[-64.408559,18.744696],[-64.270741,18.70067],[-64.336537,18.72427]]],[[[-64.569447,18.357978],[-64.574696,18.343004],[-64.594065,18.357815],[-64.569447,18.357978]]],[[[-64.729807,18.453437],[-64.724233,18.442694],[-64.773997,18.442288],[-64.729807,18.453437]]],[[[-64.532704,18.494127],[-64.529164,18.476386],[-64.538238,18.465155],[-64.532704,18.494127]]]]}},{"type":"Feature","properties":{"name":"Jamaica","ISO3166-1-Alpha-3":"JAM","ISO3166-1-Alpha-2":"JM"},"geometry":{"type":"Polygon","coordinates":[[[-76.263743,18.012356],[-76.187978,17.915473],[-76.363026,17.860826],[-76.849967,17.992276],[-76.942128,17.833564],[-77.141652,17.881134],[-77.178944,17.704169],[-77.417714,17.861721],[-77.730702,17.854804],[-78.050282,18.185126],[-78.374664,18.26557],[-78.230621,18.444241],[-77.902333,18.518785],[-77.272613,18.459377],[-76.894919,18.409251],[-76.782826,18.277818],[-76.351145,18.155992],[-76.263743,18.012356]]]}},{"type":"Feature","properties":{"name":"Cayman Islands","ISO3166-1-Alpha-3":"CYM","ISO3166-1-Alpha-2":"KY"},"geometry":{"type":"MultiPolygon","coordinates":[[[[-81.136098,19.354885],[-81.086586,19.309927],[-81.387486,19.263864],[-81.416542,19.370028],[-81.136098,19.354885]]],[[[-80.03783,19.704035],[-79.964263,19.704901],[-80.113155,19.65866],[-80.03783,19.704035]]],[[[-79.871889,19.704636],[-79.7459,19.757631],[-79.773893,19.713364],[-79.871889,19.704636]]]]}},{"type":"Feature","properties":{"name":"Bermuda","ISO3166-1-Alpha-3":"BMU","ISO3166-1-Alpha-2":"BM"},"geometry":{"type":"MultiPolygon","coordinates":[[[[-64.676096,32.388658],[-64.882893,32.27172],[-64.780914,32.287543],[-64.676096,32.388658]]],[[[-64.815454,32.288774],[-64.799951,32.283347],[-64.829795,32.281797],[-64.815454,32.288774]]]]}},{"type":"Feature","properties":{"name":"Bajo Nuevo Bank (Petrel Is.)","ISO3166-1-Alpha-3":"-99","ISO3166-1-Alpha-2":"-99"},"geometry":{"type":"Polygon","coordinates":[[[-79.989288,15.794949],[-79.987823,15.79621],[-79.986399,15.79442],[-79.989288,15.794949]]]}},{"type":"Feature","properties":{"name":"Serranilla Bank","ISO3166-1-Alpha-3":"-99","ISO3166-1-Alpha-2":"-99"},"geometry":{"type":"Polygon","coordinates":[[[-78.637074,15.862087],[-78.640411,15.864],[-78.636871,15.867296],[-78.637074,15.862087]]]}}]}
