{"type":"FeatureCollection","features":[{"type":"Feature","properties":{"name":"India","ISO3166-1-Alpha-3":"IND","ISO3166-1-Alpha-2":"IN"},"geometry":{"type":"MultiPolygon","coordinates":[[[[77.800346,35.495406],[78.044259,35.491633],[78.001161,35.268908],[78.296027,34.624658],[78.95118,34.349171],[78.976192,34.217163],[78.730109,34.079265],[78.800905,33.494236],[79.075048,33.295743],[79.456096,33.250399],[79.333586,32.994292],[79.613913,32.765035],[79.443497,32.534773],[79.320466,32.592267],[78.943429,32.346373],[78.77145,32.461663],[78.736827,32.629844],[78.384807,32.547549],[78.457981,32.229662],[78.744578,31.9642],[78.670887,31.770517],[78.818889,31.607374],[78.699516,31.510016],[78.745095,31.308116],[78.921008,31.269685],[79.131397,31.438433],[79.401592,31.023637],[79.85035,30.954494],[80.224591,30.734094],[80.179839,30.559479],[80.596351,30.459796],[81.003303,30.212731],[80.867911,30.200173],[80.368975,29.757926],[80.385201,29.604835],[80.213739,29.416888],[80.258181,29.202456],[80.036386,28.837026],[80.329701,28.627479],[80.488451,28.562444],[80.555837,28.678948],[81.169701,28.361319],[81.296205,28.12831],[81.396044,28.160634],[81.855654,27.850937],[82.02722,27.912406],[82.401926,27.677175],[82.679687,27.694409],[82.752137,27.494964],[83.282441,27.330943],[83.387034,27.470469],[83.854602,27.34505],[83.834087,27.434037],[84.11717,27.513283],[84.606546,27.310479],[84.640239,27.028377],[85.28728,26.736974],[85.609379,26.851024],[85.828538,26.566131],[86.01137,26.654447],[86.284428,26.61202],[86.713601,26.414565],[87.041333,26.580187],[87.10629,26.404746],[87.30049,26.34599],[87.869809,26.464639],[87.975488,26.366557],[88.169067,26.744002],[87.969183,27.110801],[88.159662,27.77412],[88.099924,27.928322],[88.610488,28.105831],[88.802931,28.011005],[88.855072,27.859179],[88.741642,27.53168],[88.892331,27.315543],[88.730067,27.150954],[88.851713,26.945437],[89.096504,26.821413],[89.341657,26.854331],[89.81367,26.696149],[90.348831,26.896654],[90.717077,26.767049],[91.296577,26.774594],[91.420187,26.871539],[91.87866,26.803016],[91.89313,26.881358],[92.072757,26.887766],[91.987904,27.122273],[92.088776,27.29234],[91.975088,27.472433],[91.604465,27.532145],[91.564355,27.851372],[91.952247,27.72482],[92.239568,27.865277],[92.303854,27.78616],[92.574977,27.847806],[92.736392,27.985909],[92.678611,28.133064],[93.207825,28.340539],[93.31717,28.603463],[93.927786,28.682752],[93.992019,28.844649],[94.347311,29.024349],[94.287505,29.147938],[94.599941,29.316635],[94.776571,29.166696],[95.367406,29.036496],[95.487577,29.068994],[95.56443,29.245606],[95.717165,29.218284],[95.744781,29.340432],[96.074536,29.369286],[96.366241,29.257233],[96.174625,29.108845],[96.195323,28.941106],[96.457605,28.994588],[96.592584,28.757884],[96.301852,28.420711],[97.11555,28.366564],[97.323496,28.217478],[97.362253,27.994881],[96.862129,27.599298],[97.119167,27.087288],[96.865332,27.171624],[96.705239,27.36076],[96.142586,27.25751],[95.410641,26.701627],[95.122803,26.611607],[95.041775,26.287596],[95.151225,26.049936],[95.00064,25.922036],[95.008805,25.737138],[94.608003,25.394627],[94.553329,25.204147],[94.708565,25.02589],[94.131856,23.856969],[93.309684,24.063984],[93.430297,23.680339],[93.3749,23.129726],[93.272787,23.00591],[93.140082,23.031903],[93.070835,22.69288],[93.173672,22.259418],[93.024533,22.201902],[92.978955,21.995351],[92.877462,21.957007],[92.683779,22.154308],[92.575879,21.977574],[92.259309,23.706487],[92.019013,23.640057],[91.922688,23.722972],[91.940775,23.495182],[91.743681,23.272327],[91.795564,23.089496],[91.586068,22.944466],[91.394349,23.262664],[91.370887,23.062779],[91.313527,23.101046],[91.136276,23.629515],[91.363033,24.099848],[91.581831,24.096101],[91.732933,24.234284],[91.87711,24.158036],[91.899847,24.33805],[92.107587,24.405979],[92.223032,24.891376],[92.380748,24.836702],[92.483791,24.928221],[92.033999,25.181668],[90.364644,25.149991],[89.819044,25.284969],[89.828656,25.979397],[89.653008,26.22269],[89.541697,25.959709],[89.335301,25.998569],[89.11919,26.146622],[89.043743,26.381078],[88.891246,26.385781],[89.019455,26.234472],[88.663404,26.264444],[88.656273,26.415133],[88.372518,26.611607],[88.315105,26.465052],[88.461143,26.45389],[88.497626,26.352708],[88.163796,26.140473],[88.087574,25.830983],[88.259915,25.789021],[88.530286,25.500202],[88.772338,25.501959],[88.841998,25.332822],[88.984935,25.284969],[88.924163,25.167871],[88.441299,25.18973],[88.322753,24.874684],[88.114911,24.916413],[88.02179,24.645603],[88.10995,24.500986],[88.475405,24.315468],[88.737508,24.287097],[88.71415,23.925156],[88.577621,23.85516],[88.540104,23.649953],[88.770168,23.488826],[88.69658,23.252354],[88.959975,23.202693],[88.838794,22.975808],[88.944524,22.848012],[88.927988,22.548134],[89.078159,22.150845],[89.060883,21.938463],[88.90504,21.969428],[89.082693,21.617336],[88.891612,21.65351],[88.858653,21.766832],[88.858653,21.636542],[88.810883,21.691718],[88.790538,21.568264],[88.70753,21.578315],[88.763031,22.130561],[88.63087,21.945461],[88.660167,22.205024],[88.572276,21.557929],[88.487966,21.556545],[88.495616,21.951809],[88.456309,21.62401],[88.331228,21.719062],[88.309744,21.610175],[88.261567,21.798651],[88.254405,21.554674],[88.146739,21.959215],[88.198009,22.167792],[88.009044,22.240424],[87.906586,22.42475],[88.164317,22.089789],[87.833995,21.729315],[87.200938,21.551988],[86.917654,21.327379],[86.844005,21.082221],[86.965668,20.805976],[86.878754,20.780585],[87.043224,20.697984],[86.751475,20.489163],[86.754649,20.314439],[86.495128,20.184068],[86.42628,19.999172],[86.152517,20.143134],[86.372406,19.964993],[85.480479,19.666327],[85.570323,19.875637],[85.268077,19.780015],[85.124034,19.478339],[85.247569,19.65648],[85.391449,19.690619],[85.330577,19.576402],[85.576508,19.690619],[84.73878,19.14765],[84.741059,19.028144],[84.113129,18.298285],[83.451915,17.922919],[83.238943,17.592963],[82.387706,17.126939],[82.252696,16.929185],[82.31422,16.846625],[82.366547,16.908637],[82.307384,16.579779],[81.76295,16.322577],[81.259613,16.332709],[81.012543,15.777818],[80.896495,16.031073],[80.80714,15.716376],[80.776134,15.884263],[80.670177,15.907701],[80.279633,15.70067],[80.052989,15.092597],[80.196951,14.565009],[80.174978,14.34455],[80.046641,14.20661],[80.13559,14.229193],[80.313731,13.440904],[80.141856,13.728949],[80.052989,13.619086],[80.326996,13.430365],[80.332774,13.198147],[80.179698,12.53262],[79.943858,12.217841],[80.005138,12.241767],[79.785899,11.769192],[79.819347,11.381496],[79.67628,11.296454],[79.833018,11.341986],[79.8567,10.29328],[79.586925,10.343695],[79.286143,10.252834],[79.279063,10.035834],[78.913259,9.47427],[79.074718,9.299872],[79.341075,9.315863],[79.453624,9.159003],[78.988943,9.278266],[78.41212,9.09984],[78.182791,8.877102],[78.055919,8.363715],[77.510916,8.075995],[76.99586,8.368109],[76.543956,8.912502],[76.668468,9.007392],[76.528087,8.946967],[76.362966,9.325181],[76.251475,9.963121],[76.394054,9.678941],[76.357432,9.520697],[76.503266,9.53498],[76.406993,9.569078],[76.394054,9.842841],[76.182384,10.105658],[76.240245,10.238959],[76.153168,10.22016],[75.735525,11.371527],[75.324555,11.899115],[75.393403,11.97484],[75.193696,12.022284],[74.827647,12.824652],[74.940929,12.878607],[74.817556,12.861762],[74.689464,13.381578],[74.735606,13.653795],[74.495372,14.030585],[74.429047,14.240424],[74.508962,14.250312],[74.351899,14.530219],[74.427745,14.476264],[74.096446,14.793362],[74.235199,14.876532],[74.111827,14.846177],[73.913097,15.078925],[73.891287,15.343207],[73.782888,15.407904],[73.967784,15.373765],[73.736827,15.571723],[73.838145,15.661119],[73.718272,15.627143],[73.447032,16.068915],[73.487966,16.189358],[73.447032,16.113593],[73.302989,16.533026],[73.378673,16.518297],[73.371267,16.610175],[73.125987,17.556545],[73.200694,17.586493],[72.926931,18.223944],[73.057465,18.185614],[73.071544,18.273017],[72.891449,18.429389],[72.924653,18.535631],[73.014985,18.469957],[72.851736,18.719672],[72.926931,18.826646],[72.995128,18.731024],[72.896821,18.894477],[73.056814,19.015326],[72.988292,18.998603],[72.974783,19.163072],[72.8213,18.903306],[72.770356,18.948188],[72.785411,19.31391],[73.049653,19.217719],[72.763438,19.380194],[72.754405,19.481757],[72.879161,19.532375],[72.722504,19.536282],[72.732758,19.779731],[72.649181,19.851996],[72.946788,20.759467],[72.836925,20.835842],[72.809581,21.130032],[72.615001,21.105862],[72.734548,21.19892],[72.564626,21.38581],[72.747081,21.452867],[72.583669,21.417426],[72.82309,21.643948],[73.132009,21.757799],[72.550304,21.666693],[72.566905,21.849351],[72.734548,21.994045],[72.542735,21.910834],[72.50172,21.97602],[72.57545,22.194525],[72.74822,22.164049],[72.917491,22.27143],[72.466156,22.232571],[72.397227,22.366767],[72.328298,22.260728],[72.148774,22.277899],[72.306488,22.22956],[72.307628,22.079006],[72.097016,22.007025],[72.028656,21.938788],[72.169444,21.841376],[72.057953,21.898749],[72.104503,21.835761],[71.996104,21.799506],[72.166026,21.793931],[72.298839,21.626288],[72.104747,21.205064],[71.140636,20.765692],[70.740245,20.718492],[70.054445,21.153155],[68.944591,22.295071],[69.073578,22.481879],[69.071788,22.399482],[69.202159,22.414862],[69.212087,22.273912],[69.479666,22.342231],[69.515961,22.448147],[69.616059,22.355902],[69.733409,22.480048],[69.794932,22.418606],[70.178477,22.561957],[70.504731,22.97956],[70.50294,23.104397],[70.398774,23.069037],[70.392426,22.940863],[70.130626,22.993964],[69.585704,22.761176],[68.866222,23.019965],[68.423676,23.445787],[68.48585,23.514106],[68.411632,23.494696],[68.408865,23.621324],[68.821625,23.878404],[68.327322,23.5869],[68.143403,23.612698],[68.27589,23.665839],[68.163748,23.757717],[68.263926,23.93593],[68.724466,23.965179],[68.747307,24.331177],[68.838774,24.236455],[68.904197,24.320584],[69.972039,24.165219],[70.416353,24.401948],[70.562907,24.424092],[70.567661,24.272809],[70.755453,24.231442],[71.082772,24.411508],[70.954821,24.584521],[71.063858,24.682577],[70.654478,25.39659],[70.653857,25.674455],[70.249231,25.707683],[70.064643,25.980327],[70.158074,26.530113],[69.50416,26.735165],[69.534443,27.125581],[70.341939,28.01147],[70.534898,28.015965],[70.831573,27.701463],[71.874403,27.95969],[72.354581,28.767186],[72.930359,29.047685],[73.370332,29.927322],[73.944354,30.188288],[73.85175,30.372669],[74.319215,30.893413],[74.658833,31.083789],[74.506387,31.175411],[74.617181,31.458908],[74.489437,31.711192],[74.550415,31.826999],[74.828641,32.025437],[75.294659,32.148892],[75.359048,32.261675],[75.023668,32.466262],[74.689322,32.471352],[74.685291,32.831227],[74.34619,32.76689],[74.311257,32.994292],[74.002335,33.177692],[74.157778,33.494236],[73.966162,33.734531],[74.272293,33.96214],[73.893711,34.054305],[73.990553,34.218507],[73.774856,34.370952],[73.919343,34.642538],[74.348877,34.773434],[75.795818,34.507921],[76.023401,34.677161],[76.652613,34.746976],[76.757619,34.915131],[77.013108,34.986393],[77.042426,35.107014],[77.800346,35.495406]]],[[[80.968272,15.795233],[80.97169,15.750474],[80.8685,15.811957],[80.968272,15.795233]]],[[[73.646332,10.084703],[73.637055,10.062567],[73.637462,10.087063],[73.646332,10.084703]]],[[[73.662283,10.144599],[73.659353,10.13996],[73.65561,10.144761],[73.662283,10.144599]]],[[[72.64975,10.56684],[72.627533,10.554796],[72.648692,10.57392],[72.64975,10.56684]]],[[[72.548839,10.779446],[72.541189,10.772895],[72.542491,10.777899],[72.548839,10.779446]]],[[[73.671397,10.829739],[73.684418,10.827541],[73.672862,10.824693],[73.671397,10.829739]]],[[[72.750011,11.119086],[72.746755,11.111965],[72.739513,11.113959],[72.750011,11.119086]]],[[[73.013194,11.502183],[73.0088,11.484687],[73.004405,11.488837],[73.013194,11.502183]]],[[[72.716156,11.694159],[72.708669,11.689154],[72.700938,11.686428],[72.716156,11.694159]]],[[[93.872813,12.268866],[93.85377,12.260565],[93.851899,12.271552],[93.872813,12.268866]]],[[[94.280935,13.443549],[94.290782,13.422919],[94.274913,13.420315],[94.280935,13.443549]]],[[[93.920258,7.024319],[93.834239,6.745551],[93.649181,7.013088],[93.676443,7.181871],[93.830821,7.235907],[93.920258,7.024319]]],[[[93.731212,7.369371],[93.617931,7.259955],[93.696951,7.445054],[93.731212,7.369371]]],[[[93.429454,7.955268],[93.454438,7.869289],[93.305024,7.949937],[93.429454,7.955268]]],[[[93.565929,7.999335],[93.518321,7.965806],[93.539317,7.999335],[93.565929,7.999335]]],[[[93.531912,8.034735],[93.446625,8.154364],[93.504649,8.226996],[93.531912,8.034735]]],[[[73.077159,8.315253],[73.056651,8.259996],[73.029307,8.274115],[73.077159,8.315253]]],[[[93.134532,8.24018],[93.124685,8.212877],[93.069835,8.346625],[93.134532,8.24018]]],[[[93.607677,8.548041],[93.625173,8.473619],[93.607107,8.49079],[93.607677,8.548041]]],[[[92.811373,9.23117],[92.831981,9.145025],[92.731212,9.130845],[92.750987,9.261217],[92.811373,9.23117]]],[[[92.585092,10.771269],[92.535423,10.524861],[92.384111,10.529328],[92.428966,10.850816],[92.527592,10.895466],[92.585092,10.771269]]],[[[92.676524,11.412543],[92.593516,11.378363],[92.63559,11.508043],[92.676524,11.412543]]],[[[92.266775,11.589545],[92.273204,11.531073],[92.217296,11.591254],[92.266775,11.589545]]],[[[93.042491,11.961168],[93.066417,11.899115],[92.947032,11.989691],[93.042491,11.961168]]],[[[93.103282,12.190497],[93.102306,12.119534],[93.059337,12.153551],[93.103282,12.190497]]],[[[92.733084,12.97248],[92.695079,12.8251],[92.682791,12.961737],[92.733084,12.97248]]],[[[93.052745,13.283881],[93.036794,13.062161],[92.937022,13.067084],[92.876313,12.916653],[92.964041,12.864936],[92.990571,12.519232],[92.84669,12.433539],[92.91505,12.338365],[92.757498,12.07746],[92.71697,11.494452],[92.524913,11.857489],[92.570567,11.932603],[92.617686,11.8664],[92.681814,12.219631],[92.792654,12.207668],[92.737478,12.807196],[92.847423,13.344916],[93.011729,13.578111],[93.07838,13.397121],[92.977061,13.345364],[93.052745,13.283881]]],[[[93.039073,13.667467],[93.052745,13.640204],[92.990571,13.667467],[93.039073,13.667467]]],[[[88.872895,21.595526],[88.91391,21.548407],[88.862478,21.523586],[88.872895,21.595526]]],[[[88.050548,21.70539],[88.146739,21.869859],[88.139415,21.630316],[88.050548,21.70539]]],[[[88.636241,21.921373],[88.655284,21.866604],[88.590505,21.812893],[88.636241,21.921373]]],[[[88.080903,21.849351],[88.077322,21.904608],[88.118907,21.945014],[88.080903,21.849351]]],[[[72.172699,10.809231],[72.185151,10.858303],[72.200043,10.878079],[72.172699,10.809231]]],[[[72.789073,11.261664],[72.793956,11.254299],[72.775483,11.186754],[72.789073,11.261664]]]]}},{"type":"Feature","properties":{"name":"Bhutan","ISO3166-1-Alpha-3":"BTN","ISO3166-1-Alpha-2":"BT"},"geometry":{"type":"Polygon","coordinates":[[[90.475232,28.072344],[91.051941,27.96279],[91.290169,28.091413],[91.637951,27.939743],[91.59506,27.546382],[92.023598,27.44678],[92.088776,27.29234],[91.987697,27.104031],[92.072757,26.887766],[91.89313,26.881358],[91.87866,26.803016],[91.420187,26.871539],[91.296577,26.774594],[90.717077,26.767049],[90.348831,26.896654],[89.81367,26.696149],[88.851713,26.945437],[88.754355,27.212604],[88.997019,27.330869],[88.978366,27.530283],[89.561489,28.13464],[90.225591,28.358399],[90.29147,28.261351],[90.587726,28.233298],[90.475232,28.072344]]]}},{"type":"Feature","properties":{"name":"Uzbekistan","ISO3166-1-Alpha-3":"UZB","ISO3166-1-Alpha-2":"UZ"},"geometry":{"type":"MultiPolygon","coordinates":[[[[71.78552,39.989705],[71.757304,39.903095],[71.665527,39.940199],[71.78552,39.989705]]],[[[70.958955,40.238372],[70.622128,40.199563],[70.524046,40.34374],[70.371394,40.364927],[70.369637,40.475515],[70.767132,40.737618],[70.445705,41.025921],[69.690919,40.630028],[69.355074,40.780354],[69.30934,40.595818],[69.198442,40.566517],[69.285259,40.194964],[68.581116,40.164216],[68.986982,40.091714],[68.774696,40.07988],[68.880787,39.878342],[68.758883,39.980558],[68.787356,39.881701],[68.626178,39.84961],[68.51745,39.54844],[67.717603,39.623371],[67.427284,39.47661],[67.35008,39.219829],[67.66758,39.131773],[67.690524,38.989611],[68.100938,38.979276],[68.172562,38.845279],[68.066729,38.787969],[68.055153,38.536305],[68.35622,38.212604],[68.248733,37.948951],[67.829224,37.527943],[67.780544,37.188868],[67.503145,37.281963],[67.259129,37.185147],[67.005915,37.384386],[66.519588,37.36418],[66.518813,37.782708],[66.624336,37.993832],[65.876681,38.272962],[65.60414,38.237409],[64.337344,38.970956],[64.150585,38.949458],[63.709268,39.190891],[62.452808,40.009239],[62.353279,40.430402],[62.134171,40.577834],[61.877907,41.124984],[61.43318,41.300323],[61.281355,41.157282],[60.860295,41.252987],[60.478096,41.212111],[60.094244,41.389516],[60.16473,41.584956],[60.049182,41.753499],[60.252684,41.780061],[59.906451,41.966613],[60.028201,42.199518],[59.866351,42.304215],[59.258429,42.347545],[59.146084,42.526759],[58.89442,42.547843],[58.587876,42.791188],[58.534546,42.654503],[58.121341,42.624247],[58.490621,42.297574],[58.016024,42.499707],[57.850453,42.191431],[57.382264,42.163629],[56.978361,41.895118],[57.019599,41.465946],[57.161399,41.367967],[57.029521,41.262599],[55.978422,41.321717],[55.975839,44.994412],[58.554906,45.557169],[61.036305,44.382822],[61.161672,44.168106],[62.026115,43.480629],[63.208007,43.627467],[64.426744,43.547033],[64.922941,43.719115],[65.51691,43.297229],[65.795239,42.877203],[66.101267,42.990323],[66.008663,42.002657],[66.504137,41.993484],[66.73296,41.158057],[67.937434,41.20038],[68.131324,41.029641],[67.990919,40.811102],[68.461743,40.584656],[68.61424,40.609099],[68.570884,40.913524],[69.031217,41.208752],[69.036178,41.374013],[69.912404,41.712856],[70.357907,42.06224],[70.57903,42.016248],[70.734266,42.197296],[71.045772,42.29096],[71.238215,42.160244],[70.845474,42.030356],[70.814003,41.919535],[70.166549,41.520206],[70.453198,41.405484],[70.66781,41.471372],[70.770439,41.238518],[71.18013,41.108138],[71.206382,41.188753],[71.416085,41.127362],[71.418772,41.3474],[71.585532,41.323525],[71.671418,41.547388],[71.871613,41.194489],[72.158417,41.187875],[72.165135,40.999359],[72.33236,41.072843],[72.658231,40.867171],[73.14337,40.833839],[72.625468,40.5105],[72.351893,40.601967],[72.394061,40.389422],[72.165858,40.454431],[71.956672,40.31568],[72.01889,40.240026],[71.707178,40.144269],[71.62832,40.258887],[71.521246,40.203749],[71.253821,40.324413],[70.958955,40.238372]],[[70.565904,41.018376],[70.579133,40.980859],[70.643419,40.952282],[70.565904,41.018376]]],[[[71.176926,40.042001],[71.244002,40.046756],[71.208449,39.888781],[71.021897,39.880823],[70.954046,40.095797],[71.008564,40.157757],[71.176926,40.042001]]]]}},{"type":"Feature","properties":{"name":"Kazakhstan","ISO3166-1-Alpha-3":"KAZ","ISO3166-1-Alpha-2":"KZ"},"geometry":{"type":"MultiPolygon","coordinates":[[[[87.323796,49.085274],[86.859483,49.105324],[86.709415,48.954222],[86.751996,48.715426],[86.565083,48.527323],[85.718674,48.358832],[85.515379,47.92028],[85.678987,47.274893],[85.498636,47.051832],[85.225836,47.041574],[84.739613,46.814766],[84.663545,46.983852],[83.905348,46.973956],[83.021475,47.205905],[82.985508,46.94251],[82.291493,45.533191],[82.631989,45.415834],[82.539747,45.123655],[82.245295,45.231814],[81.950119,45.144481],[81.665227,45.347982],[80.103358,45.032188],[79.858205,44.90372],[79.991737,44.793649],[80.492275,44.727969],[80.355849,44.652883],[80.338899,44.121494],[80.793445,43.14946],[80.368148,43.02846],[80.548602,42.878469],[80.227485,42.790981],[80.140048,42.622955],[80.249086,42.204893],[79.917943,42.42444],[79.425673,42.469605],[79.148274,42.790981],[76.956884,42.988514],[76.414074,42.885497],[75.797161,42.936192],[75.620428,42.805295],[75.178594,42.84966],[74.178759,43.261702],[74.213899,43.202635],[73.965335,43.216924],[73.57094,43.031922],[73.412707,42.627322],[73.505105,42.402943],[71.847738,42.834053],[71.245449,42.747133],[71.00319,42.563527],[71.064168,42.470329],[70.852657,42.306075],[70.947793,42.248146],[70.734266,42.197296],[70.610243,42.02741],[70.357907,42.06224],[69.912404,41.712856],[69.036178,41.374013],[69.031217,41.208752],[68.570884,40.913524],[68.61424,40.609099],[68.461743,40.584656],[67.990919,40.811102],[68.131324,41.029641],[67.937434,41.20038],[66.73296,41.158057],[66.504137,41.993484],[66.008663,42.002657],[66.101267,42.990323],[65.795239,42.877203],[65.51691,43.297229],[64.922941,43.719115],[64.426744,43.547033],[63.208007,43.627467],[62.026115,43.480629],[61.161672,44.168106],[61.036305,44.382822],[58.554906,45.557169],[55.976149,44.995084],[55.978422,41.321717],[55.450289,41.278877],[54.907067,41.932144],[54.122618,42.337598],[52.978709,42.126629],[52.437671,41.748876],[52.490977,41.902045],[52.402029,42.092515],[52.67628,42.538479],[52.563813,42.742255],[52.71046,42.585395],[52.736339,42.701361],[52.1692,42.88703],[51.912446,42.842353],[51.651052,43.191392],[51.275727,43.154486],[51.314708,43.46247],[50.86085,44.025377],[50.847179,44.189276],[50.27768,44.336493],[50.22462,44.567694],[50.311209,44.66234],[50.872895,44.628852],[51.143321,44.484768],[51.560313,44.511379],[50.962413,44.863674],[50.959321,44.978827],[51.27296,45.024644],[51.244395,45.161811],[51.415701,45.38996],[51.543712,45.334906],[51.758311,45.457261],[51.940115,45.367336],[53.261241,45.342841],[52.731944,45.554145],[53.118419,46.114325],[53.156749,46.341702],[53.081716,46.512437],[52.996593,46.504788],[53.207774,46.695014],[53.060395,46.89232],[52.455903,47.001166],[52.188813,46.883775],[52.244884,46.810045],[52.112559,46.81273],[52.018891,46.936998],[51.743907,46.926825],[51.680186,47.057034],[51.592296,46.98725],[51.212576,47.120917],[50.846528,47.03677],[50.740571,46.906155],[50.752126,46.974677],[50.616059,46.935614],[50.569102,46.829047],[50.430186,46.896715],[49.817393,46.540432],[49.622569,46.582831],[49.578949,46.498847],[49.469086,46.594387],[49.492849,46.499579],[49.305349,46.587592],[49.37143,46.399359],[49.223399,46.470893],[49.291759,46.39643],[49.168224,46.40941],[49.227131,46.327879],[48.455109,46.660796],[48.556705,46.761746],[48.764031,46.682836],[49.00629,46.76911],[48.174351,47.712851],[47.412175,47.835867],[47.359672,47.683344],[47.123821,47.808039],[47.044239,47.986219],[47.192034,48.071796],[47.103564,48.101199],[47.098913,48.265375],[46.478279,48.41056],[46.753818,48.91407],[47.020881,49.096849],[47.028633,49.201494],[46.775108,49.332545],[46.922593,49.86135],[47.328563,50.072965],[47.30567,50.294864],[47.599296,50.452684],[47.993225,50.181796],[48.239308,49.864761],[48.429891,49.809674],[48.784598,49.933387],[48.874102,50.069813],[48.782841,50.111464],[48.67339,50.579549],[48.56828,50.636549],[48.830435,50.596034],[49.36942,50.82677],[49.436548,51.112333],[49.779059,51.102179],[50.325383,51.303459],[50.581698,51.635299],[50.790677,51.597291],[50.767009,51.7594],[51.371934,51.629589],[51.236541,51.535899],[51.304238,51.47164],[51.584324,51.534918],[51.693309,51.454096],[51.869164,51.673074],[52.307794,51.774541],[52.545815,51.459522],[53.407313,51.484171],[53.610298,51.388415],[53.67386,51.219872],[53.93586,51.185611],[54.478566,50.853486],[54.37976,50.619444],[54.499443,50.523274],[54.67628,50.602545],[54.638246,50.885732],[54.502957,50.928262],[54.638246,51.027687],[55.659992,50.530043],[56.078881,50.72476],[56.15836,50.905524],[56.315456,50.88382],[56.47834,51.073034],[56.688353,50.969138],[56.716052,51.072465],[57.154475,51.099957],[57.467634,50.858499],[57.722399,50.908728],[57.768804,51.119672],[58.167643,51.055179],[58.308409,51.150031],[58.595007,51.023372],[58.550152,50.893277],[58.664357,50.789924],[59.437643,50.631123],[59.563423,50.57986],[59.451699,50.537278],[59.522806,50.474646],[59.815708,50.56291],[60.021276,50.854055],[60.300433,50.684659],[60.718495,50.652672],[61.372098,50.782483],[61.534156,51.206075],[61.663657,51.258397],[61.473798,51.425803],[61.02938,51.482673],[60.937396,51.611166],[60.37588,51.662532],[60.452051,51.805469],[60.060757,51.85867],[59.985723,51.952282],[61.039922,52.334998],[60.672606,52.672161],[61.058422,52.922171],[60.974603,52.971238],[62.094173,52.992477],[62.050662,53.124769],[61.162706,53.299151],[61.235259,53.50304],[61.412303,53.435758],[61.555343,53.505727],[61.503047,53.588978],[60.880242,53.6328],[61.199086,53.797131],[60.996101,53.941411],[61.210765,53.907667],[61.193505,54.018254],[61.337682,54.063161],[61.581801,53.947664],[62.003636,53.932006],[62.002603,54.017376],[62.412707,54.026626],[62.389969,53.941566],[62.525258,53.871855],[62.580965,54.053601],[63.084655,54.08564],[63.156744,54.180053],[63.897474,54.194161],[64.004496,54.319735],[64.578518,54.38557],[65.184217,54.310433],[65.19817,54.516157],[65.449782,54.627468],[65.743976,54.600854],[65.932802,54.702554],[65.97745,54.611706],[68.166051,54.95613],[68.308161,55.072815],[68.177109,55.170535],[68.6053,55.195598],[68.700592,55.360498],[68.970601,55.278642],[68.943161,55.43455],[69.186143,55.325771],[69.673866,55.33404],[70.213678,55.131985],[70.441157,55.283345],[70.820359,55.294145],[70.977145,55.077983],[71.005981,54.774229],[71.264673,54.661729],[71.141218,54.563751],[71.190621,54.318184],[70.970841,54.305007],[71.161268,54.10197],[71.320587,54.201034],[71.647234,54.108585],[71.762472,54.247646],[72.17764,54.135973],[72.043178,54.378026],[72.482945,54.135611],[72.358405,54.092978],[72.392201,53.908235],[72.700193,53.957638],[72.503099,54.050862],[72.624228,54.134991],[72.942038,54.121762],[73.062754,53.979084],[73.360307,53.938414],[73.740646,54.057942],[73.682872,53.874129],[73.431827,53.865447],[73.229669,53.66241],[73.41095,53.430021],[73.652899,53.609184],[73.90415,53.639156],[74.223304,53.594611],[74.388358,53.462216],[74.438484,53.673417],[74.616458,53.680704],[74.772004,53.830876],[75.027906,53.807931],[75.433979,53.986525],[75.360702,54.059544],[75.429225,54.090085],[76.895905,54.46386],[76.752968,54.376682],[76.837718,54.296894],[76.664602,54.134061],[76.376661,54.154267],[76.495206,53.992313],[77.866802,53.272331],[80.021296,50.766877],[80.085995,50.752149],[80.015405,50.839482],[80.439048,50.958131],[80.421995,51.187574],[80.682754,51.302012],[81.152028,51.186541],[81.051517,50.955702],[81.400798,50.959113],[81.460226,50.730341],[82.475823,50.714012],[82.726454,50.900718],[83.433956,50.992651],[83.950565,50.780416],[84.195615,50.51144],[84.249978,50.259931],[84.986729,50.066971],[84.954587,49.906929],[85.223614,49.595734],[85.614856,49.617128],[86.177251,49.463339],[86.610196,49.795515],[86.748379,49.782957],[86.775871,49.695004],[86.599344,49.573513],[86.824343,49.509227],[86.91302,49.338695],[87.271758,49.205111],[87.323796,49.085274]],[[63.383914,45.565824],[63.833964,45.715945],[63.964085,46.0205],[63.70994,46.320378],[63.26635,46.382441],[62.900274,46.208964],[62.803639,45.936164],[63.012929,45.660005],[63.383914,45.565824]]],[[[50.260265,45.009914],[50.348399,45.084906],[50.324555,44.973212],[50.260265,45.009914]]],[[[50.170258,44.830146],[49.986095,44.946763],[50.052013,45.065619],[50.021169,44.944037],[50.170258,44.830146]]],[[[50.743663,44.886135],[50.691905,44.883124],[50.677989,44.935614],[50.743663,44.886135]]],[[[52.692882,45.459703],[52.588552,45.432807],[52.597911,45.516791],[52.692882,45.459703]]],[[[49.822439,46.313951],[49.804698,46.210517],[49.719981,46.356757],[49.822439,46.313951]]]]}},{"type":"Feature","properties":{"name":"Tajikistan","ISO3166-1-Alpha-3":"TJK","ISO3166-1-Alpha-2":"TJ"},"geometry":{"type":"MultiPolygon","coordinates":[[[[70.565904,41.018376],[70.643419,40.952282],[70.579133,40.980859],[70.565904,41.018376]]],[[[70.958955,40.238372],[70.477227,39.900925],[70.525493,40.033682],[70.004595,40.208761],[69.518009,40.125097],[69.501576,39.922474],[69.313991,39.986914],[69.240714,39.82894],[69.286189,39.539707],[69.978757,39.534436],[70.200655,39.619495],[70.223289,39.519088],[70.477227,39.601201],[70.770129,39.382093],[71.459545,39.612105],[71.512875,39.458833],[71.740251,39.448343],[71.751207,39.274245],[72.049793,39.368864],[72.228903,39.189237],[72.31634,39.328815],[72.519015,39.375686],[73.167864,39.355377],[73.604323,39.459608],[73.607837,39.207324],[73.826119,38.976898],[73.680804,38.872977],[73.816403,38.586586],[74.028897,38.527236],[74.123361,38.669475],[74.334201,38.666995],[74.832879,38.463648],[74.790711,38.081449],[74.965171,37.767463],[74.891893,37.599205],[75.164125,37.400638],[74.892307,37.231114],[74.660383,37.393972],[74.315598,37.426916],[73.709227,37.217006],[73.597295,37.261809],[73.753462,37.428388],[73.296332,37.464949],[72.79073,37.220262],[72.657714,37.028826],[72.259806,36.967305],[71.836576,36.699156],[71.653021,36.687012],[71.431123,37.066989],[71.597727,37.89836],[71.258265,37.926472],[71.358156,38.251258],[70.950739,38.473053],[70.664865,38.405409],[70.470303,38.120517],[70.17213,37.946083],[70.283079,37.704831],[70.157867,37.541431],[69.508656,37.578973],[69.37838,37.437406],[69.442148,37.223621],[69.323913,37.120991],[68.887867,37.338135],[68.915824,37.279069],[68.668862,37.278294],[68.032725,36.925241],[67.78535,37.096548],[67.829224,37.527943],[68.248733,37.948951],[68.35622,38.212604],[68.055153,38.536305],[68.066729,38.787969],[68.172562,38.845279],[68.100938,38.979276],[67.690524,38.989611],[67.66758,39.131773],[67.35008,39.219829],[67.487642,39.538001],[67.717603,39.623371],[68.51745,39.54844],[68.626178,39.84961],[68.787356,39.881701],[68.758883,39.980558],[68.880787,39.878342],[68.774696,40.07988],[68.986982,40.091714],[68.581116,40.164216],[69.285259,40.194964],[69.198442,40.566517],[69.30934,40.595818],[69.355074,40.780354],[69.717687,40.63628],[70.280392,40.877713],[70.363539,41.032432],[70.767132,40.737618],[70.369637,40.475515],[70.371394,40.364927],[70.524046,40.34374],[70.622128,40.199563],[70.958955,40.238372]]],[[[70.498725,39.881908],[70.70481,39.822067],[70.581614,39.766566],[70.498725,39.881908]]]]}},{"type":"Feature","properties":{"name":"Russia","ISO3166-1-Alpha-3":"RUS","ISO3166-1-Alpha-2":"RU"},"geometry":{"type":"MultiPolygon","coordinates":[[[[87.816324,49.165837],[87.400432,49.071011],[87.271758,49.205111],[87.024538,49.248933],[86.824343,49.509227],[86.591799,49.587207],[86.775871,49.695004],[86.748379,49.782957],[86.610196,49.795515],[86.177251,49.463339],[85.614856,49.617128],[85.223614,49.595734],[84.954587,49.906929],[84.986729,50.066971],[84.249978,50.259931],[84.195615,50.51144],[83.950565,50.780416],[83.433956,50.992651],[82.726454,50.900718],[82.475823,50.714012],[81.460226,50.730341],[81.400798,50.959113],[81.051517,50.955702],[81.152028,51.186541],[80.682754,51.302012],[80.421995,51.187574],[80.439048,50.958131],[80.015405,50.839482],[80.085995,50.752149],[80.021296,50.766877],[77.866802,53.272331],[76.495206,53.992313],[76.376661,54.154267],[76.664602,54.134061],[76.837718,54.296894],[76.752968,54.376682],[76.895905,54.46386],[75.429225,54.090085],[75.360702,54.059544],[75.433979,53.986525],[75.027906,53.807931],[74.772004,53.830876],[74.616458,53.680704],[74.438484,53.673417],[74.388358,53.462216],[74.223304,53.594611],[73.90415,53.639156],[73.652899,53.609184],[73.41095,53.430021],[73.229669,53.66241],[73.431827,53.865447],[73.682872,53.874129],[73.740646,54.057942],[73.360307,53.938414],[73.062754,53.979084],[72.942038,54.121762],[72.624228,54.134991],[72.503099,54.050862],[72.700193,53.957638],[72.392201,53.908235],[72.358405,54.092978],[72.482945,54.135611],[72.043178,54.378026],[72.17764,54.135973],[71.762472,54.247646],[71.647234,54.108585],[71.320587,54.201034],[71.161268,54.10197],[70.970841,54.305007],[71.190621,54.318184],[71.141218,54.563751],[71.264673,54.661729],[71.005981,54.774229],[70.977145,55.077983],[70.820359,55.294145],[70.441157,55.283345],[70.213678,55.131985],[69.673866,55.33404],[69.186143,55.325771],[68.927296,55.433723],[68.970601,55.278642],[68.700592,55.360498],[68.6053,55.195598],[68.177109,55.170535],[68.308161,55.072815],[68.166051,54.95613],[65.97745,54.611706],[65.932802,54.702554],[65.743976,54.600854],[65.449782,54.627468],[65.19817,54.516157],[65.184217,54.310433],[64.578518,54.38557],[64.004496,54.319735],[63.897474,54.194161],[63.156744,54.180053],[63.084655,54.08564],[62.580965,54.053601],[62.525258,53.871855],[62.389969,53.941566],[62.412707,54.026626],[62.002603,54.017376],[62.003636,53.932006],[61.581801,53.947664],[61.337682,54.063161],[61.193505,54.018254],[61.210765,53.907667],[60.996101,53.941411],[61.199086,53.797131],[60.880242,53.6328],[61.503047,53.588978],[61.555343,53.505727],[61.412303,53.435758],[61.235259,53.50304],[61.162706,53.299151],[62.050662,53.124769],[62.094173,52.992477],[60.974603,52.971238],[61.058422,52.922171],[60.672606,52.672161],[61.039922,52.334998],[59.985723,51.952282],[60.060757,51.85867],[60.452051,51.805469],[60.37588,51.662532],[60.937396,51.611166],[61.02938,51.482673],[61.473798,51.425803],[61.663657,51.258397],[61.534156,51.206075],[61.372098,50.782483],[60.718495,50.652672],[60.300433,50.684659],[60.021276,50.854055],[59.815708,50.56291],[59.522806,50.474646],[59.451699,50.537278],[59.563423,50.57986],[59.437643,50.631123],[58.664357,50.789924],[58.550152,50.893277],[58.595007,51.023372],[58.308409,51.150031],[58.167643,51.055179],[57.768804,51.119672],[57.722399,50.908728],[57.467634,50.858499],[57.154475,51.099957],[56.716052,51.072465],[56.688353,50.969138],[56.47834,51.073034],[56.315456,50.88382],[56.15836,50.905524],[56.078881,50.72476],[55.659992,50.530043],[54.638246,51.027687],[54.502957,50.928262],[54.638246,50.885732],[54.67628,50.602545],[54.499443,50.523274],[54.37976,50.619444],[54.478566,50.853486],[53.93586,51.185611],[53.67386,51.219872],[53.610298,51.388415],[53.407313,51.484171],[52.545815,51.459522],[52.307794,51.774541],[51.869164,51.673074],[51.693309,51.454096],[51.584324,51.534918],[51.304238,51.47164],[51.236541,51.535899],[51.371934,51.629589],[50.767009,51.7594],[50.790677,51.597291],[50.581698,51.635299],[50.325383,51.303459],[49.779059,51.102179],[49.436548,51.112333],[49.36942,50.82677],[48.830435,50.596034],[48.56828,50.636549],[48.67339,50.579549],[48.782841,50.111464],[48.874102,50.069813],[48.784598,49.933387],[48.429891,49.809674],[48.239308,49.864761],[47.808224,50.319927],[47.599296,50.452684],[47.469795,50.411756],[47.294766,50.275434],[47.308719,50.044802],[46.899907,49.820319],[46.775108,49.332545],[47.040002,49.150334],[46.753818,48.91407],[46.478279,48.41056],[47.098913,48.265375],[47.103564,48.101199],[47.192034,48.071796],[47.044239,47.986219],[47.123821,47.808039],[47.359672,47.683344],[47.412175,47.835867],[48.174351,47.712851],[49.00629,46.76911],[48.764031,46.682836],[48.556705,46.761746],[48.455109,46.660796],[49.306,46.263129],[49.150157,46.335761],[49.05893,46.251776],[49.114513,46.151272],[48.626964,46.087307],[48.729015,46.019965],[48.654796,45.956936],[48.752208,45.965562],[48.791352,45.840888],[48.716319,45.813544],[48.554942,45.967475],[48.288748,45.837348],[48.242849,45.709906],[47.859141,45.724189],[47.818207,45.6081],[47.560069,45.771552],[47.653656,45.559068],[47.384776,45.75019],[47.572113,45.566962],[47.381358,45.411038],[47.460134,45.390815],[47.370128,45.185614],[47.098806,44.956366],[47.078298,44.785102],[46.988943,44.915432],[46.961599,44.765204],[46.722016,44.655341],[46.680431,44.528469],[46.758962,44.40058],[47.245942,44.211982],[47.502778,43.780992],[47.365733,43.620673],[47.404307,43.511379],[47.544444,43.86522],[47.701508,43.874498],[47.490896,43.462836],[47.493419,43.296332],[47.585704,43.299547],[47.461925,43.020819],[47.69809,42.867133],[47.727306,42.662787],[48.386729,41.937201],[48.578949,41.845282],[48.370153,41.58015],[48.053532,41.461295],[47.871114,41.208183],[47.268411,41.302803],[47.141391,41.5524],[46.740795,41.851245],[46.567576,41.786675],[46.525511,41.882303],[45.934126,42.028495],[45.631405,42.201172],[45.698688,42.507587],[45.32269,42.530118],[45.122961,42.702278],[44.85936,42.75951],[44.773473,42.609648],[44.508115,42.750286],[43.939726,42.55221],[43.722581,42.624867],[43.800613,42.746462],[43.155588,42.942393],[42.829768,43.168761],[41.577544,43.215296],[40.651916,43.538971],[40.23313,43.575765],[40.07283,43.551064],[39.962576,43.392646],[38.758311,44.273627],[38.217296,44.387193],[37.778494,44.729804],[37.800059,44.63524],[37.498709,44.668402],[37.191905,44.991034],[36.577322,45.194159],[36.961681,45.282945],[36.788829,45.292182],[36.781586,45.387641],[36.668142,45.326361],[36.833263,45.44302],[37.139415,45.335517],[37.07838,45.238959],[37.519298,45.369289],[37.729259,45.301663],[37.635102,45.6081],[37.586274,45.43244],[37.595063,45.635321],[37.829438,45.75316],[37.940115,46.020331],[38.097504,46.057807],[38.039561,45.816067],[38.167491,46.12051],[38.559906,46.03266],[38.122895,46.377509],[37.90504,46.411038],[37.730724,46.670111],[37.98227,46.617499],[38.271739,46.732367],[38.57545,46.653795],[38.378184,46.708157],[38.414724,46.833319],[39.28004,47.012763],[39.388682,47.11518],[39.28004,47.087836],[39.264008,47.26081],[39.088145,47.286444],[38.478038,47.142483],[38.810395,47.287828],[38.216645,47.103258],[38.300949,47.27603],[38.190568,47.316906],[38.319035,47.591308],[38.734514,47.677143],[38.830942,47.848243],[39.759051,47.832947],[39.759878,48.014951],[39.993248,48.27323],[39.815895,48.308164],[39.924105,48.376118],[39.835325,48.57347],[39.63172,48.586906],[39.779411,48.80772],[40.053813,48.869215],[39.758741,48.895415],[39.681123,49.020316],[39.918731,49.047808],[40.141663,49.245781],[40.0349,49.487058],[40.130708,49.579817],[39.801529,49.542197],[39.557513,49.723994],[39.26089,49.74451],[39.15578,49.873598],[38.937395,49.803473],[38.299915,50.060511],[38.000398,49.899798],[37.415214,50.431858],[36.594386,50.20443],[36.105837,50.42111],[35.611397,50.351708],[35.377716,50.621821],[35.468873,50.668536],[35.284802,50.944333],[35.355082,51.025595],[35.143622,51.058487],[35.078716,51.207625],[34.185954,51.248914],[34.308737,51.33462],[34.185851,51.394151],[34.223678,51.514764],[34.089113,51.666615],[34.41271,51.777693],[34.096244,51.951817],[34.065341,52.158626],[33.804065,52.354609],[33.510078,52.287533],[33.182863,52.367296],[32.908978,52.241102],[32.394281,52.326807],[32.233309,52.080853],[31.910383,52.029073],[31.764345,52.100568],[31.567354,52.311382],[31.55056,52.511886],[31.628643,52.54806],[31.480641,52.68247],[31.560843,52.787063],[31.247064,53.014388],[31.416356,53.199984],[32.201114,53.097561],[32.454845,53.300443],[32.717465,53.334937],[32.719532,53.439478],[32.429421,53.56159],[32.442133,53.713932],[31.744656,53.794857],[31.822636,54.053446],[31.324682,54.229249],[31.20903,54.448047],[31.064646,54.492282],[31.167947,54.621577],[30.770607,54.786011],[30.814842,54.928018],[31.005632,55.022999],[30.794275,55.285515],[30.918298,55.387783],[30.912821,55.571596],[30.217773,55.855145],[29.480867,55.681099],[29.350745,55.766055],[29.444435,55.906925],[29.377411,55.954028],[29.030765,56.024178],[28.73192,55.946793],[28.537824,56.097714],[28.289828,56.046606],[28.148907,56.142414],[28.217275,56.270727],[28.132215,56.535982],[27.865461,56.742687],[27.913521,56.82015],[27.62837,56.844154],[27.840295,57.290639],[27.328027,57.583153],[27.524604,57.8073],[27.799316,57.861069],[27.664957,57.918404],[27.495355,58.22146],[27.554886,58.395248],[27.410606,58.754864],[27.713326,58.991904],[27.882308,59.275659],[28.181825,59.356068],[28.019054,59.481757],[28.007009,59.758246],[28.375255,59.666327],[28.476085,59.851752],[28.83253,59.786526],[29.161388,60.002631],[30.161957,59.868476],[30.246104,59.974921],[29.948253,60.02969],[29.848969,60.166938],[29.052013,60.184272],[28.616954,60.381985],[28.438975,60.559882],[28.70281,60.461168],[28.69044,60.738471],[28.215831,60.547553],[27.794119,60.533189],[29.203158,61.245901],[30.925636,62.302116],[31.243757,62.503344],[31.569525,62.905929],[31.203966,63.21268],[29.980785,63.741537],[30.552326,64.021726],[30.558475,64.219699],[30.032461,64.396949],[30.070391,64.47188],[29.954843,64.56898],[30.180824,64.642774],[30.118864,64.767934],[29.78028,64.795581],[29.633622,64.90715],[29.598379,65.034378],[29.850198,65.121504],[29.833197,65.205013],[29.580085,65.235399],[29.838571,65.564888],[29.702869,65.62938],[30.111733,65.712011],[29.900169,66.108059],[29.051539,66.907803],[29.916241,67.508129],[30.009413,67.685844],[29.33085,68.072694],[28.690321,68.183178],[28.447907,68.52972],[28.801477,68.835489],[28.410234,68.898535],[29.120269,69.046846],[29.37679,69.301611],[29.967142,69.373493],[30.224697,69.540821],[30.119071,69.634562],[30.852979,69.527437],[30.927703,69.672131],[30.840954,69.805842],[31.409028,69.715806],[31.296723,69.612616],[31.810557,69.68773],[31.710948,69.827379],[32.098888,69.791897],[31.913341,69.936184],[32.054454,69.963772],[33.133311,69.728664],[32.871755,69.582506],[32.169688,69.654853],[32.111664,69.752875],[31.968272,69.654202],[32.055919,69.636542],[32.016124,69.564195],[32.501964,69.517035],[32.193614,69.434516],[33.084972,69.47606],[32.823497,69.301215],[33.523692,69.42829],[33.235118,69.270006],[33.5442,69.208564],[33.060557,69.083319],[33.023448,68.954739],[33.064301,69.057766],[33.426606,69.104682],[33.576182,69.199205],[33.571544,69.304145],[33.723969,69.336819],[35.873546,69.194892],[37.680512,68.713446],[38.388682,68.343166],[38.765391,68.290595],[38.510102,68.365465],[38.639171,68.384955],[39.859548,68.046617],[39.709809,68.168769],[39.793224,68.16474],[40.410655,67.875067],[40.321544,67.844916],[40.466807,67.761176],[40.654633,67.814602],[41.039887,67.677802],[40.999278,67.467475],[41.150076,67.423489],[41.108897,67.253811],[41.339692,67.223822],[41.390391,67.124905],[41.178071,66.809556],[40.084972,66.288764],[38.554373,66.054999],[35.557791,66.38703],[34.803559,66.613511],[34.480154,66.537584],[34.355968,66.629788],[34.521658,66.657172],[34.092296,66.672431],[34.141368,66.77383],[33.947276,66.684882],[33.592052,66.830715],[33.519542,66.802191],[33.62615,66.748114],[33.5171,66.724189],[33.100597,66.85814],[32.804861,67.010321],[32.929942,67.100002],[31.850922,67.152818],[32.261974,67.124986],[32.549815,67.000067],[32.3921,66.953559],[32.49586,66.933092],[32.420177,66.885932],[33.324474,66.645738],[32.901378,66.574774],[33.259613,66.618394],[33.536794,66.535875],[32.940929,66.528469],[33.735362,66.426011],[33.310802,66.316799],[34.102794,66.246894],[34.852387,65.900336],[34.968598,65.727729],[34.688731,65.809719],[34.776622,65.596584],[34.681895,65.453355],[34.297048,65.385077],[34.462901,65.364407],[34.773692,65.100246],[34.816091,65.043402],[34.702403,64.980414],[34.942068,64.857571],[34.757009,64.774359],[35.009031,64.743184],[34.832286,64.697943],[34.977592,64.611917],[34.743337,64.555854],[35.348752,64.296073],[35.58907,64.322313],[35.58253,64.411282],[35.810802,64.342027],[36.227211,64.136206],[36.292166,64.009711],[37.534362,63.800858],[38.073741,64.017401],[37.902029,64.239936],[38.020193,64.308539],[37.749027,64.441714],[37.339434,64.340442],[37.121501,64.39474],[36.559761,64.717423],[36.504242,64.835842],[36.57252,64.829576],[36.439952,64.91706],[36.807444,64.959052],[36.820002,65.147141],[37.007677,65.172977],[38.046434,64.853672],[38.385021,64.844627],[38.403005,64.774359],[38.06658,64.781195],[38.125743,64.69595],[38.048106,64.645941],[38.472504,64.743476],[38.448031,64.817878],[39.566524,64.545268],[39.923595,64.603013],[39.786388,64.596869],[39.850352,64.675971],[40.5171,64.541449],[40.410899,64.736802],[40.517345,64.774115],[39.740896,65.356513],[39.749278,65.552069],[40.710134,65.972317],[41.643565,66.172756],[42.200938,66.532172],[42.661469,66.443345],[42.548595,66.385077],[43.302094,66.426011],[43.692638,66.237209],[43.288341,66.090237],[43.352794,66.04149],[43.514903,65.974189],[43.382335,66.071926],[43.836436,66.185777],[44.045665,66.081041],[44.179698,65.864325],[44.096365,66.261949],[44.394786,66.621812],[44.563243,66.666205],[44.364024,66.782294],[44.521658,66.91942],[44.302501,67.055976],[44.377696,67.104438],[43.815329,67.177453],[43.766699,67.277689],[44.04184,67.680406],[44.144542,67.679429],[44.087413,67.885077],[44.268403,67.926825],[44.138031,67.995103],[44.411794,68.063422],[44.180837,68.036078],[44.22755,68.29678],[43.317154,68.666612],[43.984548,68.551337],[45.582137,68.514198],[45.943858,68.446234],[46.029307,68.324042],[46.534923,68.132554],[46.461436,68.111802],[46.698253,67.816474],[45.350434,67.730414],[45.314626,67.592108],[45.028168,67.531928],[44.91212,67.371975],[45.593893,67.15824],[45.824474,66.899075],[46.025157,66.833401],[46.597911,66.857978],[46.406749,66.746161],[47.409841,66.929267],[47.581391,66.869859],[47.742035,67.030707],[47.689464,67.196438],[47.770356,67.337836],[47.947927,67.444322],[47.845714,67.600898],[48.699962,67.715888],[49.1067,67.639472],[48.777843,67.727362],[48.79363,67.831244],[48.585948,67.934272],[49.133311,67.862616],[50.00115,68.058051],[50.778819,68.379299],[51.058849,68.351386],[52.177094,68.582424],[52.051768,68.492418],[52.361013,68.474921],[52.13559,68.379299],[52.402029,68.337714],[52.731293,68.474189],[52.491384,68.591539],[52.634451,68.658515],[52.328461,68.63345],[53.878591,68.974107],[54.56129,68.999701],[53.5949,68.906928],[54.026215,68.845445],[53.72047,68.656928],[53.944347,68.405992],[53.608897,68.413479],[53.691173,68.34455],[53.44044,68.372504],[53.210704,68.269355],[53.992524,68.221381],[54.184906,68.320543],[54.203298,68.20954],[54.504405,68.312201],[54.831879,68.173285],[54.936697,68.398424],[55.392914,68.564276],[55.997081,68.660468],[57.329845,68.564765],[57.604015,68.742418],[57.929535,68.751044],[57.956716,68.845526],[58.171153,68.88935],[58.424083,68.742743],[58.270518,68.893704],[58.878754,69.003119],[59.223888,68.999701],[58.891856,68.934231],[59.423025,68.757025],[59.056407,68.619534],[59.087087,68.416897],[59.674815,68.336168],[59.963878,68.46601],[59.762706,68.638739],[59.811209,68.687934],[60.466645,68.722317],[60.968761,68.906928],[60.90268,69.12226],[60.591319,69.132799],[60.542491,69.315579],[60.138845,69.577867],[60.232595,69.664781],[60.653575,69.672756],[60.705577,69.823676],[60.926606,69.867499],[64.127615,69.550116],[65.004405,69.304145],[64.831065,69.29442],[64.785899,69.147121],[65.068207,69.268052],[67.090099,68.855658],[67.039724,68.797065],[67.1963,68.707343],[68.134939,68.423407],[68.288097,68.1883],[68.65089,68.317857],[68.561046,68.372504],[69.10906,68.878974],[68.951427,68.903225],[69.218923,68.962144],[68.458018,68.984565],[68.026215,69.319403],[68.106619,69.548733],[67.824392,69.510728],[67.017263,69.70307],[66.855235,69.636868],[66.957693,69.536851],[66.795746,69.586168],[66.884776,70.012885],[67.143321,69.98314],[67.327647,70.106024],[67.094249,70.220893],[67.266287,70.414537],[67.215099,70.523912],[67.334483,70.757799],[67.138438,70.841783],[66.688731,70.769843],[66.608246,70.880683],[66.889496,71.078681],[66.620453,71.057847],[66.91212,71.294745],[68.348806,71.675198],[68.643728,72.033189],[68.869395,72.532375],[69.054454,72.662055],[68.975759,72.69599],[69.35377,72.952582],[69.794932,72.96369],[69.588227,72.878485],[71.563243,72.915961],[72.008311,72.83397],[71.81658,72.812323],[71.886485,72.796617],[72.836925,72.709906],[72.721446,72.70303],[72.809581,72.655219],[72.731456,72.597235],[72.844981,72.520413],[72.874278,72.281073],[72.350841,71.864203],[72.344981,71.708157],[71.803396,71.480292],[72.636485,71.131659],[72.632091,71.011054],[72.836925,70.859605],[72.683279,70.616604],[72.771332,70.425238],[72.435557,70.285875],[72.621593,70.161689],[72.491954,70.041205],[72.691661,69.836859],[72.50172,69.646715],[72.638357,69.441352],[72.488048,69.414008],[72.647716,69.292222],[72.477875,69.176947],[72.577403,68.940375],[73.539073,68.581],[73.646251,68.457831],[73.533702,68.481513],[73.090831,68.21426],[73.072765,68.090399],[73.204438,67.957221],[73.195486,67.849514],[73.071544,67.815579],[73.114268,67.690375],[72.581309,67.620185],[72.391856,67.467475],[72.402599,67.32807],[72.04835,67.302883],[72.225922,67.159491],[71.913259,67.13231],[71.99464,67.055976],[71.747569,66.916083],[71.301931,66.953559],[71.514903,66.878485],[71.576915,66.658759],[71.165375,66.658759],[71.233653,66.62523],[70.68865,66.515367],[70.295177,66.638251],[70.723399,66.761786],[70.315684,66.679877],[69.897797,66.871649],[68.965017,66.809556],[69.10377,66.771308],[69.205577,66.569403],[69.902843,66.415473],[71.428884,66.355943],[72.075694,66.235826],[72.347341,66.306383],[72.412364,66.508531],[72.288829,66.501125],[72.473806,66.610989],[72.942393,66.656684],[73.869151,67.00141],[73.899587,67.29621],[74.730317,67.686265],[74.824962,67.940497],[74.725434,68.152411],[74.331554,68.385565],[74.457774,68.506293],[74.454356,68.693996],[74.62794,68.774604],[76.582367,68.975165],[76.690603,68.873277],[76.662608,68.762641],[77.325694,68.523342],[77.161876,68.293647],[77.356619,68.232896],[77.192556,67.985175],[77.305186,67.910102],[77.079845,67.790351],[77.693044,67.545315],[79.052501,67.570543],[77.494151,67.751288],[77.47877,67.907294],[77.586436,67.947943],[77.469737,67.995103],[77.536957,68.128607],[78.172618,68.274359],[77.927908,68.519029],[77.786876,68.514594],[77.646983,68.911119],[76.042003,69.239081],[75.508556,69.26142],[74.772797,69.081244],[73.961274,69.083808],[73.7588,69.169379],[73.899587,69.420844],[73.515961,69.746405],[73.764822,70.079047],[73.707693,70.161322],[74.316173,70.520331],[74.317882,70.667792],[73.927501,70.855373],[73.556163,71.255113],[73.022472,71.428778],[73.498546,71.664944],[73.52589,71.822211],[74.994884,72.137844],[75.111095,72.346422],[75.058849,72.595038],[74.75115,72.820014],[75.318858,72.819159],[75.530772,72.741156],[75.338227,72.683173],[75.708181,72.565863],[75.556488,72.497504],[75.742442,72.26553],[75.517833,72.153225],[75.438975,71.985338],[75.253673,71.942206],[75.22755,71.777411],[75.49171,71.666083],[75.392426,71.617865],[75.532888,71.542304],[75.241547,71.453559],[75.263031,71.365546],[76.108409,71.204495],[76.888927,71.190416],[76.914236,71.072455],[77.005138,71.184475],[77.558116,71.173651],[77.837738,71.124579],[77.948904,70.976264],[78.411388,70.895453],[79.114513,71.004218],[78.442393,70.914252],[78.559744,71.045152],[78.237559,71.109687],[78.278982,71.258938],[77.928477,71.257473],[77.988292,71.374742],[77.492198,71.301337],[76.272309,71.572903],[75.996837,71.907904],[76.878184,72.050035],[77.584646,71.831122],[78.109548,71.880439],[78.225759,71.982571],[77.985606,72.109524],[77.377208,72.110175],[77.473888,72.222357],[78.497569,72.408189],[79.391449,72.385565],[80.834646,72.083319],[80.632335,72.046088],[81.736664,71.699897],[82.867361,71.786444],[83.25172,71.725653],[83.305186,71.658393],[83.011974,71.528957],[83.047862,71.415107],[82.272634,71.278795],[82.352794,71.096259],[82.208344,70.986802],[82.417247,70.777045],[82.082042,70.565375],[82.348888,70.202297],[82.157237,70.571601],[82.46461,70.613186],[82.578624,70.911119],[82.876638,70.916978],[82.901622,71.001044],[83.1338,70.882392],[83.137218,70.763983],[82.993175,70.571601],[83.010509,70.426581],[82.643809,70.18122],[83.111095,70.069485],[83.182953,70.138861],[82.951671,70.325141],[83.534434,70.331977],[83.774669,70.47663],[83.381847,71.03266],[83.116059,71.113471],[83.257009,71.116523],[83.147634,71.244818],[83.618907,71.631171],[83.360525,71.840644],[82.678071,71.879462],[82.185069,72.093492],[82.307384,72.182847],[82.19809,72.281562],[81.208181,72.354926],[80.704112,72.545356],[80.834483,72.62051],[80.632091,72.733791],[80.77296,72.806098],[80.814301,72.97427],[80.437185,73.100898],[80.568614,73.141547],[80.23113,73.175971],[80.563487,73.221503],[80.254893,73.329739],[80.677419,73.50495],[80.505544,73.498114],[80.51295,73.567043],[84.793224,73.764716],[85.427013,73.7119],[86.016124,73.866523],[87.080089,73.871527],[87.010753,73.778713],[85.786794,73.48078],[85.833181,73.331773],[86.663341,73.122138],[86.782481,73.000881],[86.659679,73.151801],[85.93393,73.32392],[85.844005,73.439846],[86.203624,73.557847],[87.164806,73.611396],[87.664073,73.890855],[87.296397,73.841376],[86.940196,74.033149],[87.419932,74.012112],[87.362315,74.047756],[86.895763,74.070217],[86.711436,74.224351],[86.02003,74.262519],[85.905528,74.354682],[86.29713,74.313056],[86.04949,74.416164],[86.475271,74.458197],[86.953868,74.388861],[86.715831,74.301825],[87.26238,74.354682],[86.535492,74.512356],[86.782481,74.560736],[85.740408,74.635891],[86.101085,74.735785],[86.090587,74.820787],[86.95753,74.608832],[86.953868,74.683661],[86.762055,74.704088],[87.063731,74.725287],[87.06129,74.839667],[87.385753,74.944322],[87.172862,74.985297],[87.574067,74.929674],[87.789887,75.026272],[86.898611,75.087714],[87.024587,75.164211],[87.952647,75.100043],[89.245779,75.506741],[89.703624,75.443508],[89.612804,75.492377],[90.057872,75.519721],[89.954112,75.577623],[91.580251,75.637763],[91.700206,75.736396],[94.163097,75.944281],[93.546072,75.953437],[93.418956,75.87287],[93.277354,75.982123],[93.007009,75.886664],[92.826834,75.965399],[92.952485,76.06684],[93.230805,76.054145],[93.120942,76.095689],[93.430349,76.106879],[93.333832,76.067776],[93.427013,76.01203],[93.998709,76.054145],[93.685802,76.13227],[94.459483,76.051703],[94.738536,76.115627],[94.572765,76.15998],[96.196462,76.087551],[95.575206,75.888983],[95.739513,75.856431],[96.301117,75.999335],[96.664561,75.965399],[96.461436,75.871894],[97.250987,76.043402],[97.396821,76.047309],[97.185313,75.930609],[97.823904,75.988105],[97.54835,76.054145],[98.161388,76.090806],[97.917735,76.122992],[98.816417,76.267035],[98.712738,76.204983],[99.235037,76.223578],[99.09018,76.164008],[99.574229,76.155097],[99.46754,76.10871],[99.754893,76.049018],[99.67921,75.875963],[99.424001,75.793443],[99.570649,75.779731],[99.902354,75.927191],[99.865733,76.107652],[98.817882,76.494208],[100.304454,76.461859],[100.851085,76.540107],[102.249522,76.383124],[100.878266,76.554999],[101.23463,76.767279],[100.857677,76.873236],[100.919281,76.975898],[101.206309,76.986029],[101.207042,77.098538],[102.075694,77.391181],[103.196625,77.658922],[104.290294,77.737535],[105.334239,77.541002],[105.873709,77.56859],[105.977306,77.425238],[106.292003,77.370022],[105.758149,77.369452],[105.455821,77.240465],[104.141938,77.088853],[105.928477,77.14411],[105.435395,77.000067],[106.829845,77.054674],[107.499766,76.924506],[106.724132,76.718899],[106.799083,76.674506],[106.612315,76.559638],[106.396658,76.604315],[106.417003,76.509223],[107.84547,76.534817],[107.98463,76.622707],[107.946056,76.737291],[111.090343,76.762274],[111.119395,76.682115],[111.555431,76.684149],[111.445567,76.630072],[112.199067,76.471869],[111.829112,76.341498],[112.256847,76.454413],[112.747813,76.335273],[112.658376,76.322252],[112.692638,76.231635],[112.500743,76.239081],[112.857677,76.1435],[112.569672,76.047309],[112.962169,76.06509],[113.059337,76.163764],[113.302745,76.115627],[112.93214,76.259589],[113.259288,76.266425],[113.549083,76.020657],[113.439789,75.944281],[113.562755,75.89647],[113.480805,75.855536],[113.780935,75.939276],[113.890147,75.85399],[113.555919,75.540229],[113.426117,75.540229],[113.617442,75.656236],[112.336925,75.84809],[112.870616,75.711493],[112.747813,75.698472],[112.878103,75.646674],[112.81365,75.557318],[113.267426,75.651109],[113.290538,75.550523],[113.637706,75.524075],[113.72047,75.409857],[113.549083,75.40644],[113.670665,75.368883],[113.605235,75.28498],[112.879649,74.992906],[112.146821,74.878363],[111.772309,74.668524],[111.402843,74.691107],[110.331554,74.496161],[110.362559,74.41828],[110.212087,74.372382],[109.561209,74.313707],[109.979503,74.296332],[109.796886,74.161689],[108.996104,74.01557],[108.06658,73.635321],[107.146821,73.617662],[106.785411,73.340522],[106.062755,73.273017],[105.833832,73.002265],[105.073009,72.765082],[105.482595,72.768134],[106.036368,72.952522],[107.103263,72.856406],[106.25464,72.9672],[106.175629,73.094387],[106.359874,73.194281],[108.316661,73.221584],[108.396169,73.25788],[108.19752,73.279039],[109.221202,73.387112],[109.209239,73.468817],[109.434906,73.426703],[109.193614,73.551663],[109.713878,73.452582],[110.924815,73.704169],[110.663748,73.787258],[109.737478,73.661689],[109.531098,73.775295],[110.021495,74.014472],[110.958995,73.908637],[111.126231,74.030463],[111.536469,74.051174],[111.198497,73.977932],[111.435557,73.812567],[112.371837,73.705308],[112.945323,73.790473],[112.846934,73.994534],[113.427908,73.633979],[113.131358,73.449693],[113.498302,73.335883],[113.487071,72.96369],[113.117686,72.860663],[113.177257,72.732978],[114.090343,72.600653],[113.390961,72.680609],[113.158214,72.822699],[113.542247,72.977362],[113.562348,73.253404],[114.035818,73.347317],[113.466563,73.50495],[115.413097,73.710395],[118.450206,73.588772],[118.997569,73.49136],[118.467133,73.478095],[118.346446,73.402533],[118.428396,73.374661],[118.394216,73.238023],[119.722504,72.95893],[120.533702,72.874213],[119.763845,73.008287],[121.791352,72.976874],[122.732188,72.826565],[122.308279,72.941352],[122.95338,72.891547],[122.430431,72.984809],[122.61378,73.030951],[123.234548,72.934719],[123.467947,73.079576],[123.40089,73.174302],[123.670665,73.203315],[123.21811,73.408759],[123.417328,73.443549],[123.246104,73.545885],[123.424164,73.580715],[123.36964,73.662665],[123.591319,73.716986],[123.645518,73.602973],[123.973806,73.627021],[123.87672,73.772528],[124.059581,73.684801],[124.383067,73.806383],[124.986583,73.627875],[125.137462,73.704169],[125.19752,73.55093],[125.651866,73.525458],[125.562511,73.408759],[126.288097,73.557278],[126.391124,73.464016],[126.170746,73.459296],[126.254568,73.402533],[126.158458,73.381496],[126.419688,73.409491],[126.565196,73.233466],[126.658702,73.302639],[126.562999,73.381496],[126.828787,73.388617],[126.932384,73.429877],[126.830089,73.518622],[127.050466,73.549018],[127.987559,73.470852],[127.899425,73.436103],[128.076915,73.405666],[127.960216,73.347317],[128.340343,73.361029],[128.23463,73.265367],[128.969249,73.177395],[128.777354,73.070787],[129.066173,73.127672],[129.443508,73.028944],[129.359618,72.940012],[128.290782,72.908637],[128.129242,72.786078],[129.358084,72.70303],[129.198416,72.655178],[127.905447,72.667141],[128.611339,72.482733],[129.258311,72.463935],[129.500743,72.332465],[129.357595,72.262885],[129.564138,72.230658],[129.241954,72.134467],[129.489024,72.127631],[128.934093,72.072984],[128.494314,72.202786],[128.528819,72.259345],[127.665782,72.43008],[127.864431,72.332465],[127.780121,72.306301],[128.441661,72.100287],[128.926606,71.738756],[129.18393,71.809272],[129.041189,72.018785],[129.543712,71.722968],[128.820486,71.658108],[129.248709,71.549872],[129.3921,71.346829],[129.762706,71.14761],[129.626231,71.086127],[130.080414,71.083441],[130.167328,70.968817],[130.619884,70.8664],[130.768891,70.977525],[130.888438,70.762763],[131.042003,70.738756],[131.546153,70.887112],[131.850922,71.208197],[132.188324,71.215888],[131.941905,71.267401],[132.264171,71.682034],[132.717784,71.946234],[133.341361,71.886265],[133.031345,71.955099],[132.715099,71.810696],[133.151622,71.579169],[133.908702,71.3994],[134.739024,71.367987],[134.66863,71.264309],[134.810232,71.481838],[135.621593,71.623114],[136.443858,71.575873],[136.546886,71.476549],[136.774587,71.523424],[137.492198,71.346829],[137.403494,71.284735],[137.532481,71.245673],[137.704926,71.284735],[137.526134,71.220282],[137.812999,71.119615],[138.074392,71.133979],[137.739268,71.229478],[138.362966,71.318915],[137.828624,71.387152],[138.098643,71.581448],[138.500255,71.613105],[138.438162,71.538642],[138.756033,71.643012],[139.045095,71.569037],[139.192231,71.415107],[140.033214,71.472113],[139.734548,71.672187],[139.691905,71.791815],[139.809255,71.860785],[139.336192,71.94953],[139.634532,71.954535],[139.874197,72.178168],[140.197113,72.213813],[139.256684,72.179023],[139.349864,72.134467],[139.094005,72.248236],[139.541759,72.497626],[141.11085,72.586982],[140.932628,72.600653],[140.991547,72.709418],[140.583181,72.867499],[140.725841,72.898627],[142.2317,72.701565],[145.409516,72.555894],[146.854015,72.354193],[145.352875,72.346747],[144.943207,72.438178],[144.520763,72.225002],[144.105479,72.277899],[144.415538,72.175035],[146.92921,72.312649],[145.972504,71.856269],[145.993012,72.029731],[146.346934,72.127631],[146.078949,72.170396],[145.968028,72.070502],[145.880056,72.219062],[145.613292,72.24433],[145.750336,72.209621],[145.621104,72.080268],[145.79127,72.028306],[145.805675,71.929023],[145.329356,71.870998],[144.970958,71.980292],[145.215994,71.843329],[144.886404,71.771389],[144.89324,71.675198],[146.036306,71.786363],[147.195567,72.329901],[148.402029,72.31094],[149.611339,72.148383],[150.074229,71.894232],[149.709483,71.772895],[149.368988,71.903795],[149.148692,71.771389],[148.833995,71.812323],[149.039399,71.757758],[148.827159,71.675198],[149.953298,71.669867],[150.102061,71.594713],[149.951671,71.59162],[149.868012,71.462226],[150.670665,71.49018],[150.515147,71.346422],[150.046723,71.209662],[150.656993,71.390286],[150.738943,71.393988],[150.5949,71.277899],[151.033051,71.393988],[151.591156,71.310248],[152.136729,71.017279],[151.681488,70.975898],[152.540782,70.791327],[155.479828,71.061591],[155.529796,70.976223],[155.936371,71.099351],[157.989106,71.047512],[159.237804,70.829291],[159.84311,70.581529],[160.094249,70.309882],[159.938243,70.128485],[159.68865,70.133979],[159.914561,70.098578],[159.692068,69.910875],[159.769054,69.76203],[161.006358,69.577338],[160.921235,69.461819],[161.038585,69.194892],[160.962901,69.105536],[161.415375,68.982001],[161.106944,68.605211],[160.758067,68.564276],[160.821056,68.527411],[161.134125,68.561428],[161.574067,68.921129],[161.415375,69.331448],[161.702647,69.495917],[162.327159,69.701972],[163.584809,69.684068],[164.027029,69.77383],[164.834258,69.567404],[166.893809,69.495917],[167.802013,69.775214],[168.083344,69.708808],[167.926443,69.654202],[168.25408,69.544338],[168.192068,69.379869],[168.288259,69.242662],[169.371267,69.076565],[169.453868,68.845445],[169.625499,68.777248],[170.351085,68.82807],[170.625173,68.748603],[170.449229,68.863471],[170.633067,68.918158],[170.728038,68.821967],[170.680431,68.940375],[171.159434,69.044094],[170.900076,69.17121],[170.913097,69.304145],[170.60613,69.589789],[170.160733,69.613367],[170.591776,69.764725],[170.556814,70.092434],[170.406749,70.11286],[170.481619,70.142035],[172.725352,69.980862],[173.198009,69.783433],[173.479259,69.835761],[173.164073,69.886664],[173.278575,69.94184],[173.928477,69.845404],[175.715542,69.881453],[175.529737,69.856304],[175.997177,69.769363],[176.15767,69.821482],[175.781566,69.885283],[176.127615,69.893785],[176.242035,69.774359],[176.734548,69.67475],[178.772634,69.415229],[179.067719,69.325263],[178.666189,69.383287],[178.653982,69.31745],[179.261485,69.272162],[179.958507,68.995673],[179.548106,69.112982],[179.692149,69.016099],[180,68.98105],[180,65.06619],[179.478689,64.82274],[178.561534,64.591539],[178.485606,64.6105],[178.75587,64.682196],[177.625011,64.72016],[177.389415,64.835842],[177.491873,64.850084],[177.432953,64.929023],[176.93686,65.082831],[176.306326,65.055487],[176.958507,65.046576],[177.300059,64.82274],[176.435802,64.81094],[176.045665,64.962795],[175.71461,64.793647],[174.441742,64.69245],[175.711681,64.774726],[176.082367,64.918931],[176.423676,64.709621],[176.114268,64.541938],[176.45753,64.69245],[176.742931,64.571234],[176.98585,64.711127],[177.491873,64.767524],[177.361501,64.548407],[177.453624,64.42064],[178.183849,64.205797],[178.074555,64.254218],[178.282563,64.35399],[178.200043,64.440172],[178.588634,64.035102],[178.382579,63.973049],[178.64324,64.000963],[178.759288,63.622992],[178.608572,63.6765],[178.733084,63.608344],[178.268809,63.565416],[178.711274,63.570014],[178.59547,63.411322],[178.698985,63.385688],[178.83839,63.434882],[178.777029,63.59516],[179.005544,63.321357],[178.809337,63.350491],[179.386485,63.1612],[179.417817,63.068061],[179.241954,63.006496],[179.540701,62.848944],[179.562999,62.624742],[179.148774,62.496039],[179.073578,62.287177],[178.061046,62.541083],[177.306814,62.582099],[177.319835,62.745917],[177.457774,62.814846],[177.188975,62.709662],[176.992198,62.869452],[177.042247,62.768704],[176.927908,62.672919],[177.26588,62.588324],[176.661876,62.534613],[176.279307,62.317084],[175.306407,62.074937],[175.395193,62.122748],[175.258067,62.168769],[175.17449,62.021918],[174.765147,61.916693],[174.599946,61.985012],[174.726899,61.886298],[174.073009,61.84162],[174.020681,61.796861],[174.106619,61.780178],[173.804942,61.649848],[173.544607,61.749091],[173.48113,61.555243],[173.128429,61.396959],[172.715587,61.430732],[172.955089,61.314032],[172.667817,61.334459],[172.766775,61.262519],[172.646739,61.191107],[172.338227,61.211005],[172.434418,61.142727],[172.263031,61.114732],[172.489594,61.081244],[172.372569,61.012885],[172.009288,61.101142],[172.200857,60.975775],[172.04713,60.860663],[171.957774,60.953111],[171.949392,60.848293],[171.536876,60.806952],[171.632579,60.744818],[171.413422,60.690172],[171.396332,60.782945],[171.372406,60.643052],[171.179454,60.558905],[170.51588,60.450629],[170.66212,60.332017],[170.502289,60.272528],[170.400645,59.965644],[170.265147,59.920356],[169.848806,60.181627],[169.97462,60.232164],[169.214366,60.62873],[167.768077,60.553046],[167.192149,60.355048],[167.024913,60.42768],[167.048106,60.328437],[166.245128,59.830634],[166.109548,59.82746],[166.102794,59.90941],[166.285411,60.197252],[166.232595,60.395982],[166.373302,60.499457],[165.444998,60.258857],[165.229259,60.097235],[165.191661,60.170111],[164.999278,60.135321],[165.212087,59.99136],[164.838634,59.787421],[164.488536,60.111029],[164.117931,59.941392],[164.19044,59.854193],[164.041677,59.907538],[164.204845,59.997504],[163.628673,60.046576],[163.793793,59.99136],[163.361827,59.82746],[163.390147,59.631537],[163.180186,59.558254],[163.312511,59.287543],[163.066905,59.234076],[163.261869,59.08083],[162.88266,59.132799],[163.068549,58.968053],[162.87819,58.906477],[162.889903,58.978746],[162.676606,58.874091],[162.787687,58.831921],[162.405294,58.654445],[161.993228,58.087392],[162.082042,57.882473],[162.455539,57.784351],[162.354503,57.688544],[162.521789,57.754156],[162.529796,57.93651],[162.689952,57.969713],[163.32951,57.708945],[162.800196,57.346434],[162.859851,57.051443],[162.7835,56.763029],[163.238969,56.733021],[163.366069,56.180659],[163.051208,56.005404],[162.556814,56.228502],[163.116052,56.500504],[163.020133,56.537641],[162.909902,56.425691],[162.682944,56.483867],[162.414042,56.38387],[162.59254,56.26849],[162.056752,56.069135],[161.764131,55.554846],[161.812981,55.179184],[162.151703,54.862616],[162.127609,54.760405],[161.723806,54.509426],[161.31186,54.490139],[161.15089,54.597317],[160.741222,54.535224],[160.052989,54.175727],[159.818207,53.659654],[159.930675,53.645087],[159.96046,53.496772],[159.791026,53.516303],[160.058604,53.097357],[159.771495,53.203599],[159.825043,53.282945],[159.163829,53.134914],[158.708669,52.891791],[158.591563,53.062161],[158.437836,53.025336],[158.435557,52.919745],[158.647146,52.899359],[158.499766,52.778957],[158.564708,52.647366],[158.421153,52.659125],[158.530447,52.48786],[158.421153,52.412095],[158.543468,52.420722],[158.557872,52.313056],[158.390147,52.226223],[158.286876,51.967515],[157.913341,51.631293],[157.536876,51.48607],[157.475738,51.361474],[156.669988,50.863917],[156.761545,51.077974],[156.523611,51.31151],[156.439192,52.216031],[156.282237,52.529446],[156.372325,52.446845],[156.446625,52.51142],[156.265726,52.598171],[156.111196,52.93542],[155.551177,55.284205],[155.686209,56.03913],[155.946544,56.621894],[156.125255,56.832017],[156.063731,56.715969],[156.461275,56.948406],[156.552094,57.108954],[156.683849,57.048326],[157.001288,57.425505],[156.930675,57.658433],[156.749034,57.72956],[156.981456,57.857123],[157.4699,57.803941],[157.639659,58.02497],[158.338227,57.95303],[158.22877,58.038642],[159.152517,58.50788],[159.23699,58.467841],[159.193696,58.541978],[159.727794,58.883043],[159.803477,59.096381],[160.336274,59.36107],[160.497325,59.552476],[160.846853,59.617987],[161.897215,60.202961],[161.938555,60.416788],[162.916688,60.760006],[163.324821,60.804665],[163.314789,60.721747],[163.75104,60.883058],[163.487303,61.001664],[164.028819,61.346625],[163.751475,61.443305],[163.866057,61.646524],[164.044815,61.683433],[164.127194,62.262379],[164.538313,62.45111],[165.296886,62.322577],[165.123782,62.450614],[165.65089,62.459174],[165.110029,62.485326],[164.446919,62.689419],[163.398934,62.575902],[163.167731,62.432055],[163.368918,62.32767],[163.091487,62.226638],[163.105023,62.079971],[163.193124,62.066623],[162.976734,61.79957],[163.326549,61.657856],[163.017284,61.516585],[162.838817,61.707571],[162.622667,61.659069],[162.77484,61.593885],[162.417247,61.675849],[161.98639,61.372619],[161.888357,61.430732],[161.890231,61.335519],[161.807293,61.372207],[160.915149,60.899645],[160.791624,60.7177],[160.431016,60.749204],[160.185933,60.578406],[160.251685,60.772418],[160.170095,60.824897],[160.444215,61.03622],[159.797539,60.931103],[160.000141,61.106118],[159.943293,61.243774],[159.775618,61.242206],[159.996383,61.284324],[159.910167,61.31391],[160.106853,61.429963],[160.034989,61.459046],[160.28514,61.554107],[160.259055,61.690378],[160.413958,61.764781],[160.345714,61.944729],[159.577213,61.652771],[159.565586,61.816648],[159.477569,61.763559],[159.359874,61.893012],[159.117796,61.91666],[158.080164,61.734],[157.537341,61.791946],[157.027599,61.65058],[156.670423,61.516027],[156.654971,61.19676],[155.94306,60.922629],[155.913621,60.703583],[154.952403,60.367418],[154.48759,59.946307],[154.563698,60.093705],[154.407835,60.062928],[154.473481,59.87934],[154.22077,59.86962],[154.368251,59.574686],[154.220074,59.663976],[154.075043,59.509182],[154.138438,59.456977],[154.402311,59.535015],[154.42685,59.420882],[154.536779,59.422841],[154.428762,59.547034],[154.962901,59.49608],[155.209713,59.34388],[155.194102,59.175767],[154.790698,59.131347],[154.438021,59.215521],[154.332723,59.191753],[154.35771,59.110587],[154.048676,59.052802],[153.691975,59.185061],[153.768557,59.246583],[153.369151,59.241278],[153.337275,59.089887],[153.006708,59.060565],[152.899913,58.903632],[152.363292,59.059719],[152.020298,58.875037],[151.353665,58.832562],[151.08805,59.10202],[152.322238,59.207409],[151.734298,59.307264],[151.665509,59.45944],[151.396057,59.604163],[150.906743,59.559352],[150.941833,59.461225],[150.779912,59.432263],[150.503741,59.488666],[150.774348,59.561915],[149.375255,59.772203],[149.040701,59.64289],[149.212087,59.469143],[148.892263,59.466783],[148.845958,59.55272],[148.743429,59.471578],[148.735705,59.368391],[148.989906,59.375377],[148.934522,59.233273],[148.437466,59.262317],[148.393728,59.379299],[148.219436,59.40887],[147.545999,59.237547],[146.503917,59.463121],[146.319141,59.401694],[146.322957,59.179952],[146.050292,59.138873],[145.824962,59.241278],[145.957006,59.416723],[143.903911,59.42271],[143.493617,59.318518],[143.164806,59.381008],[142.26238,59.124579],[141.583734,58.617749],[140.904307,58.382758],[140.666759,58.191107],[140.495728,57.844774],[140.034841,57.71308],[139.789678,57.482731],[138.932957,57.135025],[138.88511,57.019113],[138.605628,56.945224],[138.581736,56.784509],[138.454448,56.839337],[138.129649,56.585639],[138.223477,56.42416],[137.914067,56.359526],[137.390831,55.945607],[136.430161,55.565246],[136.161627,55.318284],[135.469064,55.056664],[135.17335,54.821275],[135.244151,54.701239],[135.654145,54.665961],[135.750173,54.57095],[136.823497,54.647528],[136.840831,54.432318],[136.738617,54.413804],[136.814464,54.159329],[136.65919,53.935045],[136.775157,53.773098],[137.18572,53.85106],[137.290863,54.035712],[137.061371,54.145697],[137.394786,54.308295],[137.73585,54.32099],[137.483897,54.084662],[137.307872,54.118354],[137.590505,53.956122],[137.862804,53.967597],[137.487966,53.670559],[137.217621,53.600572],[137.335134,53.529364],[138.150076,53.672756],[138.578624,53.999335],[138.579926,53.828315],[138.215587,53.491767],[138.43922,53.513658],[138.771821,54.01557],[138.7671,54.104682],[138.664724,54.07746],[138.746593,54.242499],[138.643565,54.297187],[139.302257,54.190619],[139.767589,54.303941],[140.240571,54.056952],[140.330821,53.970282],[140.257335,53.868557],[140.581228,53.639309],[141.407481,53.303778],[141.432953,53.148871],[141.188813,52.987494],[140.706716,53.111029],[141.26059,52.85224],[141.20102,52.777411],[141.316254,52.659125],[141.128184,52.422919],[141.555837,52.162299],[141.354991,52.105902],[141.302582,52.021674],[141.425548,51.925482],[140.915294,51.623847],[140.800059,51.454169],[140.87379,51.371772],[140.68629,51.312812],[140.706716,51.031684],[140.529796,50.862372],[140.442149,50.530097],[140.52296,50.151068],[140.690929,50.080268],[140.415212,49.874579],[140.535004,49.777411],[140.560802,49.575385],[140.435557,49.294379],[140.335948,49.287543],[140.343598,49.047065],[140.219249,49.013861],[140.39796,48.992743],[140.212983,48.767401],[140.177013,48.461819],[139.261729,47.787909],[138.969493,47.317532],[138.562755,47.029934],[138.034028,46.155951],[136.354584,44.788804],[136.165294,44.496527],[135.837901,44.362698],[135.463634,43.949652],[135.518809,43.880764],[135.425792,43.76317],[135.182221,43.710639],[135.139903,43.508368],[133.926768,42.882717],[133.157725,42.688422],[133.024425,42.699368],[133.078868,42.749823],[132.989757,42.826972],[132.815929,42.756415],[132.763438,42.908149],[132.577891,42.840399],[132.404389,42.942288],[132.311534,42.845445],[132.345795,43.297919],[131.929942,43.069566],[131.849864,43.100491],[132.052013,43.314765],[131.826671,43.337958],[131.564952,42.996283],[131.393891,42.945014],[131.47169,42.873236],[131.273127,42.777331],[131.219547,42.554712],[131.120347,42.66719],[130.889659,42.599595],[130.815478,42.634172],[130.949714,42.653123],[130.65667,42.66408],[130.872895,42.527655],[130.703603,42.295241],[130.530771,42.53048],[130.571906,42.621818],[130.379669,42.696671],[131.103036,42.910431],[131.078335,43.031819],[131.280906,43.380221],[131.160707,43.53277],[131.264473,44.054211],[130.933434,44.841708],[131.433765,44.961288],[131.853068,45.337596],[131.968823,45.233984],[132.92122,45.027899],[133.09878,45.10779],[133.179808,45.493813],[133.477258,45.627707],[133.477258,45.820098],[133.658125,45.93451],[133.687374,46.141836],[133.902452,46.258986],[133.845814,46.470653],[134.014796,46.665034],[134.06916,46.981242],[134.22729,47.117745],[134.183571,47.3275],[134.556882,47.471186],[134.772579,47.710732],[134.559362,48.009525],[134.718733,48.263412],[134.38635,48.381337],[133.737914,48.251087],[133.524387,48.095438],[133.091958,48.10678],[132.67462,47.950614],[132.524655,47.707528],[130.96568,47.703937],[130.906976,47.884262],[130.674742,48.063941],[130.823983,48.294159],[130.758974,48.485724],[130.626373,48.482261],[130.529738,48.616258],[130.674328,48.870817],[130.201799,48.882599],[129.480603,49.421274],[129.115354,49.348772],[128.76013,49.470883],[128.801678,49.565141],[128.671866,49.611443],[127.854655,49.584881],[127.538654,49.789934],[127.486668,50.02563],[127.590641,50.208719],[127.330656,50.328195],[127.287352,50.751012],[126.931766,51.063783],[126.972177,51.324],[126.808983,51.289067],[126.909442,51.391102],[126.676898,51.576595],[126.725577,51.708731],[126.43929,51.997861],[126.555975,52.130643],[126.316713,52.199761],[126.43929,52.275286],[126.315731,52.316213],[126.212327,52.533048],[125.990842,52.58643],[126.088045,52.77541],[125.837363,52.90672],[125.64647,52.884887],[125.733545,52.981651],[125.621355,53.062137],[125.073688,53.212205],[124.870135,53.108],[123.614294,53.563347],[122.316751,53.496012],[120.874255,53.28016],[120.032962,52.760657],[120.079368,52.589969],[120.454022,52.639036],[120.72398,52.542169],[120.626156,52.346806],[120.784079,52.158006],[120.705789,51.979955],[120.100452,51.659949],[119.740835,51.071535],[119.517955,50.904801],[119.496664,50.737059],[119.137565,50.392532],[119.356621,50.340753],[119.31621,50.092654],[118.644365,49.954575],[117.873766,49.513206],[117.057588,49.672886],[116.21764,50.013848],[115.387819,49.891064],[114.75375,50.236211],[114.286285,50.276881],[113.579661,50.019945],[113.182683,49.801974],[113.06083,49.595992],[112.777126,49.501372],[111.338454,49.36474],[110.731359,49.137674],[109.286693,49.33854],[108.538057,49.32743],[107.927448,49.670044],[107.946517,49.933491],[107.192196,50.006044],[106.656518,50.327007],[106.222281,50.292384],[105.32864,50.476455],[104.405802,50.300548],[104.121685,50.148258],[103.276776,50.197557],[103.20169,50.296983],[102.927391,50.302977],[102.302933,50.563892],[102.329392,50.718817],[102.216789,50.798864],[102.146509,51.097632],[102.193379,51.307205],[102.074679,51.374824],[101.350175,51.450452],[100.510898,51.726895],[99.917911,51.749478],[98.927636,52.129584],[98.682689,51.819474],[98.33222,51.718317],[98.220392,51.475205],[98.039731,51.4573],[97.80636,51.001126],[97.984644,50.846923],[98.038491,50.622958],[98.293462,50.518623],[98.262457,50.283805],[98.047999,50.023046],[97.566582,49.916799],[97.343339,49.734175],[96.969202,49.886672],[96.585143,49.857526],[96.055976,49.99881],[95.946319,49.938503],[95.827876,50.020152],[95.500661,49.886724],[94.921575,50.045887],[94.603455,50.019739],[94.354478,50.223602],[94.25867,50.557535],[93.104942,50.598825],[92.961695,50.777884],[92.649776,50.674066],[92.360905,50.868369],[92.15885,50.689103],[91.749779,50.684091],[91.415743,50.461365],[91.012046,50.425295],[90.683901,50.216212],[89.667684,49.92729],[89.615336,49.84192],[89.702411,49.719964],[89.37194,49.581678],[89.216445,49.634491],[89.195258,49.521526],[88.975323,49.455845],[88.868198,49.538114],[88.870627,49.436002],[88.19997,49.454347],[88.143953,49.27074],[87.816324,49.165837]]],[[[22.76722,54.35627],[19.609548,54.456732],[19.900157,54.66706],[19.976736,54.964586],[20.482432,54.975531],[20.924569,55.282658],[20.989513,55.270413],[20.530935,54.964667],[21.090668,54.901557],[21.243419,54.961249],[21.183442,55.201728],[21.37485,55.28996],[22.049951,55.033541],[22.580668,55.057622],[22.844321,54.832261],[22.681747,54.5699],[22.76722,54.35627]]],[[[33.628517,46.124935],[33.67028,46.218106],[33.801878,46.202706],[34.464614,45.955347],[34.688637,45.974015],[35.480724,45.297797],[35.715994,45.340562],[35.833263,45.470893],[35.986013,45.362738],[36.284028,45.47663],[36.638357,45.351264],[36.437266,45.27204],[36.440115,45.06745],[35.847992,44.992418],[35.506196,45.113511],[35.080821,44.793769],[34.720958,44.810981],[34.10255,44.425116],[33.720958,44.399644],[33.372325,44.576483],[33.571544,44.620551],[33.516287,44.785102],[33.61964,44.931464],[33.537446,45.117377],[32.481619,45.408881],[33.1692,45.78441],[33.691661,45.860745],[33.777029,45.929633],[33.619884,45.950751],[33.628517,46.124935]]],[[[-180,65.066229],[-180,68.98237],[-179.522776,68.964545],[-179.31953,68.811952],[-178.844813,68.752361],[-178.484934,68.591539],[-178.724618,68.675686],[-178.699928,68.543189],[-178.021352,68.415961],[-177.95051,68.337714],[-178.073679,68.259263],[-177.704701,68.34455],[-178.375071,68.55744],[-177.492258,68.291734],[-177.765574,68.262641],[-177.634714,68.195299],[-177.338083,68.244574],[-177.173533,68.198676],[-177.259104,68.211127],[-177.218739,68.139553],[-176.564538,68.010316],[-176.789336,67.978618],[-176.539371,67.895097],[-176.208795,67.90177],[-176.533319,68.002962],[-175.920725,67.85102],[-176.340873,67.695902],[-176.205792,67.645152],[-175.681789,67.589579],[-176.011966,67.727348],[-175.824029,67.81296],[-175.265529,67.658555],[-175.12677,67.49989],[-175.22653,67.532588],[-175.172398,67.435114],[-175.366883,67.357789],[-174.968948,67.424748],[-175.079823,67.481147],[-174.756436,67.303237],[-174.860255,67.275458],[-174.907608,67.037385],[-174.700021,66.91652],[-174.68782,66.732417],[-174.971335,66.665413],[-174.435663,66.531545],[-174.389376,66.337511],[-174.4635,66.279748],[-174.165974,66.399375],[-174.205556,66.47261],[-174.015907,66.472171],[-173.929187,66.340818],[-173.999313,66.21925],[-173.69113,66.439099],[-174.26395,66.565876],[-173.930551,66.667627],[-174.026214,66.961111],[-174.612,67.061414],[-173.646469,67.115615],[-173.07126,67.044233],[-173.272159,67.051951],[-173.14337,66.999645],[-173.294955,66.981328],[-173.302542,66.822105],[-173.086576,66.846747],[-173.226479,66.910935],[-173.073963,66.993073],[-172.782329,66.894004],[-172.362487,66.933213],[-172.986344,67.039175],[-171.718517,66.950777],[-171.630033,66.830058],[-171.353401,66.771853],[-171.363359,66.674829],[-170.385193,66.316532],[-170.625681,66.234809],[-170.274257,66.290404],[-170.106204,66.193047],[-170.338368,66.185777],[-169.641384,66.068327],[-170.606313,65.861314],[-170.488773,65.670758],[-170.588166,65.604566],[-171.463265,65.83259],[-171.263865,65.655585],[-170.981812,65.592054],[-171.038654,65.466987],[-172.034203,65.474438],[-171.743619,65.499661],[-172.260081,65.545233],[-172.290482,65.666174],[-172.859609,65.699856],[-172.389722,65.581817],[-172.319687,65.465255],[-172.388609,65.432236],[-172.093403,65.483571],[-172.188539,65.24245],[-172.701975,65.247626],[-172.201531,65.216874],[-172.226755,65.099758],[-172.080093,65.075905],[-173.164116,64.764603],[-172.805735,64.803371],[-172.755309,64.733468],[-173.042872,64.659685],[-172.844633,64.64887],[-172.967193,64.561137],[-172.465077,64.558417],[-172.220244,64.407338],[-172.590073,64.370424],[-172.883346,64.494711],[-173.013051,64.461575],[-172.788324,64.437861],[-172.822171,64.320362],[-173.106265,64.24098],[-173.368253,64.285478],[-173.263661,64.44599],[-173.41454,64.616645],[-173.385178,64.395041],[-173.635434,64.332231],[-173.98933,64.412348],[-174.305898,64.666164],[-174.652292,64.725328],[-174.653223,64.897901],[-174.723082,64.80721],[-174.951935,64.861497],[-174.987799,64.766256],[-175.411452,64.771264],[-175.368355,64.846508],[-175.864735,64.999213],[-175.735041,65.146845],[-176.044057,65.452094],[-176.976552,65.608059],[-177.415925,65.440748],[-178.461101,65.472741],[-178.53228,65.522986],[-178.424235,65.712879],[-178.628217,65.7295],[-178.978383,66.049262],[-178.684256,66.012572],[-178.682444,66.101874],[-178.495675,66.140127],[-178.477124,66.382762],[-178.785135,66.167243],[-179.117665,66.242662],[-179.164296,66.414374],[-179.171457,66.289455],[-179.424021,66.344062],[-179.251955,66.14517],[-179.692983,66.183905],[-179.828725,65.946845],[-179.766672,65.81981],[-179.277044,65.630256],[-179.26051,65.532179],[-179.499003,65.395711],[-179.52421,65.235361],[-179.66309,65.141263],[-180,65.066229]]],[[[180,71.53642],[180,70.992423],[179.80698,70.913097],[178.793305,70.804999],[178.622732,71.037746],[178.905447,71.237006],[180,71.53642]]],[[[-180,70.99201],[-180,71.536688],[-179.735951,71.586412],[-178.394846,71.540717],[-177.44343,71.237006],[-177.930491,71.041449],[-179.342112,70.908026],[-180,70.99201]]],[[[131.920095,43.019517],[131.791189,42.996283],[131.798839,43.052639],[131.920095,43.019517]]],[[[142.529063,54.297187],[142.635102,54.266059],[142.723155,54.425605],[143.01295,54.119086],[142.851817,53.871975],[143.070811,53.598212],[142.988455,53.562893],[143.121104,53.518052],[143.094086,53.381903],[143.210623,53.363227],[143.360525,52.871405],[143.296886,52.453681],[143.193696,52.336982],[143.261404,52.597602],[143.118663,52.337795],[143.125499,51.967027],[143.317882,51.706366],[143.224132,51.522162],[143.337901,51.508368],[143.365082,51.644965],[143.447765,51.508368],[143.474946,51.343248],[143.379405,51.350084],[143.483084,51.213568],[143.521658,51.285102],[143.790294,50.309231],[144.38502,49.072699],[144.684744,48.873236],[144.756602,48.643256],[144.057872,49.253404],[143.258637,49.393378],[143.666759,49.314887],[143.174164,49.245998],[143.0088,49.123033],[142.537446,48.010077],[142.545258,47.766669],[142.714041,47.437242],[143.016368,47.253607],[143.172862,46.707831],[143.389659,46.708075],[143.197113,46.840806],[143.478201,46.828437],[143.625743,46.374701],[143.430512,46.025214],[143.368663,46.555487],[142.796641,46.594387],[142.72462,46.74079],[142.618419,46.718573],[142.406505,46.553656],[142.085297,45.900824],[141.932628,46.035793],[141.81422,46.538398],[142.056651,47.053697],[141.965831,47.612494],[142.191091,47.966742],[142.133149,48.333686],[141.857432,48.774237],[141.967296,48.862372],[142.125011,49.462307],[142.173839,50.086412],[142.041352,50.550971],[142.269216,51.112413],[142.078949,51.471381],[141.686778,51.747301],[141.823009,51.744208],[141.639008,51.884508],[141.641856,52.318183],[141.843761,52.590806],[141.928396,53.020657],[141.768809,53.371649],[142.241059,53.529364],[142.263927,53.380072],[142.455333,53.380276],[142.687266,53.529364],[142.514008,53.5456],[142.497732,53.658271],[142.804454,53.706977],[142.739106,53.845689],[142.604177,53.697577],[142.708263,53.948228],[142.282563,54.303941],[142.529063,54.297187]]],[[[28.634613,60.601386],[28.556651,60.612006],[28.604503,60.645006],[28.634613,60.601386]]],[[[-172.243096,64.815942],[-172.043356,64.751183],[-172.633193,64.684439],[-172.461344,64.827595],[-172.243096,64.815942]]],[[[70.130626,66.556342],[69.870616,66.477851],[69.545421,66.59101],[69.424571,66.768378],[69.130707,66.796576],[70.049815,66.70893],[70.130626,66.556342]]],[[[51.299571,68.495429],[51.498302,68.488593],[50.792491,68.379299],[51.299571,68.495429]]],[[[55.369477,68.947903],[55.506602,68.913764],[55.225434,68.913764],[55.369477,68.947903]]],[[[54.643321,69.009345],[54.68572,68.968695],[54.570811,68.964057],[54.643321,69.009345]]],[[[161.487071,69.026679],[161.514985,68.934638],[161.40919,68.893256],[161.455577,69.000963],[161.134776,69.091864],[161.092459,69.464789],[161.374522,69.545885],[161.319102,69.242662],[161.487071,69.026679]]],[[[161.631114,69.561103],[161.615733,69.450385],[161.360688,69.414008],[161.475108,69.638007],[161.631114,69.561103]]],[[[71.353363,73.385199],[71.137462,73.29267],[71.249522,73.417873],[71.353363,73.385199]]],[[[51.409516,71.806138],[51.610037,72.091702],[51.865733,72.158677],[52.368419,72.075344],[52.368419,72.162421],[52.490082,72.164211],[52.416515,72.289293],[52.868175,72.346747],[52.689952,72.367174],[52.684093,72.446926],[52.820323,72.450385],[52.680024,72.478746],[53.102061,72.600653],[52.723969,72.559027],[52.754893,72.638373],[53.21811,72.648424],[52.375255,72.730373],[52.61671,72.863227],[53.382009,72.888617],[53.141938,72.96247],[53.382009,73.011542],[53.121918,73.100898],[53.32252,73.220852],[54.934825,73.42536],[56.435232,73.230129],[56.582042,73.129584],[55.80836,73.066107],[56.466156,73.052476],[56.377208,73.006659],[55.616466,72.96369],[56.251801,72.972357],[56.2199,72.826565],[55.480724,72.805813],[55.946056,72.668891],[55.616466,72.696845],[55.723481,72.638332],[55.618175,72.542182],[55.2671,72.586982],[55.536143,72.47248],[55.115571,72.450385],[55.465668,72.436184],[55.376964,72.30268],[55.574962,72.199652],[55.342784,72.065579],[55.452647,72.058783],[55.390473,71.942694],[55.225434,71.929023],[55.506358,71.898017],[55.67213,71.611029],[56.105724,71.258979],[57.638682,70.729885],[57.432628,70.743557],[57.539317,70.704779],[57.452485,70.60635],[56.740489,70.702582],[57.295746,70.564683],[56.585297,70.64232],[56.4935,70.695136],[56.552094,70.753974],[56.199229,70.709377],[56.654552,70.589993],[56.514008,70.544867],[55.80836,70.695136],[56.047862,70.585273],[55.719249,70.611396],[55.602794,70.647935],[55.791515,70.633694],[55.738048,70.707587],[55.404796,70.750393],[55.34962,70.702582],[55.472504,70.65412],[55.250011,70.678534],[55.295584,70.60635],[55.162608,70.553127],[54.513438,70.825426],[54.568126,70.777045],[54.47877,70.736029],[54.767426,70.647935],[54.286957,70.777045],[53.539724,70.804999],[53.300141,70.8664],[53.704763,70.845933],[53.72462,70.968817],[53.50172,71.094428],[54.243988,71.12287],[53.992198,71.16059],[54.164073,71.209662],[54.064464,71.237006],[53.795909,71.155341],[53.450938,71.264309],[53.951182,71.462226],[53.413341,71.311754],[53.25172,71.456041],[53.444102,71.545478],[52.882335,71.393988],[52.609874,71.468695],[52.547211,71.634833],[52.368419,71.534898],[52.41627,71.476549],[52.268809,71.587958],[52.141856,71.545478],[52.279063,71.476549],[51.840343,71.456041],[51.5324,71.565904],[51.409516,71.806138]]],[[[127.404796,73.518622],[127.690929,73.542873],[127.775076,73.49258],[127.404796,73.518622]]],[[[86.892345,73.696723],[86.798839,73.625718],[86.487641,73.621649],[86.892345,73.696723]]],[[[97.158051,76.088284],[97.334809,76.10871],[96.698578,75.995795],[97.158051,76.088284]]],[[[95.177419,76.170844],[95.101573,76.154975],[95.067149,76.200995],[95.177419,76.170844]]],[[[94.999197,76.273261],[94.848888,76.186103],[94.410167,76.212388],[94.999197,76.273261]]],[[[96.57488,76.341498],[96.766938,76.335273],[96.383311,76.335273],[96.57488,76.341498]]],[[[96.896658,76.256496],[97.04127,76.239081],[96.715994,76.208686],[96.854015,76.355658],[97.07545,76.30801],[96.787364,76.212388],[96.896658,76.256496]]],[[[94.163097,76.596015],[94.362315,76.574897],[93.868337,76.588568],[94.163097,76.596015]]],[[[95.266124,76.671088],[94.821462,76.642727],[95.086599,76.69184],[95.266124,76.671088]]],[[[56.98699,74.690497],[55.832693,74.800035],[56.678477,74.948676],[55.726329,75.081488],[56.071137,75.21894],[56.530447,75.078437],[56.907074,75.24018],[56.757986,75.318427],[57.046235,75.398139],[57.741059,75.327867],[57.500824,75.499213],[58.164724,75.578355],[57.925548,75.628974],[58.931,75.867621],[60.347667,76.005683],[60.042735,76.054145],[60.268077,76.110093],[60.83839,76.122992],[60.468435,76.013129],[60.734711,76.005357],[61.145763,76.116116],[60.89975,76.157172],[61.076915,76.279975],[62.382498,76.271186],[62.503673,76.17768],[62.77947,76.270697],[62.956798,76.206936],[63.719249,76.349677],[64.090831,76.312812],[65.484874,76.574897],[65.99879,76.533352],[65.753429,76.682847],[67.588064,77.013373],[68.462901,76.966702],[69.033946,76.712063],[68.787608,76.588568],[68.938324,76.568061],[68.177745,76.314602],[68.287934,76.281317],[63.761729,75.641588],[63.552013,75.711493],[63.620372,75.691067],[63.304373,75.588609],[61.694184,75.375678],[61.4817,75.223456],[61.276622,75.327867],[60.724783,75.027655],[60.571056,75.117906],[60.416026,75.010932],[59.927257,75.005805],[60.687511,74.923814],[60.194102,74.854967],[60.372325,74.793524],[60.276378,74.749661],[59.5088,74.79975],[59.872569,74.676825],[59.755219,74.58747],[59.090505,74.738267],[59.289806,74.642646],[59.083669,74.648871],[59.221446,74.615424],[59.091156,74.49494],[59.145763,74.444037],[58.186778,74.581244],[58.638682,74.42357],[58.570486,74.388861],[58.728038,74.238593],[58.292247,74.221625],[58.521983,74.149237],[58.16212,74.150377],[58.097423,74.059882],[58.21339,74.008368],[58.123302,73.986721],[57.739268,74.05093],[57.531749,74.19184],[57.41212,74.184027],[57.535655,74.09398],[57.260753,74.080308],[57.911876,73.915839],[57.809418,73.895413],[57.945974,73.806586],[57.748709,73.72602],[57.395356,73.845526],[56.555675,73.888577],[57.349864,73.827582],[57.617524,73.66885],[57.350108,73.553412],[56.735118,73.680243],[57.253917,73.45718],[56.908458,73.314683],[56.749278,73.361518],[56.729828,73.244534],[56.12086,73.290025],[55.917491,73.448391],[55.986501,73.385199],[55.924001,73.311998],[54.900076,73.448391],[54.250011,73.328274],[54.033051,73.374661],[54.29363,73.417711],[54.417328,73.477688],[54.184581,73.49136],[54.541515,73.610989],[55.34962,73.717231],[54.53004,73.704169],[54.280772,73.600531],[53.631114,73.759589],[54.801524,73.970445],[54.588634,74.018866],[55.018891,74.173],[55.864431,74.105943],[55.075857,74.265937],[55.746837,74.296332],[55.232921,74.3758],[55.388357,74.445054],[56.287364,74.491685],[55.656912,74.519761],[55.499766,74.566962],[55.529552,74.654853],[56.98699,74.690497]]],[[[93.8684,78.14709],[93.592914,78.172398],[93.792723,78.203025],[93.8684,78.14709]]],[[[92.456798,79.110419],[92.724376,79.07685],[92.175629,79.130845],[92.456798,79.110419]]],[[[92.990571,79.419501],[92.79184,79.383246],[92.588552,79.411689],[92.990571,79.419501]]],[[[92.305431,79.45303],[92.470551,79.432563],[91.784679,79.419501],[92.305431,79.45303]]],[[[91.372244,79.485541],[91.531261,79.449286],[90.793793,79.563544],[91.372244,79.485541]]],[[[100.199962,79.678941],[100.309825,79.665961],[99.905772,79.603827],[99.982921,79.697903],[100.199962,79.678941]]],[[[94.327647,80.028998],[94.177501,79.998603],[93.954356,79.999091],[94.327647,80.028998]]],[[[146.175059,43.538153],[146.151866,43.462795],[146.079356,43.517646],[146.175059,43.538153]]],[[[146.881684,43.859198],[146.914561,43.80272],[146.602224,43.73607],[146.604666,43.80858],[146.881684,43.859198]]],[[[146.469249,44.428778],[146.572113,44.449897],[146.116547,44.254381],[145.588715,43.847561],[145.556163,43.652655],[145.443126,43.724514],[145.410899,43.836005],[145.72877,44.043769],[146.119314,44.506049],[146.469249,44.428778]]],[[[148.799164,45.415676],[148.816661,45.333482],[148.27768,45.222561],[147.913024,44.963002],[147.653801,44.994851],[147.226027,44.581002],[146.861796,44.445337],[146.937027,44.624822],[147.000743,44.565985],[146.998623,44.662612],[147.19658,44.713682],[147.109199,44.827148],[147.21654,44.799007],[147.511404,45.087348],[147.894867,45.223944],[147.939952,45.426256],[148.069591,45.251166],[148.31186,45.275295],[148.726573,45.525214],[148.851329,45.481513],[148.799164,45.415676]]],[[[150.334239,46.210842],[150.56935,46.231758],[150.022951,45.823797],[149.436697,45.586982],[149.667328,45.853217],[150.334239,46.210842]]],[[[152.205577,47.128811],[152.294932,47.142483],[151.850601,46.790473],[151.712169,46.806627],[152.205577,47.128811]]],[[[152.503429,47.383246],[152.524444,47.298646],[152.413154,47.340671],[152.503429,47.383246]]],[[[153.021271,47.799597],[153.059772,47.721843],[152.966108,47.695288],[153.021271,47.799597]]],[[[153.288422,48.07746],[153.275473,48.032739],[153.159069,48.09218],[153.288422,48.07746]]],[[[154.212901,48.91767],[154.056407,48.737779],[154.078136,48.816718],[154.212901,48.91767]]],[[[153.98699,48.965399],[153.983572,48.929389],[153.906912,48.943671],[153.98699,48.965399]]],[[[154.562999,49.157172],[154.511729,49.080227],[154.439464,49.157172],[154.562999,49.157172]]],[[[154.447558,49.816984],[154.460848,49.74432],[154.378956,49.765348],[154.447558,49.816984]]],[[[156.125255,50.637519],[156.152517,50.519029],[155.884939,50.25373],[155.501475,50.137274],[155.395763,49.995795],[155.216563,50.067084],[155.201915,50.293524],[155.689626,50.403713],[156.041189,50.772773],[156.125255,50.637519]]],[[[156.46046,50.873725],[156.51099,50.765849],[156.405772,50.630113],[156.180024,50.688422],[156.199392,50.780504],[156.46046,50.873725]]],[[[155.563487,50.808254],[155.474132,50.92182],[155.672862,50.870307],[155.563487,50.808254]]],[[[142.549653,54.302232],[142.587169,54.3133],[142.588064,54.3039],[142.549653,54.302232]]],[[[137.821788,54.457831],[137.917979,54.509426],[137.715099,54.367174],[137.821788,54.457831]]],[[[137.622569,54.570787],[137.641124,54.400458],[137.568126,54.396633],[137.622569,54.570787]]],[[[168.059255,54.546617],[168.110362,54.503485],[167.439138,54.866278],[168.059255,54.546617]]],[[[137.171235,55.119534],[137.074962,54.933173],[136.670421,54.907294],[137.171235,55.119534]]],[[[138.046723,55.058051],[138.212169,55.036363],[137.718923,54.624335],[137.485362,54.87934],[137.225922,54.777818],[137.567882,55.194648],[137.952159,55.146877],[137.883149,55.002875],[138.046723,55.058051]]],[[[166.664399,54.756415],[166.664399,54.68008],[166.356456,54.839545],[165.992931,55.22191],[165.74643,55.297065],[166.253673,55.331855],[166.250255,55.152289],[166.664399,54.756415]]],[[[150.725271,59.127997],[150.7828,59.090864],[150.472076,59.004153],[150.725271,59.127997]]],[[[164.7069,58.976828],[164.631874,58.865366],[163.846035,58.690515],[163.490019,58.444503],[163.412854,58.535369],[163.610543,58.607463],[163.913191,58.994291],[163.749283,59.01896],[164.558116,59.239691],[164.7069,58.976828]]],[[[155.507711,59.328127],[155.566932,59.340424],[155.569672,59.320869],[155.507711,59.328127]]],[[[29.791352,59.994859],[29.792491,59.978664],[29.699229,60.010321],[29.791352,59.994859]]],[[[27.88502,60.011054],[27.820486,59.982733],[27.809744,60.020209],[27.88502,60.011054]]],[[[27.022227,60.042182],[26.984711,60.017727],[26.950043,60.099555],[27.022227,60.042182]]],[[[28.711762,60.294989],[28.646983,60.265611],[28.556488,60.344468],[28.711762,60.294989]]],[[[28.516856,60.337714],[28.483084,60.32099],[28.427989,60.365912],[28.516856,60.337714]]],[[[35.943126,64.405097],[36.044932,64.360338],[35.856781,64.387356],[35.943126,64.405097]]],[[[35.866873,65.031317],[35.74466,64.961551],[35.506113,65.121288],[35.78645,65.165106],[35.866873,65.031317]]],[[[-169.083363,65.815863],[-168.994618,65.815863],[-169.076527,65.755072],[-169.083363,65.815863]]],[[[42.645838,66.742345],[42.668029,66.666691],[42.4265,66.752009],[42.645838,66.742345]]],[[[32.385997,67.13231],[32.393728,67.100328],[32.337657,67.124905],[32.385997,67.13231]]],[[[59.241954,69.177558],[59.161957,69.174547],[58.81544,69.340766],[59.241954,69.177558]]],[[[34.030121,69.393541],[34.406912,69.352525],[33.984386,69.362982],[34.030121,69.393541]]],[[[50.323009,69.150539],[50.169281,69.011623],[50.223318,69.153957],[49.719737,68.88996],[49.248546,68.779975],[48.592052,68.730862],[48.219412,68.895657],[48.30421,69.276801],[48.906261,69.507961],[49.271739,69.507961],[50.323009,69.150539]]],[[[169.446462,69.849107],[169.277599,69.759508],[169.234711,69.592108],[168.874522,69.567857],[167.753754,69.832343],[168.264659,70.024115],[169.446462,69.849107]]],[[[60.539806,69.818671],[60.25408,69.689439],[59.563487,69.715033],[59.623709,69.804348],[59.431488,69.889472],[58.939708,69.942206],[59.132091,69.873277],[59.015961,69.859687],[58.695567,70.002834],[58.41212,70.260321],[58.824229,70.215888],[58.49464,70.331977],[59.023611,70.479804],[59.553966,70.199612],[60.413829,69.962714],[60.539806,69.818671]]],[[[57.117361,70.558539],[57.22169,70.526068],[56.843028,70.60635],[57.117361,70.558539]]],[[[162.381684,70.681464],[162.484141,70.65412],[162.237804,70.65412],[162.381684,70.681464]]],[[[161.662283,70.791327],[161.521495,70.791327],[161.530528,70.84162],[161.662283,70.791327]]],[[[160.723481,70.838446],[160.504066,70.805012],[160.552811,70.884788],[160.40797,70.914252],[160.723481,70.838446]]],[[[53.231781,71.215888],[53.046886,71.072455],[53.139334,70.993638],[53.009776,70.968207],[52.756358,71.176703],[52.211762,71.308092],[52.741059,71.405829],[53.019542,71.281317],[52.74464,71.374172],[52.875499,71.333197],[52.779307,71.318915],[53.231781,71.215888]]],[[[137.914236,71.558498],[137.965831,71.510688],[137.69337,71.419379],[136.991873,71.517524],[137.914236,71.558498]]],[[[78.279063,72.552191],[78.394542,72.4914],[77.770763,72.304999],[76.852712,72.333075],[77.610199,72.634711],[78.279063,72.552191]]],[[[128.831065,72.655219],[128.974457,72.593817],[128.653331,72.527493],[128.103689,72.634711],[128.831065,72.655219]]],[[[128.317149,72.812323],[128.994083,72.932471],[129.417139,72.812596],[128.317149,72.812323]]],[[[79.562999,72.768256],[79.395274,72.704047],[78.584646,72.841864],[79.173106,73.101386],[79.541352,72.925523],[79.562999,72.768256]]],[[[74.725352,73.107123],[74.961599,73.059963],[74.702647,73.078762],[74.656261,72.858629],[74.093272,73.027777],[74.211681,73.114569],[74.725352,73.107123]]],[[[120.278575,73.100898],[119.720714,73.03384],[119.634451,73.12816],[120.278575,73.100898]]],[[[76.695079,73.186225],[76.712087,73.141059],[76.143891,73.197252],[76.695079,73.186225]]],[[[71.669119,73.227484],[71.730236,73.034409],[71.374501,73.178934],[69.874848,73.038275],[70.064952,73.237128],[69.959321,73.39883],[70.469574,73.499213],[71.229177,73.464748],[70.980317,73.265367],[71.28891,73.251695],[71.43572,73.352973],[71.669119,73.227484]]],[[[76.756602,73.449693],[76.562755,73.486314],[76.16212,73.562567],[76.756602,73.449693]]],[[[75.922618,73.523668],[75.30421,73.408759],[75.619395,73.553412],[76.079356,73.559556],[75.922618,73.523668]]],[[[143.474946,73.320624],[143.565113,73.23115],[143.174945,73.17658],[140.788621,73.410005],[139.9651,73.326567],[139.767088,73.418345],[140.493302,73.485044],[141.127208,73.881659],[142.045177,73.916571],[143.407237,73.542792],[143.536957,73.443549],[143.440929,73.408759],[143.474946,73.320624]]],[[[124.585948,73.915839],[124.660655,73.891995],[124.287852,73.880927],[124.585948,73.915839]]],[[[84.355235,74.018866],[84.418305,73.970445],[83.884532,74.018866],[84.418305,74.039984],[84.355235,74.018866]]],[[[83.513438,74.121283],[83.620128,74.090888],[82.814464,74.09398],[83.513438,74.121283]]],[[[82.568044,74.162909],[82.740001,74.101386],[82.317556,74.116848],[82.568044,74.162909]]],[[[136.258962,73.957465],[136.135265,73.879218],[135.354015,74.259101],[136.258962,73.957465]]],[[[141.09783,74.149237],[141.037771,74.003852],[140.545095,73.915839],[140.164716,74.070638],[140.221889,74.220082],[140.3499,74.254216],[140.891449,74.276516],[141.09783,74.149237]]],[[[116.098318,74.354682],[116.005626,74.284857],[115.885753,74.323635],[116.098318,74.354682]]],[[[84.87086,74.505561],[84.934825,74.482001],[84.54184,74.457099],[84.732758,74.395697],[84.386567,74.457668],[84.87086,74.505561]]],[[[113.405772,74.444037],[113.220063,74.244818],[112.774913,74.08808],[111.459239,74.313707],[111.951345,74.370795],[112.007335,74.538153],[112.110118,74.551215],[113.405772,74.444037]]],[[[85.53891,74.574408],[85.630707,74.511298],[85.148123,74.537177],[85.53891,74.574408]]],[[[86.078461,74.555243],[86.207205,74.512356],[85.658458,74.471381],[85.802989,74.574408],[86.078461,74.555243]]],[[[79.614106,74.601752],[79.490001,74.516913],[79.148692,74.607896],[79.614106,74.601752]]],[[[85.227061,74.745103],[85.09669,74.755601],[85.49586,74.81387],[85.706228,74.731431],[85.227061,74.745103]]],[[[87.028982,74.991523],[87.138845,74.936916],[86.68686,74.895941],[86.919607,74.81981],[86.21339,74.903388],[87.028982,74.991523]]],[[[82.136567,75.14232],[82.151541,75.108629],[82.026703,75.12873],[82.136567,75.14232]]],[[[82.239594,75.375678],[82.294281,75.334174],[82.041189,75.337836],[82.013031,75.177151],[81.870779,75.315904],[81.492442,75.362047],[81.751801,75.463284],[81.73878,75.382514],[81.939626,75.3935],[81.896983,75.492377],[82.170746,75.519721],[82.164561,75.43773],[82.013031,75.444037],[82.239594,75.375678]]],[[[150.827647,75.163398],[150.958018,75.14232],[150.654063,75.00788],[150.609223,74.8935],[149.208995,74.758002],[148.17213,74.803534],[146.071788,75.240302],[146.16863,75.396186],[146.407074,75.47134],[146.341482,75.52265],[146.436209,75.596747],[146.770763,75.506741],[146.634288,75.43773],[146.796723,75.36636],[148.407725,75.421088],[148.580089,75.382514],[148.444509,75.287299],[148.610362,75.215522],[150.129405,75.225531],[150.560802,75.12873],[150.500255,75.094468],[150.827647,75.163398]]],[[[136.975108,75.591742],[136.9699,75.607815],[137.056814,75.578315],[136.975108,75.591742]]],[[[137.059906,75.640774],[137.139903,75.652818],[136.970225,75.609687],[137.059906,75.640774]]],[[[135.991384,75.527167],[135.983409,75.417182],[135.450043,75.375678],[135.693126,75.86933],[135.864757,75.704657],[136.184337,75.615912],[135.991384,75.527167]]],[[[82.109548,75.888983],[82.259044,75.875963],[81.553884,75.930609],[82.109548,75.888983]]],[[[83.27947,75.956285],[82.862315,75.917182],[82.259044,75.972235],[83.27947,75.956285]]],[[[145.366222,75.540229],[144.72934,75.431586],[144.677745,75.327826],[144.941091,75.273342],[144.376313,75.053046],[143.998546,75.02497],[142.884451,75.146796],[142.494314,75.375678],[142.534516,75.476549],[143.01352,75.602444],[143.00115,75.707953],[142.337901,75.725653],[142.434093,75.677965],[142.008311,75.622748],[142.139659,75.59516],[142.080577,75.534735],[142.162852,75.379096],[142.439464,75.203111],[142.668712,75.087958],[143.707774,74.947455],[142.514008,74.817369],[141.974132,74.933783],[142.364513,74.93065],[142.198741,75.004218],[141.843761,74.998969],[140.068696,74.827948],[139.652029,74.98078],[139.458507,74.93065],[139.644786,74.889106],[139.496267,74.767564],[139.127208,74.652289],[137.895274,74.846177],[137.793793,74.975409],[137.134125,75.141547],[136.862153,75.362047],[137.422374,75.369818],[137.143321,75.410224],[137.301036,75.47134],[137.180675,75.550727],[137.29363,75.60163],[137.067638,75.725775],[137.742686,75.749091],[137.432953,75.953192],[138.376638,76.157172],[138.43214,76.063381],[138.532725,76.186103],[139.048839,76.239081],[138.897309,76.218736],[139.82545,75.970038],[139.911632,75.937445],[139.798595,75.886176],[139.956065,75.835842],[140.509532,75.790473],[140.475841,75.640326],[141.062266,75.650092],[140.864431,75.738837],[141.000987,76.047431],[141.624685,76.013129],[141.310069,76.184475],[142.546886,75.862982],[143.947113,75.834784],[145.366222,75.540229]]],[[[96.644054,76.267035],[96.595551,76.157172],[96.446788,76.271633],[96.246104,76.204983],[96.396495,76.17768],[96.344737,76.105048],[95.266124,76.218573],[95.349946,76.288764],[96.644054,76.267035]]],[[[113.292491,76.363227],[113.117686,76.376899],[113.264334,76.444322],[113.446625,76.369452],[113.292491,76.363227]]],[[[111.958832,76.6022],[112.367198,76.658149],[112.714122,76.520453],[112.567882,76.443508],[111.958832,76.6022]]],[[[96.472016,76.691596],[95.982677,76.620673],[96.004161,76.679633],[96.472016,76.691596]]],[[[95.650238,76.677924],[95.834727,76.691596],[95.417003,76.705268],[95.650238,76.677924]]],[[[97.476329,76.650336],[97.596202,76.6022],[97.34311,76.599311],[97.386974,76.653998],[97.288259,76.691596],[97.476329,76.650336]]],[[[149.374713,76.738202],[149.20009,76.626806],[148.431789,76.629326],[149.453497,76.768779],[149.374713,76.738202]]],[[[96.527354,77.205512],[96.589366,77.14411],[96.235037,76.990465],[95.231944,77.006293],[96.527354,77.205512]]],[[[105.784923,77.280585],[106.011485,77.287421],[105.861827,77.254869],[105.784923,77.280585]]],[[[89.68922,77.280585],[89.81702,77.21059],[89.49279,77.140757],[89.134613,77.217719],[89.304373,77.307929],[89.68922,77.280585]]],[[[106.361176,77.321926],[106.434093,77.327948],[106.390391,77.304755],[106.361176,77.321926]]],[[[107.745128,77.329047],[107.204845,77.23432],[107.457042,77.280585],[107.279552,77.301703],[107.395356,77.360256],[107.745128,77.329047]]],[[[106.861176,77.445746],[106.52475,77.390448],[106.943126,77.458726],[106.861176,77.445746]]],[[[107.704112,78.137152],[107.45102,78.053168],[106.39503,78.130927],[107.704112,78.137152]]],[[[106.532237,78.253852],[105.990977,78.219143],[106.470063,78.342597],[106.765636,78.308498],[106.450206,78.261298],[106.532237,78.253852]]],[[[105.415538,78.583441],[104.787364,78.336371],[102.66033,78.164496],[101.209809,78.193508],[99.871267,77.952216],[99.371349,77.959662],[99.268321,78.041571],[100.049653,78.343207],[100.000743,78.417711],[100.385265,78.751614],[101.166352,78.760972],[100.823741,78.808783],[100.784923,78.895087],[100.907237,78.985093],[101.625662,78.986884],[100.988129,79.062649],[101.194184,79.202867],[101.817556,79.371039],[102.246267,79.241645],[102.139659,79.356838],[102.302908,79.432807],[103.153168,79.309638],[102.82545,79.227118],[102.379161,78.822455],[102.921153,79.058417],[103.624278,79.17121],[104.455333,78.966742],[104.524913,78.885077],[104.36671,78.857123],[104.654552,78.829901],[104.578868,78.775214],[104.759044,78.853339],[105.175059,78.809272],[105.415538,78.583441]]],[[[77.613617,79.521918],[76.696056,79.477607],[76.051443,79.648505],[77.613617,79.521918]]],[[[93.628184,79.933417],[93.813731,79.898668],[93.052094,79.715277],[91.921886,79.678941],[92.353282,79.734198],[91.07252,79.850979],[91.298595,79.919135],[90.866547,80.062567],[93.628184,79.933417]]],[[[51.346853,79.953315],[51.505138,79.933417],[50.045258,79.974433],[51.000987,80.102525],[51.346853,79.953315]]],[[[36.593598,80.158759],[36.853689,80.151923],[36.707205,80.144721],[36.593598,80.158759]]],[[[99.885997,79.04149],[99.925548,78.94599],[99.40561,78.822455],[97.442231,78.817206],[97.603038,78.843492],[96.798513,78.989203],[95.672537,79.000963],[95.523774,79.109076],[94.826671,79.066636],[94.333995,79.248603],[94.312266,79.479193],[93.696951,79.459866],[93.991222,79.494045],[93.690196,79.542426],[93.882009,79.603827],[93.23585,79.438951],[93.114106,79.467271],[93.32016,79.501451],[92.854177,79.556098],[94.690115,79.816107],[94.22462,79.898668],[94.951996,80.104478],[95.241873,80.021552],[95.502126,80.111477],[97.592133,80.174872],[98.08961,80.056342],[97.520518,79.809272],[97.608735,79.776597],[97.19158,79.706936],[97.705821,79.76317],[97.926117,79.902167],[98.377208,79.877875],[98.582367,79.975979],[98.439138,80.015367],[98.556977,80.058539],[99.198985,80.049994],[100.022472,79.823554],[100.076996,79.78266],[99.817068,79.741645],[99.885997,79.693264],[99.707205,79.569078],[99.789073,79.521918],[99.666677,79.312242],[99.034923,79.295966],[99.885997,79.04149]]],[[[50.081309,80.068061],[49.531261,80.158759],[50.335623,80.181586],[50.081309,80.068061]]],[[[55.794932,80.642279],[55.431651,80.71426],[56.530447,80.787095],[56.946056,80.693793],[55.794932,80.642279]]],[[[46.687266,80.529283],[46.083995,80.439887],[46.043712,80.573554],[45.51531,80.519761],[44.857432,80.617418],[47.536306,80.856676],[48.496349,80.798082],[48.654796,80.755194],[48.455577,80.727281],[48.764008,80.659613],[48.063731,80.662421],[47.74879,80.770494],[47.30421,80.652777],[47.430675,80.593817],[46.687266,80.529283]]],[[[62.221934,80.813218],[62.259451,80.741441],[62.037446,80.665839],[62.115977,80.622382],[61.044607,80.405178],[60.307384,80.495551],[59.636404,80.43122],[59.241954,80.529283],[59.372325,80.570258],[59.221446,80.652777],[59.693858,80.837144],[60.36199,80.789984],[61.60255,80.895657],[62.221934,80.813218]]],[[[58.130056,80.780748],[57.815684,80.809882],[58.74586,80.902737],[59.029063,80.824123],[58.130056,80.780748]]],[[[55.76588,80.783677],[54.87672,80.721137],[53.980317,80.81623],[55.097016,80.902818],[55.986501,80.803656],[55.76588,80.783677]]],[[[51.689301,80.727281],[50.949555,80.53677],[49.675304,80.481513],[49.816173,80.401028],[48.839529,80.387844],[48.626964,80.295315],[49.107188,80.189521],[48.528331,80.209133],[48.372406,80.091783],[47.627696,80.072211],[48.085134,80.20718],[47.101817,80.170315],[46.618419,80.295315],[47.088552,80.371649],[48.132986,80.326483],[47.619477,80.405178],[48.23585,80.426907],[47.379405,80.453559],[48.375499,80.571112],[49.188243,80.52143],[49.407074,80.617418],[49.284923,80.645331],[49.631033,80.639594],[49.681977,80.721137],[48.955333,80.734768],[50.237153,80.933498],[50.443044,80.906073],[49.997325,80.865058],[50.855968,80.918524],[51.045177,80.851467],[50.251231,80.741604],[51.689301,80.727281]]],[[[79.806651,80.974311],[80.437185,80.940172],[80.326427,80.860541],[78.97462,80.842597],[79.210704,80.96133],[79.806651,80.974311]]],[[[58.653656,81.043769],[58.366954,80.94595],[57.840994,81.047675],[58.653656,81.043769]]],[[[57.336436,80.891791],[56.095551,81.09101],[56.702891,81.113105],[58.2824,80.9265],[57.336436,80.891791]]],[[[54.564138,80.995429],[54.417328,81.00845],[54.670909,81.12519],[55.520274,81.00845],[56.019216,81.043606],[57.716075,80.793158],[57.058767,80.69184],[55.380626,80.968573],[54.564138,80.995429]]],[[[50.476573,81.069973],[50.347423,81.09101],[50.529633,81.167873],[50.976817,81.105902],[50.374278,81.022773],[50.476573,81.069973]]],[[[91.547211,81.153795],[91.186209,81.05683],[89.893891,81.17357],[91.547211,81.153795]]],[[[97.747081,80.741604],[97.972911,80.721137],[97.130626,80.665839],[97.020763,80.525865],[97.205821,80.355618],[97.422862,80.326972],[97.187999,80.233588],[94.53004,80.131008],[93.749848,79.996772],[92.065766,80.172431],[92.888194,80.172431],[92.107432,80.28974],[93.32016,80.276068],[93.244395,80.309556],[91.42213,80.309556],[92.627615,80.391547],[91.887706,80.460395],[92.769298,80.51675],[92.825206,80.650621],[93.270274,80.797105],[92.497244,80.775702],[93.162608,80.946967],[93.052745,80.995429],[95.547211,81.220771],[95.033946,81.248684],[95.103526,81.271308],[95.776622,81.288804],[96.766368,80.949937],[97.883556,80.769477],[97.747081,80.741604]]],[[[57.266124,81.426825],[56.740489,81.453518],[57.784028,81.564765],[58.570486,81.413153],[57.266124,81.426825]]],[[[62.503673,81.652777],[62.106456,81.68008],[63.805919,81.660142],[63.467459,81.589057],[62.503673,81.652777]]],[[[58.295421,81.714179],[57.891287,81.707953],[58.145274,81.776842],[57.939708,81.803616],[58.156098,81.830268],[59.439952,81.817816],[58.295421,81.714179]]],[[[150.843331,46.448224],[150.780077,46.457159],[150.808481,46.486438],[150.843331,46.448224]]],[[[154.836681,49.650051],[154.90504,49.630805],[154.815115,49.310207],[154.605968,49.29267],[154.836681,49.650051]]],[[[59.034353,75.959866],[59.262462,75.965399],[58.693207,75.903266],[59.034353,75.959866]]],[[[59.00172,79.980618],[58.768728,80.021064],[59.529145,80.120917],[59.927257,79.994859],[59.372081,79.919664],[59.00172,79.980618]]],[[[55.712087,80.103461],[56.019054,80.18183],[55.97283,80.323188],[56.129893,80.351223],[57.021983,80.364],[57.153575,80.198961],[57.046886,80.154364],[57.117931,80.096015],[56.956798,80.066311],[55.712087,80.103461]]],[[[52.622895,80.183295],[52.182872,80.276068],[53.149587,80.412584],[53.869477,80.270941],[53.489919,80.17182],[52.622895,80.183295]]],[[[57.528819,80.131415],[57.27768,80.178371],[57.242849,80.411526],[56.946056,80.481513],[58.452403,80.468085],[59.276134,80.330024],[58.390961,80.320217],[58.076915,80.261786],[58.474864,80.222357],[58.406505,80.165595],[57.528819,80.131415]]],[[[53.798025,80.472886],[53.972911,80.529283],[53.883311,80.610745],[54.465099,80.481513],[53.798025,80.472886]]],[[[60.256196,81.036363],[61.701671,81.105292],[60.987804,80.922024],[60.022716,80.995429],[60.256196,81.036363]]],[[[62.770518,80.885565],[64.036469,80.986884],[64.186046,81.019029],[64.120372,81.093573],[64.27475,81.169135],[64.704845,81.205268],[65.229828,81.136705],[65.465668,80.934882],[64.586681,80.755194],[63.130707,80.683092],[62.503673,80.824123],[62.770518,80.885565]]],[[[57.336192,81.205268],[58.083751,81.214545],[56.994395,81.166164],[57.336192,81.205268]]],[[[55.646821,81.200263],[55.431651,81.283433],[56.54477,81.254788],[56.335948,81.385199],[56.726248,81.397162],[57.90504,81.297105],[55.646821,81.200263]]],[[[58.563487,81.324408],[58.464122,81.334947],[59.017914,81.403388],[59.385427,81.330552],[58.563487,81.324408]]],[[[61.903656,81.604926],[62.1963,81.564846],[61.653982,81.604926],[61.903656,81.604926]]],[[[40.454926,64.581855],[39.824229,64.679755],[40.188487,64.708238],[40.454926,64.581855]]],[[[40.001964,64.737372],[39.980479,64.729438],[39.949718,64.741929],[40.001964,64.737372]]],[[[40.145193,64.73428],[40.034841,64.760565],[40.333507,64.772406],[40.406749,64.642483],[40.145193,64.73428]]],[[[36.01295,65.051703],[35.920584,65.021186],[35.927419,65.054104],[36.01295,65.051703]]],[[[36.211436,65.158271],[36.046886,65.126899],[35.990082,65.183539],[36.211436,65.158271]]],[[[54.329763,68.311469],[54.204845,68.24901],[54.302908,68.327379],[54.329763,68.311469]]],[[[53.912283,68.361965],[53.957693,68.293362],[53.865733,68.306952],[53.912283,68.361965]]],[[[49.049083,68.678412],[49.124278,68.66767],[48.765961,68.696601],[49.049083,68.678412]]],[[[49.579275,68.819281],[49.591075,68.808661],[49.491954,68.792426],[49.579275,68.819281]]],[[[54.266775,68.81684],[54.395356,68.782538],[54.192719,68.813707],[54.266775,68.81684]]],[[[49.814301,68.899482],[49.839529,68.90058],[49.75172,68.877427],[49.814301,68.899482]]],[[[54.974294,68.939887],[55.019542,68.915432],[54.92335,68.92414],[54.974294,68.939887]]],[[[50.082856,68.960924],[50.09783,68.953437],[50.000743,68.932318],[50.082856,68.960924]]],[[[67.217296,69.420559],[67.308279,69.43769],[67.132172,69.363918],[66.93865,69.439399],[67.217296,69.420559]]],[[[67.327973,69.572699],[67.258962,69.438625],[67.021821,69.476955],[67.327973,69.572699]]],[[[66.837087,70.391913],[66.590343,70.473049],[66.668468,70.538275],[66.837087,70.391913]]],[[[66.559255,70.544257],[66.397309,70.630316],[66.427989,70.799506],[66.559255,70.544257]]],[[[66.600434,70.913764],[66.43393,70.827135],[66.59962,71.004381],[66.600434,70.913764]]],[[[53.369802,71.291734],[53.354747,71.279731],[53.161469,71.354885],[53.369802,71.291734]]],[[[152.875255,76.151353],[152.773448,76.083401],[152.709809,76.186672],[152.875255,76.151353]]],[[[156.660981,77.107611],[156.659679,77.08454],[156.507498,77.11164],[156.660981,77.107611]]],[[[92.062266,77.62995],[92.094981,77.605048],[91.88087,77.612006],[92.062266,77.62995]]],[[[58.814789,79.916693],[58.636729,79.899482],[58.630056,79.978258],[58.814789,79.916693]]],[[[60.167247,80.168524],[60.200694,80.142524],[59.891287,80.175442],[60.167247,80.168524]]],[[[54.407725,80.284817],[54.178071,80.189276],[54.101248,80.272895],[54.407725,80.284817]]],[[[55.49879,80.31684],[54.996593,80.237616],[55.011078,80.260403],[55.49879,80.31684]]],[[[54.987478,80.414374],[55.270518,80.418647],[55.087169,80.381252],[54.987478,80.414374]]],[[[54.841807,80.431342],[54.390391,80.386542],[54.62672,80.47724],[54.841807,80.431342]]],[[[54.821462,80.464789],[54.622406,80.511298],[55.073009,80.484076],[54.821462,80.464789]]],[[[59.737153,81.189765],[59.742686,81.166734],[58.99464,81.198188],[59.737153,81.189765]]],[[[60.562755,81.273627],[60.473969,81.246894],[59.840587,81.291571],[60.562755,81.273627]]],[[[58.368907,81.579657],[58.275727,81.592719],[58.702322,81.612616],[58.368907,81.579657]]],[[[132.44988,42.828111],[132.447276,42.807318],[132.404633,42.859117],[132.44988,42.828111]]],[[[47.851085,43.999213],[47.709809,43.935777],[47.632986,43.952541],[47.851085,43.999213]]],[[[47.997081,45.467841],[47.927989,45.534003],[47.9463,45.644924],[47.997081,45.467841]]],[[[139.225456,54.589358],[139.270026,54.610265],[139.262138,54.591994],[139.225456,54.589358]]],[[[138.190013,54.715579],[138.240995,54.713712],[138.195944,54.70111],[138.190013,54.715579]]],[[[149.032789,59.192178],[149.091827,59.203748],[149.09837,59.175387],[149.032789,59.192178]]],[[[-172.47529,64.641832],[-172.5655,64.595526],[-172.707631,64.620022],[-172.47529,64.641832]]],[[[67.381196,68.792263],[67.336111,68.764431],[67.158214,68.787543],[67.381196,68.792263]]],[[[-175.585683,71.379869],[-175.608754,71.353949],[-175.738108,71.383694],[-175.585683,71.379869]]],[[[161.893767,69.653838],[161.866936,69.554554],[161.665617,69.620548],[161.893767,69.653838]]],[[[170.124871,69.773378],[170.275277,69.773371],[169.95521,69.726742],[170.124871,69.773378]]],[[[83.305109,70.805515],[83.469408,70.737735],[83.30476,70.644604],[83.309572,70.4431],[83.065271,70.365329],[83.305109,70.805515]]],[[[97.645681,76.756212],[97.520844,76.744289],[97.166921,76.745714],[97.645681,76.756212]]],[[[89.047128,77.140895],[89.135898,77.127114],[88.919571,76.977101],[88.663875,77.080351],[89.047128,77.140895]]]]}},{"type":"Feature","properties":{"name":"Kyrgyzstan","ISO3166-1-Alpha-3":"KGZ","ISO3166-1-Alpha-2":"KG"},"geometry":{"type":"Polygon","coordinates":[[[80.210328,42.189519],[80.231206,42.033689],[79.842909,42.00183],[79.747514,41.879745],[79.282323,41.783497],[78.359899,41.377527],[78.074955,41.039512],[76.860972,41.013208],[76.330152,40.348081],[76.244162,40.441202],[75.681819,40.291702],[75.559863,40.63287],[75.19389,40.441254],[74.835359,40.511637],[74.862128,40.32617],[73.966368,40.033268],[73.823018,39.805685],[73.926784,39.592882],[73.820744,39.468186],[73.167864,39.355377],[72.519015,39.375686],[72.31634,39.328815],[72.228903,39.189237],[72.049793,39.368864],[71.751207,39.274245],[71.740251,39.448343],[71.512875,39.458833],[71.459545,39.612105],[70.770129,39.382093],[70.477227,39.601201],[69.300348,39.515625],[69.226296,39.751011],[69.310322,39.984796],[69.501576,39.922474],[69.518009,40.125097],[70.004595,40.208761],[70.525493,40.033682],[70.477227,39.900925],[70.995129,40.266587],[71.253821,40.324413],[71.521246,40.203749],[71.62832,40.258887],[71.707178,40.144269],[72.01889,40.240026],[71.956672,40.31568],[72.165858,40.454431],[72.394061,40.389422],[72.351893,40.601967],[72.625468,40.5105],[73.148641,40.813686],[72.658231,40.867171],[72.33236,41.072843],[72.165135,40.999359],[72.158417,41.187875],[71.871613,41.194489],[71.671418,41.547388],[71.585532,41.323525],[71.418772,41.3474],[71.416085,41.127362],[71.206382,41.188753],[71.18013,41.108138],[70.770439,41.238518],[70.66781,41.471372],[70.453198,41.405484],[70.166549,41.520206],[70.814003,41.919535],[70.845474,42.030356],[71.238215,42.160244],[70.852657,42.306075],[71.064168,42.470329],[71.00319,42.563527],[71.404613,42.794883],[72.292362,42.76106],[73.505105,42.402943],[73.412707,42.627322],[73.57094,43.031922],[73.965335,43.216924],[74.213899,43.202635],[74.178759,43.261702],[75.178594,42.84966],[75.620428,42.805295],[75.797161,42.936192],[76.414074,42.885497],[76.956884,42.988514],[79.148274,42.790981],[79.425673,42.469605],[79.917943,42.42444],[80.210328,42.189519]],[[71.78552,39.989705],[71.665527,39.940199],[71.757304,39.903095],[71.78552,39.989705]],[[71.176926,40.042001],[71.008564,40.157757],[70.954046,40.095797],[71.021897,39.880823],[71.208449,39.888781],[71.244002,40.046756],[71.176926,40.042001]],[[70.498725,39.881908],[70.581614,39.766566],[70.70481,39.822067],[70.498725,39.881908]]]}},{"type":"Feature","properties":{"name":"Pakistan","ISO3166-1-Alpha-3":"PAK","ISO3166-1-Alpha-2":"PK"},"geometry":{"type":"MultiPolygon","coordinates":[[[[75.981083,36.445444],[75.922321,36.031652],[76.08996,35.978115],[76.166027,35.806239],[76.555461,35.897862],[77.048971,35.110442],[77.013108,34.986393],[76.757619,34.915131],[76.63959,34.741136],[76.023401,34.677161],[75.777111,34.503812],[74.285832,34.768887],[73.919343,34.642538],[73.779817,34.396067],[73.990553,34.218507],[73.916242,34.02795],[74.272293,33.96214],[73.966162,33.734531],[74.157778,33.494236],[74.002335,33.177692],[74.311257,32.994292],[74.34619,32.76689],[74.685291,32.831227],[74.689322,32.471352],[75.023668,32.466262],[75.359048,32.261675],[75.294659,32.148892],[74.828641,32.025437],[74.540804,31.810876],[74.489437,31.711192],[74.617181,31.458908],[74.506387,31.175411],[74.658833,31.083789],[74.319215,30.893413],[73.85175,30.372669],[73.944354,30.188288],[73.370332,29.927322],[72.930359,29.047685],[72.354581,28.767186],[71.874403,27.95969],[70.831573,27.701463],[70.534898,28.015965],[70.341939,28.01147],[69.534443,27.125581],[69.50416,26.735165],[70.158074,26.530113],[70.064643,25.980327],[70.249231,25.707683],[70.653857,25.674455],[70.654478,25.39659],[71.063858,24.682577],[70.954821,24.584521],[71.073057,24.402103],[70.755453,24.231442],[70.584714,24.2579],[70.520946,24.424919],[70.109705,24.3049],[69.972039,24.165219],[68.904197,24.320584],[68.838774,24.236455],[68.747307,24.331177],[68.724466,23.965179],[68.330433,23.966574],[68.183035,23.842108],[68.157481,23.905097],[68.149099,23.694525],[68.01352,23.939276],[68.01352,23.768541],[67.855235,23.911933],[67.831716,23.809516],[67.637706,23.801744],[67.650401,23.933051],[67.614513,23.850084],[67.478526,23.891506],[67.533051,24.070258],[67.354015,24.070868],[67.300304,24.186265],[67.285981,24.329576],[67.362478,24.34394],[67.149587,24.635077],[67.255544,24.747992],[66.654145,24.839179],[66.737153,25.181098],[66.375499,25.625678],[66.094412,25.47484],[66.336436,25.553371],[66.498383,25.398505],[66.251801,25.472886],[65.65211,25.344468],[64.744395,25.324042],[64.65504,25.165717],[64.56544,25.27025],[64.094493,25.335883],[64.155284,25.446926],[64.045421,25.450344],[63.976573,25.412787],[64.059744,25.34455],[63.57252,25.364976],[63.469493,25.289252],[63.500499,25.193671],[62.527479,25.264188],[62.34311,25.155463],[62.381052,25.087572],[62.145193,25.218411],[62.097179,25.107123],[61.729551,25.021783],[61.783051,25.187974],[61.588227,25.202094],[61.832949,26.225377],[62.265119,26.360976],[62.418495,26.562307],[63.141344,26.625404],[63.261647,26.871746],[63.231365,27.065843],[63.319628,27.117312],[63.177105,27.258441],[62.742351,27.266812],[62.814698,27.494964],[62.761523,28.246442],[62.575643,28.229027],[62.362787,28.418887],[61.89279,28.5426],[61.566505,28.870978],[61.337372,29.374384],[60.844379,29.858179],[62.477509,29.407819],[63.568605,29.497477],[64.086093,29.386605],[64.477697,29.570367],[65.036371,29.540162],[66.195628,29.835338],[66.340529,29.956571],[66.219296,30.057856],[66.366264,30.922868],[66.550025,30.976973],[66.696993,31.195823],[66.943283,31.314731],[67.346204,31.20776],[67.764731,31.334058],[67.568981,31.52986],[67.966063,31.638225],[68.138559,31.824674],[68.49802,31.725248],[68.418748,31.783022],[68.675787,31.774702],[68.803841,31.602568],[69.040106,31.673107],[69.29885,31.93769],[69.232859,32.462671],[69.426025,32.655088],[69.376313,32.771877],[69.487727,33.028373],[69.994725,33.127333],[70.294448,33.318949],[70.118128,33.716522],[69.957518,33.752695],[69.847188,33.926948],[69.872613,34.017227],[70.521979,33.938705],[71.062618,34.054253],[71.122046,34.356819],[70.956991,34.532002],[71.637932,35.189688],[71.529825,35.300895],[71.622429,35.429621],[71.464402,35.794715],[71.165919,36.045708],[71.61044,36.457931],[71.782626,36.396539],[71.773221,36.480048],[72.169682,36.711352],[72.565214,36.820596],[73.640083,36.896638],[74.035305,36.815583],[74.66245,37.054484],[74.87236,36.907102],[75.100149,36.994125],[75.351297,36.915784],[75.431912,36.722928],[75.728741,36.723186],[75.981083,36.445444]]],[[[67.375499,24.06273],[67.485362,24.048529],[67.426931,24.007514],[67.375499,24.06273]]]]}},{"type":"Feature","properties":{"name":"Myanmar","ISO3166-1-Alpha-3":"MMR","ISO3166-1-Alpha-2":"MM"},"geometry":{"type":"MultiPolygon","coordinates":[[[[92.575879,21.977574],[92.683779,22.154308],[92.877462,21.957007],[92.968103,21.987238],[93.024533,22.201902],[93.173672,22.259418],[93.079517,22.77272],[93.175532,22.881705],[93.152381,23.049938],[93.272787,23.00591],[93.3749,23.129726],[93.432364,23.647317],[93.32219,24.080056],[93.456652,23.95996],[93.711106,24.005461],[94.131856,23.856969],[94.708565,25.02589],[94.553329,25.204147],[94.608003,25.394627],[95.008805,25.737138],[95.00064,25.922036],[95.151225,26.049936],[95.041775,26.287596],[95.122803,26.611607],[95.410641,26.701627],[96.142586,27.25751],[96.705239,27.36076],[96.865332,27.171624],[97.119167,27.087288],[96.87019,27.61909],[97.333521,27.894164],[97.323496,28.217478],[97.527721,28.529526],[97.897518,28.355325],[98.126961,28.124279],[98.294703,27.536615],[98.410251,27.684254],[98.679279,27.577336],[98.755553,26.625043],[98.642175,26.254523],[98.70553,26.174941],[98.54554,26.105643],[98.692404,25.87899],[98.498101,25.830724],[98.332633,25.566968],[98.140087,25.611461],[98.044899,25.311944],[97.800986,25.237634],[97.699597,25.065009],[97.765226,24.834661],[97.532785,24.723324],[97.513252,24.438587],[97.6473,24.432334],[97.720061,24.147442],[97.516456,23.942829],[97.624666,23.846711],[98.10505,24.101527],[98.865727,24.145685],[98.658815,23.961123],[98.663672,23.796947],[98.856012,23.610007],[98.780874,23.532854],[98.889602,23.406789],[98.859009,23.179387],[99.21661,23.057379],[99.333812,23.129623],[99.538038,22.926431],[99.413394,22.930746],[99.307974,22.745176],[99.35779,22.495476],[99.14447,22.153533],[99.942406,22.045529],[99.95026,21.721156],[100.142807,21.654907],[100.089994,21.52892],[100.187145,21.427892],[100.341968,21.530367],[100.621744,21.469078],[101.082801,21.766735],[101.173855,21.611912],[101.003426,21.405981],[100.725407,21.311672],[100.517823,20.906322],[100.65213,20.876608],[100.21133,20.697394],[100.099295,20.317805],[99.937135,20.445006],[99.651932,20.306824],[99.420629,20.375553],[99.510339,20.15381],[99.295675,20.062497],[99.073466,20.101229],[98.899317,19.748615],[98.80785,19.806544],[98.237548,19.664692],[98.024538,19.802978],[98.008312,19.639112],[97.767086,19.397525],[97.810804,19.11222],[97.657842,18.925719],[97.745692,18.571064],[97.509531,18.491276],[97.351401,18.551169],[97.486483,18.29214],[97.637585,18.306326],[97.759335,17.691479],[98.50947,16.892665],[98.456657,16.723218],[98.663259,16.286656],[98.839579,16.472432],[98.902521,16.381637],[98.807229,16.110542],[98.546987,16.047497],[98.559906,15.355317],[98.283024,15.289972],[98.160447,15.106366],[98.243336,14.805118],[98.54771,14.377676],[99.090003,13.870111],[99.190152,13.229504],[99.093207,13.038327],[99.224465,12.717468],[99.403265,12.575926],[99.452255,12.12939],[99.541655,12.140655],[99.630022,11.815766],[99.212993,11.108264],[98.766715,10.688754],[98.747406,10.350531],[98.543142,9.987454],[98.459321,10.715399],[98.712413,10.924384],[98.735606,11.642035],[98.891612,11.693671],[98.78297,11.755113],[98.80893,11.851304],[98.674164,11.685248],[98.603526,11.803616],[98.706554,11.878648],[98.549001,11.878648],[98.721446,11.997789],[98.629649,12.131985],[98.703298,12.237779],[98.539073,12.241767],[98.706554,12.347886],[98.605154,12.428941],[98.709727,12.512397],[98.623057,12.558173],[98.692882,12.725287],[98.578461,13.186754],[98.244802,13.714057],[98.192149,14.064683],[98.144298,13.537095],[98.110118,14.167792],[97.885509,14.684068],[98.027599,14.647528],[97.94988,14.798896],[97.850352,14.723619],[97.79477,14.880316],[97.727061,15.843207],[97.568858,16.062405],[97.637218,16.477362],[97.740245,16.559272],[97.370291,16.483547],[97.183279,16.921536],[97.157237,17.086859],[97.260997,17.107327],[97.130626,17.079413],[96.883067,17.457424],[96.821544,17.394721],[96.910655,17.317084],[96.910899,17.024807],[96.679473,16.574868],[96.436261,16.477768],[96.265961,16.596829],[96.28712,16.813137],[96.171153,16.771552],[96.3213,16.415269],[96.118988,16.321763],[96.006602,16.387356],[96.067556,16.310248],[95.797699,16.144924],[95.724864,16.222846],[95.664724,15.949205],[95.415782,15.722968],[95.287934,15.740139],[95.361583,16.148383],[95.212738,15.786566],[95.097667,16.025133],[95.225922,16.11994],[95.135753,16.148383],[95.033946,15.805732],[94.846853,15.790595],[94.924083,16.03852],[94.863129,16.127753],[94.992442,16.2508],[94.721202,15.856676],[94.601329,15.92121],[94.793712,16.162014],[94.56658,15.935492],[94.73227,16.524563],[94.62794,16.260199],[94.629731,16.344184],[94.521169,16.295478],[94.428071,16.074164],[94.239513,15.976304],[94.268321,16.527493],[94.464692,16.949652],[94.454356,17.18008],[94.594493,17.292304],[94.490571,18.072496],[94.148936,18.731024],[94.279307,18.738511],[94.038097,18.859117],[94.066905,19.388983],[94.033376,19.204535],[93.910411,19.190985],[93.930431,18.858629],[93.678884,19.019599],[93.487071,19.333726],[93.552989,19.430569],[93.834239,19.238186],[93.987315,19.386705],[93.731212,19.632554],[93.806814,19.745836],[93.60141,19.718573],[93.740001,19.925116],[93.58074,19.881334],[93.382335,20.088528],[93.128429,20.094672],[93.23585,19.847235],[93.109141,19.993801],[93.168793,19.807318],[92.970225,20.129462],[93.120942,20.211982],[92.990489,20.154934],[93.073253,20.554633],[92.867686,20.122016],[92.778168,20.231635],[92.942882,20.321234],[92.826915,20.495063],[92.769298,20.455064],[92.63502,20.697984],[92.731212,20.259182],[92.381114,20.700141],[92.17828,21.299735],[92.322664,21.461895],[92.633756,21.282216],[92.575879,21.977574]]],[[[98.057465,9.796861],[98.018321,9.794908],[98.030284,9.833401],[98.057465,9.796861]]],[[[98.228689,10.519965],[98.192719,10.482408],[98.217947,10.528551],[98.228689,10.519965]]],[[[98.429535,10.977729],[98.442556,11.002997],[98.448009,10.974311],[98.429535,10.977729]]],[[[97.464529,11.782457],[97.444347,11.800238],[97.476899,11.788235],[97.464529,11.782457]]],[[[97.836925,12.772447],[97.841807,12.805813],[97.868012,12.774807],[97.836925,12.772447]]],[[[98.295665,10.048896],[98.133474,9.845608],[98.127452,9.96011],[98.295665,10.048896]]],[[[98.185802,10.121161],[98.240489,10.172349],[98.185802,10.04206],[98.185802,10.121161]]],[[[97.911469,10.494534],[97.943533,10.443793],[97.910167,10.401923],[97.911469,10.494534]]],[[[98.493663,10.891099],[98.498383,10.793606],[98.518321,10.829495],[98.493663,10.891099]]],[[[97.890391,10.884955],[97.951834,10.919094],[97.883556,10.84455],[97.890391,10.884955]]],[[[98.267751,10.837144],[98.250743,10.693101],[98.198741,10.881659],[98.077403,10.888088],[98.171886,10.978664],[98.267751,10.837144]]],[[[98.528494,10.974311],[98.486827,11.00845],[98.53712,11.068915],[98.528494,10.974311]]],[[[98.275157,11.248033],[98.295095,11.231147],[98.221853,11.261908],[98.275157,11.248033]]],[[[98.278331,11.799791],[98.283539,11.509426],[98.176524,11.449164],[98.278331,11.799791]]],[[[98.53533,11.803616],[98.53533,11.529242],[98.432384,11.566718],[98.370779,11.789252],[98.53533,11.803616]]],[[[98.055431,11.701117],[98.08961,11.63227],[98.013927,11.864976],[98.055431,11.701117]]],[[[97.664399,11.905951],[97.67628,11.877834],[97.667735,11.838284],[97.664399,11.905951]]],[[[98.254161,11.85814],[98.265391,11.908515],[98.28419,11.865465],[98.254161,11.85814]]],[[[98.267751,11.933905],[98.246104,11.925442],[98.252208,11.974758],[98.267751,11.933905]]],[[[98.603526,11.967434],[98.478038,11.890937],[98.439138,12.112006],[98.603526,11.967434]]],[[[98.096446,12.187161],[98.082286,12.159166],[98.07252,12.289537],[98.096446,12.187161]]],[[[98.065278,12.365302],[97.971039,12.344875],[98.02711,12.361029],[98.065278,12.365302]]],[[[98.514171,12.495592],[98.508556,12.410305],[98.474294,12.424994],[98.514171,12.495592]]],[[[98.254161,12.567613],[98.289887,12.526313],[98.229747,12.527411],[98.254161,12.567613]]],[[[97.822765,12.58747],[97.861827,12.559801],[97.839041,12.55801],[97.822765,12.58747]]],[[[98.466319,12.583726],[98.302013,12.337958],[98.315603,12.687445],[98.425466,12.529731],[98.466319,12.583726]]],[[[98.295665,13.084662],[98.302013,12.913316],[98.247325,13.215033],[98.295665,13.084662]]],[[[97.931895,13.85928],[97.928477,13.821112],[97.91505,13.800116],[97.931895,13.85928]]],[[[93.396007,14.140448],[93.394786,14.076361],[93.383311,14.138373],[93.396007,14.140448]]],[[[93.675792,14.859198],[93.703868,14.904446],[93.716156,14.890082],[93.675792,14.859198]]],[[[97.664399,15.565579],[97.669119,15.517401],[97.65089,15.592231],[97.664399,15.565579]]],[[[94.827973,15.932034],[94.803722,15.796576],[94.724864,15.811957],[94.827973,15.932034]]],[[[94.66212,16.221869],[94.40268,15.83926],[94.389659,16.000922],[94.66212,16.221869]]],[[[97.589366,16.415269],[97.547461,16.199928],[97.459646,16.477362],[97.606293,16.483547],[97.589366,16.415269]]],[[[93.745372,18.799994],[93.645274,18.679348],[93.484141,18.874986],[93.621755,18.910346],[93.745372,18.799994]]],[[[93.970714,19.416938],[93.802745,19.276679],[93.641775,19.492011],[93.723643,19.556383],[93.970714,19.416938]]],[[[93.505219,19.807318],[93.406749,19.920478],[93.464122,19.913479],[93.505219,19.807318]]],[[[92.964041,20.036689],[93.024913,19.827826],[92.911957,20.084703],[92.964041,20.036689]]]]}},{"type":"Feature","properties":{"name":"Bangladesh","ISO3166-1-Alpha-3":"BGD","ISO3166-1-Alpha-2":"BD"},"geometry":{"type":"MultiPolygon","coordinates":[[[[92.575879,21.977574],[92.633756,21.282216],[92.322664,21.461895],[92.17828,21.299735],[92.325531,20.738715],[91.952973,21.44184],[92.029307,21.704901],[91.983897,21.650133],[91.990001,21.794827],[91.899262,21.789496],[91.949718,21.884182],[91.812999,22.180325],[91.908051,22.42475],[91.78712,22.237942],[91.462413,22.761908],[91.490489,22.904527],[91.317393,22.697211],[91.181895,22.726467],[91.264496,22.640815],[91.202743,22.54322],[91.089201,22.54443],[91.018321,22.683092],[91.037934,22.588609],[90.941742,22.585883],[90.629405,23.064399],[90.600271,23.449937],[90.715831,23.535142],[90.607758,23.491116],[90.61199,23.606106],[90.476329,23.582953],[90.576834,23.539496],[90.551931,23.384955],[90.24936,23.45539],[90.61085,23.23078],[90.571951,23.081732],[90.448904,23.055732],[90.54005,22.896552],[90.372569,22.76142],[90.492931,22.709906],[90.442068,22.493638],[90.524099,22.583075],[90.606619,22.465766],[90.557953,22.203355],[90.408458,22.085924],[90.394298,22.288235],[90.272716,21.857408],[90.092947,21.830268],[90.126231,21.931952],[90.024425,21.862454],[90.239106,22.172268],[90.038097,21.986558],[90.052582,22.155463],[89.934418,21.997707],[89.876801,22.274726],[90.010102,22.49022],[89.872895,22.418606],[89.871349,22.091864],[89.797211,22.075995],[89.880382,21.884182],[89.709158,21.830064],[89.646983,21.925116],[89.700694,21.784857],[89.586925,21.700832],[89.527354,21.812812],[89.626475,22.336005],[89.532888,21.984687],[89.475759,22.295071],[89.465831,21.781317],[89.36964,21.743313],[89.352224,21.972317],[89.297537,21.678127],[89.21046,21.65412],[88.927988,22.548134],[88.944524,22.848012],[88.838794,22.975808],[88.959975,23.202693],[88.69658,23.252354],[88.770168,23.488826],[88.541551,23.638765],[88.577621,23.85516],[88.71415,23.925156],[88.737508,24.287097],[88.475405,24.315468],[88.10995,24.500986],[88.02179,24.645603],[88.114911,24.916413],[88.322753,24.874684],[88.441299,25.18973],[88.924163,25.167871],[88.984935,25.284969],[88.841998,25.332822],[88.772338,25.501959],[88.530286,25.500202],[88.259915,25.789021],[88.087574,25.830983],[88.163796,26.140473],[88.497626,26.352708],[88.461143,26.45389],[88.315105,26.465052],[88.385282,26.623544],[88.656273,26.415133],[88.663404,26.264444],[89.019455,26.234472],[88.891246,26.385781],[89.043743,26.381078],[89.11919,26.146622],[89.335301,25.998569],[89.541697,25.959709],[89.653008,26.22269],[89.828656,25.979397],[89.819044,25.284969],[90.364644,25.149991],[92.033999,25.181668],[92.483791,24.928221],[92.380748,24.836702],[92.223032,24.891376],[92.107587,24.405979],[91.899847,24.33805],[91.87711,24.158036],[91.732933,24.234284],[91.581831,24.096101],[91.363033,24.099848],[91.132349,23.720646],[91.313527,23.101046],[91.370887,23.062779],[91.394349,23.262664],[91.586068,22.944466],[91.795564,23.089496],[91.743681,23.272327],[91.940775,23.495182],[91.922688,23.722972],[92.019013,23.640057],[92.259309,23.706487],[92.575879,21.977574]]],[[[91.935557,21.759996],[91.970225,21.523586],[91.877126,21.481024],[91.853526,21.725816],[91.935557,21.759996]]],[[[89.115733,21.781155],[89.057791,21.80329],[89.057384,21.91767],[89.115733,21.781155]]],[[[91.887706,21.866156],[91.83253,21.725816],[91.867198,21.931952],[91.887706,21.866156]]],[[[90.593516,21.986558],[90.565603,21.91767],[90.52296,21.888088],[90.593516,21.986558]]],[[[90.332205,21.938788],[90.394298,22.00023],[90.322927,21.843899],[90.332205,21.938788]]],[[[90.387462,22.048041],[90.352794,21.992987],[90.345876,21.993598],[90.387462,22.048041]]],[[[90.435232,22.041205],[90.431895,21.907782],[90.406423,21.963365],[90.435232,22.041205]]],[[[90.544444,22.061672],[90.483653,22.03498],[90.613455,22.164049],[90.509044,21.999416],[90.544444,22.061672]]],[[[90.941742,22.205024],[90.956716,22.198879],[90.9192,22.132148],[90.941742,22.205024]]],[[[90.97641,22.185777],[90.982921,22.259182],[90.997813,22.235093],[90.97641,22.185777]]],[[[90.952891,22.226752],[90.956716,22.277655],[90.983897,22.355902],[90.952891,22.226752]]],[[[91.148847,22.357057],[91.186785,22.227757],[91.022472,22.094875],[91.074801,22.38859],[91.148847,22.357057]]],[[[90.61964,22.42475],[90.61964,22.445258],[90.646739,22.326077],[90.61964,22.42475]]],[[[90.647472,22.42475],[90.661143,22.480048],[90.667328,22.439032],[90.647472,22.42475]]],[[[91.158619,22.503423],[91.201017,22.472196],[91.134163,22.44948],[91.158619,22.503423]]],[[[91.467557,22.58631],[91.555179,22.402031],[91.446517,22.453242],[91.467557,22.58631]]],[[[90.790553,22.495333],[90.836192,22.178168],[90.647472,21.994045],[90.687999,22.377631],[90.558767,22.602932],[90.58546,22.768052],[90.790553,22.495333]]],[[[90.645254,22.849289],[90.520993,22.711765],[90.45574,22.767401],[90.473399,22.865139],[90.645254,22.849289]]],[[[90.667328,22.95303],[90.508067,22.975775],[90.586192,23.034898],[90.667328,22.95303]]],[[[90.510427,23.069037],[90.500173,23.038031],[90.460948,23.048489],[90.510427,23.069037]]],[[[90.524099,23.322252],[90.429698,23.385159],[90.586192,23.301744],[90.524099,23.322252]]]]}},{"type":"Feature","properties":{"name":"Afghanistan","ISO3166-1-Alpha-3":"AFG","ISO3166-1-Alpha-2":"AF"},"geometry":{"type":"Polygon","coordinates":[[[74.542354,37.021669],[74.035305,36.815583],[73.191842,36.877027],[72.213607,36.726442],[71.773221,36.480048],[71.782626,36.396539],[71.61044,36.457931],[71.223073,36.125393],[71.170932,36.027001],[71.356399,35.933053],[71.59349,35.549356],[71.529825,35.300895],[71.637932,35.189688],[70.956991,34.532002],[71.122046,34.356819],[71.062618,34.054253],[70.521979,33.938705],[69.872613,34.017227],[69.847188,33.926948],[69.957518,33.752695],[70.118128,33.716522],[70.294448,33.318949],[69.994725,33.127333],[69.487727,33.028373],[69.376313,32.771877],[69.426025,32.655088],[69.232859,32.462671],[69.29885,31.93769],[69.040106,31.673107],[68.803841,31.602568],[68.675787,31.774702],[68.418748,31.783022],[68.49802,31.725248],[68.138559,31.824674],[67.966063,31.638225],[67.568981,31.52986],[67.764731,31.334058],[67.346204,31.20776],[66.943283,31.314731],[66.696993,31.195823],[66.550025,30.976973],[66.366264,30.922868],[66.219296,30.057856],[66.340529,29.956571],[66.195628,29.835338],[65.036371,29.540162],[64.477697,29.570367],[64.086093,29.386605],[63.568605,29.497477],[62.477509,29.407819],[60.844379,29.858179],[61.802253,30.847059],[61.826438,31.014956],[61.686911,31.373177],[60.821744,31.494668],[60.830323,32.248885],[60.562949,33.058268],[60.92086,33.514105],[60.511789,33.638387],[60.492772,34.139028],[60.643667,34.306641],[60.890474,34.318914],[60.699685,34.516396],[61.06545,34.814724],[61.102451,35.25666],[61.269676,35.618499],[61.604746,35.430603],[62.00746,35.438923],[62.2337,35.293764],[62.286203,35.140647],[62.431879,35.280638],[62.69362,35.248392],[63.080211,35.437063],[63.076646,35.6247],[63.214415,35.699269],[63.104086,35.856469],[64.045114,35.998734],[64.057258,36.105239],[64.477697,36.271637],[64.778764,37.118046],[65.536857,37.257107],[65.761443,37.578379],[66.294434,37.331211],[67.005915,37.384386],[67.259129,37.185147],[67.503145,37.281963],[67.746593,37.229408],[68.02022,36.92568],[68.668862,37.278294],[68.915824,37.279069],[68.887867,37.338135],[69.312079,37.117477],[69.442148,37.223621],[69.37838,37.437406],[69.508656,37.578973],[70.157867,37.541431],[70.283079,37.704831],[70.17213,37.946083],[70.470303,38.120517],[70.664865,38.405409],[70.950739,38.473053],[71.358156,38.251258],[71.258265,37.926472],[71.597727,37.89836],[71.431123,37.066989],[71.653021,36.687012],[71.836576,36.699156],[72.259806,36.967305],[72.657714,37.028826],[72.79073,37.220262],[73.296332,37.464949],[73.753462,37.428388],[73.597295,37.261809],[73.709227,37.217006],[74.315598,37.426916],[74.660383,37.393972],[74.892307,37.231114],[74.721464,37.297776],[74.368308,37.167061],[74.542354,37.021669]]]}},{"type":"Feature","properties":{"name":"Nepal","ISO3166-1-Alpha-3":"NPL","ISO3166-1-Alpha-2":"NP"},"geometry":{"type":"Polygon","coordinates":[[[88.118218,27.860885],[87.969183,27.110801],[88.167827,26.762915],[88.044321,26.405676],[87.869809,26.464639],[87.30049,26.34599],[87.10629,26.404746],[87.041333,26.580187],[86.713601,26.414565],[86.284428,26.61202],[86.01137,26.654447],[85.828538,26.566131],[85.598578,26.854383],[85.194934,26.758885],[85.162016,26.851024],[84.627268,27.03649],[84.606546,27.310479],[84.11717,27.513283],[83.834087,27.434037],[83.854602,27.34505],[83.387034,27.470469],[83.282441,27.330943],[82.752137,27.494964],[82.679687,27.694409],[82.401926,27.677175],[82.02722,27.912406],[81.855654,27.850937],[81.396044,28.160634],[81.296205,28.12831],[81.169701,28.361319],[80.555837,28.678948],[80.488451,28.562444],[80.329701,28.627479],[80.031115,28.897798],[80.258181,29.202456],[80.213739,29.416888],[80.385201,29.604835],[80.368975,29.757926],[80.883879,30.210405],[81.21683,30.008195],[81.387518,30.373909],[81.509371,30.328382],[81.614015,30.416904],[82.088767,30.330088],[82.153827,30.058166],[82.541814,29.923239],[82.836576,29.659793],[83.173558,29.621268],[83.523718,29.183594],[84.08973,29.256613],[84.206725,28.940664],[84.450845,28.73388],[84.81196,28.54198],[85.160982,28.595],[85.109409,28.292254],[85.611807,28.251145],[85.692939,28.335222],[85.96269,27.891374],[86.112862,27.926798],[86.068731,28.076763],[86.15596,28.156525],[86.203038,28.002581],[86.425298,27.909925],[86.553559,28.104151],[86.661976,28.106838],[87.155796,27.825796],[88.118218,27.860885]]]}},{"type":"Feature","properties":{"name":"Siachen Glacier","ISO3166-1-Alpha-3":"-99","ISO3166-1-Alpha-2":"-99"},"geometry":{"type":"Polygon","coordinates":[[[77.048971,35.110442],[76.777351,35.646112],[77.383731,35.471996],[77.800346,35.495406],[77.048971,35.110442]]]}},{"type":"Feature","properties":{"name":"Baykonur Cosmodrome","ISO3166-1-Alpha-3":"-99","ISO3166-1-Alpha-2":"-99"},"geometry":{"type":"Polygon","coordinates":[[[63.383914,45.565824],[63.012929,45.660005],[62.803639,45.936164],[62.900274,46.208964],[63.26635,46.382441],[63.70994,46.320378],[63.964085,46.0205],[63.833964,45.715945],[63.383914,45.565824]]]}},{"type":"Feature","properties":{"name":"Sri Lanka","ISO3166-1-Alpha-3":"LKA","ISO3166-1-Alpha-2":"LK"},"geometry":{"type":"MultiPolygon","coordinates":[[[[81.875987,7.091946],[81.775645,6.610419],[81.324962,6.20539],[80.590831,5.923733],[80.094005,6.136054],[79.863048,6.807196],[79.696788,8.219062],[79.778575,8.350043],[79.731944,8.013129],[79.810232,7.986518],[79.915538,8.938544],[80.105642,9.192857],[80.052989,9.391547],[80.197032,9.473456],[80.052989,9.596381],[80.286876,9.452704],[80.614757,9.446194],[79.958018,9.685736],[79.970714,9.815131],[80.122325,9.818915],[80.444021,9.575914],[80.138682,9.798733],[80.246755,9.825873],[80.823904,9.270494],[80.914887,8.943915],[80.978526,8.979967],[81.2317,8.651068],[81.249766,8.545803],[81.133962,8.501288],[81.365733,8.482164],[81.396251,8.136542],[81.56072,7.999335],[81.713145,7.711819],[81.59547,7.726264],[81.855724,7.412177],[81.875987,7.091946]]],[[[81.73878,7.660468],[81.725108,7.739936],[81.807791,7.479193],[81.73878,7.660468]]],[[[79.714122,9.075629],[79.882335,9.053778],[79.885753,8.976223],[79.714122,9.075629]]],[[[79.730805,9.50019],[79.666026,9.491278],[79.67213,9.5456],[79.730805,9.50019]]],[[[79.895844,9.617499],[79.882335,9.760891],[79.977875,9.624335],[79.895844,9.617499]]]]}},{"type":"Feature","properties":{"name":"French Southern and Antarctic Lands","ISO3166-1-Alpha-3":"ATF","ISO3166-1-Alpha-2":"TF"},"geometry":{"type":"MultiPolygon","coordinates":[[[[42.751801,-17.076104],[42.724376,-17.063572],[42.738129,-17.057306],[42.751801,-17.076104]]],[[[69.945649,-49.542169],[69.835785,-49.501153],[70.016124,-49.564223],[69.945649,-49.542169]]],[[[68.795095,-49.34352],[68.68922,-49.356622],[68.691254,-49.315606],[68.795095,-49.34352]]],[[[69.589529,-49.19964],[69.546235,-49.202895],[69.678071,-49.158624],[69.589529,-49.19964]]],[[[69.192149,-48.986586],[69.411306,-48.928643],[69.222504,-49.094334],[69.192149,-48.986586]]],[[[69.226329,-48.857029],[69.218923,-48.904718],[69.137055,-48.971124],[69.226329,-48.857029]]],[[[69.465994,-48.88421],[69.413585,-48.84881],[69.519867,-48.857029],[69.465994,-48.88421]]],[[[70.548839,-49.183201],[70.523692,-49.30755],[70.311534,-49.378513],[70.466482,-49.439142],[70.139903,-49.3388],[69.822276,-49.349786],[69.898448,-49.443129],[69.691905,-49.404474],[70.136974,-49.617852],[70.049083,-49.52044],[70.295909,-49.530369],[70.164806,-49.617852],[70.244314,-49.685479],[69.855642,-49.679132],[69.738536,-49.498793],[69.637218,-49.504571],[69.66391,-49.664972],[69.469737,-49.631443],[69.227387,-49.488458],[69.150645,-49.624119],[69.08546,-49.540297],[69.025645,-49.709893],[68.764496,-49.674981],[68.901703,-49.431085],[68.806488,-49.365818],[68.924083,-49.288263],[68.764334,-49.188897],[68.930919,-49.144952],[68.74879,-49.076755],[68.903087,-48.974705],[68.791759,-48.846287],[69.015636,-48.654555],[69.116466,-48.726658],[68.908214,-48.893976],[69.188813,-48.773045],[68.999766,-49.090427],[69.105724,-48.993422],[69.214529,-49.12127],[69.437999,-49.014581],[69.452485,-49.088962],[69.589529,-48.952569],[69.644054,-49.124444],[69.282481,-49.184259],[69.472179,-49.151788],[69.381033,-49.18255],[69.53419,-49.247328],[69.411306,-49.274672],[69.801768,-49.288263],[70.335948,-49.053969],[70.548839,-49.183201]]],[[[68.670746,-48.6242],[68.667979,-48.645278],[68.610118,-48.637628],[68.670746,-48.6242]]],[[[68.808604,-48.603692],[68.78004,-48.60475],[68.818614,-48.566664],[68.808604,-48.603692]]],[[[51.834158,-46.376642],[51.823497,-46.451267],[51.656505,-46.378351],[51.834158,-46.376642]]],[[[50.175548,-46.064711],[50.293142,-46.076349],[50.260753,-46.12713],[50.175548,-46.064711]]],[[[77.503754,-37.8235],[77.574718,-37.84352],[77.536632,-37.901137],[77.503754,-37.8235]]],[[[77.532888,-38.709161],[77.544688,-38.737481],[77.506521,-38.713149],[77.532888,-38.709161]]],[[[40.379731,-22.323907],[40.339122,-22.359633],[40.367198,-22.329685],[40.379731,-22.323907]]],[[[39.728282,-21.444594],[39.729096,-21.441908],[39.73113,-21.444187],[39.728282,-21.444594]]],[[[54.514496,-15.889581],[54.520925,-15.885186],[54.521332,-15.894057],[54.514496,-15.889581]]],[[[47.287934,-11.565525],[47.299571,-11.550632],[47.306407,-11.56992],[47.287934,-11.565525]]]]}},{"type":"Feature","properties":{"name":"Heard Island and McDonald Islands","ISO3166-1-Alpha-3":"HMD","ISO3166-1-Alpha-2":"HM"},"geometry":{"type":"Polygon","coordinates":[[[73.735118,-53.1124],[73.812185,-53.118504],[73.473399,-53.189223],[73.236013,-52.982029],[73.735118,-53.1124]]]}},{"type":"Feature","properties":{"name":"British Indian Ocean Territory","ISO3166-1-Alpha-3":"IOT","ISO3166-1-Alpha-2":"IO"},"geometry":{"type":"MultiPolygon","coordinates":[[[[72.46754,-7.383884],[72.480642,-7.390558],[72.388194,-7.302504],[72.46754,-7.383884]]],[[[72.484223,-7.278253],[72.479015,-7.361912],[72.439708,-7.226739],[72.484223,-7.278253]]],[[[71.350352,-6.65252],[71.362071,-6.652927],[71.351736,-6.655694],[71.350352,-6.65252]]],[[[71.261404,-6.388604],[71.26238,-6.373956],[71.268809,-6.378106],[71.261404,-6.388604]]],[[[71.33839,-6.195896],[71.347016,-6.182224],[71.3567,-6.188735],[71.33839,-6.195896]]],[[[71.773204,-5.440199],[71.76238,-5.431736],[71.774587,-5.435724],[71.773204,-5.440199]]],[[[72.221446,-5.327813],[72.230968,-5.319268],[72.225352,-5.327244],[72.221446,-5.327813]]],[[[71.737071,-5.285252],[71.747081,-5.269952],[71.742361,-5.283136],[71.737071,-5.285252]]],[[[71.760265,-5.236586],[71.768565,-5.234145],[71.764496,-5.239679],[71.760265,-5.236586]]],[[[71.966156,-5.234796],[71.962738,-5.231215],[71.966482,-5.227472],[71.966156,-5.234796]]]]}},{"type":"Feature","properties":{"name":"Maldives","ISO3166-1-Alpha-3":"MDV","ISO3166-1-Alpha-2":"MV"},"geometry":{"type":"MultiPolygon","coordinates":[[[[73.163097,-0.681817],[73.172537,-0.688572],[73.165863,-0.688409],[73.163097,-0.681817]]],[[[73.204112,-0.671157],[73.199229,-0.678643],[73.191417,-0.682794],[73.204112,-0.671157]]],[[[73.124278,-0.656183],[73.126964,-0.666274],[73.123302,-0.66253],[73.124278,-0.656183]]],[[[73.240001,-0.625584],[73.227306,-0.642836],[73.229991,-0.623305],[73.240001,-0.625584]]],[[[73.246755,-0.588637],[73.236339,-0.59238],[73.248383,-0.580824],[73.246755,-0.588637]]],[[[73.435069,-0.283624],[73.445079,-0.29754],[73.437999,-0.298598],[73.435069,-0.283624]]],[[[73.09547,0.228013],[73.10434,0.219631],[73.09783,0.218777],[73.09547,0.228013]]],[[[73.208995,0.239976],[73.217377,0.237698],[73.210948,0.232164],[73.208995,0.239976]]],[[[73.036794,0.269924],[73.040375,0.259345],[73.035411,0.26317],[73.036794,0.269924]]],[[[73.379161,0.285224],[73.36964,0.280015],[73.373709,0.286933],[73.379161,0.285224]]],[[[72.983653,0.305243],[72.987722,0.302232],[72.986013,0.299547],[72.983653,0.305243]]],[[[73.513438,0.387763],[73.508637,0.380683],[73.50587,0.386176],[73.513438,0.387763]]],[[[72.958344,0.403306],[72.961111,0.394273],[72.957774,0.396796],[72.958344,0.403306]]],[[[72.940929,0.496283],[72.940603,0.487291],[72.937022,0.491441],[72.940929,0.496283]]],[[[73.491954,0.508002],[73.49464,0.498969],[73.489757,0.50259],[73.491954,0.508002]]],[[[73.387869,0.64175],[73.386729,0.635403],[73.383556,0.638902],[73.387869,0.64175]]],[[[73.373057,0.763088],[73.371837,0.756578],[73.369802,0.761664],[73.373057,0.763088]]],[[[73.353852,0.847724],[73.353201,0.843207],[73.351166,0.840684],[73.353852,0.847724]]],[[[72.831391,3.510565],[72.834727,3.506781],[72.828054,3.505439],[72.831391,3.510565]]],[[[72.793712,3.516913],[72.795177,3.514635],[72.791189,3.510891],[72.793712,3.516913]]],[[[72.928396,3.551907],[72.911632,3.541653],[72.919932,3.552151],[72.928396,3.551907]]],[[[72.941905,3.618842],[72.94516,3.615139],[72.938487,3.613715],[72.941905,3.618842]]],[[[72.692556,3.726955],[72.696462,3.721015],[72.692475,3.716295],[72.692556,3.726955]]],[[[73.477306,3.942125],[73.469981,3.935126],[73.469249,3.936957],[73.477306,3.942125]]],[[[72.703136,4.003323],[72.706228,3.99844],[72.699474,3.998114],[72.703136,4.003323]]],[[[73.508149,4.103583],[73.508311,4.093329],[73.502452,4.098538],[73.508149,4.103583]]],[[[72.97047,4.265937],[72.974376,4.263251],[72.972504,4.260403],[72.97047,4.265937]]],[[[73.70281,4.434719],[73.700857,4.432278],[73.697602,4.431464],[73.70281,4.434719]]],[[[73.70281,4.45303],[73.702647,4.452908],[73.69988,4.449164],[73.70281,4.45303]]],[[[73.37672,4.474433],[73.373871,4.466986],[73.373871,4.468899],[73.37672,4.474433]]],[[[73.404959,4.634996],[73.405528,4.62995],[73.401215,4.629828],[73.404959,4.634996]]],[[[73.490489,4.723375],[73.490733,4.716742],[73.486664,4.718207],[73.490489,4.723375]]],[[[72.97934,4.895453],[72.969656,4.880723],[72.970063,4.890367],[72.97934,4.895453]]],[[[72.917491,4.898586],[72.922862,4.899075],[72.920909,4.897854],[72.917491,4.898586]]],[[[73.447276,4.97134],[73.436534,4.969875],[73.441173,4.974921],[73.447276,4.97134]]],[[[72.912852,5.034084],[72.909434,5.030788],[72.90919,5.030585],[72.912852,5.034084]]],[[[72.927745,5.036526],[72.927175,5.034247],[72.92571,5.033474],[72.927745,5.036526]]],[[[73.04477,5.121812],[73.04477,5.121649],[73.043468,5.118842],[73.04477,5.121812]]],[[[73.049083,5.133287],[73.051443,5.128079],[73.045258,5.128892],[73.049083,5.133287]]],[[[73.091319,5.161363],[73.090994,5.158515],[73.087901,5.157986],[73.091319,5.161363]]],[[[73.103852,5.173041],[73.106944,5.17178],[73.110199,5.170356],[73.103852,5.173041]]],[[[72.860118,5.237942],[72.860037,5.23782],[72.856863,5.234565],[72.860118,5.237942]]],[[[73.131847,5.244574],[73.131847,5.242499],[73.128429,5.241156],[73.131847,5.244574]]],[[[73.499766,5.246894],[73.499685,5.246812],[73.497244,5.245022],[73.499766,5.246894]]],[[[73.593598,5.282701],[73.577647,5.274563],[73.575938,5.279934],[73.593598,5.282701]]],[[[73.112804,5.29857],[73.112641,5.298448],[73.109223,5.295152],[73.112804,5.29857]]],[[[73.470225,5.307766],[73.464366,5.306871],[73.467052,5.308336],[73.470225,5.307766]]],[[[73.629568,5.332831],[73.629405,5.33275],[73.627208,5.331122],[73.629568,5.332831]]],[[[73.646658,5.343248],[73.646495,5.343248],[73.639903,5.34219],[73.646658,5.343248]]],[[[72.953136,5.352769],[72.952403,5.350084],[72.949555,5.349311],[72.953136,5.352769]]],[[[73.397472,5.362209],[73.400645,5.357652],[73.396169,5.357123],[73.397472,5.362209]]],[[[73.323253,5.368232],[73.327973,5.367011],[73.319347,5.362942],[73.323253,5.368232]]],[[[73.350759,5.42768],[73.3449,5.426825],[73.344574,5.426744],[73.350759,5.42768]]],[[[73.537446,5.451402],[73.534923,5.449856],[73.531261,5.450426],[73.537446,5.451402]]],[[[73.362966,5.46308],[73.362966,5.462795],[73.360932,5.457953],[73.362966,5.46308]]],[[[72.943126,5.467597],[72.941091,5.463568],[72.937022,5.465522],[72.943126,5.467597]]],[[[73.01588,5.492865],[73.013031,5.487454],[73.009939,5.49022],[73.01588,5.492865]]],[[[73.462413,5.543606],[73.459321,5.541734],[73.456472,5.542629],[73.462413,5.543606]]],[[[73.005626,5.713324],[73.002289,5.707099],[73.000173,5.713202],[73.005626,5.713324]]],[[[72.949392,6.349799],[72.951182,6.347602],[72.953136,6.343492],[72.949392,6.349799]]],[[[72.892589,6.452094],[72.896902,6.448188],[72.891775,6.446723],[72.892589,6.452094]]],[[[73.097504,-0.599705],[73.118663,-0.64129],[73.104991,-0.586602],[73.097504,-0.599705]]],[[[73.365001,1.791083],[73.375824,1.78856],[73.368256,1.782945],[73.365001,1.791083]]],[[[73.400238,1.806342],[73.40211,1.7956],[73.394786,1.798774],[73.400238,1.806342]]],[[[73.452647,1.826809],[73.463634,1.826321],[73.454112,1.820543],[73.452647,1.826809]]],[[[73.518077,1.842719],[73.49879,1.828111],[73.500092,1.832058],[73.518077,1.842719]]],[[[73.536469,1.870103],[73.53297,1.86164],[73.5324,1.865668],[73.536469,1.870103]]],[[[73.25172,1.892401],[73.243988,1.89411],[73.247406,1.893988],[73.25172,1.892401]]],[[[73.553071,1.93244],[73.545665,1.901557],[73.540863,1.892401],[73.553071,1.93244]]],[[[73.550059,1.976386],[73.549815,1.965684],[73.547699,1.968329],[73.550059,1.976386]]],[[[73.317231,1.9914],[73.322602,1.987982],[73.31544,1.985053],[73.317231,1.9914]]],[[[73.5442,2.026597],[73.542979,2.022162],[73.540294,2.022528],[73.5442,2.026597]]],[[[73.386974,2.033026],[73.386974,2.028632],[73.386241,2.030341],[73.386974,2.033026]]],[[[73.555675,2.082506],[73.551443,2.072414],[73.55128,2.07807],[73.555675,2.082506]]],[[[73.567638,2.109931],[73.583507,2.10814],[73.561778,2.094713],[73.567638,2.109931]]],[[[73.043712,2.166449],[73.041352,2.1647],[73.038259,2.164537],[73.043712,2.166449]]],[[[73.103852,2.186591],[73.102875,2.182115],[73.098888,2.184638],[73.103852,2.186591]]],[[[73.115489,2.199693],[73.12086,2.191799],[73.113943,2.193508],[73.115489,2.199693]]],[[[72.948416,2.274888],[72.946381,2.272406],[72.9463,2.272366],[72.948416,2.274888]]],[[[72.926117,2.32746],[72.927013,2.316067],[72.922374,2.322089],[72.926117,2.32746]]],[[[73.344005,2.348049],[73.343923,2.347439],[73.342296,2.342393],[73.344005,2.348049]]],[[[73.354259,2.437201],[73.365326,2.413886],[73.362641,2.385118],[73.354259,2.437201]]],[[[73.314789,2.505805],[73.315196,2.494045],[73.311778,2.496894],[73.314789,2.505805]]],[[[73.145518,2.55329],[73.143809,2.55036],[73.141124,2.55036],[73.145518,2.55329]]],[[[72.900076,2.682196],[72.905284,2.680813],[72.901134,2.676174],[72.900076,2.682196]]],[[[72.872569,2.694159],[72.873709,2.68358],[72.866954,2.688951],[72.872569,2.694159]]],[[[73.022309,2.741685],[73.032237,2.745022],[73.025401,2.737616],[73.022309,2.741685]]],[[[73.353526,2.778266],[73.353526,2.771918],[73.348481,2.775377],[73.353526,2.778266]]],[[[73.399262,2.785712],[73.390636,2.775377],[73.394379,2.784329],[73.399262,2.785712]]],[[[73.548595,2.892727],[73.550141,2.891343],[73.549083,2.888129],[73.548595,2.892727]]],[[[73.360362,2.903876],[73.362804,2.898383],[73.35727,2.899807],[73.360362,2.903876]]],[[[73.008474,2.953315],[73.010427,2.945258],[73.009044,2.946438],[73.008474,2.953315]]],[[[73.56422,2.954739],[73.56422,2.954617],[73.56129,2.948472],[73.56422,2.954739]]],[[[73.585948,2.961615],[73.577485,2.951158],[73.581309,2.96015],[73.585948,2.961615]]],[[[72.870128,2.969184],[72.870128,2.969062],[72.865082,2.958157],[72.870128,2.969184]]],[[[72.901622,3.083808],[72.904796,3.081285],[72.899913,3.07685],[72.901622,3.083808]]],[[[73.613048,3.106757],[73.612559,3.102973],[73.608409,3.100409],[73.613048,3.106757]]],[[[72.977875,3.110175],[72.981293,3.106635],[72.975108,3.104193],[72.977875,3.110175]]],[[[73.042247,3.205471],[73.045665,3.202867],[73.040701,3.198472],[73.042247,3.205471]]],[[[73.031749,3.252997],[73.035167,3.249335],[73.031749,3.245673],[73.031749,3.252997]]],[[[72.833263,3.312486],[72.837087,3.309638],[72.831554,3.305609],[72.833263,3.312486]]],[[[73.516368,3.361233],[73.517426,3.360297],[73.518891,3.358873],[73.516368,3.361233]]],[[[73.747569,3.451117],[73.753103,3.446438],[73.751231,3.44713],[73.747569,3.451117]]],[[[73.50587,3.501207],[73.508474,3.496568],[73.506196,3.497626],[73.50587,3.501207]]],[[[72.952403,3.733832],[72.955821,3.730129],[72.948985,3.728583],[72.952403,3.733832]]],[[[72.945811,3.772121],[72.949067,3.768378],[72.944916,3.765448],[72.945811,3.772121]]],[[[72.944591,3.836859],[72.947765,3.833075],[72.941173,3.831692],[72.944591,3.836859]]],[[[73.437266,3.846625],[73.433442,3.842719],[73.432465,3.846829],[73.437266,3.846625]]],[[[73.443533,3.920559],[73.443451,3.920478],[73.438487,3.916612],[73.443533,3.920559]]],[[[73.345063,3.944729],[73.3449,3.944566],[73.341482,3.942043],[73.345063,3.944729]]],[[[73.422618,4.118354],[73.422537,4.118191],[73.419119,4.115749],[73.422618,4.118354]]],[[[73.546197,4.243039],[73.526585,4.171278],[73.432093,4.189998],[73.546197,4.243039]]],[[[72.94516,4.266303],[72.958588,4.262519],[72.954356,4.261461],[72.94516,4.266303]]],[[[73.595876,4.342271],[73.595714,4.34219],[73.589366,4.340562],[73.595876,4.342271]]],[[[73.611501,4.363105],[73.61199,4.3581],[73.607677,4.3581],[73.611501,4.363105]]],[[[73.63795,4.370551],[73.637462,4.365465],[73.633637,4.364691],[73.63795,4.370551]]],[[[73.667979,4.3935],[73.668468,4.388495],[73.664317,4.388332],[73.667979,4.3935]]],[[[72.957042,4.4383],[72.956065,4.422105],[72.947113,4.423082],[72.957042,4.4383]]],[[[73.553559,4.62051],[73.554047,4.615465],[73.550955,4.613837],[73.553559,4.62051]]],[[[73.629568,5.418524],[73.636729,5.402899],[73.632498,5.386257],[73.629568,5.418524]]],[[[73.005626,5.463202],[73.002615,5.457587],[72.999034,5.461086],[73.005626,5.463202]]],[[[72.883962,5.494086],[72.881847,5.490058],[72.877696,5.492092],[72.883962,5.494086]]],[[[73.019054,5.617825],[73.016856,5.613756],[73.014008,5.611558],[73.019054,5.617825]]],[[[73.014659,5.676988],[73.012462,5.673],[73.008556,5.675035],[73.014659,5.676988]]],[[[73.392833,5.737698],[73.380707,5.714586],[73.379812,5.715074],[73.392833,5.737698]]],[[[72.986827,5.770738],[72.98585,5.76557],[72.982839,5.762559],[72.986827,5.770738]]],[[[73.382335,5.794989],[73.384288,5.789252],[73.380707,5.784125],[73.382335,5.794989]]],[[[72.976573,5.813625],[72.975108,5.804551],[72.970958,5.808417],[72.976573,5.813625]]],[[[73.44988,5.840766],[73.433767,5.830878],[73.438975,5.838284],[73.44988,5.840766]]],[[[72.963634,5.864325],[72.963715,5.86404],[72.962657,5.853461],[72.963634,5.864325]]],[[[73.429047,5.911363],[73.428477,5.908515],[73.42628,5.903266],[73.429047,5.911363]]],[[[72.931651,5.969062],[72.930186,5.956936],[72.925792,5.963284],[72.931651,5.969062]]],[[[73.389822,5.970282],[73.395333,5.957802],[73.386729,5.961982],[73.389822,5.970282]]],[[[72.915701,5.98135],[72.913422,5.977362],[72.909841,5.977932],[72.915701,5.98135]]],[[[73.250743,6.083401],[73.250662,6.083279],[73.249034,6.079535],[73.250743,6.083401]]],[[[73.252126,6.111233],[73.251964,6.111151],[73.246837,6.107733],[73.252126,6.111233]]],[[[73.22047,6.132066],[73.220388,6.131985],[73.219005,6.129299],[73.22047,6.132066]]],[[[73.270274,6.156928],[73.268077,6.152411],[73.265147,6.150621],[73.270274,6.156928]]],[[[73.219086,6.172349],[73.218923,6.172268],[73.214041,6.168769],[73.219086,6.172349]]],[[[73.270844,6.189439],[73.268077,6.178697],[73.265961,6.185004],[73.270844,6.189439]]],[[[73.03419,6.222357],[73.034028,6.222235],[73.028982,6.218817],[73.03419,6.222357]]],[[[73.24171,6.239691],[73.243663,6.234036],[73.236339,6.232123],[73.24171,6.239691]]],[[[73.128429,6.286851],[73.12615,6.284003],[73.123057,6.283352],[73.128429,6.286851]]],[[[73.21518,6.294827],[73.213064,6.289211],[73.208751,6.286444],[73.21518,6.294827]]],[[[73.083344,6.30858],[73.083263,6.308458],[73.078461,6.305121],[73.083344,6.30858]]],[[[73.197032,6.32746],[73.199311,6.324205],[73.195079,6.319648],[73.197032,6.32746]]],[[[73.124522,6.332506],[73.124197,6.332261],[73.119314,6.328925],[73.124522,6.332506]]],[[[73.187266,6.350775],[73.183604,6.347317],[73.181,6.34984],[73.187266,6.350775]]],[[[73.020518,6.368964],[73.023936,6.365871],[73.019298,6.363593],[73.020518,6.368964]]],[[[72.690929,6.411607],[72.687185,6.407416],[72.685883,6.411607],[72.690929,6.411607]]],[[[72.902843,6.440172],[72.906912,6.436428],[72.902029,6.43476],[72.902843,6.440172]]],[[[73.048813,6.441342],[73.046235,6.436265],[73.043305,6.433865],[73.048813,6.441342]]],[[[72.962087,6.559027],[72.958018,6.554348],[72.958344,6.560696],[72.962087,6.559027]]],[[[72.924001,6.565253],[72.927501,6.562079],[72.923106,6.559882],[72.924001,6.565253]]],[[[73.029959,6.582343],[73.030121,6.577541],[73.027354,6.576483],[73.029959,6.582343]]],[[[73.04477,6.621894],[73.040701,6.617174],[73.041026,6.623603],[73.04477,6.621894]]],[[[73.069509,6.667955],[73.061778,6.660956],[73.064138,6.668402],[73.069509,6.667955]]],[[[73.105968,6.709947],[73.102306,6.702338],[73.095876,6.698432],[73.105968,6.709947]]],[[[73.036632,6.759711],[73.036225,6.756781],[73.033865,6.753852],[73.036632,6.759711]]],[[[72.918468,6.763983],[72.914317,6.759223],[72.913259,6.764879],[72.918468,6.763983]]],[[[73.159516,6.786526],[73.165538,6.783149],[73.131847,6.725165],[73.159516,6.786526]]],[[[73.181651,6.830512],[73.197276,6.828111],[73.183767,6.821112],[73.181651,6.830512]]],[[[72.995779,6.841498],[72.992442,6.837877],[72.989431,6.837633],[72.995779,6.841498]]],[[[73.144379,6.843411],[73.141287,6.839911],[73.139008,6.844428],[73.144379,6.843411]]],[[[72.976085,6.852851],[72.976248,6.848049],[72.974132,6.845852],[72.976085,6.852851]]],[[[73.098155,6.8522],[73.095063,6.8487],[73.092947,6.853095],[73.098155,6.8522]]],[[[72.964692,6.860663],[72.960623,6.856065],[72.958344,6.857001],[72.964692,6.860663]]],[[[73.106212,6.896674],[73.106537,6.89053],[73.101736,6.893541],[73.106212,6.896674]]],[[[73.214041,6.918606],[73.208751,6.891099],[73.201915,6.902248],[73.214041,6.918606]]],[[[72.925955,6.957424],[72.925955,6.957017],[72.92628,6.953803],[72.925955,6.957424]]],[[[73.198497,6.97134],[73.19337,6.950995],[73.191905,6.951646],[73.198497,6.97134]]],[[[72.891938,6.991034],[72.891938,6.987698],[72.890554,6.98546],[72.891938,6.991034]]],[[[72.979747,7.027737],[72.981456,7.013983],[72.977224,7.02261],[72.979747,7.027737]]],[[[72.949962,7.056545],[72.949962,7.056423],[72.948497,7.050849],[72.949962,7.056545]]],[[[72.912852,7.092719],[72.911876,7.083197],[72.906586,7.09101],[72.912852,7.092719]]],[[[72.8838,7.107245],[72.884532,7.105699],[72.884532,7.103705],[72.8838,7.107245]]]]}}]}
