{"type":"FeatureCollection","features":[{"type":"Feature","properties":{"name":"Indonesia","ISO3166-1-Alpha-3":"IDN","ISO3166-1-Alpha-2":"ID"},"geometry":{"type":"MultiPolygon","coordinates":[[[[117.703608,4.163415],[117.907039,4.156683],[117.887055,4.031928],[117.703608,4.163415]]],[[[124.450531,-9.18019],[125.162365,-9.060634],[123.472016,-10.364923],[124.450531,-9.18019]]],[[[117.567149,4.159654],[117.030528,3.594387],[119.011729,0.976264],[117.893891,1.113471],[115.967947,-3.608819],[114.664317,-4.184177],[114.364757,-3.211521],[110.263194,-3.002862],[108.920909,0.340277],[109.340994,1.935533],[110.553903,0.85137],[114.545597,1.434952],[115.844122,4.389216],[117.567149,4.159654]]],[[[140.974457,-2.600518],[140.97698,-9.106134],[140.151703,-7.884698],[138.914399,-8.292087],[138.061371,-5.403741],[133.971039,-3.850274],[133.860525,-2.922947],[132.907725,-4.088149],[131.958018,-2.788181],[133.94044,-2.107599],[130.948253,-1.412205],[132.396658,-0.353448],[133.977224,-0.72324],[135.340831,-3.389744],[137.839122,-1.471124],[140.974457,-2.600518]]],[[[113.395193,-8.447035],[113.396658,-8.488377],[113.281993,-8.457208],[113.395193,-8.447035]]],[[[123.146251,-8.425958],[122.955251,-8.585626],[123.018321,-8.451267],[123.146251,-8.425958]]],[[[128.231212,-8.251235],[128.123302,-8.280938],[128.10377,-8.211847],[128.231212,-8.251235]]],[[[129.029633,-8.206801],[128.993419,-8.261489],[128.887706,-8.244887],[129.029633,-8.206801]]],[[[127.741873,-8.158949],[127.744884,-8.220473],[127.620779,-8.21266],[127.741873,-8.158949]]],[[[117.664317,-8.148126],[117.56658,-8.363946],[117.499766,-8.265232],[117.664317,-8.148126]]],[[[127.216319,-8.026951],[127.224946,-8.108575],[127.15561,-8.048435],[127.216319,-8.026951]]],[[[131.104991,-7.629002],[131.035899,-7.687595],[131.040294,-7.65016],[131.104991,-7.629002]]],[[[130.968598,-7.534601],[130.958507,-7.542087],[130.858653,-7.486912],[130.968598,-7.534601]]],[[[131.174815,-7.404229],[131.069184,-7.507501],[131.003266,-7.424493],[131.174815,-7.404229]]],[[[131.283946,-7.329767],[131.293468,-7.34059],[131.230968,-7.344171],[131.283946,-7.329767]]],[[[120.96046,-7.281996],[120.977387,-7.326349],[120.799327,-7.295017],[120.96046,-7.281996]]],[[[120.757823,-7.075942],[120.681895,-7.139418],[120.591113,-7.079589],[120.757823,-7.075942]]],[[[138.753429,-6.778253],[138.716319,-6.864679],[138.616954,-6.748142],[138.753429,-6.778253]]],[[[131.597423,-6.679132],[131.583995,-6.719496],[131.564789,-6.795587],[131.597423,-6.679132]]],[[[134.707367,-6.589044],[134.713634,-6.695733],[134.631602,-6.727227],[134.707367,-6.589044]]],[[[134.607758,-6.421482],[134.451427,-6.4249],[134.413422,-6.294529],[134.607758,-6.421482]]],[[[134.840587,-6.287693],[134.861095,-6.390069],[134.806407,-6.4249],[134.840587,-6.287693]]],[[[134.37794,-6.254083],[134.217947,-6.207615],[134.23585,-6.062677],[134.37794,-6.254083]]],[[[109.906016,-7.83766],[105.216807,-6.772068],[106.052745,-5.881036],[111.010753,-6.420994],[114.624766,-8.740655],[109.906016,-7.83766]]],[[[124.065196,-5.962498],[124.035899,-5.9874],[123.966075,-5.91546],[124.065196,-5.962498]]],[[[132.797374,-5.609063],[132.784923,-5.657647],[132.784923,-5.527276],[132.797374,-5.609063]]],[[[132.318614,-5.513604],[132.377615,-5.544203],[132.334321,-5.572931],[132.318614,-5.513604]]],[[[123.77711,-5.513604],[123.793305,-5.589125],[123.701671,-5.493097],[123.77711,-5.513604]]],[[[123.539724,-5.245538],[123.635916,-5.290785],[123.590587,-5.374119],[123.539724,-5.245538]]],[[[129.927257,-4.53045],[129.945649,-4.556085],[129.8838,-4.555597],[129.927257,-4.53045]]],[[[127.23463,-3.821059],[127.241368,-3.910817],[127.145086,-3.884983],[127.23463,-3.821059]]],[[[122.3213,-3.511895],[122.355479,-3.556573],[122.293305,-3.580824],[122.3213,-3.511895]]],[[[132.70281,-3.453302],[132.678884,-3.495864],[132.620291,-3.423761],[132.70281,-3.453302]]],[[[122.439626,-3.419041],[122.433604,-3.485284],[122.412283,-3.387791],[122.439626,-3.419041]]],[[[127.615489,-3.307387],[127.519705,-3.330255],[127.521821,-3.261814],[127.615489,-3.307387]]],[[[127.772227,-3.16253],[127.766449,-3.24627],[127.706309,-3.156345],[127.772227,-3.16253]]],[[[127.954112,-2.916681],[127.947276,-3.018487],[127.879649,-2.979425],[127.954112,-2.916681]]],[[[123.87672,-2.018487],[123.886974,-2.073907],[123.849864,-2.054864],[123.87672,-2.018487]]],[[[124.348888,-1.959568],[124.358409,-2.033298],[124.304698,-1.996026],[124.348888,-1.959568]]],[[[123.656993,-1.909356],[123.663829,-1.963311],[123.649587,-1.934177],[123.656993,-1.909356]]],[[[123.738048,-1.907892],[123.745779,-1.935968],[123.705577,-1.93377],[123.738048,-1.907892]]],[[[108.677257,-1.7138],[108.723155,-1.693617],[108.778087,-1.702732],[108.677257,-1.7138]]],[[[127.371104,-1.367446],[127.316661,-1.436293],[127.327403,-1.365411],[127.371104,-1.367446]]],[[[109.170177,-1.257582],[109.1338,-1.297133],[109.101329,-1.292413],[109.170177,-1.257582]]],[[[109.254649,-1.169366],[109.25294,-1.212498],[109.218516,-1.206638],[109.254649,-1.169366]]],[[[104.479991,-0.271254],[104.492524,-0.30877],[104.446137,-0.320082],[104.479991,-0.271254]]],[[[102.839122,0.290961],[102.884532,0.315253],[102.907725,0.298529],[102.839122,0.290961]]],[[[103.0796,0.624416],[103.071462,0.577216],[103.037283,0.652655],[103.0796,0.624416]]],[[[103.506358,0.70189],[103.517914,0.667629],[103.469249,0.637397],[103.506358,0.70189]]],[[[103.112804,0.792955],[103.086274,0.724677],[103.080251,0.768622],[103.112804,0.792955]]],[[[104.564626,0.798163],[104.613536,0.765855],[104.541026,0.766588],[104.564626,0.798163]]],[[[103.667735,0.839667],[103.727306,0.779853],[103.700938,0.765692],[103.667735,0.839667]]],[[[103.462169,0.918931],[103.469005,0.869615],[103.428071,0.890041],[103.462169,0.918931]]],[[[120.649181,1.072455],[120.68336,1.044582],[120.607595,1.072455],[120.649181,1.072455]]],[[[120.377615,1.079901],[120.403982,1.044867],[120.37794,1.024075],[120.377615,1.079901]]],[[[119.846528,-0.874607],[120.833507,1.32567],[123.92921,0.831529],[125.175304,1.678168],[124.321788,0.398871],[120.158214,0.227769],[120.675955,-1.394708],[123.454356,-0.758233],[121.296072,-1.816664],[122.900157,-4.388767],[121.55421,-4.743748],[120.584483,-2.682061],[119.723643,-5.70379],[118.757335,-2.775811],[119.846528,-0.874607]]],[[[127.785899,2.264228],[127.815115,2.255276],[127.75766,2.221381],[127.785899,2.264228]]],[[[128.193614,2.367255],[128.130707,2.316474],[128.1421,2.377834],[128.193614,2.367255]]],[[[100.947276,1.825385],[103.743419,0.27733],[104.531098,-2.772638],[106.028494,-2.982843],[105.729747,-5.896661],[102.312511,-3.991469],[95.212738,5.573147],[97.526215,5.242255],[100.947276,1.825385]]],[[[120.792491,-9.96087],[119.757823,-9.885186],[119.259776,-9.366469],[120.792491,-9.96087]]],[[[115.550141,-8.666192],[115.624204,-8.768909],[115.47462,-8.736586],[115.550141,-8.666192]]],[[[119.722992,-8.621189],[119.702647,-8.792413],[119.626801,-8.713962],[119.722992,-8.621189]]],[[[119.559255,-8.518162],[119.455333,-8.644301],[119.393565,-8.554946],[119.559255,-8.518162]]],[[[123.348643,-8.268813],[123.163585,-8.391778],[123.188243,-8.234959],[123.348643,-8.268813]]],[[[116.633311,-8.275079],[116.347423,-8.921319],[115.868907,-8.730645],[116.633311,-8.275079]]],[[[119.086436,-8.131524],[119.127208,-8.220473],[119.051524,-8.261407],[119.086436,-8.131524]]],[[[119.203624,-8.610935],[116.728452,-8.963096],[117.917817,-8.08587],[119.203624,-8.610935]]],[[[123.026378,-8.288751],[120.323009,-8.830662],[121.290538,-8.477472],[123.026378,-8.288751]]],[[[115.619151,-8.288751],[115.213227,-8.839939],[114.549083,-8.334242],[115.619151,-8.288751]]],[[[109.019298,-7.758071],[108.999278,-7.772882],[108.794119,-7.719415],[109.019298,-7.758071]]],[[[115.570649,-6.904555],[115.344737,-6.928155],[115.293305,-7.007582],[115.570649,-6.904555]]],[[[112.700694,-5.726007],[112.700694,-5.84881],[112.593435,-5.817315],[112.700694,-5.726007]]],[[[102.406505,-5.403741],[102.3213,-5.472914],[102.147227,-5.289646],[102.406505,-5.403741]]],[[[115.845876,-4.764093],[115.858084,-4.779962],[115.795258,-4.78631],[115.845876,-4.764093]]],[[[116.399262,-3.392755],[116.404552,-3.576837],[116.325369,-3.547621],[116.399262,-3.392755]]],[[[116.303722,-3.718032],[116.170258,-4.004002],[116.046397,-3.497491],[116.303722,-3.718032]]],[[[100.508474,-3.122166],[100.515473,-3.153904],[100.506684,-3.178399],[100.508474,-3.122166]]],[[[100.398611,-3.183526],[100.355805,-3.198337],[100.255382,-2.791436],[100.398611,-3.183526]]],[[[100.206798,-2.693536],[100.038341,-2.833754],[99.961436,-2.559015],[100.206798,-2.693536]]],[[[99.823253,-2.292901],[99.648448,-2.265558],[99.562266,-2.121677],[99.823253,-2.292901]]],[[[108.964203,-1.573419],[108.82838,-1.656996],[108.793305,-1.580336],[108.964203,-1.573419]]],[[[109.759776,-1.103936],[109.502452,-1.292169],[109.556163,-0.987481],[109.759776,-1.103936]]],[[[99.274425,-1.634942],[98.61378,-1.229181],[98.989268,-1.111098],[99.274425,-1.634942]]],[[[98.501964,-0.460545],[98.462087,-0.529474],[98.362641,-0.380141],[98.501964,-0.460545]]],[[[98.479991,-0.15838],[98.542654,-0.354181],[98.331879,-0.036798],[98.479991,-0.15838]]],[[[103.29363,0.625434],[103.18336,0.514838],[103.17921,0.695502],[103.29363,0.625434]]],[[[103.518728,0.818427],[103.490489,0.821275],[103.430837,0.867662],[103.518728,0.818427]]],[[[103.818614,0.886217],[103.941417,0.775702],[103.887462,0.81802],[103.818614,0.886217]]],[[[103.489024,0.777045],[103.403087,0.678209],[103.357432,0.872463],[103.489024,0.777045]]],[[[103.801768,0.852729],[103.832286,0.765367],[103.730479,0.847561],[103.801768,0.852729]]],[[[103.942149,0.99608],[103.932791,0.934027],[103.844737,1.012681],[103.942149,0.99608]]],[[[104.798595,1.03148],[104.849946,0.991197],[104.832774,0.955146],[104.798595,1.03148]]],[[[107.562022,1.037177],[107.54713,0.976264],[107.545258,1.006252],[107.562022,1.037177]]],[[[103.443126,1.012763],[103.315603,1.073188],[103.393077,1.076077],[103.443126,1.012763]]],[[[103.048676,0.797024],[102.702159,0.8039],[102.607921,1.068915],[103.048676,0.797024]]],[[[103.126475,0.927883],[102.842296,0.989936],[102.624766,1.021959],[103.126475,0.927883]]],[[[104.146332,1.160468],[104.049164,0.984198],[103.955821,1.140774],[104.146332,1.160468]]],[[[104.654552,1.096381],[104.449229,0.941474],[104.232758,1.075588],[104.654552,1.096381]]],[[[102.473399,1.242011],[102.399669,0.927883],[102.20102,1.297756],[102.473399,1.242011]]],[[[102.49586,1.363593],[102.134532,1.455715],[102.175059,1.575751],[102.49586,1.363593]]],[[[98.555186,1.682034],[98.497569,1.627265],[98.445649,1.704332],[98.555186,1.682034]]],[[[97.151134,2.058092],[97.115001,2.014716],[97.09254,2.105536],[97.151134,2.058092]]],[[[101.721202,2.058092],[101.649425,1.722235],[101.405772,2.013861],[101.721202,2.058092]]],[[[96.644054,2.127021],[96.665375,2.087877],[96.609874,2.106513],[96.644054,2.127021]]],[[[97.328624,2.147528],[97.296153,2.069525],[97.182791,2.22606],[97.328624,2.147528]]],[[[118.59962,2.24433],[118.591156,2.221015],[118.6338,2.271674],[118.59962,2.24433]]],[[[109.108653,2.531684],[109.022472,2.520006],[108.96811,2.543647],[109.108653,2.531684]]],[[[106.243175,2.760484],[106.232432,2.741767],[106.203298,2.819078],[106.243175,2.760484]]],[[[96.479503,2.414984],[95.862559,2.654608],[95.927745,2.84455],[96.479503,2.414984]]],[[[108.842459,2.973619],[108.883556,2.883979],[108.78297,2.88227],[108.842459,2.973619]]],[[[107.80714,3.014879],[107.76824,2.979071],[107.751231,3.01203],[107.80714,3.014879]]],[[[105.802013,2.99726],[105.765147,2.85692],[105.691905,3.020494],[105.802013,2.99726]]],[[[106.285167,3.179104],[106.226085,3.125556],[106.205821,3.205715],[106.285167,3.179104]]],[[[117.503591,3.333645],[117.513357,3.290839],[117.417003,3.288723],[117.503591,3.333645]]],[[[106.270844,3.360989],[106.279633,3.277655],[106.282888,3.240871],[106.270844,3.360989]]],[[[117.625255,3.43769],[117.677257,3.356431],[117.624848,3.283271],[117.625255,3.43769]]],[[[117.893891,3.497504],[117.826182,3.494086],[117.803722,3.591051],[117.893891,3.497504]]],[[[117.517263,3.477037],[117.222016,3.535549],[117.307953,3.573188],[117.517263,3.477037]]],[[[117.846202,3.79914],[117.74464,3.857896],[117.766775,3.87401],[117.846202,3.79914]]],[[[117.698741,4.111314],[117.741059,4.025621],[117.594493,4.06387],[117.698741,4.111314]]],[[[108.396169,3.874823],[108.213634,3.791164],[107.997244,4.034247],[108.396169,3.874823]]],[[[108.005138,4.772366],[107.981212,4.683661],[107.940603,4.708645],[108.005138,4.772366]]],[[[95.177419,5.628363],[95.156261,5.594794],[95.109141,5.622016],[95.177419,5.628363]]],[[[95.115245,5.711493],[95.050304,5.686225],[95.040375,5.736029],[95.115245,5.711493]]],[[[95.341807,5.89643],[95.33839,5.779202],[95.213552,5.902533],[95.341807,5.89643]]],[[[123.390147,-10.591485],[122.880219,-10.922621],[123.200369,-10.5735],[123.390147,-10.591485]]],[[[121.940196,-10.430108],[121.91505,-10.577081],[121.732107,-10.597345],[121.940196,-10.430108]]],[[[123.465831,-10.149835],[123.41863,-10.273045],[123.33839,-10.337498],[123.465831,-10.149835]]],[[[123.927989,-8.227309],[123.302013,-8.55283],[123.56837,-8.374933],[123.927989,-8.227309]]],[[[124.308116,-8.220473],[124.05128,-8.539158],[124.069102,-8.315606],[124.308116,-8.220473]]],[[[138.897309,-8.337172],[138.55836,-8.366632],[138.688813,-8.181329],[138.897309,-8.337172]]],[[[125.134044,-8.217055],[124.427908,-8.467462],[124.419688,-8.202244],[125.134044,-8.217055]]],[[[128.090587,-8.131036],[127.951996,-8.223891],[127.775564,-8.124607],[128.090587,-8.131036]]],[[[131.109386,-8.131036],[130.879405,-8.309259],[130.916026,-8.176446],[131.109386,-8.131036]]],[[[129.841156,-7.877862],[129.7588,-8.054457],[129.7588,-7.808689],[129.841156,-7.877862]]],[[[126.836762,-7.726332],[126.090099,-7.891534],[125.957205,-7.667901],[126.836762,-7.726332]]],[[[127.470225,-7.527765],[127.398611,-7.643813],[127.37615,-7.59588],[127.470225,-7.527765]]],[[[138.938975,-7.542087],[138.679698,-8.157485],[137.759044,-8.073419],[138.938975,-7.542087]]],[[[131.698578,-7.226739],[131.348643,-7.93906],[131.211681,-7.69492],[131.698578,-7.226739]]],[[[131.982188,-7.188897],[131.903982,-7.180352],[131.878429,-7.106052],[131.982188,-7.188897]]],[[[128.669688,-7.137384],[128.546641,-7.162693],[128.643403,-7.082778],[128.669688,-7.137384]]],[[[114.045665,-6.914646],[113.513425,-7.247782],[112.717052,-7.117608],[114.045665,-6.914646]]],[[[105.264171,-6.527927],[105.185069,-6.655043],[105.13795,-6.587335],[105.264171,-6.527927]]],[[[134.484386,-6.575616],[134.064464,-6.795587],[134.27711,-6.290216],[134.484386,-6.575616]]],[[[120.546153,-5.938165],[120.490489,-6.471449],[120.446951,-6.154474],[120.546153,-5.938165]]],[[[104.832774,-5.760024],[104.83839,-5.820408],[104.770356,-5.752048],[104.832774,-5.760024]]],[[[132.802013,-5.787367],[132.661388,-5.845392],[132.622325,-5.616632],[132.802013,-5.787367]]],[[[134.758067,-6.157892],[134.352387,-5.79339],[134.680349,-5.590916],[134.758067,-6.157892]]],[[[133.184337,-5.310317],[132.997244,-5.699965],[132.964122,-5.64072],[133.184337,-5.310317]]],[[[122.067393,-5.21502],[121.881847,-5.390232],[121.864919,-5.086521],[122.067393,-5.21502]]],[[[131.733084,-4.693048],[131.754405,-4.736505],[131.729015,-4.754653],[131.733084,-4.693048]]],[[[122.78004,-4.916599],[122.584483,-5.409112],[122.30714,-5.26393],[122.78004,-4.916599]]],[[[131.606212,-4.430434],[131.62615,-4.426853],[131.680431,-4.524021],[131.606212,-4.430434]]],[[[123.149913,-5.22503],[122.721039,-5.266209],[123.19337,-4.662856],[123.149913,-5.22503]]],[[[133.55836,-4.232029],[133.435883,-4.225193],[133.334483,-4.109063],[133.55836,-4.232029]]],[[[131.365977,-4.122166],[131.29656,-4.109063],[131.28419,-4.066095],[131.365977,-4.122166]]],[[[131.235037,-3.987563],[131.249848,-4.009698],[131.226085,-4.038344],[131.235037,-3.987563]]],[[[123.204438,-3.992934],[123.04477,-4.209649],[123.015636,-3.981134],[123.204438,-3.992934]]],[[[131.444835,-4.036716],[131.400645,-4.047052],[131.377696,-3.957127],[131.444835,-4.036716]]],[[[128.796235,-3.642836],[128.810557,-3.676446],[128.748546,-3.683852],[128.796235,-3.642836]]],[[[123.177257,-3.573989],[123.119884,-3.629164],[123.061046,-3.570896],[123.177257,-3.573989]]],[[[128.528819,-3.532973],[128.449067,-3.623142],[128.406912,-3.556817],[128.528819,-3.532973]]],[[[128.330821,-3.511895],[128.254893,-3.709568],[128.055512,-3.713311],[128.330821,-3.511895]]],[[[128.720551,-3.525567],[128.645518,-3.621759],[128.561046,-3.493748],[128.720551,-3.525567]]],[[[127.240896,-3.470961],[126.165294,-3.567966],[127.000662,-3.149509],[127.240896,-3.470961]]],[[[106.908946,-2.929783],[106.798595,-3.011],[106.749522,-2.92311],[106.908946,-2.929783]]],[[[107.099232,-2.859058],[107.059581,-2.901462],[107.059418,-2.831964],[107.099232,-2.859058]]],[[[107.39503,-2.86891],[107.493838,-2.837822],[107.410147,-2.947565],[107.39503,-2.86891]]],[[[130.87322,-3.573989],[128.449718,-3.443292],[128.600759,-2.854669],[130.87322,-3.573989]]],[[[131.599376,-2.634861],[131.654633,-2.613214],[131.598155,-2.653904],[131.599376,-2.634861]]],[[[108.293712,-2.848403],[107.870453,-3.05169],[107.583995,-2.882501],[108.293712,-2.848403]]],[[[134.581228,-2.416436],[134.534434,-2.435642],[134.56422,-2.329848],[134.581228,-2.416436]]],[[[134.38502,-2.003595],[134.424327,-2.045994],[134.332367,-2.111098],[134.38502,-2.003595]]],[[[126.069102,-2.384454],[125.937266,-2.260837],[125.924571,-1.968194],[126.069102,-2.384454]]],[[[123.857432,-1.950372],[123.840587,-2.001642],[123.773285,-1.922621],[123.857432,-1.950372]]],[[[126.329112,-1.819268],[125.620291,-1.915623],[125.409679,-1.779229],[126.329112,-1.819268]]],[[[123.132823,-1.765313],[123.106456,-1.871189],[123.074474,-1.818943],[123.132823,-1.765313]]],[[[134.23585,-1.738539],[134.219981,-1.812595],[134.175141,-1.943455],[134.23585,-1.738539]]],[[[130.386485,-1.888279],[130.154307,-2.05877],[129.895274,-1.796808],[130.386485,-1.888279]]],[[[125.314789,-1.778985],[124.406016,-2.004083],[125.034679,-1.75213],[125.314789,-1.778985]]],[[[136.848481,-1.765313],[136.283865,-1.886977],[135.483897,-1.674981],[136.848481,-1.765313]]],[[[106.769054,-2.560317],[105.135916,-1.965509],[105.913748,-1.494236],[106.769054,-2.560317]]],[[[135.285655,-1.476739],[135.31186,-1.510186],[135.10906,-1.47381],[135.285655,-1.476739]]],[[[128.145193,-1.594008],[127.398285,-1.554295],[127.77589,-1.384454],[128.145193,-1.594008]]],[[[127.689952,-1.2138],[127.552582,-1.236912],[127.473888,-1.217706],[127.689952,-1.2138]]],[[[123.503103,-1.264418],[123.110688,-1.576918],[123.159353,-1.179295],[123.503103,-1.264418]]],[[[129.954438,-1.162693],[129.859223,-1.233168],[129.762706,-1.210382],[129.954438,-1.162693]]],[[[134.99822,-1.01865],[134.812836,-1.0499],[134.937511,-0.957615],[134.99822,-1.01865]]],[[[131.057384,-1.000665],[130.797374,-1.264418],[130.688243,-1.024835],[131.057384,-1.000665]]],[[[130.917247,-0.778416],[130.468516,-0.922459],[130.64503,-0.814223],[130.917247,-0.778416]]],[[[136.375662,-1.093683],[135.684093,-0.86712],[135.716319,-0.719496],[136.375662,-1.093683]]],[[[127.296153,-0.743748],[127.155528,-0.772393],[127.256602,-0.616957],[127.296153,-0.743748]]],[[[130.677582,-0.435805],[130.533702,-0.509861],[130.493826,-0.450128],[130.677582,-0.435805]]],[[[121.853852,-0.401056],[121.846446,-0.500258],[121.654552,-0.552423],[121.853852,-0.401056]]],[[[104.548513,-0.398045],[104.356293,-0.661716],[104.334809,-0.40488],[104.548513,-0.398045]]],[[[122.029552,-0.332127],[121.931814,-0.414646],[121.903331,-0.333917],[122.029552,-0.332127]]],[[[127.888927,-0.764744],[127.398611,-0.620212],[127.529796,-0.300714],[127.888927,-0.764744]]],[[[127.23463,-0.490411],[127.116954,-0.365655],[127.29713,-0.281915],[127.23463,-0.490411]]],[[[103.712738,-0.269708],[103.657481,-0.366876],[103.461681,-0.366876],[103.712738,-0.269708]]],[[[122.217621,-0.247166],[122.222911,-0.270196],[122.158376,-0.211358],[122.217621,-0.247166]]],[[[122.369151,-0.263849],[122.293305,-0.237237],[122.231944,-0.188735],[122.369151,-0.263849]]],[[[121.574555,-0.18255],[121.597423,-0.124688],[121.642589,-0.176853],[121.574555,-0.18255]]],[[[131.297618,-0.237237],[130.865489,-0.429295],[130.29713,-0.165216],[131.297618,-0.237237]]],[[[104.928966,-0.237237],[104.579926,-0.24033],[104.559825,0.010159],[104.928966,-0.237237]]],[[[129.536876,-0.13421],[129.516775,-0.208754],[129.332774,0.011379],[129.536876,-0.13421]]],[[[127.459972,-0.003839],[127.432628,0.006781],[127.391368,0.026028],[127.459972,-0.003839]]],[[[104.497081,0.071275],[104.459158,0.047309],[104.408702,0.150946],[104.497081,0.071275]]],[[[104.688731,0.071275],[104.578868,0.124905],[104.498546,0.223293],[104.688731,0.071275]]],[[[104.405528,0.338813],[104.399587,0.294989],[104.346934,0.359931],[104.405528,0.338813]]],[[[127.398692,0.379584],[127.358165,0.283515],[127.337087,0.348782],[127.398692,0.379584]]],[[[104.215831,0.708157],[104.287608,0.650784],[104.260265,0.643378],[104.215831,0.708157]]],[[[127.378673,0.623033],[127.403819,0.750393],[127.444835,0.727444],[127.378673,0.623033]]],[[[104.284028,0.708157],[104.191661,0.745998],[104.254161,0.797838],[104.284028,0.708157]]],[[[127.371104,0.784491],[127.303396,0.764879],[127.304861,0.85517],[127.371104,0.784491]]],[[[104.226085,0.880072],[104.176443,0.798489],[104.094005,0.933092],[104.226085,0.880072]]],[[[97.928477,0.99608],[97.435069,0.94892],[97.321056,1.474066],[97.928477,0.99608]]],[[[125.295095,1.551663],[125.291759,1.465277],[125.185313,1.390692],[125.295095,1.551663]]],[[[127.666026,-0.209242],[128.047374,2.203843],[127.627615,0.937405],[128.719493,1.570624],[128.899587,0.20779],[127.910492,0.43769],[128.440684,-0.908787],[127.666026,-0.209242]]],[[[125.43214,2.387681],[125.452647,2.333075],[125.369477,2.374091],[125.43214,2.387681]]],[[[128.686371,2.483954],[128.275564,2.017157],[128.419444,2.53262],[128.686371,2.483954]]],[[[125.443614,2.793036],[125.418468,2.668891],[125.374278,2.693101],[125.443614,2.793036]]],[[[125.652517,3.469631],[125.505056,3.48078],[125.534516,3.683051],[125.652517,3.469631]]],[[[126.743993,3.853385],[126.833005,3.795959],[126.837915,3.743391],[126.743993,3.853385]]],[[[126.656547,3.981478],[126.687851,3.853331],[126.648215,3.951896],[126.656547,3.981478]]],[[[126.870709,4.331393],[126.791632,4.241056],[126.744395,4.5456],[126.870709,4.331393]]],[[[122.36085,-8.432875],[122.410167,-8.443943],[122.376801,-8.501723],[122.36085,-8.432875]]],[[[121.710297,-8.288751],[121.744395,-8.334405],[121.676117,-8.309259],[121.710297,-8.288751]]],[[[121.779796,-7.343438],[121.834809,-7.388279],[121.751801,-7.394301],[121.779796,-7.343438]]],[[[114.593761,-7.130548],[114.618826,-7.16725],[114.499197,-7.137872],[114.593761,-7.130548]]],[[[114.369255,-7.089583],[114.35727,-7.167413],[114.273248,-7.101247],[114.369255,-7.089583]]],[[[123.365733,-1.67311],[123.369802,-1.719903],[123.280284,-1.785821],[123.365733,-1.67311]]],[[[122.139415,-0.38421],[122.088878,-0.401544],[122.094737,-0.263849],[122.139415,-0.38421]]],[[[130.066661,-7.762628],[130.065929,-7.787856],[130.029063,-7.767836],[130.066661,-7.762628]]],[[[130.007823,-7.724867],[129.994151,-7.744399],[129.978852,-7.71266],[130.007823,-7.724867]]],[[[129.675141,-7.571547],[129.663748,-7.536554],[129.706798,-7.554783],[129.675141,-7.571547]]],[[[129.125011,-6.993259],[129.125011,-6.965753],[129.152843,-6.97617],[129.125011,-6.993259]]],[[[129.484548,-6.755304],[129.497081,-6.722589],[129.518077,-6.763116],[129.484548,-6.755304]]],[[[130.013682,-6.328383],[129.998709,-6.317153],[130.020763,-6.312433],[130.013682,-6.328383]]],[[[127.55128,-5.512384],[127.555186,-5.506606],[127.561371,-5.517267],[127.55128,-5.512384]]],[[[127.554861,-5.490492],[127.556977,-5.49977],[127.545909,-5.495294],[127.554861,-5.490492]]],[[[127.79005,-5.409601],[127.798513,-5.40016],[127.803396,-5.407647],[127.79005,-5.409601]]],[[[127.776866,-5.34881],[127.779063,-5.342869],[127.785167,-5.35296],[127.776866,-5.34881]]],[[[131.986501,-5.317641],[132.000336,-5.373224],[131.975108,-5.387465],[131.986501,-5.317641]]],[[[129.757823,-4.522556],[129.762706,-4.518813],[129.778331,-4.524509],[129.757823,-4.522556]]],[[[134.310313,0.756496],[134.342947,0.765204],[134.32252,0.730536],[134.310313,0.756496]]],[[[131.236339,1.019355],[131.237071,1.02497],[131.244884,1.035346],[131.236339,1.019355]]],[[[131.255626,1.068793],[131.271169,1.072008],[131.265391,1.05272],[131.255626,1.068793]]],[[[126.394867,1.339342],[126.385427,1.286282],[126.352387,1.335883],[126.394867,1.339342]]],[[[125.393403,2.118232],[125.362153,2.086371],[125.357188,2.113918],[125.393403,2.118232]]],[[[126.591156,5.557115],[126.598643,5.565375],[126.599376,5.553616],[126.591156,5.557115]]],[[[121.614106,-10.602472],[121.615001,-10.626642],[121.531423,-10.638442],[121.614106,-10.602472]]],[[[115.89088,-7.10711],[115.765961,-7.143976],[115.880219,-7.158461],[115.89088,-7.10711]]],[[[134.727794,-6.504571],[134.688487,-6.558526],[134.62379,-6.486098],[134.727794,-6.504571]]],[[[110.431326,-5.837335],[110.463634,-5.85711],[110.430349,-5.873712],[110.431326,-5.837335]]],[[[134.212738,-5.758722],[134.206879,-5.827325],[134.169688,-5.768324],[134.212738,-5.758722]]],[[[133.591807,-2.461521],[133.557384,-2.504327],[133.50587,-2.424493],[133.591807,-2.461521]]],[[[123.600597,-1.603285],[123.511729,-1.709405],[123.477794,-1.557712],[123.600597,-1.603285]]],[[[128.367361,-0.988377],[128.361664,-1.033624],[128.301524,-0.951104],[128.367361,-0.988377]]],[[[129.902354,-0.408461],[129.897146,-0.479181],[129.844249,-0.444268],[129.902354,-0.408461]]],[[[98.547597,0.159327],[98.805744,0.160916],[98.689004,0.070775],[98.547597,0.159327]]],[[[104.724864,0.749661],[104.754161,0.73725],[104.739268,0.716254],[104.724864,0.749661]]],[[[104.659434,0.845893],[104.656586,0.81387],[104.625499,0.810696],[104.659434,0.845893]]],[[[125.172211,1.799221],[125.144705,1.741848],[125.125987,1.815416],[125.172211,1.799221]]],[[[127.130382,4.7744],[127.145763,4.752183],[127.123057,4.752509],[127.130382,4.7744]]]]}},{"type":"Feature","properties":{"name":"Malaysia","ISO3166-1-Alpha-3":"MYS","ISO3166-1-Alpha-2":"MY"},"geometry":{"type":"MultiPolygon","coordinates":[[[[117.703608,4.163415],[117.720225,4.266425],[117.849864,4.196357],[117.703608,4.163415]]],[[[102.07309,6.257514],[104.277354,1.367336],[100.709483,3.883043],[100.166836,6.695122],[101.122179,5.62989],[102.07309,6.257514]]],[[[115.146169,4.908515],[116.777354,7.02676],[119.278087,5.344631],[118.556895,4.363511],[115.844122,4.389216],[114.545597,1.434952],[110.553903,0.85137],[109.65804,1.59719],[111.383556,1.353664],[111.457856,2.705634],[115.146169,4.908515]]],[[[118.219493,5.855536],[118.213145,5.826606],[118.165538,5.827541],[118.219493,5.855536]]],[[[111.411388,2.391099],[111.369884,2.359809],[111.299001,2.702704],[111.411388,2.391099]]],[[[104.222667,2.78559],[104.130707,2.760077],[104.156016,2.874579],[104.222667,2.78559]]],[[[118.726248,4.491889],[118.681651,4.437079],[118.651215,4.479071],[118.726248,4.491889]]],[[[118.510265,4.648871],[118.548106,4.621568],[118.448904,4.642646],[118.510265,4.648871]]],[[[115.248546,5.365465],[115.231944,5.273139],[115.160899,5.266995],[115.248546,5.365465]]],[[[100.309825,5.450751],[100.189708,5.266506],[100.185232,5.444281],[100.309825,5.450751]]],[[[99.786292,6.241822],[99.824859,6.25772],[99.816953,6.176528],[99.786292,6.241822]]],[[[99.900617,6.364304],[99.748949,6.270183],[99.785996,6.422854],[99.900617,6.364304]]],[[[117.468761,6.766669],[117.381684,6.63935],[117.43214,6.689358],[117.468761,6.766669]]],[[[117.002615,7.355699],[116.971446,7.271389],[116.890961,7.193671],[117.002615,7.355699]]],[[[117.171153,7.342678],[117.152843,7.173082],[117.056407,7.202867],[117.171153,7.342678]]],[[[101.271169,3.046454],[101.259613,3.030219],[101.23699,3.035061],[101.271169,3.046454]]],[[[101.337657,3.051825],[101.302257,2.988674],[101.266368,2.971503],[101.337657,3.051825]]]]}},{"type":"Feature","properties":{"name":"Chile","ISO3166-1-Alpha-3":"CHL","ISO3166-1-Alpha-2":"CL"},"geometry":{"type":"MultiPolygon","coordinates":[[[[-69.510089,-17.506588],[-67.887092,-22.818709],[-67.013967,-23.000714],[-68.572373,-24.769856],[-68.330476,-27.044963],[-70.5414,-31.188173],[-69.828885,-34.23331],[-72.148434,-42.592645],[-71.122398,-44.549424],[-72.088748,-44.782795],[-71.68717,-46.690069],[-73.586589,-49.529999],[-71.965241,-51.970625],[-68.448208,-52.310394],[-70.863759,-52.721368],[-71.285024,-53.886],[-72.453277,-53.407322],[-71.398793,-52.728204],[-73.303049,-53.153416],[-71.571611,-52.561278],[-73.699534,-52.714532],[-72.466949,-51.789727],[-73.899526,-51.625177],[-74.632571,-48.034924],[-73.227854,-48.004083],[-75.708323,-46.654718],[-74.359609,-45.790297],[-73.741851,-46.533787],[-72.597971,-44.505304],[-73.290028,-44.152439],[-72.30309,-41.380792],[-73.940585,-41.049964],[-73.680409,-37.347833],[-71.624664,-33.541436],[-70.394703,-18.337746],[-69.510089,-17.506588]]],[[[-68.641998,-54.799168],[-72.007721,-54.505304],[-68.994944,-54.468438],[-70.473541,-53.309259],[-69.417565,-52.451472],[-68.641998,-54.799168]]],[[[-80.759348,-33.766778],[-80.710927,-33.705336],[-80.704701,-33.766778],[-80.759348,-33.766778]]],[[[-78.788971,-33.609063],[-78.884999,-33.632745],[-78.901682,-33.602227],[-78.788971,-33.609063]]],[[[-109.231597,-27.092462],[-109.367787,-27.172621],[-109.423411,-27.099298],[-109.231597,-27.092462]]],[[[-105.459543,-26.464776],[-105.470937,-26.457696],[-105.46349,-26.456964],[-105.459543,-26.464776]]],[[[-79.901763,-26.347426],[-79.890736,-26.351739],[-79.897369,-26.358819],[-79.901763,-26.347426]]],[[[-80.095693,-26.266046],[-80.092681,-26.269464],[-80.090443,-26.274509],[-80.095693,-26.266046]]],[[[-67.245107,-55.839614],[-67.204172,-55.880629],[-67.371327,-55.831964],[-67.245107,-55.839614]]],[[[-67.094309,-55.826104],[-67.10143,-55.914809],[-67.163726,-55.842218],[-67.094309,-55.826104]]],[[[-67.501617,-55.821059],[-67.675304,-55.861097],[-67.899158,-55.828412],[-67.501617,-55.821059]]],[[[-67.232086,-55.771417],[-67.156972,-55.778253],[-67.204172,-55.778253],[-67.232086,-55.771417]]],[[[-67.376088,-55.750909],[-67.447743,-55.675226],[-67.345204,-55.633396],[-67.376088,-55.750909]]],[[[-67.643137,-55.497328],[-67.738596,-55.616876],[-67.694203,-55.538344],[-67.643137,-55.497328]]],[[[-69.714508,-55.344985],[-69.688466,-55.37363],[-69.801747,-55.40781],[-69.714508,-55.344985]]],[[[-70.014027,-55.305922],[-70.006459,-55.374444],[-70.048329,-55.311456],[-70.014027,-55.305922]]],[[[-66.855336,-55.271173],[-67.05012,-55.307306],[-66.992258,-55.228692],[-66.855336,-55.271173]]],[[[-66.426747,-55.185479],[-66.593495,-55.281427],[-66.632192,-55.205987],[-66.426747,-55.185479]]],[[[-66.869008,-55.024102],[-66.927846,-55.062677],[-67.070912,-55.009454],[-66.869008,-55.024102]]],[[[-67.999257,-55.627537],[-69.418121,-55.284845],[-69.188832,-55.005466],[-67.999257,-55.627537]]],[[[-67.883168,-55.243829],[-68.168691,-55.044041],[-67.054555,-55.10475],[-67.883168,-55.243829]]],[[[-70.295155,-55.082452],[-70.700347,-55.125584],[-70.776601,-54.939874],[-70.295155,-55.082452]]],[[[-69.904164,-54.996759],[-69.723541,-54.908949],[-69.208404,-54.970147],[-69.904164,-54.996759]]],[[[-70.421783,-54.845961],[-70.678538,-54.898207],[-70.74767,-54.873305],[-70.421783,-54.845961]]],[[[-70.983795,-54.928481],[-71.28954,-54.885675],[-71.34557,-54.828546],[-70.983795,-54.928481]]],[[[-71.946848,-54.702569],[-71.993316,-54.721775],[-72.08788,-54.671319],[-71.946848,-54.702569]]],[[[-72.339833,-54.331476],[-72.39151,-54.379815],[-72.499623,-54.349216],[-72.339833,-54.331476]]],[[[-70.384592,-54.188084],[-70.235219,-54.212335],[-70.381703,-54.249688],[-70.384592,-54.188084]]],[[[-72.296946,-54.07879],[-72.30309,-54.215427],[-72.440053,-54.171319],[-72.296946,-54.07879]]],[[[-73.180084,-54.071954],[-73.27892,-54.126642],[-73.474355,-54.071954],[-73.180084,-54.071954]]],[[[-71.63093,-54.07879],[-71.034332,-54.193048],[-71.231191,-54.21559],[-71.63093,-54.07879]]],[[[-72.015126,-54.202325],[-72.008453,-53.911554],[-71.766103,-54.163995],[-72.015126,-54.202325]]],[[[-70.455036,-53.611598],[-70.58259,-54.099298],[-70.819942,-53.836947],[-70.455036,-53.611598]]],[[[-73.824452,-53.472101],[-73.783599,-53.556573],[-73.885894,-53.536879],[-73.824452,-53.472101]]],[[[-73.392445,-53.413995],[-73.55248,-53.54046],[-73.593414,-53.490004],[-73.392445,-53.413995]]],[[[-72.529652,-54.075372],[-73.279937,-53.756443],[-72.905344,-53.639907],[-72.529652,-54.075372]]],[[[-74.145904,-53.242771],[-74.10497,-53.270115],[-74.217356,-53.32586],[-74.145904,-53.242771]]],[[[-73.43342,-52.865411],[-73.501943,-52.885919],[-73.748199,-52.869236],[-73.43342,-52.865411]]],[[[-73.207428,-53.317804],[-74.330922,-53.081964],[-74.025624,-52.963556],[-73.207428,-53.317804]]],[[[-73.330963,-52.694024],[-73.369211,-52.728611],[-73.39981,-52.728204],[-73.330963,-52.694024]]],[[[-73.837392,-52.70086],[-73.872182,-52.550063],[-73.855176,-52.419658],[-73.837392,-52.70086]]],[[[-74.672566,-52.390549],[-74.876698,-52.255304],[-74.67455,-52.210545],[-74.672566,-52.390549]]],[[[-73.769846,-52.379327],[-73.942698,-52.278904],[-73.975209,-52.176935],[-73.769846,-52.379327]]],[[[-74.122548,-52.397719],[-74.129506,-52.22796],[-74.309967,-52.083429],[-74.122548,-52.397719]]],[[[-74.790842,-52.179457],[-74.752919,-52.122166],[-74.599233,-52.070245],[-74.790842,-52.179457]]],[[[-74.344553,-52.06406],[-74.387807,-52.077244],[-74.406402,-52.058364],[-74.344553,-52.06406]]],[[[-74.492299,-51.978692],[-74.693267,-52.073175],[-74.640004,-51.985284],[-74.492299,-51.978692]]],[[[-73.707672,-52.186944],[-74.019643,-52.038018],[-74.077707,-51.954767],[-73.707672,-52.186944]]],[[[-74.749867,-52.043064],[-74.835561,-52.01572],[-74.616444,-51.846287],[-74.749867,-52.043064]]],[[[-75.061147,-51.882257],[-75.092437,-51.824477],[-74.96996,-51.736749],[-75.061147,-51.882257]]],[[[-74.43456,-51.844903],[-74.311635,-51.786554],[-74.096303,-51.877374],[-74.43456,-51.844903]]],[[[-73.789662,-51.73504],[-73.820709,-51.817071],[-73.930409,-51.656427],[-73.789662,-51.73504]]],[[[-74.889801,-52.002048],[-75.008168,-51.886814],[-74.886383,-51.673028],[-74.889801,-52.002048]]],[[[-73.943918,-51.741306],[-74.183339,-51.667739],[-74.049713,-51.556899],[-73.943918,-51.741306]]],[[[-74.197133,-51.42669],[-74.23644,-51.291111],[-74.138539,-51.348403],[-74.197133,-51.42669]]],[[[-75.02359,-51.330987],[-75.215403,-51.549493],[-75.189443,-51.38128],[-75.02359,-51.330987]]],[[[-73.79308,-51.258722],[-73.815094,-51.359959],[-73.879954,-51.328302],[-73.79308,-51.258722]]],[[[-74.739003,-51.368585],[-74.951283,-51.361749],[-74.556711,-51.346612],[-74.739003,-51.368585]]],[[[-74.865346,-51.121515],[-74.920806,-51.159112],[-74.998891,-51.124444],[-74.865346,-51.121515]]],[[[-74.420277,-51.111261],[-74.520416,-51.168715],[-74.473459,-51.069106],[-74.420277,-51.111261]]],[[[-74.248931,-51.234796],[-74.332875,-51.032159],[-74.322743,-50.921645],[-74.248931,-51.234796]]],[[[-74.385569,-50.981052],[-74.680979,-51.008233],[-74.903188,-50.885431],[-74.385569,-50.981052]]],[[[-74.906321,-50.796563],[-74.753407,-50.720147],[-74.678456,-50.871677],[-74.906321,-50.796563]]],[[[-74.981516,-50.797784],[-75.105865,-50.712335],[-75.011464,-50.668145],[-74.981516,-50.797784]]],[[[-74.608713,-50.514825],[-74.640452,-50.586358],[-74.680979,-50.514825],[-74.608713,-50.514825]]],[[[-75.126047,-50.494317],[-75.290598,-50.781834],[-75.376943,-50.572361],[-75.126047,-50.494317]]],[[[-74.310414,-50.834161],[-74.444,-50.515558],[-74.318674,-50.591974],[-74.310414,-50.834161]]],[[[-74.783355,-50.480645],[-74.580068,-50.376072],[-74.628733,-50.43963],[-74.783355,-50.480645]]],[[[-75.040639,-50.289483],[-75.39745,-50.171645],[-75.201731,-50.03574],[-75.040639,-50.289483]]],[[[-75.44811,-49.774998],[-75.529381,-49.586219],[-75.25357,-49.760431],[-75.44811,-49.774998]]],[[[-75.521308,-49.379099],[-75.429433,-49.466365],[-75.512495,-49.478359],[-75.521308,-49.379099]]],[[[-74.903188,-49.076755],[-75.064076,-49.165216],[-75.098704,-49.048761],[-74.903188,-49.076755]]],[[[-75.557973,-49.247328],[-75.422353,-49.071873],[-75.420522,-49.181329],[-75.557973,-49.247328]]],[[[-75.215403,-49.014581],[-75.493235,-48.982599],[-75.464589,-48.883559],[-75.215403,-49.014581]]],[[[-75.105824,-48.969903],[-75.280751,-48.853204],[-75.100901,-48.922296],[-75.105824,-48.969903]]],[[[-75.198313,-49.771173],[-74.543813,-48.70615],[-74.474233,-49.944513],[-75.198313,-49.771173]]],[[[-75.085032,-48.637302],[-75.088938,-48.782647],[-75.249135,-48.766778],[-75.085032,-48.637302]]],[[[-75.02359,-48.688735],[-75.009918,-48.637302],[-74.85204,-48.676202],[-75.02359,-48.688735]]],[[[-75.338938,-48.6242],[-75.296986,-48.727146],[-75.454945,-48.747166],[-75.338938,-48.6242]]],[[[-75.328359,-48.552179],[-75.489125,-48.603692],[-75.450592,-48.428888],[-75.328359,-48.552179]]],[[[-74.472076,-48.455987],[-74.306996,-48.465916],[-74.400054,-48.525486],[-74.472076,-48.455987]]],[[[-74.090688,-48.479587],[-74.250803,-48.378025],[-74.120432,-48.40488],[-74.090688,-48.479587]]],[[[-74.495432,-48.349867],[-74.371897,-48.29518],[-74.302317,-48.363377],[-74.495432,-48.349867]]],[[[-74.499135,-48.583185],[-74.920155,-48.410333],[-74.703359,-48.19492],[-74.499135,-48.583185]]],[[[-74.543813,-48.321954],[-74.593902,-48.181736],[-74.381418,-48.235528],[-74.543813,-48.321954]]],[[[-75.160756,-48.298435],[-75.244211,-48.109063],[-74.810536,-48.232029],[-75.160756,-48.298435]]],[[[-75.149892,-48.65838],[-75.430735,-48.349867],[-75.338938,-48.017511],[-75.149892,-48.65838]]],[[[-75.270619,-48.027765],[-74.776627,-47.828811],[-74.896486,-48.068214],[-75.270619,-48.027765]]],[[[-74.413726,-47.938246],[-73.975697,-47.859796],[-73.934316,-47.938246],[-74.413726,-47.938246]]],[[[-75.182362,-47.831476],[-75.186384,-47.711239],[-75.10143,-47.783868],[-75.182362,-47.831476]]],[[[-74.885229,-47.712063],[-74.967888,-47.772533],[-75.054421,-47.689572],[-74.885229,-47.712063]]],[[[-74.468658,-47.074965],[-74.321156,-47.091241],[-74.471547,-47.159356],[-74.468658,-47.074965]]],[[[-74.074574,-47.020278],[-74.182851,-47.159763],[-74.230702,-47.102146],[-74.074574,-47.020278]]],[[[-73.725087,-46.05047],[-73.745432,-46.187188],[-73.892812,-46.094415],[-73.725087,-46.05047]]],[[[-73.707672,-45.923598],[-73.819488,-45.998712],[-73.755523,-45.888849],[-73.707672,-45.923598]]],[[[-74.752919,-45.80755],[-74.98884,-46.005548],[-74.969797,-45.885431],[-74.752919,-45.80755]]],[[[-73.741851,-45.793878],[-73.80309,-45.892022],[-73.934316,-45.971938],[-73.741851,-45.793878]]],[[[-73.926829,-45.745375],[-73.980051,-45.839288],[-74.072255,-45.829767],[-73.926829,-45.745375]]],[[[-74.790842,-45.632501],[-74.852284,-45.656671],[-74.875844,-45.613458],[-74.790842,-45.632501]]],[[[-74.554351,-45.574802],[-74.554067,-45.688897],[-74.705637,-45.700942],[-74.554351,-45.574802]]],[[[-74.071441,-45.690851],[-74.06843,-45.559747],[-73.937408,-45.574802],[-74.071441,-45.690851]]],[[[-74.502838,-45.732354],[-74.371897,-45.451267],[-74.227447,-45.630955],[-74.502838,-45.732354]]],[[[-73.666168,-45.436944],[-73.622792,-45.61891],[-73.680409,-45.752862],[-73.666168,-45.436944]]],[[[-73.885894,-45.471124],[-74.016225,-45.519464],[-74.126291,-45.511977],[-73.885894,-45.471124]]],[[[-74.554351,-45.546808],[-74.49885,-45.424737],[-74.500071,-45.563572],[-74.554351,-45.546808]]],[[[-73.824452,-45.395929],[-73.921742,-45.430434],[-73.976674,-45.370701],[-73.824452,-45.395929]]],[[[-74.34142,-45.33766],[-74.333119,-45.399021],[-74.526357,-45.315525],[-74.34142,-45.33766]]],[[[-73.824452,-45.26629],[-73.996327,-45.352797],[-74.167063,-45.252618],[-73.824452,-45.26629]]],[[[-74.273549,-45.20794],[-74.325347,-45.302341],[-74.408315,-45.17197],[-74.273549,-45.20794]]],[[[-73.731923,-45.214776],[-74.115793,-45.150323],[-73.989166,-45.020685],[-73.731923,-45.214776]]],[[[-74.27009,-44.944106],[-73.917836,-44.956476],[-74.053944,-44.979181],[-74.27009,-44.944106]]],[[[-73.961578,-44.810154],[-74.097279,-44.841567],[-74.009918,-44.773207],[-73.961578,-44.810154]]],[[[-73.930531,-44.789239],[-73.81371,-44.96087],[-73.8579,-44.895685],[-73.930531,-44.789239]]],[[[-75.091473,-44.796056],[-75.069163,-44.920099],[-75.146351,-44.878323],[-75.091473,-44.796056]]],[[[-73.604726,-44.744887],[-73.652415,-44.839125],[-73.741689,-44.754653],[-73.604726,-44.744887]]],[[[-74.34142,-44.806329],[-74.46939,-44.826837],[-74.441721,-44.715427],[-74.34142,-44.806329]]],[[[-74.48233,-44.636326],[-74.484364,-44.698419],[-74.669504,-44.67018],[-74.48233,-44.636326]]],[[[-73.926829,-44.628839],[-74.279693,-44.803806],[-74.406972,-44.694268],[-73.926829,-44.628839]]],[[[-74.777211,-44.58115],[-74.747792,-44.665623],[-74.825836,-44.630955],[-74.777211,-44.58115]]],[[[-73.659983,-44.676528],[-73.83788,-44.664321],[-73.734527,-44.55169],[-73.659983,-44.676528]]],[[[-74.193715,-44.492283],[-74.248931,-44.566664],[-74.368886,-44.541111],[-74.193715,-44.492283]]],[[[-74.036041,-44.498468],[-74.113881,-44.453383],[-73.959625,-44.551446],[-74.036041,-44.498468]]],[[[-74.392974,-44.54697],[-74.438791,-44.439142],[-74.259511,-44.412856],[-74.392974,-44.54697]]],[[[-73.789662,-44.422784],[-73.888539,-44.460138],[-73.865387,-44.374933],[-73.789662,-44.422784]]],[[[-73.382476,-44.587823],[-73.050404,-44.471449],[-73.015614,-44.823663],[-73.382476,-44.587823]]],[[[-73.726471,-44.425063],[-73.682118,-44.348891],[-73.728831,-44.388604],[-73.726471,-44.425063]]],[[[-74.029897,-44.354587],[-73.9405,-44.450616],[-74.090688,-44.374933],[-74.029897,-44.354587]]],[[[-73.262807,-44.388442],[-73.290028,-44.327244],[-73.244008,-44.310317],[-73.262807,-44.388442]]],[[[-73.865387,-44.33408],[-73.879709,-44.299249],[-73.813832,-44.265069],[-73.865387,-44.33408]]],[[[-74.386627,-44.249933],[-74.291331,-44.276788],[-74.377065,-44.292576],[-74.386627,-44.249933]]],[[[-73.741851,-44.265069],[-73.666168,-44.265069],[-73.741851,-44.299249],[-73.741851,-44.265069]]],[[[-74.108713,-44.227472],[-74.04898,-44.152927],[-73.998158,-44.254002],[-74.108713,-44.227472]]],[[[-74.276967,-44.149021],[-74.258168,-44.17311],[-74.377268,-44.150567],[-74.276967,-44.149021]]],[[[-73.882802,-44.118341],[-73.871734,-44.160821],[-73.846262,-44.190199],[-73.882802,-44.118341]]],[[[-74.297353,-44.011895],[-74.207997,-44.019301],[-74.314524,-44.021173],[-74.297353,-44.011895]]],[[[-73.744985,-43.953546],[-73.648997,-44.02809],[-73.671946,-44.080743],[-73.744985,-43.953546]]],[[[-73.227935,-44.011895],[-73.217519,-43.888116],[-73.167104,-43.981541],[-73.227935,-44.011895]]],[[[-74.143938,-43.827551],[-73.846506,-43.89186],[-73.995717,-43.9367],[-74.143938,-43.827551]]],[[[-74.818186,-43.635024],[-74.744901,-43.565906],[-74.582668,-43.597685],[-74.818186,-43.635024]]],[[[-73.61148,-42.936212],[-73.365102,-42.990818],[-73.472279,-42.984552],[-73.61148,-42.936212]]],[[[-73.604726,-42.579278],[-73.672353,-42.622654],[-73.755035,-42.59881],[-73.604726,-42.579278]]],[[[-73.412343,-42.525649],[-73.489084,-42.493422],[-73.637278,-42.398045],[-73.412343,-42.525649]]],[[[-73.087636,-42.247491],[-73.141591,-42.313735],[-73.192494,-42.260837],[-73.087636,-42.247491]]],[[[-72.542714,-42.141046],[-72.594228,-42.071466],[-72.51476,-42.060479],[-72.542714,-42.141046]]],[[[-74.334625,-43.281671],[-73.890248,-41.805108],[-73.813547,-42.576349],[-74.334625,-43.281671]]],[[[-73.087636,-41.843438],[-73.084706,-41.772068],[-73.010243,-41.826104],[-73.087636,-41.843438]]],[[[-73.037179,-54.456461],[-72.965348,-54.466827],[-73.057012,-54.493037],[-73.037179,-54.456461]]],[[[-70.402603,-54.078633],[-70.291237,-54.093304],[-70.467115,-54.124096],[-70.402603,-54.078633]]],[[[-70.686814,-52.84739],[-70.634985,-52.853595],[-70.764442,-52.915476],[-70.686814,-52.84739]]],[[[-74.427757,-52.503662],[-74.361998,-52.571706],[-74.459788,-52.590085],[-74.427757,-52.503662]]],[[[-74.476368,-52.309667],[-74.488887,-52.389907],[-74.508701,-52.42585],[-74.476368,-52.309667]]],[[[-73.815143,-51.864059],[-73.720753,-51.938316],[-73.913131,-51.900067],[-73.815143,-51.864059]]],[[[-74.359036,-51.337941],[-74.29651,-51.395389],[-74.401242,-51.392138],[-74.359036,-51.337941]]],[[[-74.970277,-50.287516],[-74.962507,-50.358302],[-75.11166,-50.468965],[-74.970277,-50.287516]]],[[[-74.426015,-49.614923],[-74.44811,-49.473891],[-74.371816,-49.453383],[-74.426015,-49.614923]]],[[[-74.649865,-47.797742],[-74.524671,-47.868351],[-74.644016,-47.92311],[-74.649865,-47.797742]]],[[[-75.323147,-46.685089],[-75.146199,-46.697015],[-75.206967,-46.751811],[-75.323147,-46.685089]]],[[[-74.253361,-43.350392],[-74.230773,-43.405828],[-74.266192,-43.424782],[-74.253361,-43.350392]]],[[[-73.691092,-43.188156],[-73.646979,-43.229241],[-73.718524,-43.215981],[-73.691092,-43.188156]]],[[[-73.009192,-42.695259],[-72.95535,-42.723715],[-72.956525,-42.807804],[-73.009192,-42.695259]]],[[[-73.307341,-42.627343],[-73.241038,-42.631371],[-73.295181,-42.653951],[-73.307341,-42.627343]]],[[[-73.882436,-38.360772],[-73.892242,-38.413995],[-73.950022,-38.358005],[-73.882436,-38.360772]]],[[[-73.54083,-36.989441],[-73.469759,-37.036297],[-73.516159,-37.071201],[-73.54083,-36.989441]]]]}},{"type":"Feature","properties":{"name":"Bolivia","ISO3166-1-Alpha-3":"BOL","ISO3166-1-Alpha-2":"BO"},"geometry":{"type":"Polygon","coordinates":[[[-69.510089,-17.506588],[-68.684252,-12.502492],[-69.577635,-10.952302],[-65.416235,-9.680132],[-65.009438,-11.98428],[-60.472635,-13.797865],[-60.16069,-16.264794],[-58.349741,-16.2804],[-57.466798,-18.239557],[-58.158797,-20.165125],[-59.089541,-19.286729],[-61.753203,-19.64588],[-62.650357,-22.234456],[-64.325294,-22.871936],[-66.222465,-21.786938],[-67.77144,-22.888679],[-69.510089,-17.506588]]]}},{"type":"Feature","properties":{"name":"Peru","ISO3166-1-Alpha-3":"PER","ISO3166-1-Alpha-2":"PE"},"geometry":{"type":"MultiPolygon","coordinates":[[[[-69.510089,-17.506588],[-70.394703,-18.337746],[-75.930653,-14.649347],[-78.98574,-8.217421],[-81.130811,-6.034561],[-80.807607,-3.739435],[-79.063929,-5.011373],[-75.573031,-1.537321],[-75.637601,-0.111465],[-72.935414,-2.425329],[-70.050448,-2.714303],[-70.734127,-3.782042],[-69.989392,-4.314619],[-72.917948,-5.132089],[-74.018475,-7.543518],[-72.195666,-10.00559],[-70.524993,-9.430948],[-70.641342,-11.0108],[-68.684252,-12.502492],[-69.510089,-17.506588]]],[[[-76.195232,-14.263294],[-76.17566,-14.288375],[-76.207006,-14.281514],[-76.195232,-14.263294]]],[[[-76.443669,-13.830488],[-76.441441,-13.853906],[-76.467699,-13.841756],[-76.443669,-13.830488]]],[[[-77.232714,-12.065443],[-77.181541,-12.115912],[-77.236668,-12.093345],[-77.232714,-12.065443]]],[[[-80.84297,-6.381612],[-80.840982,-6.440939],[-80.863577,-6.456379],[-80.84297,-6.381612]]]]}},{"type":"Feature","properties":{"name":"Argentina","ISO3166-1-Alpha-3":"ARG","ISO3166-1-Alpha-2":"AR"},"geometry":{"type":"MultiPolygon","coordinates":[[[[-67.193904,-22.822223],[-66.222465,-21.786938],[-64.325294,-22.871936],[-62.804353,-22.004082],[-57.754067,-25.180891],[-58.604196,-27.316264],[-55.754732,-27.443698],[-54.600203,-25.574945],[-53.661552,-26.259791],[-57.889769,-30.550796],[-58.570424,-34.288181],[-56.672271,-36.600518],[-57.55842,-38.120864],[-62.37975,-38.798435],[-62.7294,-41.041111],[-65.131703,-40.84238],[-63.620269,-42.751235],[-64.946034,-42.654229],[-64.302113,-42.98089],[-65.5214,-44.931898],[-67.578481,-45.992852],[-65.761952,-47.948552],[-69.013499,-50.007745],[-69.616811,-51.625177],[-68.434748,-52.390749],[-71.965241,-51.970625],[-73.57274,-49.932352],[-71.68717,-46.690069],[-72.088748,-44.782795],[-71.122398,-44.549424],[-72.148434,-42.592645],[-69.828885,-34.23331],[-70.568969,-31.304238],[-67.193904,-22.822223]]],[[[-68.654135,-54.886245],[-68.632314,-54.805352],[-68.580556,-54.85475],[-68.654135,-54.886245]]],[[[-68.641882,-54.782971],[-68.627617,-52.639572],[-65.141916,-54.646905],[-68.641882,-54.782971]]],[[[-63.888417,-54.729913],[-64.398752,-54.817641],[-64.425649,-54.743585],[-63.888417,-54.729913]]],[[[-61.907216,-39.136651],[-61.910471,-39.234063],[-62.098012,-39.087823],[-61.907216,-39.136651]]],[[[-62.085927,-39.02337],[-62.119456,-39.002211],[-61.967275,-39.04697],[-62.085927,-39.02337]]],[[[-62.1553,-40.374205],[-62.066711,-40.511851],[-62.193546,-40.522604],[-62.1553,-40.374205]]],[[[-62.118962,-40.13072],[-62.01466,-40.175163],[-62.030953,-40.322567],[-62.118962,-40.13072]]]]}},{"type":"Feature","properties":{"name":"Dhekelia Sovereign Base Area","ISO3166-1-Alpha-3":"-99","ISO3166-1-Alpha-2":"-99"},"geometry":{"type":"Polygon","coordinates":[[[33.780935,34.976345],[33.853571,35.058171],[33.840342,34.993369],[33.780935,34.976345]],[[33.742792,35.001233],[33.752063,35.0144],[33.740239,35.010101],[33.742792,35.001233]]]}},{"type":"Feature","properties":{"name":"Cyprus","ISO3166-1-Alpha-3":"CYP","ISO3166-1-Alpha-2":"CY"},"geometry":{"type":"MultiPolygon","coordinates":[[[[33.78183,34.976223],[33.765411,34.985566],[33.782568,34.984687],[33.78183,34.976223]]],[[[33.742792,35.001233],[33.740239,35.010101],[33.752063,35.0144],[33.742792,35.001233]]],[[[33.702935,34.987943],[32.626231,34.66649],[32.900193,35.087782],[33.702935,34.987943]]],[[[33.898116,35.061272],[34.073416,34.988105],[33.859049,34.974662],[33.898116,35.061272]]]]}},{"type":"Feature","properties":{"name":"India","ISO3166-1-Alpha-3":"IND","ISO3166-1-Alpha-2":"IN"},"geometry":{"type":"MultiPolygon","coordinates":[[[[77.800346,35.495406],[79.613913,32.765035],[78.384807,32.547549],[78.745095,31.308116],[81.003303,30.212731],[80.036386,28.837026],[82.752137,27.494964],[87.975488,26.366557],[88.610488,28.105831],[89.096504,26.821413],[91.87866,26.803016],[91.564355,27.851372],[96.074536,29.369286],[97.362253,27.994881],[95.122803,26.611607],[92.877462,21.957007],[92.259309,23.706487],[91.586068,22.944466],[91.136276,23.629515],[92.483791,24.928221],[88.372518,26.611607],[89.082693,21.617336],[87.906586,22.42475],[86.42628,19.999172],[80.279633,15.70067],[79.453624,9.159003],[77.510916,8.075995],[73.447032,16.068915],[72.917491,22.27143],[70.740245,20.718492],[68.944591,22.295071],[70.50294,23.104397],[68.143403,23.612698],[71.082772,24.411508],[69.534443,27.125581],[71.874403,27.95969],[75.359048,32.261675],[73.919343,34.642538],[77.800346,35.495406]]],[[[80.968272,15.795233],[80.97169,15.750474],[80.8685,15.811957],[80.968272,15.795233]]],[[[73.646332,10.084703],[73.637055,10.062567],[73.637462,10.087063],[73.646332,10.084703]]],[[[73.662283,10.144599],[73.659353,10.13996],[73.65561,10.144761],[73.662283,10.144599]]],[[[72.64975,10.56684],[72.627533,10.554796],[72.648692,10.57392],[72.64975,10.56684]]],[[[72.548839,10.779446],[72.541189,10.772895],[72.542491,10.777899],[72.548839,10.779446]]],[[[73.671397,10.829739],[73.684418,10.827541],[73.672862,10.824693],[73.671397,10.829739]]],[[[72.750011,11.119086],[72.746755,11.111965],[72.739513,11.113959],[72.750011,11.119086]]],[[[73.013194,11.502183],[73.0088,11.484687],[73.004405,11.488837],[73.013194,11.502183]]],[[[72.716156,11.694159],[72.708669,11.689154],[72.700938,11.686428],[72.716156,11.694159]]],[[[93.872813,12.268866],[93.85377,12.260565],[93.851899,12.271552],[93.872813,12.268866]]],[[[94.280935,13.443549],[94.290782,13.422919],[94.274913,13.420315],[94.280935,13.443549]]],[[[93.920258,7.024319],[93.805431,6.816718],[93.676443,7.181871],[93.920258,7.024319]]],[[[93.731212,7.369371],[93.617931,7.259955],[93.638682,7.376166],[93.731212,7.369371]]],[[[93.429454,7.955268],[93.389171,7.88581],[93.306651,7.938544],[93.429454,7.955268]]],[[[93.565929,7.999335],[93.518321,7.965806],[93.539317,7.999335],[93.565929,7.999335]]],[[[93.531912,8.034735],[93.505219,8.061998],[93.473643,8.198188],[93.531912,8.034735]]],[[[73.077159,8.315253],[73.056651,8.259996],[73.029307,8.274115],[73.077159,8.315253]]],[[[93.134532,8.24018],[93.124685,8.212877],[93.069835,8.346625],[93.134532,8.24018]]],[[[93.607677,8.548041],[93.625173,8.473619],[93.607107,8.49079],[93.607677,8.548041]]],[[[92.811373,9.23117],[92.720225,9.147121],[92.745128,9.229071],[92.811373,9.23117]]],[[[92.585092,10.771269],[92.479558,10.516073],[92.378671,10.750037],[92.585092,10.771269]]],[[[92.676524,11.412543],[92.61085,11.366156],[92.635265,11.447008],[92.676524,11.412543]]],[[[92.266775,11.589545],[92.273204,11.531073],[92.217296,11.591254],[92.266775,11.589545]]],[[[93.042491,11.961168],[93.015391,11.94599],[92.947032,11.989691],[93.042491,11.961168]]],[[[93.103282,12.190497],[93.102306,12.119534],[93.059337,12.153551],[93.103282,12.190497]]],[[[92.733084,12.97248],[92.695079,12.8251],[92.682791,12.961737],[92.733084,12.97248]]],[[[93.052745,13.283881],[92.763682,12.030951],[92.737804,12.179145],[93.052745,13.283881]]],[[[93.039073,13.667467],[93.052745,13.640204],[92.990571,13.667467],[93.039073,13.667467]]],[[[88.872895,21.595526],[88.91391,21.548407],[88.862478,21.523586],[88.872895,21.595526]]],[[[88.050548,21.70539],[88.132579,21.684963],[88.091563,21.636542],[88.050548,21.70539]]],[[[88.636241,21.921373],[88.655284,21.866604],[88.590505,21.812893],[88.636241,21.921373]]],[[[88.080903,21.849351],[88.077322,21.904608],[88.118907,21.945014],[88.080903,21.849351]]],[[[72.172699,10.809231],[72.185151,10.858303],[72.200043,10.878079],[72.172699,10.809231]]],[[[72.789073,11.261664],[72.793956,11.254299],[72.775483,11.186754],[72.789073,11.261664]]]]}},{"type":"Feature","properties":{"name":"China","ISO3166-1-Alpha-3":"CHN","ISO3166-1-Alpha-2":"CN"},"geometry":{"type":"MultiPolygon","coordinates":[[[[78.917694,33.386258],[78.044259,35.491633],[74.38257,37.126572],[74.835773,38.455173],[73.632642,39.448343],[80.231206,42.033689],[80.793445,43.14946],[79.858205,44.90372],[82.539747,45.123655],[83.021475,47.205905],[85.498636,47.051832],[86.859483,49.105324],[90.3448,47.658642],[90.873243,45.186184],[95.397722,44.280502],[96.357767,42.724499],[104.97383,41.586145],[110.406728,42.768605],[111.933353,43.696636],[111.958261,45.084536],[119.85442,46.65966],[118.542252,47.966246],[115.51422,48.131637],[116.684278,49.823265],[119.31621,50.092654],[120.874255,53.28016],[125.621355,53.062137],[127.538654,49.789934],[130.674328,48.870817],[131.023351,47.682284],[134.718733,48.263412],[133.09878,45.10779],[130.933434,44.841708],[130.530771,42.53048],[126.679482,41.735981],[121.179535,38.720933],[121.867931,40.995795],[117.715424,39.111396],[119.145518,37.17886],[122.688243,37.409817],[119.192882,35.000434],[121.922057,31.754378],[119.612885,32.35456],[121.95082,30.982081],[120.147094,30.198891],[122.129143,29.903777],[121.656342,28.339301],[116.494688,22.939352],[113.417491,23.096991],[113.483745,22.155142],[110.35849,21.435736],[110.280284,20.252997],[109.594493,21.746405],[107.348155,21.599355],[105.312155,23.36581],[101.689121,22.478887],[101.75599,21.143258],[100.162496,21.436367],[98.865727,24.145685],[97.516456,23.942829],[98.679279,27.577336],[96.141966,29.368467],[91.952247,27.72482],[85.98026,27.885172],[78.745095,31.308116],[78.384807,32.547549],[79.620673,32.728725],[78.917694,33.386258]]],[[[111.010509,19.683783],[109.708751,18.207221],[108.684906,18.515204],[109.255138,19.898342],[111.010509,19.683783]]],[[[111.962657,21.65762],[111.888194,21.588935],[111.847179,21.647406],[111.962657,21.65762]]],[[[112.645356,21.712836],[112.616466,21.619208],[112.525401,21.598863],[112.645356,21.712836]]],[[[112.844005,21.774319],[112.793468,21.608222],[112.774425,21.691718],[112.844005,21.774319]]],[[[113.391449,22.027533],[113.343598,22.068508],[113.384044,22.085395],[113.391449,22.027533]]],[[[113.364757,22.157904],[113.268809,22.088324],[113.30421,22.141832],[113.364757,22.157904]]],[[[113.593516,22.784817],[113.521169,22.787909],[113.396169,22.898098],[113.593516,22.784817]]],[[[117.071544,23.47309],[117.082877,23.411144],[116.982188,23.459459],[117.071544,23.47309]]],[[[117.468901,23.75309],[117.417766,23.627466],[117.346446,23.68476],[117.468901,23.75309]]],[[[119.305431,26.035956],[119.345958,25.976386],[119.237559,26.037584],[119.305431,26.035956]]],[[[121.255531,28.140001],[121.219249,28.067857],[121.127359,28.126556],[121.255531,28.140001]]],[[[122.23878,30.313137],[122.202322,30.241929],[122.122081,30.319281],[122.23878,30.313137]]],[[[122.398936,30.456488],[122.272797,30.435981],[122.28712,30.48314],[122.398936,30.456488]]],[[[121.837738,31.375149],[121.881847,31.336615],[121.834727,31.292548],[121.837738,31.375149]]],[[[119.880707,32.12519],[119.792003,32.121772],[119.789317,32.211493],[119.880707,32.12519]]],[[[122.3213,39.165961],[122.402599,39.213813],[122.402599,39.159125],[122.3213,39.165961]]],[[[122.635997,39.23428],[122.739513,39.222235],[122.692556,39.207668],[122.635997,39.23428]]],[[[122.684418,39.262193],[122.533458,39.271674],[122.54656,39.296942],[122.684418,39.262193]]],[[[121.422537,39.474514],[121.336111,39.387356],[121.257579,39.399644],[121.422537,39.474514]]],[[[122.964366,39.515448],[122.989757,39.549506],[123.029959,39.50788],[122.964366,39.515448]]],[[[110.595876,20.958726],[110.630382,20.925767],[110.563487,20.903469],[110.595876,20.958726]]],[[[110.547537,21.037258],[110.266612,20.972642],[110.295421,21.063056],[110.547537,21.037258]]],[[[110.616954,21.191474],[110.445323,21.165676],[110.492931,21.183905],[110.616954,21.191474]]],[[[118.09254,24.55622],[118.171641,24.478461],[118.072032,24.467475],[118.09254,24.55622]]],[[[119.846528,25.536322],[119.711762,25.46955],[119.709239,25.585598],[119.846528,25.536322]]],[[[121.95753,29.119534],[121.912283,29.071357],[121.881358,29.160305],[121.95753,29.119534]]],[[[122.14324,29.733385],[122.115245,29.698391],[122.039317,29.747545],[122.14324,29.733385]]],[[[122.395193,29.883612],[122.359223,29.869778],[122.341807,29.963039],[122.395193,29.883612]]],[[[121.881847,30.076361],[121.871593,29.976711],[121.835134,30.019436],[121.881847,30.076361]]],[[[122.327485,30.024482],[122.019054,29.997219],[122.087413,30.147528],[122.327485,30.024482]]],[[[121.844075,31.607947],[121.541341,31.553785],[121.219301,31.829473],[121.844075,31.607947]]],[[[111.196544,15.775377],[111.1963,15.785712],[111.208507,15.786282],[111.196544,15.775377]]],[[[111.763357,16.043443],[111.753103,16.044664],[111.761404,16.048651],[111.763357,16.043443]]],[[[109.100922,21.021186],[109.099864,21.060696],[109.127696,21.032172],[109.100922,21.021186]]],[[[120.748383,37.938707],[120.754568,37.896674],[120.726329,37.90884],[120.748383,37.938707]]],[[[120.606781,37.979885],[120.625662,37.958686],[120.615489,37.94831],[120.606781,37.979885]]],[[[120.720063,37.980943],[120.709158,37.965766],[120.690929,37.981431],[120.720063,37.980943]]],[[[120.760427,38.170478],[120.773285,38.159735],[120.746593,38.161851],[120.760427,38.170478]]],[[[120.806488,38.288235],[120.807384,38.304877],[120.82838,38.298814],[120.806488,38.288235]]],[[[120.914236,38.384101],[120.906912,38.392564],[120.924571,38.386868],[120.914236,38.384101]]],[[[123.180675,39.091946],[123.160655,39.029242],[123.164724,39.066392],[123.180675,39.091946]]],[[[111.600108,16.527289],[111.602875,16.533352],[111.60963,16.528266],[111.600108,16.527289]]],[[[112.735037,16.657945],[112.725271,16.666205],[112.72877,16.669257],[112.735037,16.657945]]],[[[112.333181,16.825019],[112.325938,16.833238],[112.330577,16.837633],[112.333181,16.825019]]],[[[112.333669,16.933254],[112.337087,16.932034],[112.340505,16.92357],[112.333669,16.933254]]],[[[110.471365,20.647366],[110.451671,20.589179],[110.430024,20.662014],[110.471365,20.647366]]],[[[113.278005,21.925035],[113.267751,21.886461],[113.22169,21.91413],[113.278005,21.925035]]],[[[113.771747,22.000343],[113.764477,21.966818],[113.736279,21.997162],[113.771747,22.000343]]],[[[114.306814,22.057196],[114.206716,22.025784],[114.295421,22.062812],[114.306814,22.057196]]],[[[113.473481,22.098538],[113.52711,22.125881],[113.547618,22.092597],[113.473481,22.098538]]],[[[113.623379,22.439872],[113.657825,22.423751],[113.631449,22.396102],[113.623379,22.439872]]],[[[113.546759,22.741884],[113.635687,22.656475],[113.525331,22.683182],[113.546759,22.741884]]],[[[113.52921,22.960354],[113.553599,22.911281],[113.523757,22.896679],[113.52921,22.960354]]],[[[116.995616,23.563544],[116.992931,23.533881],[116.946544,23.539455],[116.995616,23.563544]]],[[[119.551036,25.209459],[119.51295,25.191392],[119.470388,25.252183],[119.551036,25.209459]]],[[[119.346528,25.566718],[119.334972,25.437974],[119.281505,25.482896],[119.346528,25.566718]]],[[[119.626964,26.107896],[119.638845,26.070502],[119.553966,26.095649],[119.626964,26.107896]]],[[[120.326834,26.939683],[120.337087,26.970038],[120.368907,26.955675],[120.326834,26.939683]]],[[[121.074002,27.479484],[121.093124,27.452894],[121.067264,27.43677],[121.074002,27.479484]]],[[[121.181651,27.864651],[121.173025,27.84101],[121.096039,27.827867],[121.181651,27.864651]]],[[[121.049327,27.950873],[121.07016,27.982896],[121.139171,27.956977],[121.049327,27.950873]]],[[[121.862153,29.129584],[121.83725,29.099799],[121.782725,29.124661],[121.862153,29.129584]]],[[[122.304698,29.81745],[122.272472,29.792141],[122.2317,29.836249],[122.304698,29.81745]]],[[[121.972179,29.94477],[121.974132,29.899848],[121.951915,29.948065],[121.972179,29.94477]]],[[[122.345714,30.241929],[122.287446,30.247789],[122.407725,30.265937],[122.345714,30.241929]]],[[[122.529307,30.720771],[122.463064,30.696357],[122.429942,30.743069],[122.529307,30.720771]]],[[[121.76238,31.373765],[121.751638,31.330512],[121.60255,31.444241],[121.76238,31.373765]]],[[[118.632743,39.074581],[118.480276,38.93482],[118.526381,39.046694],[118.632743,39.074581]]],[[[111.680268,16.578152],[111.678884,16.581122],[111.681651,16.580186],[111.680268,16.578152]]]]}},{"type":"Feature","properties":{"name":"Israel","ISO3166-1-Alpha-3":"ISR","ISO3166-1-Alpha-2":"IL"},"geometry":{"type":"Polygon","coordinates":[[[34.248351,31.211449],[35.8211,33.406722],[34.910818,29.489936],[34.248351,31.211449]]]}},{"type":"Feature","properties":{"name":"Palestine","ISO3166-1-Alpha-3":"PSE","ISO3166-1-Alpha-2":"PS"},"geometry":{"type":"MultiPolygon","coordinates":[[[[34.481204,31.583141],[34.345841,31.357725],[34.200269,31.314267],[34.481204,31.583141]]],[[[34.986695,31.967228],[35.55941,32.155093],[35.249215,31.723572],[34.986695,31.967228]]]]}},{"type":"Feature","properties":{"name":"Lebanon","ISO3166-1-Alpha-3":"LBN","ISO3166-1-Alpha-2":"LB"},"geometry":{"type":"Polygon","coordinates":[[[35.105235,33.089016],[35.980642,34.638495],[36.35037,33.866409],[35.105235,33.089016]]]}},{"type":"Feature","properties":{"name":"Ethiopia","ISO3166-1-Alpha-3":"ETH","ISO3166-1-Alpha-2":"ET"},"geometry":{"type":"Polygon","coordinates":[[[34.070698,9.454592],[36.52638,14.263523],[37.891464,14.879532],[40.833197,14.105962],[42.379459,12.465907],[41.761306,10.996203],[42.923715,10.998787],[43.984788,9.008314],[47.979169,7.996567],[44.941525,4.911484],[39.504389,3.403333],[35.940472,4.508046],[32.9898,7.917244],[34.070698,9.454592]]]}},{"type":"Feature","properties":{"name":"South Sudan","ISO3166-1-Alpha-3":"SSD","ISO3166-1-Alpha-2":"SS"},"geometry":{"type":"Polygon","coordinates":[[[35.920835,4.619332],[32.16799,3.512242],[28.357421,4.282866],[24.176953,8.709857],[25.82848,10.419546],[26.625744,9.480663],[31.164382,9.764005],[32.082207,11.999811],[33.209218,12.210367],[34.11185,8.626555],[32.9898,7.917244],[35.920835,4.619332]]]}},{"type":"Feature","properties":{"name":"Somalia","ISO3166-1-Alpha-3":"SOM","ISO3166-1-Alpha-2":"SO"},"geometry":{"type":"Polygon","coordinates":[[[46.466963,6.538292],[48.939111,9.451233],[48.939112,11.24913],[51.292698,11.833108],[47.948497,4.457099],[41.535085,-1.696303],[40.979751,2.841895],[46.466963,6.538292]]]}},{"type":"Feature","properties":{"name":"Kenya","ISO3166-1-Alpha-3":"KEN","ISO3166-1-Alpha-2":"KE"},"geometry":{"type":"MultiPolygon","coordinates":[[[[35.705846,4.619447],[39.504389,3.403333],[41.885019,3.977226],[40.965385,2.814145],[41.535085,-1.696303],[39.396169,-4.629002],[33.904214,-1.002573],[35.006473,1.916861],[33.977078,4.219692],[35.705846,4.619447]]],[[[41.053966,-2.049574],[41.107758,-2.131524],[40.991547,-2.173761],[41.053966,-2.049574]]]]}},{"type":"Feature","properties":{"name":"Malawi","ISO3166-1-Alpha-3":"MWI","ISO3166-1-Alpha-2":"MW"},"geometry":{"type":"MultiPolygon","coordinates":[[[[34.964615,-11.573556],[34.545312,-13.325749],[35.904299,-14.886894],[35.234779,-17.135335],[34.501801,-14.575698],[32.663308,-13.596327],[33.674203,-10.577028],[32.936263,-9.391674],[34.317936,-9.719199],[34.964615,-11.573556]]],[[[34.69414,-12.000403],[34.759253,-12.065619],[34.669026,-12.117812],[34.69414,-12.000403]]],[[[34.561642,-11.978596],[34.641224,-12.01787],[34.583553,-12.058901],[34.561642,-11.978596]]]]}},{"type":"Feature","properties":{"name":"United Republic of Tanzania","ISO3166-1-Alpha-3":"TZA","ISO3166-1-Alpha-2":"TZ"},"geometry":{"type":"MultiPolygon","coordinates":[[[[32.920863,-9.4079],[30.959536,-8.550485],[29.525515,-6.273104],[29.404179,-4.449805],[30.832205,-3.172777],[30.481012,-1.059107],[34.000022,-1.002573],[37.644865,-3.045963],[39.215099,-4.688653],[38.779063,-6.054864],[40.43686,-10.474786],[34.964615,-11.573556],[34.317936,-9.719199],[32.920863,-9.4079]]],[[[39.895681,-7.637628],[39.686778,-7.988865],[39.715343,-7.811619],[39.895681,-7.637628]]],[[[39.543468,-6.321222],[39.287852,-6.309503],[39.368012,-5.955255],[39.543468,-6.321222]]],[[[39.643077,-5.413995],[39.695486,-5.089776],[39.857921,-4.910252],[39.643077,-5.413995]]],[[[39.74204,-7.994825],[39.801492,-8.006587],[39.702796,-8.091393],[39.74204,-7.994825]]],[[[39.226104,-5.769169],[39.231648,-5.823217],[39.21447,-5.858106],[39.226104,-5.769169]]],[[[39.575458,-5.394548],[39.636967,-5.446886],[39.615331,-5.463799],[39.575458,-5.394548]]]]}},{"type":"Feature","properties":{"name":"Syria","ISO3166-1-Alpha-3":"SYR","ISO3166-1-Alpha-2":"SY"},"geometry":{"type":"Polygon","coordinates":[[[35.75759,32.744347],[36.639861,36.828089],[42.346696,37.239769],[40.965282,34.401855],[36.819385,32.316788],[35.75759,32.744347]]]}},{"type":"Feature","properties":{"name":"Somaliland","ISO3166-1-Alpha-3":"-99","ISO3166-1-Alpha-2":"-99"},"geometry":{"type":"Polygon","coordinates":[[[48.939112,11.24913],[47.979169,7.996567],[44.023855,8.985525],[42.64859,10.611033],[43.282725,11.498928],[44.586149,10.383585],[48.939112,11.24913]]]}},{"type":"Feature","properties":{"name":"France","ISO3166-1-Alpha-3":"-99","ISO3166-1-Alpha-2":"-99"},"geometry":{"type":"MultiPolygon","coordinates":[[[[-54.111527,2.11427],[-53.934023,5.744765],[-51.649037,4.15233],[-52.690603,2.372983],[-54.111527,2.11427]]],[[[2.5218,51.087541],[8.200305,48.958563],[5.954809,46.19992],[6.787058,46.414171],[7.689949,44.067337],[6.180072,43.035922],[3.952973,43.539944],[2.662194,42.339019],[-1.457141,43.045074],[-1.085276,45.569037],[-0.493764,44.997992],[-1.110748,46.30268],[-4.764556,48.520209],[-1.356557,48.643256],[-1.935211,49.724107],[0.411306,49.452053],[2.5218,51.087541]],[[1.983372,42.441261],[1.999495,42.443896],[1.956604,42.481775],[1.983372,42.441261]]],[[[-60.810414,14.461982],[-61.085927,14.604641],[-60.914133,14.736314],[-60.810414,14.461982]]],[[[-61.194,15.932074],[-61.318186,15.904486],[-61.315297,15.966946],[-61.194,15.932074]]],[[[-60.989247,16.346381],[-61.068593,16.302232],[-61.078521,16.312201],[-60.989247,16.346381]]],[[[-61.551666,16.285549],[-61.710805,15.997382],[-61.756418,16.360663],[-61.551666,16.285549]]],[[[-61.544179,16.285386],[-61.496246,16.49372],[-61.258901,16.309231],[-61.544179,16.285386]]],[[[55.787852,-21.103448],[55.417817,-21.302016],[55.335948,-20.905043],[55.787852,-21.103448]]],[[[45.262218,-12.76336],[45.282563,-12.743422],[45.288422,-12.788344],[45.262218,-12.76336]]],[[[45.200694,-12.722914],[45.113292,-12.981052],[45.098643,-12.817478],[45.200694,-12.722914]]],[[[9.456554,42.647406],[9.482107,42.620103],[9.476899,42.620103],[9.456554,42.647406]]],[[[8.565766,42.208564],[9.464041,42.990058],[9.223155,41.372504],[8.565766,42.208564]]],[[[-1.21939,45.943915],[-1.24942,45.867743],[-1.339915,46.037828],[-1.21939,45.943915]]],[[[-1.281402,46.156195],[-1.498118,46.261908],[-1.411122,46.238105],[-1.281402,46.156195]]],[[[-2.337229,46.731594],[-2.268951,46.697414],[-2.382924,46.722642],[-2.337229,46.731594]]],[[[-2.200103,46.985419],[-2.142568,46.909857],[-2.278676,47.018134],[-2.200103,46.985419]]],[[[-3.114654,47.331488],[-3.223459,47.312161],[-3.249623,47.395209],[-3.114654,47.331488]]],[[[-5.050282,48.478827],[-5.087961,48.447211],[-5.097768,48.46133],[-5.050282,48.478827]]],[[[-61.624664,15.871243],[-61.616078,15.860053],[-61.627553,15.846991],[-61.624664,15.871243]]],[[[-61.566477,15.878363],[-61.582183,15.861802],[-61.585113,15.870673],[-61.566477,15.878363]]],[[[6.235037,43.022406],[6.216482,42.990383],[6.202973,43.008002],[6.235037,43.022406]]]]}},{"type":"Feature","properties":{"name":"Suriname","ISO3166-1-Alpha-3":"SUR","ISO3166-1-Alpha-2":"SR"},"geometry":{"type":"Polygon","coordinates":[[[-54.080805,3.309314],[-56.677802,2.018405],[-57.918501,4.829758],[-56.956537,6.011574],[-54.036731,5.842351],[-54.080805,3.309314]]]}},{"type":"Feature","properties":{"name":"Guyana","ISO3166-1-Alpha-3":"GUY","ISO3166-1-Alpha-2":"GY"},"geometry":{"type":"MultiPolygon","coordinates":[[[[-56.481819,1.941614],[-59.758751,1.862136],[-59.68674,4.381181],[-61.396713,5.945581],[-60.020985,8.55801],[-58.679596,6.376207],[-57.167307,6.08511],[-58.067691,4.151143],[-56.481819,1.941614]]],[[[-58.37857,6.972113],[-58.441029,6.904771],[-58.447011,6.943061],[-58.37857,6.972113]]]]}},{"type":"Feature","properties":{"name":"South Korea","ISO3166-1-Alpha-3":"KOR","ISO3166-1-Alpha-2":"KR"},"geometry":{"type":"MultiPolygon","coordinates":[[[[128.364919,38.624335],[129.4546,35.513251],[126.521251,34.294176],[126.534923,37.768215],[128.364919,38.624335]]],[[[126.405414,36.458836],[126.36378,36.473456],[126.370994,36.578754],[126.405414,36.458836]]],[[[126.295258,37.802476],[126.318207,37.762274],[126.22047,37.771308],[126.295258,37.802476]]],[[[126.946056,33.478013],[126.741793,33.280208],[126.270661,33.435874],[126.946056,33.478013]]],[[[127.173025,34.48371],[127.228689,34.430243],[127.117361,34.445014],[127.173025,34.48371]]],[[[126.380056,34.49844],[126.148204,34.37108],[126.238292,34.515692],[126.380056,34.49844]]],[[[127.782074,34.684556],[127.797862,34.579739],[127.768321,34.666083],[127.782074,34.684556]]],[[[125.989024,34.713324],[125.983897,34.660631],[125.925059,34.670966],[125.989024,34.713324]]],[[[126.007172,34.780951],[125.944102,34.743232],[125.901866,34.771064],[126.007172,34.780951]]],[[[126.056,34.913642],[126.08074,34.870998],[125.986501,34.862738],[126.056,34.913642]]],[[[128.069591,34.815009],[127.924571,34.759589],[127.872895,34.924465],[128.069591,34.815009]]],[[[128.748546,34.868964],[128.604503,34.766547],[128.626964,34.89175],[128.748546,34.868964]]],[[[126.110606,35.051174],[126.063813,35.093085],[126.165212,35.1435],[126.110606,35.051174]]],[[[126.563303,37.514443],[126.433595,37.422406],[126.358178,37.461012],[126.563303,37.514443]]],[[[130.903575,37.545844],[130.896739,37.463121],[130.805837,37.507392],[130.903575,37.545844]]],[[[126.3567,37.695136],[126.290782,37.705634],[126.323741,37.745551],[126.3567,37.695136]]],[[[126.507823,37.596869],[126.415538,37.656684],[126.516368,37.767239],[126.507823,37.596869]]],[[[124.732677,37.980455],[124.683279,37.954535],[124.684906,37.919989],[124.732677,37.980455]]],[[[127.309093,34.020087],[127.289806,34.024075],[127.283214,34.058295],[127.309093,34.020087]]],[[[127.531912,34.450588],[127.481781,34.431342],[127.45338,34.470608],[127.531912,34.450588]]],[[[127.78297,34.506985],[127.765798,34.493964],[127.70753,34.533881],[127.78297,34.506985]]],[[[126.100108,34.596747],[126.046723,34.531155],[126.050466,34.563422],[126.100108,34.596747]]],[[[126.038097,34.569485],[126.016612,34.606147],[126.052013,34.598334],[126.038097,34.569485]]],[[[125.445811,34.688463],[125.424327,34.647203],[125.398936,34.67182],[125.445811,34.688463]]],[[[126.174083,34.732815],[126.118826,34.718248],[126.105235,34.771552],[126.174083,34.732815]]],[[[126.168712,34.792304],[126.146251,34.761868],[126.102387,34.794379],[126.168712,34.792304]]],[[[126.079438,34.822659],[126.113292,34.871161],[126.1421,34.832913],[126.079438,34.822659]]],[[[128.072765,34.84512],[127.97047,34.87519],[128.018728,34.866156],[128.072765,34.84512]]],[[[126.24643,34.916246],[126.220388,34.922431],[126.247325,34.935452],[126.24643,34.916246]]],[[[126.178396,35.048489],[126.153982,35.035712],[126.136567,35.047756],[126.178396,35.048489]]],[[[128.842784,35.021877],[128.819347,35.014228],[128.801606,35.04914],[128.842784,35.021877]]],[[[126.258067,35.570624],[126.264496,35.600898],[126.302989,35.61933],[126.258067,35.570624]]],[[[126.099864,37.228013],[126.104747,37.267524],[126.15504,37.225735],[126.099864,37.228013]]],[[[126.48406,37.278998],[126.479015,37.247748],[126.442231,37.235175],[126.48406,37.278998]]],[[[126.613943,37.255194],[126.550466,37.214911],[126.542979,37.28498],[126.613943,37.255194]]],[[[125.688243,37.679267],[125.703136,37.661444],[125.684581,37.657294],[125.688243,37.679267]]],[[[124.716482,37.84691],[124.706798,37.806342],[124.684744,37.803941],[124.716482,37.84691]]],[[[125.127696,34.04857],[125.089692,34.079535],[125.122081,34.083808],[125.127696,34.04857]]],[[[126.598969,34.168647],[126.591156,34.15762],[126.507091,34.138861],[126.598969,34.168647]]],[[[126.672048,34.153266],[126.655528,34.116848],[126.638438,34.182563],[126.672048,34.153266]]],[[[126.909353,34.197699],[126.901866,34.152411],[126.849132,34.174384],[126.909353,34.197699]]],[[[126.612153,34.218166],[126.568614,34.179023],[126.556163,34.218655],[126.612153,34.218166]]],[[[126.088715,34.307929],[126.064952,34.280707],[126.021658,34.29564],[126.088715,34.307929]]],[[[126.853852,34.308539],[126.758962,34.33275],[126.850759,34.348456],[126.853852,34.308539]]],[[[127.091563,34.344916],[127.037852,34.321723],[127.007009,34.362616],[127.091563,34.344916]]],[[[126.763927,34.309231],[126.707774,34.29564],[126.645763,34.385565],[126.763927,34.309231]]],[[[126.762462,34.382961],[126.83546,34.438056],[126.833263,34.396959],[126.762462,34.382961]]],[[[128.294607,34.639553],[128.247406,34.615546],[128.225271,34.632839],[128.294607,34.639553]]],[[[128.38583,34.820125],[128.420886,34.78672],[128.368702,34.796537],[128.38583,34.820125]]],[[[128.239919,34.836168],[128.240733,34.807074],[128.212169,34.807807],[128.239919,34.836168]]],[[[126.340668,34.864081],[126.248709,34.844713],[126.289806,34.903022],[126.340668,34.864081]]],[[[126.234223,35.047065],[126.18922,35.10224],[126.229503,35.067328],[126.234223,35.047065]]],[[[131.861042,37.244006],[131.862522,37.243104],[131.861704,37.241606],[131.861042,37.244006]]]]}},{"type":"Feature","properties":{"name":"North Korea","ISO3166-1-Alpha-3":"PRK","ISO3166-1-Alpha-2":"KP"},"geometry":{"type":"MultiPolygon","coordinates":[[[[128.364919,38.624335],[125.347504,37.675605],[124.667247,38.125718],[125.451752,39.571275],[124.369965,40.098293],[130.121494,42.981848],[129.716558,40.834586],[127.503754,39.715522],[128.364919,38.624335]]],[[[124.926741,39.604786],[124.842656,39.505162],[124.85705,39.548303],[124.926741,39.604786]]],[[[124.883474,38.528551],[124.840831,38.510688],[124.832205,38.553046],[124.883474,38.528551]]],[[[125.328787,37.766669],[125.246837,37.699856],[125.27711,37.740465],[125.328787,37.766669]]],[[[125.147716,37.78559],[125.166189,37.813707],[125.192882,37.811103],[125.147716,37.78559]]],[[[125.030447,37.836168],[125.025645,37.808295],[125.011974,37.821845],[125.030447,37.836168]]],[[[124.687673,39.527167],[124.707779,39.530399],[124.684587,39.503243],[124.687673,39.527167]]],[[[124.687022,39.544745],[124.600352,39.5362],[124.63502,39.563951],[124.687022,39.544745]]],[[[124.596039,39.430243],[124.601736,39.449327],[124.617849,39.444281],[124.596039,39.430243]]],[[[124.214651,39.807242],[124.234433,39.817628],[124.23039,39.798261],[124.214651,39.807242]]]]}},{"type":"Feature","properties":{"name":"Morocco","ISO3166-1-Alpha-3":"MAR","ISO3166-1-Alpha-2":"MA"},"geometry":{"type":"Polygon","coordinates":[[[-8.817035,27.661464],[-11.391574,26.882908],[-14.749974,21.500084],[-17.013743,21.419971],[-14.466135,26.194241],[-10.248402,29.299384],[-9.259918,32.57689],[-5.927235,35.780748],[-1.769526,34.741343],[-1.210335,32.08967],[-7.653611,29.376193],[-8.817035,27.661464]]]}},{"type":"Feature","properties":{"name":"Western Sahara","ISO3166-1-Alpha-3":"ESH","ISO3166-1-Alpha-2":"EH"},"geometry":{"type":"Polygon","coordinates":[[[-8.817035,27.661464],[-8.687656,26.000016],[-12.015308,25.9949],[-13.015247,21.333428],[-17.056874,20.766913],[-14.749974,21.500084],[-11.391574,26.882908],[-8.817035,27.661464]]]}},{"type":"Feature","properties":{"name":"Costa Rica","ISO3166-1-Alpha-3":"CRI","ISO3166-1-Alpha-2":"CR"},"geometry":{"type":"MultiPolygon","coordinates":[[[[-83.6965,10.936594],[-82.562837,9.538695],[-82.897629,8.034748],[-85.844024,10.231024],[-85.597794,11.209937],[-83.6965,10.936594]]],[[[-85.131337,10.0987],[-85.109486,10.079291],[-85.180287,10.12401],[-85.131337,10.0987]]],[[[-87.099029,5.516018],[-87.092519,5.546698],[-87.064605,5.547593],[-87.099029,5.516018]]],[[[-83.896618,8.706492],[-83.869114,8.713587],[-83.878076,8.698821],[-83.896618,8.706492]]]]}},{"type":"Feature","properties":{"name":"Nicaragua","ISO3166-1-Alpha-3":"NIC","ISO3166-1-Alpha-2":"NI"},"geometry":{"type":"MultiPolygon","coordinates":[[[[-85.701736,11.08088],[-87.667022,12.982245],[-83.130444,14.997012],[-83.663028,10.807016],[-85.701736,11.08088]]],[[[-83.665352,10.935318],[-83.675564,10.925976],[-83.678335,10.935953],[-83.665352,10.935318]]],[[[-83.726226,11.878648],[-83.706858,11.987047],[-83.719309,11.954535],[-83.726226,11.878648]]],[[[-83.053944,12.143866],[-83.046457,12.183743],[-83.021148,12.181789],[-83.053944,12.143866]]],[[[-82.767323,14.41413],[-82.732533,14.369574],[-82.801625,14.366848],[-82.767323,14.41413]]]]}},{"type":"Feature","properties":{"name":"Republic of the Congo","ISO3166-1-Alpha-3":"COG","ISO3166-1-Alpha-2":"CG"},"geometry":{"type":"Polygon","coordinates":[[[18.626387,3.476869],[15.912134,-3.917434],[12.009608,-5.019631],[11.114016,-3.936856],[11.566198,-2.329727],[14.090023,-2.498606],[14.448761,-1.686253],[14.468088,0.913227],[13.150184,1.256617],[13.294568,2.161058],[16.069851,1.654551],[16.598501,3.501674],[18.626387,3.476869]]]}},{"type":"Feature","properties":{"name":"Democratic Republic of the Congo","ISO3166-1-Alpha-3":"COD","ISO3166-1-Alpha-2":"CD"},"geometry":{"type":"MultiPolygon","coordinates":[[[[18.626387,3.476869],[19.408975,5.130386],[22.303269,4.128716],[25.543743,5.37528],[30.896388,3.519967],[31.271455,2.102999],[28.857236,-2.518346],[30.752107,-8.194124],[28.35246,-9.271991],[28.360315,-11.533558],[29.799297,-12.154089],[29.782244,-13.455663],[27.180129,-11.569629],[22.23764,-11.249545],[21.784954,-7.283379],[19.521836,-7.001949],[19.355542,-8.001991],[17.600197,-8.098523],[16.552922,-5.902378],[12.249278,-5.82879],[13.087966,-4.579513],[15.912134,-3.917434],[18.626387,3.476869]]],[[[12.90529,-5.869488],[12.940631,-5.896824],[12.761119,-5.958406],[12.90529,-5.869488]]]]}},{"type":"Feature","properties":{"name":"Bhutan","ISO3166-1-Alpha-3":"BTN","ISO3166-1-Alpha-2":"BT"},"geometry":{"type":"Polygon","coordinates":[[[90.475232,28.072344],[92.072757,26.887766],[88.851713,26.945437],[90.475232,28.072344]]]}},{"type":"Feature","properties":{"name":"Ukraine","ISO3166-1-Alpha-3":"UKR","ISO3166-1-Alpha-2":"UA"},"geometry":{"type":"MultiPolygon","coordinates":[[[[31.764345,52.100568],[33.804065,52.354609],[35.611397,50.351708],[40.115515,49.590566],[39.990665,48.253748],[34.975667,45.717322],[31.801117,46.285061],[32.645518,46.649604],[31.74171,47.259101],[29.67449,45.213568],[28.199498,45.461774],[30.131576,46.422826],[29.123989,47.975987],[22.13284,48.404798],[24.107706,50.540844],[23.616677,51.624783],[30.539613,51.235168],[31.764345,52.100568]]],[[[29.918712,45.69066],[29.730968,45.591376],[29.827647,45.644721],[29.918712,45.69066]]],[[[32.989268,46.042629],[32.619395,46.060004],[32.852061,46.056301],[32.989268,46.042629]]],[[[31.940278,46.204576],[31.737153,46.220771],[31.504405,46.373358],[31.940278,46.204576]]]]}},{"type":"Feature","properties":{"name":"Belarus","ISO3166-1-Alpha-3":"BLR","ISO3166-1-Alpha-2":"BY"},"geometry":{"type":"Polygon","coordinates":[[[23.606238,51.517399],[23.485625,53.939293],[25.763057,54.156437],[28.110976,56.156806],[30.886156,55.600483],[32.719532,53.439478],[31.378529,53.182026],[31.764345,52.100568],[30.550672,51.236796],[23.606238,51.517399]]]}},{"type":"Feature","properties":{"name":"Namibia","ISO3166-1-Alpha-3":"NAM","ISO3166-1-Alpha-2":"NA"},"geometry":{"type":"Polygon","coordinates":[[[16.487071,-28.572931],[11.755138,-17.266697],[25.036952,-17.5812],[20.975081,-18.319346],[19.981653,-28.422347],[16.487071,-28.572931]]]}},{"type":"Feature","properties":{"name":"South Africa","ISO3166-1-Alpha-3":"ZAF","ISO3166-1-Alpha-2":"ZA"},"geometry":{"type":"MultiPolygon","coordinates":[[[[19.981447,-24.752493],[20.690757,-26.891794],[21.664548,-26.863062],[23.030666,-25.299437],[25.458425,-25.711194],[29.038723,-22.223914],[31.152599,-22.316414],[31.995752,-25.636884],[30.80244,-26.808905],[32.865245,-27.017348],[30.062755,-31.238702],[27.100922,-33.525323],[19.653168,-34.774102],[18.316254,-34.157485],[16.469981,-28.62005],[19.981653,-28.422347],[19.981447,-24.752493]],[[28.980846,-28.909035],[27.747432,-28.908622],[27.366164,-30.311017],[29.144246,-29.919723],[28.980846,-28.909035]]],[[[37.662446,-46.828546],[37.836436,-46.958673],[37.587413,-46.938409],[37.662446,-46.828546]]],[[[37.861095,-46.636163],[37.900401,-46.599705],[37.97641,-46.644708],[37.861095,-46.636163]]]]}},{"type":"Feature","properties":{"name":"Saint Martin","ISO3166-1-Alpha-3":"MAF","ISO3166-1-Alpha-2":"MF"},"geometry":{"type":"Polygon","coordinates":[[[-63.017569,18.033391],[-63.14387,18.064683],[-63.070872,18.110012],[-63.017569,18.033391]]]}},{"type":"Feature","properties":{"name":"Sint Maarten","ISO3166-1-Alpha-3":"SXM","ISO3166-1-Alpha-2":"SX"},"geometry":{"type":"Polygon","coordinates":[[[-63.107004,18.06212],[-63.017569,18.033391],[-63.112172,18.043036],[-63.107004,18.06212]]]}},{"type":"Feature","properties":{"name":"Oman","ISO3166-1-Alpha-3":"OMN","ISO3166-1-Alpha-2":"OM"},"geometry":{"type":"MultiPolygon","coordinates":[[[[56.260625,25.331075],[56.29315,25.245846],[56.206123,25.230596],[56.260625,25.331075]],[[56.263026,25.249223],[56.288328,25.271926],[56.265075,25.281175],[56.263026,25.249223]]],[[[56.077397,26.061048],[56.426931,26.349595],[56.36378,26.104885],[56.077397,26.061048]]],[[[56.383311,24.978217],[59.811778,22.237372],[57.815684,18.991767],[53.090343,16.642401],[51.978615,18.995638],[54.97838,19.995421],[56.383311,24.978217]]],[[[55.836192,17.490912],[55.837087,17.510077],[55.89088,17.504584],[55.836192,17.490912]]],[[[56.055349,17.559801],[56.081065,17.523627],[55.986827,17.492906],[56.055349,17.559801]]],[[[58.906261,20.626003],[58.715343,20.212104],[58.693858,20.407172],[58.906261,20.626003]]]]}},{"type":"Feature","properties":{"name":"Uzbekistan","ISO3166-1-Alpha-3":"UZB","ISO3166-1-Alpha-2":"UZ"},"geometry":{"type":"MultiPolygon","coordinates":[[[[71.78552,39.989705],[71.741801,39.90077],[71.665527,39.940199],[71.78552,39.989705]]],[[[70.958955,40.238372],[69.355074,40.780354],[67.427284,39.47661],[68.35622,38.212604],[67.780544,37.188868],[66.519588,37.36418],[58.587876,42.791188],[55.978422,41.321717],[55.975839,44.994412],[58.554906,45.557169],[62.026115,43.480629],[64.922941,43.719115],[66.73296,41.158057],[68.461743,40.584656],[71.045772,42.29096],[70.166549,41.520206],[73.14337,40.833839],[70.958955,40.238372]],[[70.565904,41.018376],[70.579133,40.980859],[70.643419,40.952282],[70.565904,41.018376]]],[[[71.176926,40.042001],[71.16101,39.884233],[70.994509,40.008877],[71.176926,40.042001]]]]}},{"type":"Feature","properties":{"name":"Kazakhstan","ISO3166-1-Alpha-3":"KAZ","ISO3166-1-Alpha-2":"KZ"},"geometry":{"type":"MultiPolygon","coordinates":[[[[87.323796,49.085274],[85.718674,48.358832],[85.498636,47.051832],[83.021475,47.205905],[82.539747,45.123655],[79.858205,44.90372],[80.249086,42.204893],[74.178759,43.261702],[73.505105,42.402943],[71.245449,42.747133],[68.461743,40.584656],[66.73296,41.158057],[64.922941,43.719115],[62.026115,43.480629],[58.554906,45.557169],[55.976149,44.995084],[55.978422,41.321717],[54.122618,42.337598],[52.437671,41.748876],[52.736339,42.701361],[50.22462,44.567694],[53.261241,45.342841],[53.060395,46.89232],[49.227131,46.327879],[46.478279,48.41056],[47.30567,50.294864],[48.784598,49.933387],[50.767009,51.7594],[54.499443,50.523274],[61.372098,50.782483],[59.985723,51.952282],[62.094173,52.992477],[60.996101,53.941411],[68.943161,55.43455],[73.740646,54.057942],[73.41095,53.430021],[76.895905,54.46386],[80.021296,50.766877],[83.433956,50.992651],[87.323796,49.085274]],[[63.383914,45.565824],[63.896699,46.17496],[62.900274,46.208964],[63.383914,45.565824]]],[[[50.260265,45.009914],[50.310883,45.080552],[50.329763,45.038967],[50.260265,45.009914]]],[[[50.170258,44.830146],[50.04184,45.057522],[50.042817,44.924465],[50.170258,44.830146]]],[[[50.743663,44.886135],[50.691905,44.883124],[50.677989,44.935614],[50.743663,44.886135]]],[[[52.692882,45.459703],[52.588552,45.432807],[52.597911,45.516791],[52.692882,45.459703]]],[[[49.822439,46.313951],[49.804698,46.210517],[49.719981,46.356757],[49.822439,46.313951]]]]}},{"type":"Feature","properties":{"name":"Tajikistan","ISO3166-1-Alpha-3":"TJK","ISO3166-1-Alpha-2":"TJ"},"geometry":{"type":"MultiPolygon","coordinates":[[[[70.565904,41.018376],[70.643419,40.952282],[70.579133,40.980859],[70.565904,41.018376]]],[[[70.958955,40.238372],[69.286189,39.539707],[73.604323,39.459608],[75.164125,37.400638],[71.653021,36.687012],[70.950739,38.473053],[67.78535,37.096548],[68.35622,38.212604],[67.487642,39.538001],[70.363539,41.032432],[70.958955,40.238372]]],[[[70.498725,39.881908],[70.70481,39.822067],[70.547301,39.807649],[70.498725,39.881908]]]]}},{"type":"Feature","properties":{"name":"Lithuania","ISO3166-1-Alpha-3":"LTU","ISO3166-1-Alpha-2":"LT"},"geometry":{"type":"MultiPolygon","coordinates":[[[[26.594531,55.666991],[25.763057,54.156437],[23.627116,53.89821],[21.053396,56.072618],[26.594531,55.666991]]],[[[20.989431,55.273116],[21.090668,55.633124],[21.108409,55.47309],[20.989431,55.273116]]]]}},{"type":"Feature","properties":{"name":"Brazil","ISO3166-1-Alpha-3":"BRA","ISO3166-1-Alpha-2":"BR"},"geometry":{"type":"MultiPolygon","coordinates":[[[[-57.602793,-30.190517],[-53.661552,-26.259791],[-55.86103,-22.289543],[-57.986249,-22.074465],[-57.465661,-18.21775],[-58.339561,-16.289289],[-60.16069,-16.264794],[-60.472635,-13.797865],[-64.997449,-11.996269],[-65.397993,-9.686746],[-70.641342,-11.0108],[-70.524993,-9.430948],[-72.195666,-10.00559],[-74.018475,-7.543518],[-72.917948,-5.132089],[-69.971822,-4.290951],[-70.054246,0.588131],[-69.137455,0.650142],[-69.856171,1.707675],[-67.424639,2.138114],[-65.497832,0.658721],[-63.372639,2.266839],[-64.791622,4.284417],[-62.889412,3.560817],[-60.213426,5.267225],[-58.834001,1.18582],[-55.971023,2.530338],[-52.959683,2.175217],[-51.516498,4.441122],[-49.887563,1.174872],[-52.708119,-1.60003],[-50.839589,-0.912774],[-49.663686,-2.677667],[-48.037913,-0.661716],[-46.819203,-0.711684],[-44.598012,-1.744806],[-44.79601,-3.300226],[-43.426298,-2.33785],[-39.985707,-2.848403],[-35.510569,-5.143731],[-34.793609,-7.176202],[-35.305084,-9.193048],[-38.923695,-12.736586],[-39.137115,-17.67962],[-40.995269,-22.014255],[-48.743031,-25.352146],[-48.756093,-28.528416],[-52.077382,-32.16725],[-50.565012,-30.450128],[-51.283518,-30.00742],[-53.379095,-33.740676],[-53.757308,-32.055045],[-57.602793,-30.190517]]],[[[-38.944203,-13.394627],[-38.906679,-13.606185],[-38.978342,-13.517348],[-38.944203,-13.394627]]],[[[-38.614613,-12.924981],[-38.775868,-13.12656],[-38.682769,-12.944513],[-38.614613,-12.924981]]],[[[-44.497792,-2.806817],[-44.557281,-3.002862],[-44.583852,-2.990411],[-44.497792,-2.806817]]],[[[-42.041412,-2.70436],[-42.085194,-2.758722],[-42.123687,-2.707289],[-42.041412,-2.70436]]],[[[-43.627309,-2.252048],[-43.639246,-2.404334],[-43.743263,-2.402861],[-43.627309,-2.252048]]],[[[-49.287953,-1.758477],[-49.367421,-1.895115],[-49.411488,-1.775567],[-49.287953,-1.758477]]],[[[-44.892242,-1.271905],[-44.921254,-1.353123],[-44.996246,-1.326349],[-44.892242,-1.271905]]],[[[-48.338979,-1.066502],[-48.348744,-1.208673],[-48.43456,-1.176365],[-48.338979,-1.066502]]],[[[-48.194936,-0.819431],[-48.194936,-0.983819],[-48.319,-0.993341],[-48.194936,-0.819431]]],[[[-47.948557,-0.64129],[-47.962148,-0.730645],[-47.977935,-0.651788],[-47.948557,-0.64129]]],[[[-50.819203,-0.620212],[-51.094146,-0.826267],[-51.03893,-0.681573],[-50.819203,-0.620212]]],[[[-47.660512,-0.579197],[-47.646881,-0.702732],[-47.761379,-0.575771],[-47.660512,-0.579197]]],[[[-51.186025,-0.613946],[-51.930287,-1.470798],[-51.363026,-0.56227],[-51.186025,-0.613946]]],[[[-51.165273,-0.140313],[-51.148834,-0.263849],[-51.354848,-0.391209],[-51.165273,-0.140313]]],[[[-48.462514,-0.576104],[-49.222768,-1.621189],[-50.803212,-1.434991],[-50.368153,-0.105645],[-48.462514,-0.576104]]],[[[-50.973744,-0.291192],[-50.766004,0.046367],[-50.628896,-0.104099],[-50.973744,-0.291192]]],[[[-49.832346,-0.103123],[-49.442047,0.07567],[-49.354482,-0.037164],[-49.832346,-0.103123]]],[[[-50.634267,0.071275],[-50.544329,0.17107],[-50.495717,-0.016615],[-50.634267,0.071275]]],[[[-50.090784,0.305945],[-50.220461,0.246212],[-50.138539,0.326565],[-50.090784,0.305945]]],[[[-50.036888,0.299741],[-49.963124,-0.032769],[-50.345123,0.047431],[-50.036888,0.299741]]],[[[-50.378021,0.24499],[-50.48526,0.268459],[-50.430776,0.548],[-50.378021,0.24499]]],[[[-50.312123,0.413967],[-50.150624,0.597113],[-50.031565,0.561672],[-50.312123,0.413967]]],[[[-50.202416,0.749692],[-50.132123,0.914214],[-50.049673,0.821063],[-50.202416,0.749692]]],[[[-50.062585,0.923252],[-50.016672,1.025214],[-49.952504,0.996649],[-50.062585,0.923252]]],[[[-50.454358,2.110941],[-50.325028,1.991759],[-50.476633,1.942694],[-50.454358,2.110941]]],[[[-50.543521,2.146197],[-50.448335,2.176235],[-50.466586,2.116118],[-50.543521,2.146197]]],[[[-29.338246,-20.584161],[-29.344309,-20.550958],[-29.323964,-20.571466],[-29.338246,-20.584161]]],[[[-28.88329,-20.518731],[-28.881418,-20.512384],[-28.877838,-20.514255],[-28.88329,-20.518731]]],[[[-48.43456,-27.404718],[-48.497467,-27.723891],[-48.527659,-27.57171],[-48.43456,-27.404718]]],[[[-48.544423,-26.341892],[-48.657338,-26.34531],[-48.577626,-26.218438],[-48.544423,-26.341892]]],[[[-47.517161,-24.700942],[-47.550038,-24.742364],[-47.883778,-24.98211],[-47.517161,-24.700942]]],[[[-46.327952,-23.926446],[-46.341379,-23.969903],[-46.40689,-23.941827],[-46.327952,-23.926446]]],[[[-45.213735,-23.906508],[-45.280507,-23.925226],[-45.328603,-23.737481],[-45.213735,-23.906508]]],[[[-44.100901,-23.149021],[-44.311147,-23.191339],[-44.230458,-23.071466],[-44.100901,-23.149021]]],[[[-32.403391,-3.837823],[-32.414377,-3.865492],[-32.446767,-3.863539],[-32.403391,-3.837823]]],[[[-29.40803,0.884833],[-29.349029,0.852607],[-29.410268,0.834866],[-29.40803,0.884833]]],[[[-48.322324,-25.383708],[-48.256674,-25.389097],[-48.309227,-25.48598],[-48.322324,-25.383708]]],[[[-34.85275,-7.697379],[-34.822297,-7.749181],[-34.884229,-7.804026],[-34.85275,-7.697379]]],[[[-42.228703,-2.693311],[-42.126924,-2.754553],[-42.215222,-2.74408],[-42.228703,-2.693311]]],[[[-43.832879,-2.454079],[-43.813622,-2.454079],[-43.766706,-2.476275],[-43.832879,-2.454079]]],[[[-43.564764,-2.361293],[-43.560809,-2.417049],[-43.607248,-2.396841],[-43.564764,-2.361293]]],[[[-49.479514,-1.655372],[-49.431978,-1.70873],[-49.529545,-1.717057],[-49.479514,-1.655372]]]]}},{"type":"Feature","properties":{"name":"Uruguay","ISO3166-1-Alpha-3":"URY","ISO3166-1-Alpha-2":"UY"},"geometry":{"type":"Polygon","coordinates":[[[-57.602793,-30.190517],[-53.119776,-32.707408],[-53.764882,-34.390395],[-58.20873,-34.147638],[-57.602793,-30.190517]]]}},{"type":"Feature","properties":{"name":"Mongolia","ISO3166-1-Alpha-3":"MNG","ISO3166-1-Alpha-2":"MN"},"geometry":{"type":"Polygon","coordinates":[[[116.684278,49.823265],[115.575715,47.909738],[118.472799,47.989449],[119.872662,46.673225],[111.958261,45.084536],[111.933353,43.696636],[110.406728,42.768605],[104.97383,41.586145],[96.357767,42.724499],[95.397722,44.280502],[90.873243,45.186184],[90.3448,47.658642],[87.735709,48.886733],[92.360905,50.868369],[97.343339,49.734175],[98.886398,52.128551],[108.538057,49.32743],[116.684278,49.823265]]]}},{"type":"Feature","properties":{"name":"Russia","ISO3166-1-Alpha-3":"RUS","ISO3166-1-Alpha-2":"RU"},"geometry":{"type":"MultiPolygon","coordinates":[[[[87.816324,49.165837],[83.433956,50.992651],[80.021296,50.766877],[76.895905,54.46386],[73.41095,53.430021],[73.740646,54.057942],[68.927296,55.433723],[60.996101,53.941411],[62.094173,52.992477],[59.985723,51.952282],[61.372098,50.782483],[54.499443,50.523274],[50.767009,51.7594],[48.784598,49.933387],[47.469795,50.411756],[46.478279,48.41056],[49.306,46.263129],[46.680431,44.528469],[48.578949,41.845282],[47.871114,41.208183],[45.122961,42.702278],[39.962576,43.392646],[36.577322,45.194159],[38.559906,46.03266],[37.730724,46.670111],[39.388682,47.11518],[38.190568,47.316906],[39.759051,47.832947],[40.130708,49.579817],[35.611397,50.351708],[33.804065,52.354609],[31.764345,52.100568],[31.247064,53.014388],[32.719532,53.439478],[30.912821,55.571596],[27.62837,56.844154],[28.007009,59.758246],[30.246104,59.974921],[27.794119,60.533189],[31.569525,62.905929],[29.980785,63.741537],[29.051539,66.907803],[30.009413,67.685844],[28.410234,68.898535],[32.054454,69.963772],[33.023448,68.954739],[41.039887,67.677802],[41.178071,66.809556],[38.554373,66.054999],[31.850922,67.152818],[34.852387,65.900336],[34.743337,64.555854],[37.534362,63.800858],[38.020193,64.308539],[36.439952,64.91706],[40.5171,64.541449],[39.749278,65.552069],[42.200938,66.532172],[44.179698,65.864325],[44.411794,68.063422],[43.317154,68.666612],[46.534923,68.132554],[44.91212,67.371975],[46.406749,66.746161],[53.878591,68.974107],[53.210704,68.269355],[59.674815,68.336168],[60.926606,69.867499],[68.288097,68.1883],[69.218923,68.962144],[66.795746,69.586168],[66.620453,71.057847],[69.35377,72.952582],[71.563243,72.915961],[72.836925,72.709906],[71.803396,71.480292],[73.646251,68.457831],[71.576915,66.658759],[68.965017,66.809556],[72.075694,66.235826],[74.730317,67.686265],[74.62794,68.774604],[76.582367,68.975165],[77.079845,67.790351],[79.052501,67.570543],[77.494151,67.751288],[77.646983,68.911119],[73.7588,69.169379],[74.317882,70.667792],[73.022472,71.428778],[74.75115,72.820014],[75.708181,72.565863],[75.263031,71.365546],[76.914236,71.072455],[79.114513,71.004218],[75.996837,71.907904],[83.25172,71.725653],[82.082042,70.565375],[82.901622,71.001044],[83.111095,70.069485],[83.618907,71.631171],[80.704112,72.545356],[80.51295,73.567043],[87.080089,73.871527],[85.786794,73.48078],[86.782481,73.000881],[85.844005,73.439846],[87.664073,73.890855],[85.740408,74.635891],[87.789887,75.026272],[87.024587,75.164211],[99.570649,75.779731],[98.817882,76.494208],[102.249522,76.383124],[100.857677,76.873236],[104.290294,77.737535],[107.499766,76.924506],[106.417003,76.509223],[113.890147,75.85399],[105.073009,72.765082],[110.924815,73.704169],[110.021495,74.014472],[112.846934,73.994534],[114.090343,72.600653],[113.466563,73.50495],[122.732188,72.826565],[124.383067,73.806383],[129.443508,73.028944],[127.905447,72.667141],[129.489024,72.127631],[127.665782,72.43008],[131.042003,70.738756],[132.717784,71.946234],[140.033214,71.472113],[139.094005,72.248236],[140.725841,72.898627],[146.92921,72.312649],[144.89324,71.675198],[149.611339,72.148383],[148.827159,71.675198],[152.540782,70.791327],[159.237804,70.829291],[161.006358,69.577338],[160.821056,68.527411],[164.027029,69.77383],[170.625173,68.748603],[170.481619,70.142035],[180,68.98105],[180,65.06619],[174.441742,64.69245],[177.491873,64.767524],[179.562999,62.624742],[176.992198,62.869452],[170.265147,59.920356],[163.628673,60.046576],[161.993228,58.087392],[163.32951,57.708945],[163.366069,56.180659],[162.414042,56.38387],[162.127609,54.760405],[158.437836,53.025336],[156.669988,50.863917],[155.551177,55.284205],[156.749034,57.72956],[165.65089,62.459174],[163.398934,62.575902],[163.326549,61.657856],[160.185933,60.578406],[160.345714,61.944729],[157.027599,61.65058],[154.22077,59.86962],[155.194102,59.175767],[151.353665,58.832562],[152.322238,59.207409],[149.375255,59.772203],[140.904307,58.382758],[135.17335,54.821275],[136.823497,54.647528],[136.775157,53.773098],[137.73585,54.32099],[137.335134,53.529364],[139.767589,54.303941],[141.407481,53.303778],[140.177013,48.461819],[133.157725,42.688422],[130.379669,42.696671],[131.280906,43.380221],[130.933434,44.841708],[133.09878,45.10779],[134.718733,48.263412],[130.96568,47.703937],[130.674328,48.870817],[127.538654,49.789934],[126.088045,52.77541],[123.614294,53.563347],[120.032962,52.760657],[120.705789,51.979955],[117.873766,49.513206],[114.286285,50.276881],[108.538057,49.32743],[98.927636,52.129584],[97.343339,49.734175],[92.360905,50.868369],[87.816324,49.165837]]],[[[22.76722,54.35627],[19.609548,54.456732],[21.37485,55.28996],[22.76722,54.35627]]],[[[33.628517,46.124935],[36.638357,45.351264],[33.720958,44.399644],[32.481619,45.408881],[33.628517,46.124935]]],[[[-180,65.066229],[-180,68.98237],[-175.265529,67.658555],[-174.4635,66.279748],[-173.646469,67.115615],[-169.641384,66.068327],[-172.859609,65.699856],[-172.080093,65.075905],[-173.106265,64.24098],[-178.461101,65.472741],[-178.477124,66.382762],[-180,65.066229]]],[[[180,71.53642],[178.701915,70.94245],[178.848969,71.209947],[180,71.53642]]],[[[-180,70.99201],[-178.322458,71.505439],[-177.459706,71.249905],[-180,70.99201]]],[[[131.920095,43.019517],[131.791189,42.996283],[131.798839,43.052639],[131.920095,43.019517]]],[[[142.529063,54.297187],[144.756602,48.643256],[143.258637,49.393378],[142.545258,47.766669],[143.625743,46.374701],[142.085297,45.900824],[141.641856,52.318183],[142.529063,54.297187]]],[[[28.634613,60.601386],[28.556651,60.612006],[28.604503,60.645006],[28.634613,60.601386]]],[[[-172.243096,64.815942],[-172.384725,64.698481],[-172.577449,64.7595],[-172.243096,64.815942]]],[[[70.130626,66.556342],[69.575206,66.638251],[69.561534,66.768622],[70.130626,66.556342]]],[[[51.299571,68.495429],[50.99879,68.42536],[50.792491,68.379299],[51.299571,68.495429]]],[[[55.369477,68.947903],[55.506602,68.913764],[55.225434,68.913764],[55.369477,68.947903]]],[[[54.643321,69.009345],[54.68572,68.968695],[54.570811,68.964057],[54.643321,69.009345]]],[[[161.487071,69.026679],[161.131196,69.226264],[161.381684,69.478746],[161.487071,69.026679]]],[[[161.631114,69.561103],[161.375011,69.407782],[161.454275,69.602362],[161.631114,69.561103]]],[[[71.353363,73.385199],[71.296641,73.324774],[71.149913,73.312323],[71.353363,73.385199]]],[[[51.409516,71.806138],[53.32252,73.220852],[56.435232,73.230129],[55.225434,71.929023],[57.638682,70.729885],[51.409516,71.806138]]],[[[127.404796,73.518622],[127.690929,73.542873],[127.775076,73.49258],[127.404796,73.518622]]],[[[86.892345,73.696723],[86.798839,73.625718],[86.487641,73.621649],[86.892345,73.696723]]],[[[97.158051,76.088284],[97.334809,76.102525],[96.748057,75.981024],[97.158051,76.088284]]],[[[95.177419,76.170844],[95.101573,76.154975],[95.067149,76.200995],[95.177419,76.170844]]],[[[94.999197,76.273261],[94.557628,76.204413],[94.753591,76.250922],[94.999197,76.273261]]],[[[96.57488,76.341498],[96.719737,76.322252],[96.661876,76.298082],[96.57488,76.341498]]],[[[96.896658,76.256496],[96.73113,76.238471],[97.031423,76.341864],[96.896658,76.256496]]],[[[94.163097,76.596015],[94.362315,76.574897],[93.886404,76.600043],[94.163097,76.596015]]],[[[95.266124,76.671088],[94.821462,76.642727],[95.086599,76.69184],[95.266124,76.671088]]],[[[56.98699,74.690497],[55.726329,75.081488],[69.033946,76.712063],[58.186778,74.581244],[56.729828,73.244534],[53.631114,73.759589],[56.98699,74.690497]]],[[[93.8684,78.14709],[93.592914,78.172398],[93.792723,78.203025],[93.8684,78.14709]]],[[[92.456798,79.110419],[92.724376,79.07685],[92.175629,79.130845],[92.456798,79.110419]]],[[[92.990571,79.419501],[92.79184,79.383246],[92.588552,79.411689],[92.990571,79.419501]]],[[[92.305431,79.45303],[92.265147,79.412665],[91.949718,79.422675],[92.305431,79.45303]]],[[[91.372244,79.485541],[91.360118,79.467271],[91.194835,79.515082],[91.372244,79.485541]]],[[[100.199962,79.678941],[99.944102,79.590766],[99.936046,79.664252],[100.199962,79.678941]]],[[[94.327647,80.028998],[94.177501,79.998603],[93.954356,79.999091],[94.327647,80.028998]]],[[[146.175059,43.538153],[146.204926,43.501166],[146.123383,43.489691],[146.175059,43.538153]]],[[[146.881684,43.859198],[146.809337,43.774604],[146.609711,43.729926],[146.881684,43.859198]]],[[[146.469249,44.428778],[145.887543,44.039049],[145.551768,43.925442],[146.469249,44.428778]]],[[[148.799164,45.415676],[146.876039,44.434144],[147.668956,45.093573],[148.799164,45.415676]]],[[[150.334239,46.210842],[149.922874,45.810712],[149.594981,45.765123],[150.334239,46.210842]]],[[[152.205577,47.128811],[152.02003,46.902899],[151.713878,46.825181],[152.205577,47.128811]]],[[[152.503429,47.383246],[152.540294,47.325141],[152.413154,47.340671],[152.503429,47.383246]]],[[[153.021271,47.799597],[153.059772,47.721843],[152.966108,47.695288],[153.021271,47.799597]]],[[[153.288422,48.07746],[153.275473,48.032739],[153.159069,48.09218],[153.288422,48.07746]]],[[[154.212901,48.91767],[154.056407,48.737779],[154.078136,48.816718],[154.212901,48.91767]]],[[[153.98699,48.965399],[153.983572,48.929389],[153.906912,48.943671],[153.98699,48.965399]]],[[[154.562999,49.157172],[154.552501,49.096869],[154.439464,49.157172],[154.562999,49.157172]]],[[[154.447558,49.816984],[154.460848,49.74432],[154.378956,49.765348],[154.447558,49.816984]]],[[[156.125255,50.637519],[155.773204,50.186591],[155.34669,50.302191],[156.125255,50.637519]]],[[[156.46046,50.873725],[156.432238,50.671849],[156.180024,50.688422],[156.46046,50.873725]]],[[[155.563487,50.808254],[155.446788,50.884589],[155.672862,50.870307],[155.563487,50.808254]]],[[[142.549653,54.302232],[142.587169,54.3133],[142.588064,54.3039],[142.549653,54.302232]]],[[[137.821788,54.457831],[137.921723,54.464097],[137.715099,54.367174],[137.821788,54.457831]]],[[[137.622569,54.570787],[137.62322,54.466783],[137.568858,54.426337],[137.622569,54.570787]]],[[[168.059255,54.546617],[167.723155,54.670478],[167.73406,54.762641],[168.059255,54.546617]]],[[[137.171235,55.119534],[136.92335,54.957831],[136.68572,54.92121],[137.171235,55.119534]]],[[[138.046723,55.058051],[137.73585,54.636379],[137.408458,55.011379],[138.046723,55.058051]]],[[[166.664399,54.756415],[166.177908,54.981757],[166.287771,55.3039],[166.664399,54.756415]]],[[[150.725271,59.127997],[150.6107,59.00572],[150.598335,59.080198],[150.725271,59.127997]]],[[[164.7069,58.976828],[163.78994,58.642871],[163.80421,59.016059],[164.7069,58.976828]]],[[[155.507711,59.328127],[155.566932,59.340424],[155.569672,59.320869],[155.507711,59.328127]]],[[[29.791352,59.994859],[29.792491,59.978664],[29.699229,60.010321],[29.791352,59.994859]]],[[[27.88502,60.011054],[27.820486,59.982733],[27.809744,60.020209],[27.88502,60.011054]]],[[[27.022227,60.042182],[26.984711,60.017727],[26.950043,60.099555],[27.022227,60.042182]]],[[[28.711762,60.294989],[28.646983,60.265611],[28.556488,60.344468],[28.711762,60.294989]]],[[[28.516856,60.337714],[28.483084,60.32099],[28.427989,60.365912],[28.516856,60.337714]]],[[[35.943126,64.405097],[36.033214,64.342515],[35.869395,64.380601],[35.943126,64.405097]]],[[[35.866873,65.031317],[35.689106,65.033914],[35.830545,65.124402],[35.866873,65.031317]]],[[[-169.083363,65.815863],[-168.994618,65.815863],[-169.076527,65.755072],[-169.083363,65.815863]]],[[[42.645838,66.742345],[42.643707,66.666064],[42.454868,66.773662],[42.645838,66.742345]]],[[[32.385997,67.13231],[32.393728,67.100328],[32.337657,67.124905],[32.385997,67.13231]]],[[[59.241954,69.177558],[59.161957,69.174547],[58.81544,69.340766],[59.241954,69.177558]]],[[[34.030121,69.393541],[34.406912,69.352525],[33.984386,69.362982],[34.030121,69.393541]]],[[[50.323009,69.150539],[48.779552,68.731879],[48.225271,68.990546],[50.323009,69.150539]]],[[[169.446462,69.849107],[169.300466,69.68773],[167.753754,69.832343],[169.446462,69.849107]]],[[[60.539806,69.818671],[59.022227,69.873277],[58.761404,70.396877],[60.539806,69.818671]]],[[[57.117361,70.558539],[57.058849,70.529853],[56.932384,70.565375],[57.117361,70.558539]]],[[[162.381684,70.681464],[162.237804,70.65412],[162.298513,70.665595],[162.381684,70.681464]]],[[[161.662283,70.791327],[161.521495,70.791327],[161.530528,70.84162],[161.662283,70.791327]]],[[[160.723481,70.838446],[160.545552,70.851474],[160.456554,70.93476],[160.723481,70.838446]]],[[[53.231781,71.215888],[52.776052,71.157864],[52.923839,71.357001],[53.231781,71.215888]]],[[[137.914236,71.558498],[137.318126,71.499172],[136.991873,71.517524],[137.914236,71.558498]]],[[[78.279063,72.552191],[77.586436,72.285305],[77.257498,72.480536],[78.279063,72.552191]]],[[[128.831065,72.655219],[128.805186,72.556586],[128.476085,72.553941],[128.831065,72.655219]]],[[[128.317149,72.812323],[128.735661,72.884148],[129.417139,72.812596],[128.317149,72.812323]]],[[[79.562999,72.768256],[78.584646,72.841864],[79.559581,72.908433],[79.562999,72.768256]]],[[[74.725352,73.107123],[74.639415,72.960273],[74.344086,72.92768],[74.725352,73.107123]]],[[[120.278575,73.100898],[119.802257,73.039496],[119.658539,73.108588],[120.278575,73.100898]]],[[[76.695079,73.186225],[76.712087,73.141059],[76.143891,73.197252],[76.695079,73.186225]]],[[[71.669119,73.227484],[69.934255,73.025092],[71.123383,73.427069],[71.669119,73.227484]]],[[[76.756602,73.449693],[76.562755,73.486314],[76.16212,73.562567],[76.756602,73.449693]]],[[[75.922618,73.523668],[75.530772,73.477688],[75.321137,73.397366],[75.922618,73.523668]]],[[[143.474946,73.320624],[140.080506,73.45867],[142.48113,73.847602],[143.474946,73.320624]]],[[[124.585948,73.915839],[124.415782,73.849555],[124.356944,73.905015],[124.585948,73.915839]]],[[[84.355235,74.018866],[84.178722,73.984768],[84.017589,74.034369],[84.355235,74.018866]]],[[[83.513438,74.121283],[83.534841,74.082506],[83.081309,74.087104],[83.513438,74.121283]]],[[[82.568044,74.162909],[82.592133,74.056464],[82.317556,74.116848],[82.568044,74.162909]]],[[[136.258962,73.957465],[136.041677,73.938056],[135.354015,74.259101],[136.258962,73.957465]]],[[[141.09783,74.149237],[141.056814,74.04682],[140.437755,73.908433],[141.09783,74.149237]]],[[[116.098318,74.354682],[116.005626,74.284857],[115.885753,74.323635],[116.098318,74.354682]]],[[[84.87086,74.505561],[84.850841,74.468004],[84.732758,74.395697],[84.87086,74.505561]]],[[[113.405772,74.444037],[112.949229,74.182359],[111.808767,74.354682],[113.405772,74.444037]]],[[[85.53891,74.574408],[85.630707,74.511298],[85.208507,74.489814],[85.53891,74.574408]]],[[[86.078461,74.555243],[85.968272,74.512356],[85.658458,74.471381],[86.078461,74.555243]]],[[[79.614106,74.601752],[79.162364,74.607896],[79.244314,74.658637],[79.614106,74.601752]]],[[[85.227061,74.745103],[85.537364,74.80268],[85.706228,74.731431],[85.227061,74.745103]]],[[[87.028982,74.991523],[86.947032,74.840725],[86.271251,74.915839],[87.028982,74.991523]]],[[[82.136567,75.14232],[82.151541,75.108629],[82.026703,75.12873],[82.136567,75.14232]]],[[[82.239594,75.375678],[81.89796,75.248847],[81.939626,75.3935],[82.239594,75.375678]]],[[[150.827647,75.163398],[146.183767,75.34398],[147.360525,75.396796],[150.827647,75.163398]]],[[[136.975108,75.591742],[136.9699,75.607815],[137.056814,75.578315],[136.975108,75.591742]]],[[[137.059906,75.640774],[137.131358,75.652411],[136.981212,75.616523],[137.059906,75.640774]]],[[[135.991384,75.527167],[135.539399,75.677965],[135.684093,75.834418],[135.991384,75.527167]]],[[[82.109548,75.888983],[81.761404,75.893866],[81.602306,75.937445],[82.109548,75.888983]]],[[[83.27947,75.956285],[82.862315,75.917182],[82.259044,75.972235],[83.27947,75.956285]]],[[[145.366222,75.540229],[139.127208,74.652289],[136.862153,75.362047],[139.048839,76.239081],[145.366222,75.540229]]],[[[96.644054,76.267035],[96.278494,76.222235],[95.313975,76.276597],[96.644054,76.267035]]],[[[113.292491,76.363227],[113.208263,76.433051],[113.261729,76.396715],[113.292491,76.363227]]],[[[111.958832,76.6022],[112.528087,76.622707],[112.687185,76.50849],[111.958832,76.6022]]],[[[96.472016,76.691596],[95.982677,76.620673],[96.004161,76.679633],[96.472016,76.691596]]],[[[95.650238,76.677924],[95.792654,76.669338],[95.437755,76.689521],[95.650238,76.677924]]],[[[97.476329,76.650336],[97.34311,76.599311],[97.355968,76.677924],[97.476329,76.650336]]],[[[149.374713,76.738202],[149.045254,76.627947],[148.618909,76.681242],[149.374713,76.738202]]],[[[96.527354,77.205512],[96.235037,76.990465],[95.869884,77.030463],[96.527354,77.205512]]],[[[105.784923,77.280585],[106.011485,77.287421],[105.861827,77.254869],[105.784923,77.280585]]],[[[89.68922,77.280585],[89.49279,77.140757],[89.213064,77.277899],[89.68922,77.280585]]],[[[106.361176,77.321926],[106.434093,77.327948],[106.390391,77.304755],[106.361176,77.321926]]],[[[107.745128,77.329047],[107.272227,77.240546],[107.356212,77.345689],[107.745128,77.329047]]],[[[106.861176,77.445746],[106.751964,77.411607],[106.662283,77.449123],[106.861176,77.445746]]],[[[107.704112,78.137152],[106.799449,78.106716],[107.271739,78.167467],[107.704112,78.137152]]],[[[106.532237,78.253852],[106.279145,78.26081],[106.74879,78.298814],[106.532237,78.253852]]],[[[105.415538,78.583441],[99.268321,78.041571],[102.302908,79.432807],[105.415538,78.583441]]],[[[77.613617,79.521918],[76.620616,79.54857],[76.224376,79.657375],[77.613617,79.521918]]],[[[93.628184,79.933417],[91.944509,79.715888],[91.087169,79.952379],[93.628184,79.933417]]],[[[51.346853,79.953315],[50.230154,79.994859],[51.264822,80.056342],[51.346853,79.953315]]],[[[36.593598,80.158759],[36.853689,80.151923],[36.707205,80.144721],[36.593598,80.158759]]],[[[99.885997,79.04149],[92.854177,79.556098],[97.592133,80.174872],[100.022472,79.823554],[99.034923,79.295966],[99.885997,79.04149]]],[[[50.081309,80.068061],[49.531261,80.158759],[50.125987,80.142157],[50.081309,80.068061]]],[[[55.794932,80.642279],[55.60963,80.741604],[56.946056,80.693793],[55.794932,80.642279]]],[[[46.687266,80.529283],[44.857432,80.617418],[48.764008,80.659613],[46.687266,80.529283]]],[[[62.221934,80.813218],[61.044607,80.405178],[59.358084,80.727281],[62.221934,80.813218]]],[[[58.130056,80.780748],[58.01588,80.840562],[59.014008,80.823188],[58.130056,80.780748]]],[[[55.76588,80.783677],[54.011729,80.79621],[54.822927,80.835924],[55.76588,80.783677]]],[[[51.689301,80.727281],[47.969005,80.235093],[49.284923,80.645331],[51.689301,80.727281]]],[[[79.806651,80.974311],[79.926823,80.842597],[79.121104,80.929918],[79.806651,80.974311]]],[[[58.653656,81.043769],[58.366954,80.94595],[57.864024,81.065172],[58.653656,81.043769]]],[[[57.336436,80.891791],[56.095551,81.09101],[58.2824,80.9265],[57.336436,80.891791]]],[[[54.564138,80.995429],[56.652354,80.943549],[56.233653,80.831834],[54.564138,80.995429]]],[[[50.476573,81.069973],[50.778005,81.170233],[50.774425,81.044013],[50.476573,81.069973]]],[[[91.547211,81.153795],[90.789589,81.072984],[89.91212,81.165676],[91.547211,81.153795]]],[[[97.747081,80.741604],[91.42213,80.309556],[95.103526,81.271308],[97.747081,80.741604]]],[[[57.266124,81.426825],[57.505056,81.547675],[58.144379,81.479885],[57.266124,81.426825]]],[[[62.503673,81.652777],[62.538341,81.705715],[63.747406,81.623765],[62.503673,81.652777]]],[[[58.295421,81.714179],[57.963145,81.759711],[59.304535,81.842963],[58.295421,81.714179]]],[[[150.843331,46.448224],[150.780077,46.457159],[150.808481,46.486438],[150.843331,46.448224]]],[[[154.836681,49.650051],[154.82309,49.372463],[154.605968,49.315131],[154.836681,49.650051]]],[[[59.034353,75.959866],[59.262462,75.965399],[58.951508,75.918443],[59.034353,75.959866]]],[[[59.00172,79.980618],[59.841563,80.070746],[59.737559,79.959866],[59.00172,79.980618]]],[[[55.712087,80.103461],[55.979503,80.333075],[57.132172,80.2119],[55.712087,80.103461]]],[[[52.622895,80.183295],[52.68629,80.344143],[53.820811,80.241278],[52.622895,80.183295]]],[[[57.528819,80.131415],[58.452403,80.468085],[58.467052,80.209459],[57.528819,80.131415]]],[[[53.798025,80.472886],[53.883311,80.610745],[54.458995,80.486477],[53.798025,80.472886]]],[[[60.256196,81.036363],[61.677257,81.103705],[61.293793,80.976711],[60.256196,81.036363]]],[[[62.770518,80.885565],[64.237315,81.151842],[65.078298,80.841376],[62.770518,80.885565]]],[[[57.336192,81.205268],[57.887869,81.245551],[57.70045,81.137152],[57.336192,81.205268]]],[[[55.646821,81.200263],[55.86964,81.324408],[56.760997,81.379055],[55.646821,81.200263]]],[[[58.563487,81.324408],[58.6692,81.381578],[59.356944,81.344306],[58.563487,81.324408]]],[[[61.903656,81.604926],[62.174083,81.577623],[61.828136,81.564399],[61.903656,81.604926]]],[[[40.454926,64.581855],[39.938324,64.662787],[40.08074,64.699937],[40.454926,64.581855]]],[[[40.001964,64.737372],[39.980479,64.729438],[39.949718,64.741929],[40.001964,64.737372]]],[[[40.145193,64.73428],[40.363536,64.758205],[40.369395,64.628119],[40.145193,64.73428]]],[[[36.01295,65.051703],[35.920584,65.021186],[35.927419,65.054104],[36.01295,65.051703]]],[[[36.211436,65.158271],[36.046886,65.126899],[35.990082,65.183539],[36.211436,65.158271]]],[[[54.329763,68.311469],[54.204845,68.24901],[54.302908,68.327379],[54.329763,68.311469]]],[[[53.912283,68.361965],[53.957693,68.293362],[53.856212,68.329332],[53.912283,68.361965]]],[[[49.049083,68.678412],[49.124278,68.66767],[48.76588,68.690375],[49.049083,68.678412]]],[[[49.579275,68.819281],[49.591075,68.808661],[49.491954,68.792426],[49.579275,68.819281]]],[[[54.266775,68.81684],[54.386729,68.778388],[54.192719,68.813707],[54.266775,68.81684]]],[[[49.814301,68.899482],[49.839529,68.90058],[49.75172,68.877427],[49.814301,68.899482]]],[[[54.974294,68.939887],[55.019542,68.915432],[54.92335,68.92414],[54.974294,68.939887]]],[[[50.082856,68.960924],[50.09783,68.953437],[50.000743,68.932318],[50.082856,68.960924]]],[[[67.217296,69.420559],[67.132172,69.363918],[66.972992,69.45425],[67.217296,69.420559]]],[[[67.327973,69.572699],[67.279063,69.450263],[67.021821,69.476955],[67.327973,69.572699]]],[[[66.837087,70.391913],[66.675548,70.535468],[66.732432,70.463284],[66.837087,70.391913]]],[[[66.559255,70.544257],[66.396739,70.735338],[66.460704,70.720282],[66.559255,70.544257]]],[[[66.600434,70.913764],[66.447276,70.818915],[66.605724,71.003241],[66.600434,70.913764]]],[[[53.369802,71.291734],[53.354747,71.279731],[53.161469,71.354885],[53.369802,71.291734]]],[[[152.875255,76.151353],[152.773448,76.083401],[152.709809,76.186672],[152.875255,76.151353]]],[[[156.660981,77.107611],[156.659679,77.08454],[156.507498,77.11164],[156.660981,77.107611]]],[[[92.062266,77.62995],[92.094981,77.605048],[91.88087,77.612006],[92.062266,77.62995]]],[[[58.814789,79.916693],[58.636729,79.899482],[58.630056,79.978258],[58.814789,79.916693]]],[[[60.167247,80.168524],[60.200694,80.142524],[59.891287,80.175442],[60.167247,80.168524]]],[[[54.407725,80.284817],[54.196056,80.197455],[54.168224,80.236884],[54.407725,80.284817]]],[[[55.49879,80.31684],[54.996593,80.237616],[55.011078,80.260403],[55.49879,80.31684]]],[[[54.987478,80.414374],[55.270518,80.418647],[55.087169,80.381252],[54.987478,80.414374]]],[[[54.841807,80.431342],[54.771495,80.393012],[54.492686,80.433783],[54.841807,80.431342]]],[[[54.821462,80.464789],[54.886241,80.533108],[55.073009,80.484076],[54.821462,80.464789]]],[[[59.737153,81.189765],[59.742686,81.166734],[58.99464,81.198188],[59.737153,81.189765]]],[[[60.562755,81.273627],[60.473969,81.246894],[59.840587,81.291571],[60.562755,81.273627]]],[[[58.368907,81.579657],[58.394867,81.621975],[58.68572,81.623114],[58.368907,81.579657]]],[[[132.44988,42.828111],[132.447276,42.807318],[132.404633,42.859117],[132.44988,42.828111]]],[[[47.851085,43.999213],[47.709809,43.935777],[47.632986,43.952541],[47.851085,43.999213]]],[[[47.997081,45.467841],[47.927989,45.534003],[47.9463,45.644924],[47.997081,45.467841]]],[[[139.225456,54.589358],[139.270026,54.610265],[139.262138,54.591994],[139.225456,54.589358]]],[[[138.190013,54.715579],[138.240995,54.713712],[138.195944,54.70111],[138.190013,54.715579]]],[[[149.032789,59.192178],[149.091827,59.203748],[149.09837,59.175387],[149.032789,59.192178]]],[[[-172.47529,64.641832],[-172.5655,64.595526],[-172.707631,64.620022],[-172.47529,64.641832]]],[[[67.381196,68.792263],[67.336111,68.764431],[67.158214,68.787543],[67.381196,68.792263]]],[[[-175.585683,71.379869],[-175.608754,71.353949],[-175.738108,71.383694],[-175.585683,71.379869]]],[[[161.893767,69.653838],[161.866936,69.554554],[161.675648,69.602052],[161.893767,69.653838]]],[[[170.124871,69.773378],[170.223754,69.739196],[170.030337,69.714515],[170.124871,69.773378]]],[[[83.305109,70.805515],[83.264517,70.511127],[83.117732,70.480166],[83.305109,70.805515]]],[[[97.645681,76.756212],[97.520844,76.744289],[97.166921,76.745714],[97.645681,76.756212]]],[[[89.047128,77.140895],[88.968837,77.039435],[88.816334,76.98541],[89.047128,77.140895]]]]}},{"type":"Feature","properties":{"name":"Czechia","ISO3166-1-Alpha-3":"CZE","ISO3166-1-Alpha-2":"CZ"},"geometry":{"type":"Polygon","coordinates":[[[14.810393,50.858447],[18.833196,49.510261],[14.315746,48.557916],[12.079552,50.242722],[14.810393,50.858447]]]}},{"type":"Feature","properties":{"name":"Germany","ISO3166-1-Alpha-3":"DEU","ISO3166-1-Alpha-2":"DE"},"geometry":{"type":"MultiPolygon","coordinates":[[[[13.815725,48.76643],[13.001873,47.466019],[7.609747,47.564746],[8.200305,48.958563],[6.345307,49.455349],[5.931451,51.81565],[7.226085,53.66649],[9.832042,53.543606],[8.660776,54.896311],[13.711925,54.173651],[14.955293,51.064042],[12.076141,50.315173],[13.815725,48.76643]]],[[[14.210053,53.938463],[13.97462,53.957343],[13.865571,54.024075],[14.210053,53.938463]]],[[[6.798106,53.604438],[6.749522,53.572414],[6.695079,53.570299],[6.798106,53.604438]]],[[[6.87379,53.672756],[6.910818,53.683661],[7.047048,53.694159],[6.87379,53.672756]]],[[[7.133149,53.708075],[7.346202,53.727973],[7.342296,53.722113],[7.133149,53.708075]]],[[[7.366547,53.727973],[7.422618,53.734198],[7.429047,53.72248],[7.366547,53.727973]]],[[[8.120128,53.721137],[8.195974,53.727973],[8.15089,53.714301],[8.120128,53.721137]]],[[[7.517426,53.762112],[7.623302,53.749986],[7.481944,53.727118],[7.517426,53.762112]]],[[[7.660899,53.762112],[7.812836,53.776353],[7.719493,53.759914],[7.660899,53.762112]]],[[[7.87379,53.776353],[7.897634,53.796291],[7.946056,53.784003],[7.87379,53.776353]]],[[[11.375662,53.981838],[11.468272,53.970689],[11.438731,53.99726],[11.375662,53.981838]]],[[[11.528494,54.0751],[11.601899,54.104153],[11.552745,54.073065],[11.528494,54.0751]]],[[[8.963145,54.523668],[8.925792,54.486762],[8.823741,54.485541],[8.963145,54.523668]]],[[[11.255626,54.478705],[11.103282,54.443834],[11.020356,54.45897],[11.255626,54.478705]]],[[[13.143403,54.598131],[13.069591,54.489651],[13.139822,54.606024],[13.143403,54.598131]]],[[[13.698253,54.392076],[13.162283,54.307685],[13.417328,54.524563],[13.698253,54.392076]]],[[[8.332367,54.693793],[8.330251,54.631415],[8.360362,54.71483],[8.332367,54.693793]]],[[[8.497569,54.756415],[8.574067,54.694403],[8.485199,54.688056],[8.497569,54.756415]]],[[[8.360362,54.948188],[8.353526,54.87934],[8.277029,54.782782],[8.360362,54.948188]]],[[[8.634532,54.542629],[8.66977,54.501899],[8.595876,54.513658],[8.634532,54.542629]]],[[[7.904145,54.180406],[7.893565,54.183092],[7.879893,54.193915],[7.904145,54.180406]]],[[[7.912364,54.192288],[7.929861,54.195299],[7.933442,54.189887],[7.912364,54.192288]]]]}},{"type":"Feature","properties":{"name":"Estonia","ISO3166-1-Alpha-3":"EST","ISO3166-1-Alpha-2":"EE"},"geometry":{"type":"MultiPolygon","coordinates":[[[[24.306159,57.868186],[23.470876,59.212144],[28.186475,59.37493],[27.352935,57.527601],[24.306159,57.868186]]],[[[23.94337,58.113186],[23.955333,58.151801],[24.022146,58.129869],[23.94337,58.113186]]],[[[23.230642,58.504828],[22.432384,58.226752],[21.990082,58.386949],[23.230642,58.504828]]],[[[23.381602,58.579901],[23.234874,58.534654],[23.154633,58.67593],[23.381602,58.579901]]],[[[23.364024,59.028957],[23.299083,58.970893],[23.119395,59.016099],[23.364024,59.028957]]],[[[22.291759,58.895209],[22.934093,58.984036],[22.886729,58.790473],[22.291759,58.895209]]],[[[24.51588,59.59809],[24.550059,59.557766],[24.489106,59.559638],[24.51588,59.59809]]],[[[23.260509,57.813544],[23.270193,57.785631],[23.218598,57.809516],[23.260509,57.813544]]]]}},{"type":"Feature","properties":{"name":"Latvia","ISO3166-1-Alpha-3":"LVA","ISO3166-1-Alpha-2":"LV"},"geometry":{"type":"Polygon","coordinates":[[[27.352935,57.527601],[27.592713,55.794244],[20.973399,56.232001],[22.483735,57.742499],[23.69516,56.967271],[25.094209,58.067309],[27.352935,57.527601]]]}},{"type":"Feature","properties":{"name":"Norway","ISO3166-1-Alpha-3":"-99","ISO3166-1-Alpha-2":"-99"},"geometry":{"type":"MultiPolygon","coordinates":[[[[20.623165,69.036356],[16.782882,67.896994],[14.540538,66.125448],[14.147797,64.169004],[12.170295,63.598135],[12.888184,61.349616],[11.664383,58.920074],[10.688731,59.91177],[8.122895,58.102037],[5.477951,58.754747],[6.5442,59.559963],[5.201671,59.546291],[7.105968,60.505845],[5.739268,59.994452],[5.016124,61.046536],[7.694998,61.232082],[5.193858,61.105292],[6.818614,61.87641],[5.084972,62.191067],[10.908051,63.456244],[11.497895,64.020819],[9.545909,63.7744],[12.931,65.312405],[12.670421,66.062893],[14.143891,66.333808],[13.040375,66.179633],[13.54363,66.921861],[15.740408,67.173285],[14.328298,67.241604],[15.89796,67.556871],[14.77296,67.815985],[17.871837,68.393012],[16.46461,68.509996],[18.158458,69.459621],[24.666026,70.977688],[25.925792,70.863674],[25.004242,70.064032],[27.650157,71.127102],[28.548839,70.972602],[28.013845,70.071357],[28.794688,70.873236],[31.076996,70.284247],[28.616547,70.176907],[30.927703,69.672131],[29.064768,69.034702],[27.866908,70.07531],[24.905177,68.556953],[20.623165,69.036356]]],[[[14.872406,68.222724],[14.795584,68.246161],[14.940115,68.302151],[14.872406,68.222724]]],[[[14.199229,68.315172],[14.162771,68.263088],[14.040375,68.312567],[14.199229,68.315172]]],[[[14.027843,68.262641],[13.698253,68.098131],[13.508556,68.150092],[14.027843,68.262641]]],[[[14.763031,68.494859],[14.991949,68.531083],[14.971419,68.523426],[14.763031,68.494859]]],[[[5.276866,59.299262],[5.166169,59.195682],[5.208507,59.374945],[5.276866,59.299262]]],[[[5.30714,59.758612],[5.174815,59.661933],[5.076182,59.766303],[5.30714,59.758612]]],[[[5.489106,59.861029],[5.37794,59.792914],[5.250173,59.90941],[5.489106,59.861029]]],[[[5.619151,60.07392],[5.4817,59.953803],[5.452891,60.048],[5.619151,60.07392]]],[[[5.111664,60.200507],[4.992442,60.297024],[4.948904,60.439154],[5.111664,60.200507]]],[[[4.977794,60.524319],[5.192393,60.418769],[5.078136,60.471137],[4.977794,60.524319]]],[[[5.687673,60.676581],[5.608897,60.443793],[5.423595,60.570746],[5.687673,60.676581]]],[[[4.960785,61.177436],[4.797048,61.062812],[4.890391,61.145209],[4.960785,61.177436]]],[[[4.865245,61.88939],[5.137462,61.847357],[4.900076,61.80744],[4.865245,61.88939]]],[[[5.736095,62.280463],[5.701427,62.191067],[5.539399,62.258246],[5.736095,62.280463]]],[[[5.988617,62.39647],[6.03712,62.335028],[5.828787,62.329495],[5.988617,62.39647]]],[[[6.263031,62.423814],[6.327647,62.410712],[6.16505,62.396552],[6.263031,62.423814]]],[[[6.852794,62.745917],[6.667735,62.66059],[6.673595,62.692532],[6.852794,62.745917]]],[[[6.832286,62.841539],[6.889171,62.805406],[6.770356,62.816962],[6.832286,62.841539]]],[[[7.778168,63.081732],[7.805837,63.025824],[7.681326,63.061265],[7.778168,63.081732]]],[[[7.640391,63.05508],[7.392914,62.979641],[7.527029,63.046617],[7.640391,63.05508]]],[[[8.113292,63.239407],[8.182302,63.167182],[7.928396,63.177924],[8.113292,63.239407]]],[[[8.483897,63.246812],[8.27296,63.267524],[8.367849,63.254869],[8.483897,63.246812]]],[[[7.914724,63.342475],[7.897634,63.43122],[8.127452,63.347561],[7.914724,63.342475]]],[[[9.138682,63.567776],[8.288259,63.448554],[8.854747,63.619818],[9.138682,63.567776]]],[[[8.360362,63.671373],[8.737153,63.809149],[8.817393,63.75019],[8.360362,63.671373]]],[[[11.286306,64.558987],[11.299978,64.496894],[11.042979,64.599921],[11.286306,64.558987]]],[[[11.091075,64.901597],[11.140961,64.941596],[11.17628,64.848619],[11.091075,64.901597]]],[[[10.841156,64.877387],[10.750499,64.903957],[11.033458,64.988227],[10.841156,64.877387]]],[[[12.224864,65.123765],[11.979015,65.082831],[12.088145,65.144924],[12.224864,65.123765]]],[[[12.451427,65.426093],[12.077322,65.233629],[12.321544,65.474311],[12.451427,65.426093]]],[[[12.005138,65.689602],[11.907074,65.590318],[11.759288,65.617906],[12.005138,65.689602]]],[[[12.698009,65.997748],[12.465831,65.873277],[12.472423,65.980943],[12.698009,65.997748]]],[[[12.574229,66.075914],[12.456716,66.107245],[12.595225,66.205024],[12.574229,66.075914]]],[[[14.273692,67.165839],[14.192231,67.003567],[14.013357,67.089911],[14.273692,67.165839]]],[[[13.054698,68.098131],[13.123871,67.943996],[12.794444,67.820624],[13.054698,68.098131]]],[[[13.280528,68.129136],[13.3567,68.010647],[13.16627,68.015367],[13.280528,68.129136]]],[[[15.000499,68.365058],[14.198497,68.152777],[14.519298,68.38231],[15.000499,68.365058]]],[[[16.422862,68.491929],[16.230724,68.409573],[16.137706,68.468695],[16.422862,68.491929]]],[[[17.052908,68.817532],[16.816661,68.735582],[16.87794,68.787502],[17.052908,68.817532]]],[[[17.206391,68.893256],[17.262218,68.793647],[17.104503,68.925035],[17.206391,68.893256]]],[[[16.528575,68.721991],[15.185395,68.351386],[15.596446,68.906928],[16.528575,68.721991]]],[[[16.566173,68.968329],[16.567068,68.887397],[16.261729,68.968329],[16.566173,68.968329]]],[[[14.397227,68.660468],[15.027599,68.814399],[14.848806,68.59455],[14.397227,68.660468]]],[[[15.528656,68.913764],[15.868663,69.233588],[15.934418,69.093329],[15.528656,68.913764]]],[[[18.070811,69.437934],[16.908702,69.203192],[17.317149,69.53498],[18.070811,69.437934]]],[[[18.999034,69.828599],[18.050141,69.63052],[18.403087,69.791978],[18.999034,69.828599]]],[[[21.667979,69.948391],[21.736176,69.948391],[21.695811,69.927924],[21.667979,69.948391]]],[[[19.900157,70.01675],[19.947927,70.026801],[19.949962,70.009711],[19.900157,70.01675]]],[[[20.958832,70.003079],[20.891938,69.937974],[20.783539,70.024237],[20.958832,70.003079]]],[[[21.041026,70.061347],[21.02003,70.028144],[20.966319,70.03498],[21.041026,70.061347]]],[[[19.619151,70.01675],[18.764334,69.914944],[19.102061,70.070461],[19.619151,70.01675]]],[[[20.791515,70.092434],[20.592296,70.106024],[20.525401,70.202948],[20.791515,70.092434]]],[[[19.982188,70.14704],[19.735037,70.143622],[19.697765,70.260199],[19.982188,70.14704]]],[[[22.922374,70.304674],[22.469574,70.337307],[22.674653,70.398871],[22.922374,70.304674]]],[[[23.656016,70.503323],[22.963878,70.421373],[23.310802,70.518744],[23.656016,70.503323]]],[[[24.066905,70.660956],[23.641775,70.599514],[23.830333,70.736396],[24.066905,70.660956]]],[[[22.42213,70.510728],[22.807791,70.663235],[23.46046,70.790839],[22.42213,70.510728]]],[[[24.07309,70.962592],[24.043142,70.91413],[23.932384,71.015326],[24.07309,70.962592]]],[[[26.135997,71.037746],[25.306977,71.011054],[25.653494,71.16474],[26.135997,71.037746]]],[[[12.875336,66.285631],[12.750824,66.2331],[12.795258,66.305121],[12.875336,66.285631]]],[[[12.940766,66.460191],[12.895193,66.360419],[12.826427,66.436225],[12.940766,66.460191]]],[[[15.295665,67.945258],[14.961192,67.941596],[15.113617,67.994859],[15.295665,67.945258]]],[[[15.930186,68.008246],[15.679373,67.993598],[15.483165,68.006049],[15.930186,68.008246]]],[[[15.166189,67.986762],[15.189464,68.018988],[15.258067,68.009752],[15.166189,67.986762]]],[[[14.996593,68.901597],[14.858735,68.883368],[14.851899,68.918769],[14.996593,68.901597]]],[[[20.702891,69.888821],[20.553966,69.800482],[20.562755,69.895982],[20.702891,69.888821]]],[[[30.021169,69.832343],[29.846528,69.796576],[29.842459,69.908922],[30.021169,69.832343]]],[[[19.813324,70.00259],[19.720551,69.864691],[19.546886,69.925482],[19.813324,70.00259]]],[[[18.666759,70.027574],[18.781261,70.101996],[18.910492,70.045559],[18.666759,70.027574]]],[[[20.894216,70.079576],[20.808116,70.080552],[20.831798,70.150946],[20.894216,70.079576]]],[[[19.538748,70.093695],[19.34311,70.118394],[19.446625,70.155422],[19.538748,70.093695]]],[[[19.242361,70.200873],[19.00172,70.158352],[19.105154,70.241156],[19.242361,70.200873]]],[[[21.738129,70.378241],[21.714854,70.259996],[21.684581,70.363837],[21.738129,70.378241]]],[[[-7.962554,71.174872],[-8.986562,70.810777],[-8.730946,70.976264],[-7.962554,71.174872]]],[[[19.16033,74.526028],[19.236827,74.418647],[19.002615,74.377143],[19.16033,74.526028]]],[[[25.478363,76.712063],[25.22169,76.558743],[24.956798,76.438788],[25.478363,76.712063]]],[[[24.424765,77.825936],[22.565929,77.567328],[21.537608,77.89761],[24.424765,77.825936]]],[[[21.024262,78.219143],[20.153575,78.475409],[22.271251,78.267524],[21.024262,78.219143]]],[[[27.020763,78.69892],[26.691173,78.644232],[26.440929,78.748603],[27.020763,78.69892]]],[[[12.142833,78.237047],[10.95045,78.57038],[11.153819,78.662584],[12.142833,78.237047]]],[[[29.438975,78.904975],[28.86964,78.911811],[28.135997,78.914252],[29.438975,78.904975]]],[[[30.069591,79.008002],[30.337087,78.99433],[30.22047,78.973212],[30.069591,79.008002]]],[[[20.098888,79.124091],[20.805919,79.074123],[20.0442,79.04149],[20.098888,79.124091]]],[[[20.057872,79.377265],[20.088878,79.340033],[19.681163,79.377265],[20.057872,79.377265]]],[[[11.032481,79.706936],[11.002452,79.672268],[10.752615,79.672797],[11.032481,79.706936]]],[[[10.717459,79.741645],[10.645763,79.761135],[10.868663,79.779446],[10.717459,79.741645]]],[[[20.208751,78.638088],[16.343761,76.572414],[13.910655,77.534491],[17.007823,77.938544],[13.589122,78.055854],[17.296397,78.432603],[13.009613,78.203843],[10.676768,79.542426],[16.435232,78.911444],[16.294688,80.067369],[21.545421,78.834052],[20.208751,78.638088]]],[[[33.098643,80.227688],[32.831065,80.133246],[31.496349,80.115709],[33.098643,80.227688]]],[[[18.296397,80.276068],[18.301443,80.362494],[18.74171,80.312323],[18.296397,80.276068]]],[[[24.169281,80.446112],[24.265473,80.446112],[24.167166,80.383368],[24.169281,80.446112]]],[[[24.292247,80.488349],[23.97755,80.494574],[24.059418,80.508246],[24.292247,80.488349]]],[[[27.171072,80.073432],[24.053071,79.18887],[17.78297,80.138251],[27.171072,80.073432]]],[[[19.906993,80.488349],[19.871349,80.516913],[20.100352,80.528388],[19.906993,80.488349]]],[[[20.757498,80.624905],[20.496104,80.659613],[20.776134,80.641303],[20.757498,80.624905]]],[[[21.17449,80.659613],[21.061209,80.693345],[21.329112,80.700995],[21.17449,80.659613]]],[[[20.633311,80.734768],[20.994477,80.702948],[20.803396,80.697252],[20.633311,80.734768]]],[[[3.457286,-54.390069],[3.471934,-54.435805],[3.357921,-54.457208],[3.457286,-54.390069]]],[[[11.070323,59.079332],[11.046397,59.026801],[10.993419,59.062323],[11.070323,59.079332]]],[[[10.910492,59.116441],[10.855724,59.074164],[10.865245,59.116604],[10.910492,59.116441]]],[[[5.289724,60.074286],[5.173839,60.046129],[5.22877,60.067328],[5.289724,60.074286]]],[[[4.922374,60.867499],[4.833181,60.908393],[4.843272,60.93887],[4.922374,60.867499]]],[[[4.721446,61.040229],[4.691742,61.002509],[4.644705,61.060248],[4.721446,61.040229]]],[[[5.120291,62.025784],[5.041026,61.934638],[4.986176,62.005276],[5.120291,62.025784]]],[[[5.635997,62.319281],[5.685313,62.362047],[5.733735,62.333075],[5.635997,62.319281]]],[[[5.593923,62.339789],[5.515636,62.340318],[5.547374,62.367865],[5.593923,62.339789]]],[[[8.314789,63.181342],[8.195811,63.167182],[8.188162,63.225328],[8.314789,63.181342]]],[[[9.160004,63.647773],[9.014008,63.626695],[9.057872,63.661078],[9.160004,63.647773]]],[[[9.930837,64.027533],[9.853852,64.008938],[9.843761,64.033189],[9.930837,64.027533]]],[[[11.465505,64.587836],[11.432872,64.542426],[11.3685,64.603583],[11.465505,64.587836]]],[[[11.350759,64.651557],[11.297862,64.603461],[11.181814,64.65351],[11.350759,64.651557]]],[[[11.761729,65.119371],[11.657237,65.042426],[11.525076,65.065416],[11.761729,65.119371]]],[[[17.54713,69.092108],[17.524913,69.047919],[17.344086,69.003241],[17.54713,69.092108]]],[[[24.836925,71.094875],[24.687673,71.038153],[24.739106,71.07331],[24.836925,71.094875]]],[[[5.764008,59.117865],[5.601573,59.11522],[5.634776,59.131496],[5.764008,59.117865]]],[[[5.462087,59.210883],[5.432628,59.167222],[5.378429,59.226752],[5.462087,59.210883]]],[[[6.016368,59.292182],[6.091807,59.26142],[5.929861,59.243476],[6.016368,59.292182]]],[[[4.845876,60.628119],[4.790782,60.600287],[4.79127,60.666083],[4.845876,60.628119]]],[[[4.836274,61.674547],[4.870291,61.714667],[4.902354,61.654608],[4.836274,61.674547]]],[[[14.408458,67.425767],[14.256114,67.373847],[14.269298,67.400214],[14.408458,67.425767]]]]}},{"type":"Feature","properties":{"name":"Sweden","ISO3166-1-Alpha-3":"SWE","ISO3166-1-Alpha-2":"SE"},"geometry":{"type":"MultiPolygon","coordinates":[[[[20.623165,69.036356],[23.662152,67.950427],[24.163097,65.822699],[21.764171,65.727729],[20.674653,63.789252],[17.693614,62.993598],[17.186697,60.692369],[19.074474,59.749701],[16.17921,58.634508],[16.940196,58.491116],[15.851736,56.086371],[12.832774,55.382554],[11.108165,58.953559],[12.888184,61.349616],[11.992425,63.288903],[14.147797,64.169004],[16.180748,67.496398],[20.623165,69.036356]]],[[[17.124522,57.319281],[16.698497,56.645209],[16.397227,56.439602],[17.124522,57.319281]]],[[[19.040212,57.867906],[18.741547,57.347886],[18.166026,57.367092],[19.040212,57.867906]]],[[[19.27296,57.976549],[19.139903,57.908271],[19.067882,57.939358],[19.27296,57.976549]]],[[[11.73878,58.058539],[11.639415,57.951361],[11.515636,58.0008],[11.73878,58.058539]]],[[[11.806977,58.230414],[11.519867,58.089545],[11.601573,58.23725],[11.806977,58.230414]]],[[[19.331716,58.367621],[19.250336,58.342841],[19.222423,58.394965],[19.331716,58.367621]]],[[[18.430431,59.258287],[18.461681,59.298245],[18.517263,59.24901],[18.430431,59.258287]]],[[[18.550141,60.327094],[18.388031,60.478909],[18.466075,60.442694],[18.550141,60.327094]]],[[[20.839203,63.767564],[20.920421,63.773749],[20.87322,63.770697],[20.839203,63.767564]]],[[[18.485362,59.097561],[18.413585,59.011664],[18.349783,59.052924],[18.485362,59.097561]]],[[[18.715831,59.208808],[18.737966,59.19774],[18.665701,59.187934],[18.715831,59.208808]]],[[[18.797048,59.294867],[18.77768,59.257025],[18.737315,59.258979],[18.797048,59.294867]]],[[[18.676036,59.340277],[18.69809,59.373603],[18.726573,59.311998],[18.676036,59.340277]]],[[[18.1067,59.384955],[18.223888,59.365709],[18.165538,59.340644],[18.1067,59.384955]]],[[[18.854259,59.402533],[18.869477,59.393459],[18.855724,59.385932],[18.854259,59.402533]]],[[[18.942393,59.393622],[18.921072,59.37934],[18.899425,59.400702],[18.942393,59.393622]]],[[[18.925792,59.434027],[18.872325,59.408637],[18.898611,59.445705],[18.925792,59.434027]]],[[[18.656586,59.506741],[18.545421,59.428534],[18.569509,59.495347],[18.656586,59.506741]]],[[[18.977712,59.633857],[18.968028,59.619371],[18.88559,59.578599],[18.977712,59.633857]]],[[[18.854259,59.601142],[18.808767,59.581855],[18.815603,59.601874],[18.854259,59.601142]]],[[[18.996349,59.80976],[18.935557,59.79267],[18.959158,59.863715],[18.996349,59.80976]]],[[[18.723969,60.196601],[18.772634,60.191962],[18.806895,60.16059],[18.723969,60.196601]]],[[[15.705333,56.1164],[15.698497,56.100531],[15.651134,56.089993],[15.705333,56.1164]]],[[[16.86671,58.304592],[16.87908,58.280585],[16.847423,58.275458],[16.86671,58.304592]]],[[[16.891612,58.333726],[16.809418,58.348456],[16.859711,58.400295],[16.891612,58.333726]]],[[[18.321462,58.969143],[18.289806,58.941392],[18.198253,58.908149],[18.321462,58.969143]]],[[[18.198253,59.00967],[18.131114,58.964748],[18.081554,58.996731],[18.198253,59.00967]]],[[[17.707286,58.993354],[17.684825,58.900824],[17.646169,59.023424],[17.707286,58.993354]]],[[[18.124685,62.687934],[18.064301,62.75788],[18.157237,62.725409],[18.124685,62.687934]]],[[[20.87086,63.669379],[20.85613,63.650946],[20.827647,63.653144],[20.87086,63.669379]]],[[[20.898123,63.754096],[20.944184,63.761135],[20.908865,63.695299],[20.898123,63.754096]]],[[[22.408051,65.455268],[22.294932,65.428168],[22.316661,65.452216],[22.408051,65.455268]]],[[[22.153575,65.430365],[22.156586,65.474351],[22.227224,65.436672],[22.153575,65.430365]]],[[[22.5949,65.528266],[22.614268,65.511908],[22.552989,65.530097],[22.5949,65.528266]]],[[[22.218761,65.506781],[22.326834,65.520575],[22.278819,65.513251],[22.218761,65.506781]]],[[[22.577973,65.58275],[22.612153,65.563788],[22.569591,65.554999],[22.577973,65.58275]]],[[[22.57016,65.594794],[22.554454,65.605373],[22.595063,65.612982],[22.57016,65.594794]]],[[[22.962657,65.716295],[22.960948,65.690131],[22.886241,65.737372],[22.962657,65.716295]]],[[[23.797211,65.75373],[23.738292,65.696723],[23.719249,65.750678],[23.797211,65.75373]]],[[[22.741059,65.713609],[22.730479,65.738593],[22.790782,65.750312],[22.741059,65.713609]]]]}},{"type":"Feature","properties":{"name":"Finland","ISO3166-1-Alpha-3":"FIN","ISO3166-1-Alpha-2":"FI"},"geometry":{"type":"MultiPolygon","coordinates":[[[[28.954077,69.027261],[28.663759,68.204003],[30.009413,67.685844],[29.051539,66.907803],[29.980785,63.741537],[31.243757,62.503344],[27.705414,60.485419],[22.905121,59.811225],[21.408539,60.58039],[21.496593,63.20897],[25.443533,64.966783],[23.689437,66.25699],[23.662152,67.950427],[20.623165,69.036356],[24.905177,68.556953],[27.866908,70.07531],[28.954077,69.027261]]],[[[22.408376,60.052802],[22.435802,59.997504],[22.353201,60.032294],[22.408376,60.052802]]],[[[21.496593,60.135321],[21.636974,60.123684],[21.514415,60.097357],[21.496593,60.135321]]],[[[21.743663,60.190619],[21.867849,60.155829],[21.720225,60.113715],[21.743663,60.190619]]],[[[21.353282,60.211086],[21.394216,60.178656],[21.310557,60.179389],[21.353282,60.211086]]],[[[22.05893,60.211086],[22.031505,60.158515],[21.935395,60.176337],[22.05893,60.211086]]],[[[25.81422,60.207668],[25.840587,60.218817],[25.852061,60.199774],[25.81422,60.207668]]],[[[22.209239,60.20425],[22.24586,60.243069],[22.296886,60.221259],[22.209239,60.20425]]],[[[25.622325,60.238349],[25.598318,60.290717],[25.6338,60.218329],[25.622325,60.238349]]],[[[22.843516,60.241767],[22.739757,60.040107],[22.486339,60.001858],[22.843516,60.241767]]],[[[22.106781,60.313463],[22.289806,60.273139],[22.156993,60.281724],[22.106781,60.313463]]],[[[22.38795,60.32095],[22.398204,60.355048],[22.469005,60.331529],[22.38795,60.32095]]],[[[21.997569,60.33393],[21.78533,60.385443],[21.931977,60.423326],[21.997569,60.33393]]],[[[21.725922,60.481676],[21.687999,60.455308],[21.741873,60.526435],[21.725922,60.481676]]],[[[21.319102,60.481676],[21.26059,60.519721],[21.250255,60.559882],[21.319102,60.481676]]],[[[21.394216,60.559882],[21.458507,60.516099],[21.392263,60.489976],[21.394216,60.559882]]],[[[21.298676,60.567328],[21.222911,60.601467],[21.271495,60.634467],[21.298676,60.567328]]],[[[21.264415,60.882025],[21.291189,60.90998],[21.321951,60.956244],[21.264415,60.882025]]],[[[21.42213,63.246812],[21.207367,63.183336],[21.227224,63.271633],[21.42213,63.246812]]],[[[21.318533,63.287787],[21.229177,63.328803],[21.311046,63.355618],[21.318533,63.287787]]],[[[24.993437,65.055104],[24.792817,64.967719],[24.597367,64.992518],[24.993437,65.055104]]],[[[23.915212,59.973456],[23.896007,59.954291],[23.856212,59.953315],[23.915212,59.973456]]],[[[22.88738,60.067776],[22.900727,60.037543],[22.855724,60.041327],[22.88738,60.067776]]],[[[22.95753,60.110785],[22.933279,60.089748],[22.856619,60.09162],[22.95753,60.110785]]],[[[21.991547,60.12995],[21.987641,60.112047],[21.929942,60.124579],[21.991547,60.12995]]],[[[22.313162,60.191962],[22.319102,60.160102],[22.292247,60.156317],[22.313162,60.191962]]],[[[21.983165,60.28498],[21.972911,60.285346],[22.008311,60.297309],[21.983165,60.28498]]],[[[21.956879,60.281399],[21.896007,60.2897],[21.908539,60.309394],[21.956879,60.281399]]],[[[22.299653,60.36758],[22.191091,60.341742],[22.157074,60.358303],[22.299653,60.36758]]],[[[22.206228,60.382554],[22.112478,60.352932],[22.122081,60.371649],[22.206228,60.382554]]],[[[21.338064,60.383368],[21.345714,60.353827],[21.303884,60.364244],[21.338064,60.383368]]],[[[26.602061,60.446519],[26.55893,60.397406],[26.560883,60.416815],[26.602061,60.446519]]],[[[22.026215,63.322211],[22.004568,63.291164],[21.989024,63.31037],[22.026215,63.322211]]],[[[22.144216,63.25141],[22.132091,63.325914],[22.235688,63.331244],[22.144216,63.25141]]],[[[21.957205,63.33161],[21.986583,63.377875],[22.088878,63.377631],[21.957205,63.33161]]],[[[22.807953,63.779527],[22.793224,63.74022],[22.683116,63.758612],[22.807953,63.779527]]],[[[22.498546,59.877631],[22.443696,59.851467],[22.427745,59.865912],[22.498546,59.877631]]],[[[21.600434,60.254828],[21.606456,60.228258],[21.562266,60.239936],[21.600434,60.254828]]],[[[21.259532,60.853095],[21.205333,60.843248],[21.221528,60.858954],[21.259532,60.853095]]],[[[21.421886,61.176744],[21.34669,61.177558],[21.357432,61.199774],[21.421886,61.176744]]],[[[21.521251,61.633979],[21.514659,61.624945],[21.478363,61.620836],[21.521251,61.633979]]],[[[21.208507,62.946234],[21.150564,62.963568],[21.151622,63.010321],[21.208507,62.946234]]]]}},{"type":"Feature","properties":{"name":"Vietnam","ISO3166-1-Alpha-3":"VNM","ISO3166-1-Alpha-2":"VN"},"geometry":{"type":"MultiPolygon","coordinates":[[[[107.520393,14.704582],[107.435643,16.068839],[103.84842,19.299908],[104.615195,20.646493],[103.115287,20.868391],[102.442718,22.765175],[105.312155,23.36581],[107.991222,21.485663],[105.613292,18.985541],[108.951671,15.25023],[109.465017,12.913316],[109.005626,11.343655],[104.728526,8.599514],[104.451345,10.419664],[107.514295,12.343847],[107.520393,14.704582]]],[[[106.210704,9.620917],[106.234141,9.581366],[106.125987,9.672431],[106.210704,9.620917]]],[[[106.724132,10.268622],[106.738292,10.229153],[106.559581,10.275377],[106.724132,10.268622]]],[[[107.172048,10.464586],[107.187755,10.42064],[107.087169,10.323188],[107.172048,10.464586]]],[[[106.93629,10.439276],[106.88795,10.389228],[106.88795,10.46662],[106.93629,10.439276]]],[[[106.908946,10.532375],[106.867931,10.617133],[106.927419,10.586127],[106.908946,10.532375]]],[[[109.32838,12.221259],[109.31658,12.197496],[109.254568,12.211127],[109.32838,12.221259]]],[[[106.662608,8.739814],[106.600434,8.684963],[106.597992,8.732327],[106.662608,8.739814]]],[[[106.498057,9.891181],[106.521007,9.837714],[106.422374,9.939032],[106.498057,9.891181]]],[[[104.082042,10.370998],[104.01059,10.030463],[103.942149,10.374742],[104.082042,10.370998]]],[[[106.874278,10.460395],[106.755138,10.503607],[106.835297,10.626044],[106.874278,10.460395]]],[[[107.080333,20.800442],[107.031912,20.718492],[106.912852,20.8369],[107.080333,20.800442]]],[[[106.840099,20.879869],[106.84254,20.813625],[106.799327,20.849677],[106.840099,20.879869]]],[[[107.525401,20.910305],[107.553477,20.93594],[107.480235,20.849514],[107.525401,20.910305]]],[[[107.745128,21.020168],[107.779145,20.992255],[107.738292,20.937649],[107.745128,21.020168]]],[[[107.532725,21.020168],[107.511729,20.923977],[107.474294,20.946723],[107.532725,21.020168]]],[[[107.621267,21.116034],[107.5796,20.98314],[107.570079,21.026679],[107.621267,21.116034]]],[[[107.580577,21.211982],[107.379649,21.081936],[107.455333,21.275702],[107.580577,21.211982]]],[[[107.813487,21.3605],[107.819347,21.350246],[107.714366,21.310126],[107.813487,21.3605]]],[[[107.868663,21.390082],[107.922374,21.372626],[107.859386,21.364081],[107.868663,21.390082]]],[[[108.942556,10.551947],[108.966156,10.517646],[108.930186,10.514553],[108.942556,10.551947]]],[[[109.393403,12.601874],[109.347423,12.588202],[109.320323,12.627997],[109.393403,12.601874]]],[[[107.36964,20.825914],[107.380219,20.797553],[107.350271,20.81094],[107.36964,20.825914]]],[[[107.382172,20.887885],[107.387869,20.864976],[107.33546,20.876939],[107.382172,20.887885]]],[[[107.825694,21.02497],[107.856293,21.033271],[107.827403,20.989081],[107.825694,21.02497]]]]}},{"type":"Feature","properties":{"name":"Cambodia","ISO3166-1-Alpha-3":"KHM","ISO3166-1-Alpha-2":"KH"},"geometry":{"type":"MultiPolygon","coordinates":[[[[107.520393,14.704582],[107.522253,12.366585],[105.80489,11.624925],[106.177322,10.766863],[103.12672,10.881293],[102.934058,14.200969],[107.520393,14.704582]]],[[[103.784434,10.515041],[103.778331,10.453803],[103.75587,10.485989],[103.784434,10.515041]]],[[[103.29713,10.731024],[103.268728,10.679633],[103.228526,10.78266],[103.29713,10.731024]]],[[[103.03712,11.357896],[103.023448,11.255194],[102.989268,11.426174],[103.03712,11.357896]]],[[[103.030284,11.501899],[103.034923,11.431708],[102.99586,11.513739],[103.030284,11.501899]]],[[[103.334158,10.58393],[103.312755,10.551663],[103.321544,10.610338],[103.334158,10.58393]]]]}},{"type":"Feature","properties":{"name":"Luxembourg","ISO3166-1-Alpha-3":"LUX","ISO3166-1-Alpha-2":"LU"},"geometry":{"type":"Polygon","coordinates":[[[6.117487,50.120456],[6.371528,49.592995],[5.778489,49.773035],[6.117487,50.120456]]]}},{"type":"Feature","properties":{"name":"United Arab Emirates","ISO3166-1-Alpha-3":"ARE","ISO3166-1-Alpha-2":"AE"},"geometry":{"type":"MultiPolygon","coordinates":[[[[56.279055,25.627446],[55.120387,22.623426],[51.578536,24.101837],[53.878917,24.064846],[56.279055,25.627446]],[[56.260625,25.331075],[56.208375,25.255374],[56.281763,25.23691],[56.260625,25.331075]]],[[[56.263026,25.249223],[56.265075,25.281175],[56.288328,25.271926],[56.263026,25.249223]]],[[[53.656993,24.158393],[53.765147,24.228258],[53.964854,24.172593],[53.656993,24.158393]]],[[[54.190766,24.22724],[54.101573,24.297675],[54.150401,24.315985],[54.190766,24.22724]]],[[[52.574474,24.34394],[52.645375,24.350719],[52.592154,24.253368],[52.574474,24.34394]]],[[[53.322759,24.262691],[53.194347,24.302965],[53.361583,24.350735],[53.322759,24.262691]]],[[[54.382579,24.439521],[54.389415,24.522691],[54.451427,24.453192],[54.382579,24.439521]]],[[[54.266368,24.294501],[54.205089,24.302924],[54.203787,24.353746],[54.266368,24.294501]]],[[[54.325857,24.373033],[54.281586,24.357489],[54.311371,24.355292],[54.325857,24.373033]]],[[[52.309744,24.539496],[52.314228,24.475651],[52.283214,24.497016],[52.309744,24.539496]]]]}},{"type":"Feature","properties":{"name":"Belgium","ISO3166-1-Alpha-3":"BEL","ISO3166-1-Alpha-2":"BE"},"geometry":{"type":"Polygon","coordinates":[[[2.5218,51.087541],[5.027527,51.476807],[6.374525,50.315483],[5.456132,49.498944],[2.5218,51.087541]]]}},{"type":"Feature","properties":{"name":"Georgia","ISO3166-1-Alpha-3":"GEO","ISO3166-1-Alpha-2":"GE"},"geometry":{"type":"Polygon","coordinates":[[[41.551195,42.406457],[40.059187,43.535199],[45.155362,42.693261],[46.694803,41.269782],[41.812982,41.421814],[41.551195,42.406457]]]}},{"type":"Feature","properties":{"name":"North Macedonia","ISO3166-1-Alpha-3":"MKD","ISO3166-1-Alpha-2":"MK"},"geometry":{"type":"Polygon","coordinates":[[[20.567147,41.873182],[23.009582,41.71637],[20.965262,40.849394],[20.567147,41.873182]]]}},{"type":"Feature","properties":{"name":"Albania","ISO3166-1-Alpha-3":"ALB","ISO3166-1-Alpha-2":"AL"},"geometry":{"type":"Polygon","coordinates":[[[20.567147,41.873182],[20.184122,39.637013],[19.272033,42.180682],[20.567147,41.873182]]]}},{"type":"Feature","properties":{"name":"Azerbaijan","ISO3166-1-Alpha-3":"AZE","ISO3166-1-Alpha-2":"AZ"},"geometry":{"type":"MultiPolygon","coordinates":[[[[44.979456,41.082041],[45.029995,41.046281],[44.96695,41.044834],[44.979456,41.082041]]],[[[45.0024,41.290452],[48.578949,41.845282],[50.391124,40.235012],[48.607865,38.395978],[47.971418,39.704554],[46.514039,38.882176],[45.0024,41.290452]],[[45.513687,40.601967],[45.520198,40.660413],[45.473379,40.640311],[45.513687,40.601967]]],[[[46.135871,38.863701],[45.11435,39.30935],[45.233187,39.592727],[46.135871,38.863701]]],[[[45.209932,40.967991],[45.17717,40.99383],[45.187712,40.998377],[45.209932,40.967991]]],[[[50.618907,40.299994],[50.562999,40.324856],[50.59669,40.33747],[50.618907,40.299994]]],[[[50.388438,40.401679],[50.32602,40.458075],[50.362804,40.453559],[50.388438,40.401679]]]]}},{"type":"Feature","properties":{"name":"Kosovo","ISO3166-1-Alpha-3":"-99","ISO3166-1-Alpha-2":"-99"},"geometry":{"type":"Polygon","coordinates":[[[20.064956,42.546758],[21.772758,42.647501],[20.681456,41.84401],[20.064956,42.546758]]]}},{"type":"Feature","properties":{"name":"Turkey","ISO3166-1-Alpha-3":"TUR","ISO3166-1-Alpha-2":"TR"},"geometry":{"type":"MultiPolygon","coordinates":[[[[43.440428,41.106588],[44.806993,39.639902],[44.014863,39.374084],[44.766135,37.14192],[36.639861,36.828089],[36.138497,35.819779],[36.020274,36.926337],[32.803722,36.027167],[27.404307,36.665229],[28.329356,37.03677],[27.263194,36.963365],[26.233084,38.28026],[27.164236,38.446601],[26.937673,39.574774],[26.069998,39.496283],[33.324474,42.019029],[43.440428,41.106588]]],[[[28.016775,41.972561],[28.992361,41.008205],[26.157481,40.055325],[26.334185,41.789543],[28.016775,41.972561]]],[[[26.060557,39.837592],[26.059093,39.786078],[25.986013,39.842231],[26.060557,39.837592]]],[[[26.012218,40.166571],[25.663259,40.126166],[25.957856,40.22309],[26.012218,40.166571]]],[[[27.657563,40.653144],[27.624522,40.583075],[27.526378,40.639106],[27.657563,40.653144]]],[[[27.645193,40.459866],[27.631521,40.453762],[27.599132,40.496527],[27.645193,40.459866]]]]}},{"type":"Feature","properties":{"name":"Spain","ISO3166-1-Alpha-3":"ESP","ISO3166-1-Alpha-2":"ES"},"geometry":{"type":"MultiPolygon","coordinates":[[[[-5.340728,35.847357],[-5.398859,35.924504],[-5.327382,35.904242],[-5.340728,35.847357]]],[[[-2.947825,35.329779],[-2.913197,35.277248],[-2.943046,35.267874],[-2.947825,35.329779]]],[[[-1.794075,43.386015],[3.232188,41.946031],[0.714203,40.815212],[-0.323354,39.516221],[0.234548,38.742255],[-2.126698,36.736396],[-5.611765,36.006456],[-7.414418,37.192816],[-7.557286,39.679801],[-6.205947,41.57028],[-8.881256,41.893297],[-9.2176,43.155341],[-1.794075,43.386015]]],[[[1.983372,42.441261],[1.945648,42.463817],[1.988436,42.458185],[1.983372,42.441261]]],[[[-17.933949,27.852037],[-17.945139,27.710761],[-18.126943,27.700263],[-17.933949,27.852037]]],[[[-15.391591,28.030219],[-15.588246,27.738918],[-15.702138,28.115058],[-15.391591,28.030219]]],[[[-17.309673,28.207117],[-17.09842,28.100764],[-17.232706,28.019106],[-17.309673,28.207117]]],[[[-16.427695,28.14967],[-16.861195,28.281887],[-16.381215,28.534247],[-16.427695,28.14967]]],[[[-13.972646,28.735907],[-13.900217,28.311103],[-14.455556,28.099107],[-13.972646,28.735907]]],[[[-17.755767,28.818508],[-17.803298,28.509456],[-17.971414,28.712563],[-17.755767,28.818508]]],[[[-13.482981,29.239936],[-13.589955,28.951361],[-13.842926,28.921536],[-13.482981,29.239936]]],[[[-13.486684,29.284613],[-13.517079,29.226264],[-13.525746,29.251207],[-13.486684,29.284613]]],[[[-0.732737,37.747748],[-0.746897,37.683783],[-0.748199,37.773179],[-0.732737,37.747748]]],[[[1.526383,38.677768],[1.412792,38.646446],[1.388612,38.719115],[1.526383,38.677768]]],[[[1.605968,39.091295],[1.36085,38.851915],[1.300955,38.96776],[1.605968,39.091295]]],[[[3.354503,39.784369],[2.751231,39.454779],[2.710623,39.818549],[3.354503,39.784369]]],[[[4.302908,39.925523],[3.822032,39.995144],[4.148529,40.027818],[4.302908,39.925523]]],[[[2.985367,39.166176],[2.962154,39.116062],[2.913614,39.151963],[2.985367,39.166176]]],[[[-4.300045,35.172724],[-4.2969,35.172249],[-4.300935,35.172071],[-4.300045,35.172724]]],[[[-3.902962,35.21531],[-3.902329,35.215905],[-3.902533,35.214787],[-3.902962,35.21531]]],[[[-3.900732,35.217827],[-3.899818,35.217285],[-3.901003,35.217217],[-3.900732,35.217827]]],[[[-2.434243,35.18523],[-2.429394,35.186038],[-2.431414,35.178766],[-2.434243,35.18523]]],[[[-5.418774,35.915597],[-5.41597,35.913531],[-5.42025,35.911612],[-5.418774,35.915597]]]]}},{"type":"Feature","properties":{"name":"Laos","ISO3166-1-Alpha-3":"LAO","ISO3166-1-Alpha-2":"LA"},"geometry":{"type":"Polygon","coordinates":[[[102.118655,22.397549],[104.615195,20.646493],[103.84842,19.299908],[107.435643,16.068839],[107.414921,14.543429],[105.256913,14.182443],[105.640921,15.68199],[103.975441,18.330665],[100.886017,17.57376],[101.254884,19.547154],[100.099812,20.362221],[102.118655,22.397549]]]}},{"type":"Feature","properties":{"name":"Kyrgyzstan","ISO3166-1-Alpha-3":"KGZ","ISO3166-1-Alpha-2":"KG"},"geometry":{"type":"Polygon","coordinates":[[[80.210328,42.189519],[73.820744,39.468186],[69.226296,39.751011],[73.148641,40.813686],[70.166549,41.520206],[71.404613,42.794883],[80.210328,42.189519]],[[71.78552,39.989705],[71.681753,39.955082],[71.71617,39.906764],[71.78552,39.989705]],[[71.176926,40.042001],[70.98314,40.021383],[71.113674,39.874466],[71.176926,40.042001]],[[70.498725,39.881908],[70.547301,39.807649],[70.70481,39.822067],[70.498725,39.881908]]]}},{"type":"Feature","properties":{"name":"Armenia","ISO3166-1-Alpha-3":"ARM","ISO3166-1-Alpha-2":"AM"},"geometry":{"type":"MultiPolygon","coordinates":[[[[45.0024,41.290452],[46.514039,38.882176],[43.665427,40.110163],[43.440428,41.106588],[45.0024,41.290452]],[[44.979456,41.082041],[44.960697,41.059924],[45.015732,41.023234],[44.979456,41.082041]],[[45.209932,40.967991],[45.191846,40.997809],[45.18027,40.996413],[45.209932,40.967991]]],[[[45.513687,40.601967],[45.473379,40.640311],[45.520198,40.660413],[45.513687,40.601967]]]]}},{"type":"Feature","properties":{"name":"Denmark","ISO3166-1-Alpha-3":"DNK","ISO3166-1-Alpha-2":"DK"},"geometry":{"type":"MultiPolygon","coordinates":[[[[8.660776,54.896311],[8.178722,56.672065],[9.915782,57.05858],[8.247895,56.812445],[10.648936,57.737006],[9.805919,56.640204],[10.911632,56.334052],[8.660776,54.896311]]],[[[11.845225,54.73192],[11.005707,54.803656],[11.573578,54.839342],[11.845225,54.73192]]],[[[10.450206,54.899807],[10.383474,54.830756],[10.379405,54.893052],[10.450206,54.899807]]],[[[12.417166,55.030219],[12.115001,54.91352],[12.232188,54.975531],[12.417166,55.030219]]],[[[10.011404,54.975531],[9.87794,54.911322],[9.799083,55.016547],[10.011404,54.975531]]],[[[10.854991,55.04385],[10.681895,54.744818],[10.698904,54.881171],[10.854991,55.04385]]],[[[15.151378,55.133205],[15.086686,54.999213],[14.745128,55.281562],[15.151378,55.133205]]],[[[8.47641,55.345445],[8.364268,55.449042],[8.46339,55.427436],[8.47641,55.345445]]],[[[10.66627,55.064276],[9.829845,55.352281],[10.604747,55.489447],[10.66627,55.064276]]],[[[12.615733,55.688137],[12.577973,55.554023],[12.556814,55.646959],[12.615733,55.688137]]],[[[10.559418,55.866278],[10.56422,55.953843],[10.669281,55.880032],[10.559418,55.866278]]],[[[12.040375,54.893012],[10.875499,55.742743],[12.621918,56.043769],[12.040375,54.893012]]],[[[11.512218,56.695461],[11.649425,56.722154],[11.604259,56.701158],[11.512218,56.695461]]],[[[8.825857,56.743842],[8.643809,56.825873],[8.920421,56.930487],[8.825857,56.743842]]],[[[11.142345,57.332343],[11.082693,57.283881],[10.888799,57.245344],[11.142345,57.332343]]]]}},{"type":"Feature","properties":{"name":"Libya","ISO3166-1-Alpha-3":"LBY","ISO3166-1-Alpha-2":"LY"},"geometry":{"type":"Polygon","coordinates":[[[11.505112,33.181225],[19.056814,30.266181],[21.62322,32.936754],[25.017914,31.949042],[24.976801,19.995964],[23.981306,19.496124],[15.985101,23.44472],[14.216217,22.616295],[10.260335,24.576641],[9.286544,30.117129],[11.505112,33.181225]]]}},{"type":"Feature","properties":{"name":"Tunisia","ISO3166-1-Alpha-3":"TUN","ISO3166-1-Alpha-2":"TN"},"geometry":{"type":"MultiPolygon","coordinates":[[[[11.505112,33.181225],[9.519708,30.228905],[7.484897,33.855015],[8.60251,36.939511],[11.051036,37.080308],[11.15916,35.218757],[10.005219,34.17064],[11.505112,33.181225]]],[[[10.991466,33.841702],[10.941091,33.728217],[10.781922,33.703696],[10.991466,33.841702]]],[[[10.964122,34.656684],[11.101329,34.670966],[11.055708,34.620962],[10.964122,34.656684]]],[[[11.265798,34.773383],[11.152687,34.706877],[11.217502,34.781615],[11.265798,34.773383]]]]}},{"type":"Feature","properties":{"name":"Romania","ISO3166-1-Alpha-3":"ROU","ISO3166-1-Alpha-2":"RO"},"geometry":{"type":"Polygon","coordinates":[[[22.877601,47.946739],[26.938128,48.204811],[28.062142,45.593601],[29.617849,44.861477],[28.57838,43.741278],[22.888763,43.839522],[20.242826,46.108091],[22.877601,47.946739]]]}},{"type":"Feature","properties":{"name":"Hungary","ISO3166-1-Alpha-3":"HUN","ISO3166-1-Alpha-2":"HU"},"geometry":{"type":"Polygon","coordinates":[[[22.877601,47.946739],[21.051459,46.236094],[18.404385,45.741809],[16.094035,46.862774],[17.184821,48.020274],[22.877601,47.946739]]]}},{"type":"Feature","properties":{"name":"Slovakia","ISO3166-1-Alpha-3":"SVK","ISO3166-1-Alpha-2":"SK"},"geometry":{"type":"Polygon","coordinates":[[[22.539637,49.0722],[18.692843,47.777963],[16.84448,48.365602],[19.443392,49.60178],[22.539637,49.0722]]]}},{"type":"Feature","properties":{"name":"Poland","ISO3166-1-Alpha-3":"POL","ISO3166-1-Alpha-2":"PL"},"geometry":{"type":"Polygon","coordinates":[[[18.833196,49.510261],[14.810393,50.858447],[14.175289,53.906478],[18.152354,54.838324],[23.449039,54.154938],[24.107706,50.540844],[22.855276,48.994013],[18.833196,49.510261]]]}},{"type":"Feature","properties":{"name":"Ireland","ISO3166-1-Alpha-3":"IRL","ISO3166-1-Alpha-2":"IE"},"geometry":{"type":"MultiPolygon","coordinates":[[[[-7.2471,55.069322],[-8.173837,54.461741],[-6.107289,54.013617],[-6.347035,52.197252],[-10.156077,51.582831],[-8.751169,52.67296],[-9.93635,52.556708],[-8.894846,53.220893],[-10.115102,54.235053],[-7.2471,55.069322]]],[[[-9.662668,53.275458],[-9.710357,53.238593],[-9.710357,53.275458],[-9.662668,53.275458]]],[[[-9.963612,53.953843],[-10.055531,53.913723],[-10.181874,54.010159],[-9.963612,53.953843]]],[[[-8.524892,55.009711],[-8.565826,54.975531],[-8.5454,55.002875],[-8.524892,55.009711]]],[[[-9.816965,51.638861],[-9.813547,51.627631],[-9.915517,51.629055],[-9.816965,51.638861]]],[[[-10.312652,51.925523],[-10.361562,51.892035],[-10.412017,51.90412],[-10.312652,51.925523]]],[[[-9.648346,53.101711],[-9.778717,53.123481],[-9.715688,53.138251],[-9.648346,53.101711]]]]}},{"type":"Feature","properties":{"name":"United Kingdom","ISO3166-1-Alpha-3":"GBR","ISO3166-1-Alpha-2":"GB"},"geometry":{"type":"MultiPolygon","coordinates":[[[[-7.2471,55.069322],[-5.433827,54.461005],[-8.173837,54.461741],[-7.2471,55.069322]]],[[[-2.665354,51.617255],[-5.310943,51.864],[-2.699778,53.351793],[-3.02184,54.975531],[-5.157135,54.879096],[-4.755523,56.206529],[-5.782867,55.313544],[-4.995595,56.715969],[-6.234486,56.728583],[-4.988189,58.628323],[-3.019114,58.640326],[-4.248931,57.497463],[-1.829457,57.613471],[-3.837473,56.106431],[-2.13801,55.914618],[0.010265,52.886461],[1.747244,52.62519],[0.384532,51.453111],[0.979828,50.918158],[-5.705149,50.052314],[-2.665354,51.617255]]],[[[-1.082753,50.713324],[-1.168446,50.603461],[-1.425364,50.72012],[-1.082753,50.713324]]],[[[-0.959869,50.808254],[-0.938832,50.788398],[-0.972564,50.829779],[-0.959869,50.808254]]],[[[0.911469,51.412177],[0.79477,51.370551],[0.746837,51.439643],[0.911469,51.412177]]],[[[-4.57726,53.27204],[-4.602406,53.253079],[-4.667307,53.32392],[-4.57726,53.27204]]],[[[-4.098134,53.309638],[-4.411977,53.155585],[-4.425364,53.426703],[-4.098134,53.309638]]],[[[-6.236399,55.311347],[-6.194814,55.262926],[-6.235829,55.296698],[-6.236399,55.311347]]],[[[-5.07079,55.509345],[-5.359364,55.530463],[-5.297353,55.722846],[-5.07079,55.509345]]],[[[-5.029775,55.749498],[-5.139638,55.841986],[-5.080922,55.879584],[-5.029775,55.749498]]],[[[-6.030385,55.729071],[-6.295522,55.751899],[-6.325917,55.880357],[-6.030385,55.729071]]],[[[-6.205719,56.102729],[-6.164947,56.120795],[-6.221669,56.030829],[-6.205719,56.102729]]],[[[-5.797597,56.112616],[-5.89684,55.888902],[-6.043121,55.927965],[-5.797597,56.112616]]],[[[-5.688303,56.202053],[-5.673655,56.178941],[-5.749135,56.161078],[-5.688303,56.202053]]],[[[-5.633127,56.263495],[-5.61262,56.263495],[-5.637441,56.189276],[-5.633127,56.263495]]],[[[-5.633127,56.318752],[-5.584625,56.325588],[-5.598988,56.283922],[-5.633127,56.318752]]],[[[-5.557973,56.414293],[-5.502756,56.421129],[-5.557973,56.386461],[-5.557973,56.414293]]],[[[-6.160024,56.46955],[-6.263661,56.483222],[-6.229604,56.503323],[-6.160024,56.46955]]],[[[-6.818593,56.537828],[-6.82551,56.487291],[-6.973988,56.471503],[-6.818593,56.537828]]],[[[-5.688303,56.434801],[-6.360178,56.303616],[-6.194936,56.523342],[-5.688303,56.434801]]],[[[-6.459218,56.678127],[-6.616322,56.575181],[-6.674469,56.588446],[-6.459218,56.678127]]],[[[-7.393951,57.010199],[-7.445302,56.947089],[-7.475697,57.023017],[-7.393951,57.010199]]],[[[-6.325185,57.05858],[-6.256744,56.973782],[-6.390289,56.97663],[-6.325185,57.05858]]],[[[-6.606353,57.051744],[-6.537465,57.072821],[-6.489654,57.05858],[-6.606353,57.051744]]],[[[-5.958608,57.284491],[-6.007802,57.303616],[-5.955719,57.321601],[-5.958608,57.284491]]],[[[-7.243764,57.325507],[-7.248402,57.129462],[-7.26358,57.373928],[-7.243764,57.325507]]],[[[-7.26358,57.4831],[-7.222035,57.460924],[-7.407623,57.445624],[-7.26358,57.4831]]],[[[-6.064443,57.346584],[-6.025868,57.496243],[-6.017649,57.418199],[-6.064443,57.346584]]],[[[-5.968251,57.51789],[-5.975697,57.558824],[-5.975697,57.572333],[-5.968251,57.51789]]],[[[-7.129384,57.652899],[-7.252065,57.569281],[-7.483266,57.571479],[-7.129384,57.652899]]],[[[-6.564117,57.346584],[-6.310902,57.702826],[-5.900868,57.175523],[-6.564117,57.346584]]],[[[-7.222646,57.709662],[-7.161204,57.737006],[-7.170033,57.715155],[-7.222646,57.709662]]],[[[-8.621002,57.833197],[-8.569081,57.823676],[-8.568959,57.807563],[-8.621002,57.833197]]],[[[-7.044586,57.902086],[-7.079335,57.880316],[-7.03775,57.916327],[-7.044586,57.902086]]],[[[-6.87328,58.216783],[-6.882314,58.236274],[-6.818593,58.23725],[-6.87328,58.216783]]],[[[-6.955149,57.743842],[-6.798451,58.202379],[-6.420644,58.105658],[-6.955149,57.743842]]],[[[-2.952952,58.839993],[-2.92634,58.77912],[-3.015696,58.812649],[-2.952952,58.839993]]],[[[-3.248402,58.792182],[-3.379872,58.85928],[-3.337148,58.928697],[-3.248402,58.792182]]],[[[-2.727651,58.970893],[-3.245839,59.030504],[-2.999013,59.06151],[-2.727651,58.970893]]],[[[-2.541982,59.120551],[-2.686106,59.089179],[-2.617787,59.148424],[-2.541982,59.120551]]],[[[-3.004791,59.127997],[-3.049184,59.196845],[-2.967885,59.187445],[-3.004791,59.127997]]],[[[-2.830068,59.196845],[-2.761098,59.252102],[-2.761098,59.177314],[-2.830068,59.196845]]],[[[-2.446401,59.293036],[-2.588612,59.238674],[-2.59557,59.264838],[-2.446401,59.293036]]],[[[-3.049184,59.31977],[-2.960357,59.326565],[-2.878407,59.251939],[-3.049184,59.31977]]],[[[-1.651275,59.528957],[-1.582387,59.555121],[-1.610422,59.539496],[-1.651275,59.528957]]],[[[-0.784576,60.615139],[-0.870473,60.587836],[-0.938832,60.62873],[-0.784576,60.615139]]],[[[-1.097035,60.41649],[-1.26773,60.142157],[-1.480092,60.485419],[-1.097035,60.41649]]],[[[-0.987172,60.697699],[-1.022532,60.55565],[-1.114491,60.612454],[-0.987172,60.697699]]],[[[-0.904693,60.684027],[-0.870107,60.845201],[-0.768544,60.800971],[-0.904693,60.684027]]],[[[-6.298818,49.935492],[-6.284169,49.922756],[-6.297271,49.909613],[-6.298818,49.935492]]],[[[-6.333648,49.959703],[-6.332509,49.941718],[-6.348948,49.964342],[-6.333648,49.959703]]],[[[-4.665435,51.18358],[-4.670481,51.160102],[-4.676422,51.193101],[-4.665435,51.18358]]],[[[-13.690419,57.596259],[-13.691314,57.597154],[-13.687652,57.597154],[-13.690419,57.596259]]],[[[-1.315094,60.093736],[-1.333119,60.073676],[-1.338002,60.093451],[-1.315094,60.093736]]],[[[-2.053212,60.155504],[-2.062978,60.117987],[-2.110341,60.145331],[-2.053212,60.155504]]],[[[-1.062856,60.164049],[-1.083892,60.10517],[-1.097524,60.175727],[-1.062856,60.164049]]],[[[-0.918772,60.386176],[-0.975982,60.340318],[-1.006418,60.368964],[-0.918772,60.386176]]]]}},{"type":"Feature","properties":{"name":"Greece","ISO3166-1-Alpha-3":"GRC","ISO3166-1-Alpha-2":"GR"},"geometry":{"type":"MultiPolygon","coordinates":[[[[20.965262,40.849394],[26.636389,41.399593],[23.7317,40.751858],[23.991222,39.953599],[22.579112,40.468207],[23.343761,39.179633],[22.525076,38.85814],[24.080577,38.166002],[22.72641,37.566352],[23.196056,36.432522],[21.106212,37.878079],[23.223399,38.159247],[21.15561,38.3039],[19.999848,39.693508],[20.965262,40.849394]]],[[[24.128429,34.855292],[24.135265,34.815009],[24.066905,34.858466],[24.128429,34.855292]]],[[[26.976085,35.431342],[26.958751,35.390326],[26.851899,35.376695],[26.976085,35.431342]]],[[[26.321137,35.315253],[23.584483,35.254299],[24.428071,35.369696],[26.321137,35.315253]]],[[[27.211925,35.520697],[27.119802,35.493109],[27.226899,35.827094],[27.211925,35.520697]]],[[[23.278005,35.897447],[23.333263,35.829169],[23.280935,35.882473],[23.278005,35.897447]]],[[[23.011729,36.308295],[23.014415,36.148342],[22.924001,36.184394],[23.011729,36.308295]]],[[[25.735606,36.38345],[25.855154,36.363593],[25.776866,36.353827],[25.735606,36.38345]]],[[[28.239757,36.432522],[28.083751,36.081936],[27.690929,36.149482],[28.239757,36.432522]]],[[[25.382091,36.479641],[25.426443,36.337958],[25.430024,36.417141],[25.382091,36.479641]]],[[[27.396821,36.438666],[27.404307,36.38345],[27.309337,36.420152],[27.396821,36.438666]]],[[[26.362153,36.637885],[26.347667,36.528022],[26.328461,36.575263],[26.362153,36.637885]]],[[[27.869884,36.589504],[27.805919,36.560126],[27.822276,36.623765],[27.869884,36.589504]]],[[[24.868175,36.665229],[24.937999,36.597724],[24.863455,36.63817],[24.868175,36.665229]]],[[[25.146251,36.719875],[25.182465,36.7119],[25.067393,36.637885],[25.146251,36.719875]]],[[[21.764171,36.753974],[21.777843,36.699368],[21.764171,36.719875],[21.764171,36.753974]]],[[[24.474376,36.747138],[24.331309,36.702135],[24.426524,36.699368],[24.474376,36.747138]]],[[[24.642263,36.788764],[24.667735,36.763983],[24.608165,36.781317],[24.642263,36.788764]]],[[[25.27296,36.719875],[25.26238,36.749701],[25.399425,36.727973],[25.27296,36.719875]]],[[[21.695811,36.740383],[21.718435,36.796576],[21.720388,36.783515],[21.695811,36.740383]]],[[[24.608165,36.835924],[24.529552,36.803656],[24.573985,36.84276],[24.608165,36.835924]]],[[[25.423106,36.832506],[25.470958,36.870673],[25.478526,36.860012],[25.423106,36.832506]]],[[[27.280935,36.907904],[26.992035,36.753607],[26.937673,36.76081],[27.280935,36.907904]]],[[[25.608653,36.883734],[25.637462,36.903225],[25.684418,36.891181],[25.608653,36.883734]]],[[[26.00587,36.93891],[25.921397,36.841051],[25.863129,36.835924],[26.00587,36.93891]]],[[[25.081065,36.952623],[25.02589,37.00788],[25.087901,37.041978],[25.081065,36.952623]]],[[[24.704356,37.035142],[24.695811,36.923245],[24.644054,37.035631],[24.704356,37.035142]]],[[[26.911632,36.945787],[26.896007,37.068915],[27.036306,36.96015],[26.911632,36.945787]]],[[[25.807384,37.10342],[25.780528,37.123969],[25.82838,37.123969],[25.807384,37.10342]]],[[[25.279796,37.048814],[25.103038,37.024319],[25.270274,37.141547],[25.279796,37.048814]]],[[[25.526134,37.196234],[25.461111,36.924506],[25.381033,37.033149],[25.526134,37.196234]]],[[[24.443696,37.178534],[24.518891,37.132066],[24.462087,37.13349],[24.443696,37.178534]]],[[[23.128429,37.288398],[23.164724,37.253811],[23.109141,37.264146],[23.128429,37.288398]]],[[[23.587169,37.370917],[23.5088,37.329901],[23.374278,37.30268],[23.587169,37.370917]]],[[[24.367931,37.411933],[24.469412,37.427476],[24.37672,37.344957],[24.367931,37.411933]]],[[[25.395193,37.418158],[25.326427,37.462877],[25.426768,37.487006],[25.395193,37.418158]]],[[[24.94337,37.435492],[24.884613,37.385932],[24.898123,37.448676],[24.94337,37.435492]]],[[[23.477306,37.555894],[23.492035,37.53913],[23.481212,37.509589],[23.477306,37.555894]]],[[[25.091319,37.582587],[25.067393,37.665188],[25.245616,37.624213],[25.091319,37.582587]]],[[[24.374766,37.686265],[24.279959,37.595771],[24.320649,37.672593],[24.374766,37.686265]]],[[[26.362153,37.686265],[26.057872,37.519232],[26.042003,37.617011],[26.362153,37.686265]]],[[[23.546153,37.7744],[23.525645,37.69245],[23.469005,37.705024],[23.546153,37.7744]]],[[[27.047537,37.72724],[26.716482,37.711371],[26.771821,37.814114],[27.047537,37.72724]]],[[[20.901378,37.792426],[20.853038,37.672593],[20.627696,37.857611],[20.901378,37.792426]]],[[[24.99171,37.768215],[24.753917,37.87641],[24.820811,37.970364],[24.99171,37.768215]]],[[[23.408376,37.898586],[23.457367,37.973619],[23.532725,37.975084],[23.408376,37.898586]]],[[[20.733572,38.062405],[20.345388,38.182115],[20.542979,38.450019],[20.733572,38.062405]]],[[[20.715831,38.392035],[20.680431,38.356391],[20.668142,38.470649],[20.715831,38.392035]]],[[[20.941091,38.604234],[20.909353,38.562934],[20.893891,38.549018],[20.941091,38.604234]]],[[[26.163585,38.542792],[25.92449,38.203111],[25.959809,38.402737],[26.163585,38.542792]]],[[[25.588878,38.611721],[25.571544,38.541246],[25.526134,38.604234],[25.588878,38.611721]]],[[[20.58546,38.617906],[20.721934,38.807359],[20.702159,38.638414],[20.58546,38.617906]]],[[[24.676524,38.80976],[24.569998,38.778144],[24.434825,38.888129],[24.676524,38.80976]]],[[[24.587657,38.159247],[23.858084,38.40351],[23.199718,39.008979],[24.587657,38.159247]]],[[[23.43629,39.146145],[23.423513,39.172431],[23.503754,39.194281],[23.43629,39.146145]]],[[[23.669688,39.11815],[23.609141,39.208075],[23.792654,39.11815],[23.669688,39.11815]]],[[[20.140391,39.241685],[20.190115,39.202623],[20.158702,39.189154],[20.140391,39.241685]]],[[[23.936534,39.221259],[23.861013,39.169176],[23.955089,39.282172],[23.936534,39.221259]]],[[[26.612315,39.049262],[26.109223,39.092678],[25.858653,39.259223],[26.612315,39.049262]]],[[[25.012218,39.56387],[24.99171,39.466986],[24.997895,39.550198],[25.012218,39.56387]]],[[[20.092052,39.433539],[19.809825,39.589057],[19.941173,39.782945],[20.092052,39.433539]]],[[[25.44988,40.0362],[25.23878,39.858059],[25.061778,39.859931],[25.44988,40.0362]]],[[[25.690684,40.447699],[25.532563,40.415025],[25.546641,40.515326],[25.690684,40.447699]]],[[[24.786388,40.735053],[24.726817,40.603176],[24.530772,40.630927],[24.786388,40.735053]]],[[[23.884288,36.843573],[23.889008,36.834296],[23.876964,36.836493],[23.884288,36.843573]]],[[[23.459646,36.921373],[23.463878,36.903998],[23.452485,36.916449],[23.459646,36.921373]]],[[[27.565684,36.24494],[27.610118,36.216498],[27.531505,36.211737],[27.565684,36.24494]]],[[[27.185802,36.615668],[27.198009,36.568305],[27.129731,36.569525],[27.185802,36.615668]]],[[[26.871837,37.134101],[26.843028,37.125149],[26.800304,37.199286],[26.871837,37.134101]]],[[[26.598806,37.355414],[26.558442,37.329739],[26.533865,37.325141],[26.598806,37.355414]]],[[[24.739431,37.613837],[24.672374,37.600491],[24.703868,37.624701],[24.739431,37.613837]]],[[[20.94516,38.652493],[20.914561,38.612616],[20.870616,38.582506],[20.94516,38.652493]]],[[[20.800955,38.665269],[20.773285,38.618476],[20.74643,38.663479],[20.800955,38.665269]]],[[[24.081309,39.352362],[24.053722,39.305243],[24.044932,39.341498],[24.081309,39.352362]]]]}},{"type":"Feature","properties":{"name":"Zambia","ISO3166-1-Alpha-3":"ZMB","ISO3166-1-Alpha-2":"ZM"},"geometry":{"type":"Polygon","coordinates":[[[32.920863,-9.4079],[33.202707,-14.013872],[30.214465,-14.981462],[26.700003,-18.069232],[22.108138,-16.54395],[21.979878,-13.001479],[24.000633,-13.001479],[23.967457,-10.872307],[29.767154,-13.458351],[29.799297,-12.154089],[28.355664,-11.518159],[28.889172,-8.483099],[32.920863,-9.4079]]]}},{"type":"Feature","properties":{"name":"Sierra Leone","ISO3166-1-Alpha-3":"SLE","ISO3166-1-Alpha-2":"SL"},"geometry":{"type":"MultiPolygon","coordinates":[[[[-10.282236,8.484625],[-11.476186,6.91942],[-13.301096,9.04149],[-11.247293,9.993396],[-10.282236,8.484625]]],[[[-12.492991,7.56802],[-12.574859,7.410346],[-12.898061,7.610745],[-12.492991,7.56802]]]]}},{"type":"Feature","properties":{"name":"Guinea","ISO3166-1-Alpha-3":"GIN","ISO3166-1-Alpha-2":"GN"},"geometry":{"type":"Polygon","coordinates":[[[-13.301096,9.04149],[-15.079457,10.85871],[-13.728279,12.673388],[-9.265864,12.495207],[-7.662447,8.374865],[-9.125407,7.190208],[-11.199596,9.982157],[-13.301096,9.04149]]]}},{"type":"Feature","properties":{"name":"Liberia","ISO3166-1-Alpha-3":"LBR","ISO3166-1-Alpha-2":"LR"},"geometry":{"type":"Polygon","coordinates":[[[-11.476186,6.91942],[-9.773585,8.563018],[-7.446543,5.845949],[-7.540666,4.352845],[-11.476186,6.91942]]]}},{"type":"Feature","properties":{"name":"Central African Republic","ISO3166-1-Alpha-3":"CAF","ISO3166-1-Alpha-2":"CF"},"geometry":{"type":"Polygon","coordinates":[[[22.861064,10.919154],[23.505262,8.710736],[27.441301,5.070725],[22.303269,4.128716],[19.408975,5.130386],[18.626387,3.476869],[16.639428,3.528597],[16.179715,2.246996],[14.519868,5.290583],[15.223908,7.247517],[18.589283,8.047882],[22.861064,10.919154]]]}},{"type":"Feature","properties":{"name":"Sudan","ISO3166-1-Alpha-3":"SDN","ISO3166-1-Alpha-2":"SD"},"geometry":{"type":"MultiPolygon","coordinates":[[[[22.861064,10.919154],[21.809449,12.793665],[22.906746,15.541404],[23.984406,15.72116],[24.981245,21.995351],[36.883637,21.995714],[37.434337,18.861721],[38.603852,18.013861],[36.973484,17.062526],[36.123614,12.721447],[34.070698,9.454592],[33.209218,12.210367],[32.082207,11.999811],[31.164382,9.764005],[26.625744,9.480663],[25.82848,10.419546],[24.114011,8.681642],[22.861064,10.919154]]],[[[37.26531,20.855048],[37.283539,20.83275],[37.254405,20.749823],[37.26531,20.855048]]]]}},{"type":"Feature","properties":{"name":"Djibouti","ISO3166-1-Alpha-3":"DJI","ISO3166-1-Alpha-2":"DJ"},"geometry":{"type":"Polygon","coordinates":[[[43.240733,11.48786],[41.761306,10.996203],[42.430929,12.520322],[43.240733,11.48786]]]}},{"type":"Feature","properties":{"name":"Eritrea","ISO3166-1-Alpha-3":"ERI","ISO3166-1-Alpha-2":"ER"},"geometry":{"type":"MultiPolygon","coordinates":[[[[43.117686,12.707913],[40.104559,14.465966],[36.52638,14.263523],[36.973484,17.062526],[38.601573,18.004828],[39.715587,15.094062],[43.117686,12.707913]]],[[[40.386404,15.641262],[39.971446,15.661119],[40.105642,15.828681],[40.386404,15.641262]]],[[[40.095388,16.047349],[40.067393,15.990465],[40.041759,16.08161],[40.095388,16.047349]]]]}},{"type":"Feature","properties":{"name":"Austria","ISO3166-1-Alpha-3":"AUT","ISO3166-1-Alpha-2":"AT"},"geometry":{"type":"Polygon","coordinates":[[[16.945043,48.604166],[16.486363,46.998554],[14.540332,46.378643],[9.521155,47.262801],[13.001873,47.466019],[14.982062,49.007914],[16.945043,48.604166]]]}},{"type":"Feature","properties":{"name":"Iraq","ISO3166-1-Alpha-3":"IRQ","ISO3166-1-Alpha-2":"IQ"},"geometry":{"type":"Polygon","coordinates":[[[44.766135,37.14192],[46.327074,35.8035],[45.380361,33.97356],[48.559255,29.946601],[46.532436,29.095745],[39.146375,32.118144],[38.774511,33.371685],[40.965282,34.401855],[41.276994,36.354785],[42.715666,37.355292],[44.766135,37.14192]]]}},{"type":"Feature","properties":{"name":"Italy","ISO3166-1-Alpha-3":"ITA","ISO3166-1-Alpha-2":"IT"},"geometry":{"type":"MultiPolygon","coordinates":[[[[7.022083,45.92526],[13.700951,46.519746],[13.847764,45.584661],[12.15447,45.313463],[12.368826,44.250678],[18.389171,39.817084],[16.976085,40.492621],[17.172374,38.960517],[15.684418,37.953518],[15.624278,40.077786],[11.106619,42.391262],[10.090587,44.025377],[7.502289,43.792222],[7.022083,45.92526]],[[12.42945,43.892056],[12.48216,43.927919],[12.453325,43.979053],[12.42945,43.892056]],[[12.453137,41.902752],[12.453983,41.903862],[12.452767,41.903439],[12.453137,41.902752]]],[[[11.999522,36.835924],[11.937348,36.788764],[11.951345,36.84276],[11.999522,36.835924]]],[[[12.273204,37.939521],[12.3213,37.940497],[12.342133,37.913235],[12.273204,37.939521]]],[[[15.528656,38.302639],[15.093923,36.654934],[12.427013,37.797024],[15.528656,38.302639]]],[[[14.966319,38.432929],[15.00172,38.391262],[14.963552,38.381659],[14.966319,38.432929]]],[[[14.907725,38.473944],[14.966075,38.516262],[14.957856,38.46955],[14.907725,38.473944]]],[[[14.863292,38.549018],[14.793793,38.571601],[14.866954,38.581122],[14.863292,38.549018]]],[[[8.455903,39.073554],[8.46339,39.042467],[8.364919,39.029486],[8.455903,39.073554]]],[[[8.305837,39.193305],[8.29005,39.098822],[8.232677,39.14411],[8.305837,39.193305]]],[[[13.944672,40.701606],[13.859711,40.70775],[13.883149,40.762397],[13.944672,40.701606]]],[[[8.27475,41.057278],[8.228852,41.041734],[8.307953,41.113837],[8.27475,41.057278]]],[[[9.792247,40.556952],[8.640961,38.864325],[8.193044,40.963772],[9.792247,40.556952]]],[[[10.895844,42.386705],[10.939764,42.33066],[10.861827,42.366278],[10.895844,42.386705]]],[[[10.44337,42.845445],[10.325043,42.764838],[10.264334,42.810452],[10.44337,42.845445]]],[[[9.840099,43.065172],[9.847504,43.05858],[9.801498,43.007805],[9.840099,43.065172]]],[[[12.352061,45.405463],[12.407481,45.43065],[12.376231,45.422553],[12.352061,45.405463]]],[[[12.859874,35.872219],[12.87672,35.855862],[12.850922,35.855902],[12.859874,35.872219]]],[[[14.346446,38.535142],[14.342784,38.547268],[14.357188,38.551215],[14.346446,38.535142]]],[[[14.57602,38.576646],[14.58546,38.55744],[14.543712,38.57453],[14.57602,38.576646]]],[[[13.169281,38.717271],[13.197439,38.708319],[13.153494,38.69477],[13.169281,38.717271]]],[[[15.227794,38.810289],[15.229666,38.783026],[15.187022,38.792711],[15.227794,38.810289]]],[[[13.418956,40.7956],[13.424164,40.800238],[13.426931,40.790839],[13.418956,40.7956]]],[[[12.621755,35.509752],[12.603038,35.4914],[12.533865,35.521633],[12.621755,35.509752]]],[[[12.072276,37.967922],[12.064789,37.950832],[12.030447,37.984361],[12.072276,37.967922]]],[[[9.474783,41.23607],[9.474864,41.179267],[9.437022,41.18594],[9.474783,41.23607]]],[[[9.430919,41.224799],[9.373057,41.229885],[9.40797,41.258124],[9.430919,41.224799]]],[[[10.297048,42.344875],[10.306407,42.351549],[10.313243,42.32392],[10.297048,42.344875]]],[[[10.091645,42.595771],[10.085785,42.572455],[10.062755,42.592027],[10.091645,42.595771]]],[[[12.329845,45.458808],[12.36378,45.449652],[12.33725,45.427395],[12.329845,45.458808]]]]}},{"type":"Feature","properties":{"name":"Switzerland","ISO3166-1-Alpha-3":"CHE","ISO3166-1-Alpha-2":"CH"},"geometry":{"type":"Polygon","coordinates":[[[10.453811,46.864427],[9.002427,45.820718],[5.95884,46.130467],[8.558216,47.801166],[10.453811,46.864427]]]}},{"type":"Feature","properties":{"name":"Iran","ISO3166-1-Alpha-3":"IRN","ISO3166-1-Alpha-2":"IR"},"geometry":{"type":"MultiPolygon","coordinates":[[[[44.806993,39.639902],[46.126052,38.862668],[47.971418,39.704554],[49.132498,37.623358],[51.909028,36.582709],[57.174939,38.277561],[61.165806,36.636318],[60.562949,33.058268],[61.826438,31.014956],[60.844379,29.858179],[63.163772,26.645093],[61.411717,25.059408],[58.07309,25.563625],[56.808849,27.139553],[53.716075,26.708564],[51.399876,27.931713],[50.073416,30.195746],[48.464307,29.989127],[45.380361,33.97356],[46.327074,35.8035],[44.202087,37.897171],[44.806993,39.639902]]],[[[54.526378,26.309638],[54.526378,26.251939],[54.488536,26.288723],[54.526378,26.309638]]],[[[54.036876,26.48843],[53.964854,26.564114],[54.036469,26.52676],[54.036876,26.48843]]],[[[53.317149,26.799994],[53.189789,26.815172],[53.262462,26.833645],[53.317149,26.799994]]],[[[56.322276,26.834418],[56.341156,26.87934],[56.40919,26.86225],[56.322276,26.834418]]],[[[56.212413,27.002997],[55.610362,26.646918],[55.351899,26.647447],[56.212413,27.002997]]],[[[56.472992,27.106024],[56.505138,27.086982],[56.481781,27.046332],[56.472992,27.106024]]],[[[50.305817,29.271275],[50.333018,29.224026],[50.296748,29.237473],[50.305817,29.271275]]],[[[54.54656,25.9265],[54.553233,25.899848],[54.513682,25.902655],[54.54656,25.9265]]],[[[55.894298,26.679429],[55.889659,26.623765],[55.855479,26.64411],[55.894298,26.679429]]],[[[53.639415,26.688788],[53.646251,26.657172],[53.601248,26.679592],[53.639415,26.688788]]],[[[55.048676,25.885769],[55.038259,25.857733],[55.018972,25.865749],[55.048676,25.885769]]]]}},{"type":"Feature","properties":{"name":"Netherlands","ISO3166-1-Alpha-3":"NLD","ISO3166-1-Alpha-2":"NL"},"geometry":{"type":"MultiPolygon","coordinates":[[[[7.194591,53.245022],[5.99491,50.749927],[3.45102,51.529731],[4.745453,52.967597],[7.194591,53.245022]]],[[[3.349415,51.375223],[4.081309,51.36815],[3.781402,51.241421],[3.349415,51.375223]]],[[[-68.211537,12.228095],[-68.227528,12.050727],[-68.391835,12.227769],[-68.211537,12.228095]]],[[[-62.997141,17.525621],[-62.965257,17.498916],[-62.958723,17.464571],[-62.997141,17.525621]]],[[[4.036632,51.685858],[3.88559,51.668362],[3.689464,51.725043],[4.036632,51.685858]]],[[[4.892589,53.111029],[4.761974,52.99433],[4.85434,53.18773],[4.892589,53.111029]]],[[[4.878917,53.220893],[5.104828,53.309638],[5.036469,53.291815],[4.878917,53.220893]]],[[[5.423595,53.430365],[5.479747,53.416205],[5.179861,53.353095],[5.423595,53.430365]]],[[[5.674001,53.467922],[5.855642,53.447414],[5.653575,53.433743],[5.674001,53.467922]]],[[[6.211762,53.508857],[6.325043,53.502021],[6.127126,53.46308],[6.211762,53.508857]]],[[[6.441173,53.556627],[6.505626,53.543769],[6.49643,53.5362],[6.441173,53.556627]]],[[[-63.238433,17.646918],[-63.223704,17.629218],[-63.238393,17.614691],[-63.238433,17.646918]]]]}},{"type":"Feature","properties":{"name":"Liechtenstein","ISO3166-1-Alpha-3":"LIE","ISO3166-1-Alpha-2":"LI"},"geometry":{"type":"Polygon","coordinates":[[[9.521155,47.262801],[9.552057,47.16689],[9.475886,47.073226],[9.521155,47.262801]]]}},{"type":"Feature","properties":{"name":"Ivory Coast","ISO3166-1-Alpha-3":"CIV","ISO3166-1-Alpha-2":"CI"},"geometry":{"type":"MultiPolygon","coordinates":[[[[-7.989663,10.161991],[-6.25597,10.726478],[-2.689211,9.488724],[-2.766622,5.16103],[-7.573771,4.375393],[-7.446543,5.845949],[-8.61872,6.492835],[-7.989663,10.161991]]],[[[-3.115305,5.107815],[-3.253285,5.149604],[-3.184967,5.13227],[-3.115305,5.107815]]]]}},{"type":"Feature","properties":{"name":"Republic of Serbia","ISO3166-1-Alpha-3":"SRB","ISO3166-1-Alpha-2":"RS"},"geometry":{"type":"Polygon","coordinates":[[[20.242826,46.108091],[22.765153,44.58281],[22.423985,42.325893],[19.175914,43.480887],[18.855314,45.857357],[20.242826,46.108091]]]}},{"type":"Feature","properties":{"name":"Mali","ISO3166-1-Alpha-3":"MLI","ISO3166-1-Alpha-2":"ML"},"geometry":{"type":"Polygon","coordinates":[[[-12.26413,14.774939],[-11.524382,15.643465],[-5.510951,15.494197],[-6.593107,24.994134],[-4.821613,24.995065],[4.22861,19.142244],[3.507103,15.353973],[-0.719719,15.078461],[-3.981251,13.49897],[-6.015933,10.18987],[-7.989663,10.161991],[-9.147318,12.465493],[-11.334678,12.026192],[-12.26413,14.774939]]]}},{"type":"Feature","properties":{"name":"Senegal","ISO3166-1-Alpha-3":"SEN","ISO3166-1-Alpha-2":"SN"},"geometry":{"type":"Polygon","coordinates":[[[-12.26413,14.774939],[-11.388422,12.403895],[-16.728437,12.332531],[-15.391591,12.838202],[-16.708407,13.156692],[-13.818713,13.429362],[-16.561399,13.586914],[-17.536041,14.757392],[-14.974301,16.691385],[-12.26413,14.774939]]]}},{"type":"Feature","properties":{"name":"Nigeria","ISO3166-1-Alpha-3":"NGA","ISO3166-1-Alpha-2":"NG"},"geometry":{"type":"MultiPolygon","coordinates":[[[[3.5964,11.695773],[4.125774,13.472977],[5.521761,13.880291],[9.590298,12.80139],[13.607314,13.7041],[14.669936,12.167424],[11.369828,6.455757],[10.142926,7.007687],[8.529796,4.708889],[6.112804,4.272162],[5.290375,5.910102],[2.703841,6.368352],[3.5964,11.695773]]],[[[7.541026,4.484442],[7.499034,4.454495],[7.356212,4.483303],[7.541026,4.484442]]],[[[7.274181,4.491889],[7.307791,4.424506],[7.147716,4.41592],[7.274181,4.491889]]]]}},{"type":"Feature","properties":{"name":"Benin","ISO3166-1-Alpha-3":"BEN","ISO3166-1-Alpha-2":"BJ"},"geometry":{"type":"Polygon","coordinates":[[[3.5964,11.695773],[2.703841,6.368352],[1.61964,6.213894],[0.781275,10.693044],[2.495072,12.283231],[3.5964,11.695773]]]}},{"type":"Feature","properties":{"name":"Angola","ISO3166-1-Alpha-3":"AGO","ISO3166-1-Alpha-2":"AO"},"geometry":{"type":"MultiPolygon","coordinates":[[[[13.073703,-4.635323],[12.147227,-5.617934],[12.018072,-5.0086],[13.073703,-4.635323]]],[[[23.967457,-10.872307],[24.000633,-13.001479],[21.979878,-13.001479],[21.983805,-16.165886],[23.381652,-17.641144],[11.757986,-17.23919],[13.846528,-11.113702],[12.290294,-6.096612],[16.515095,-5.887081],[17.600197,-8.098523],[19.355542,-8.001991],[19.521836,-7.001949],[21.784954,-7.283379],[22.23764,-11.249545],[23.967457,-10.872307]]],[[[11.725759,-16.618422],[11.715794,-16.685006],[11.681244,-16.517436],[11.725759,-16.618422]]]]}},{"type":"Feature","properties":{"name":"Croatia","ISO3166-1-Alpha-3":"HRV","ISO3166-1-Alpha-2":"HR"},"geometry":{"type":"MultiPolygon","coordinates":[[[[16.515302,46.501711],[19.407838,45.203133],[15.792348,45.189801],[17.63451,42.950403],[13.595958,45.145413],[16.515302,46.501711]]],[[[18.437355,42.559212],[17.720958,42.826239],[17.518891,42.908149],[18.437355,42.559212]]],[[[16.858165,42.784003],[16.882172,42.736396],[16.822276,42.755113],[16.858165,42.784003]]],[[[17.658946,42.742987],[17.341563,42.793402],[17.419932,42.790839],[17.658946,42.742987]]],[[[17.131847,42.96955],[16.85141,42.900702],[16.65268,42.992377],[17.131847,42.96955]]],[[[16.241222,43.071967],[16.121349,43.013373],[16.057302,43.070217],[16.241222,43.071967]]],[[[16.693126,43.127265],[16.49643,43.218085],[16.680675,43.19477],[16.693126,43.127265]]],[[[16.500743,43.284247],[16.453461,43.353176],[16.830333,43.346381],[16.500743,43.284247]]],[[[16.391449,43.346381],[16.206391,43.391791],[16.220063,43.415229],[16.391449,43.346381]]],[[[15.678884,43.648017],[15.663097,43.645697],[15.615489,43.676988],[15.678884,43.648017]]],[[[15.261241,43.867092],[15.395681,43.772406],[15.261241,43.839789],[15.261241,43.867092]]],[[[15.302745,43.966376],[15.391612,43.942206],[15.407074,43.896145],[15.302745,43.966376]]],[[[15.254405,44.01789],[15.201427,44.054999],[15.070811,44.137641],[15.254405,44.01789]]],[[[14.842784,44.148261],[14.86378,44.148139],[14.819835,44.153022],[14.842784,44.148261]]],[[[15.144542,43.949652],[15.172374,43.887519],[14.948741,44.111151],[15.144542,43.949652]]],[[[14.876964,44.55976],[14.965994,44.523871],[15.172374,44.305325],[14.876964,44.55976]]],[[[14.445567,44.565985],[14.404063,44.579657],[14.349376,44.655341],[14.445567,44.565985]]],[[[14.740489,44.778266],[14.702322,44.802151],[14.719981,44.854641],[14.740489,44.778266]]],[[[14.513927,44.662177],[14.296235,44.91592],[14.364106,45.15762],[14.513927,44.662177]]],[[[14.723399,44.943345],[14.476329,45.128363],[14.610688,45.198065],[14.723399,44.943345]]],[[[16.310313,43.507758],[16.267345,43.486884],[16.218923,43.497748],[16.310313,43.507758]]],[[[14.759776,44.29206],[14.775401,44.266588],[14.738129,44.272121],[14.759776,44.29206]]],[[[14.613455,44.340806],[14.661388,44.308661],[14.640798,44.311835],[14.613455,44.340806]]],[[[14.797862,44.377672],[14.756196,44.364],[14.782888,44.418931],[14.797862,44.377672]]],[[[14.244151,44.661444],[14.257335,44.656724],[14.271169,44.612535],[14.244151,44.661444]]]]}},{"type":"Feature","properties":{"name":"Slovenia","ISO3166-1-Alpha-3":"SVN","ISO3166-1-Alpha-2":"SI"},"geometry":{"type":"Polygon","coordinates":[[[13.64292,45.45943],[13.700951,46.519746],[16.500832,46.544809],[13.64292,45.45943]]]}},{"type":"Feature","properties":{"name":"Qatar","ISO3166-1-Alpha-3":"QAT","ISO3166-1-Alpha-2":"QA"},"geometry":{"type":"Polygon","coordinates":[[[50.807872,24.746649],[50.897309,25.732571],[51.552908,25.707587],[50.807872,24.746649]]]}},{"type":"Feature","properties":{"name":"Saudi Arabia","ISO3166-1-Alpha-3":"SAU","ISO3166-1-Alpha-2":"SA"},"geometry":{"type":"MultiPolygon","coordinates":[[[[50.807872,24.746649],[52.558476,22.938575],[55.186843,22.703577],[54.97838,19.995421],[49.035849,18.57972],[47.161338,16.947442],[43.412885,17.519965],[42.78948,16.370958],[34.572765,28.112779],[34.949385,29.351686],[37.981381,30.498811],[36.959532,31.490999],[40.37028,31.938465],[44.691825,29.201836],[48.49464,28.500149],[50.807872,24.746649]]],[[[42.186438,16.705528],[41.916863,16.705099],[41.905143,16.747581],[42.186438,16.705528]]],[[[41.918893,16.791155],[41.920909,16.978949],[41.945468,16.923272],[41.918893,16.791155]]],[[[49.56544,27.351752],[49.557465,27.305487],[49.520274,27.344631],[49.56544,27.351752]]],[[[37.026866,25.419623],[37.003591,25.411526],[36.944347,25.448798],[37.026866,25.419623]]],[[[36.942149,25.418362],[36.798676,25.447414],[36.823741,25.459866],[36.942149,25.418362]]],[[[36.849376,25.533026],[36.828949,25.561347],[36.866547,25.557522],[36.849376,25.533026]]],[[[36.790212,25.49787],[36.701345,25.554674],[36.874522,25.463324],[36.790212,25.49787]]],[[[36.900727,25.549302],[36.927745,25.593085],[36.915863,25.56802],[36.900727,25.549302]]],[[[36.683116,25.572333],[36.524425,25.685777],[36.596202,25.600246],[36.683116,25.572333]]],[[[36.544281,25.73135],[36.55836,25.815823],[36.586681,25.719794],[36.544281,25.73135]]]]}},{"type":"Feature","properties":{"name":"Botswana","ISO3166-1-Alpha-3":"BWA","ISO3166-1-Alpha-2":"BW"},"geometry":{"type":"Polygon","coordinates":[[[25.259781,-17.794107],[29.350074,-22.186707],[25.458425,-25.711194],[23.030666,-25.299437],[20.690757,-26.891794],[19.978346,-22.000671],[20.984796,-21.963981],[20.975081,-18.319346],[25.259781,-17.794107]]]}},{"type":"Feature","properties":{"name":"Zimbabwe","ISO3166-1-Alpha-3":"ZWE","ISO3166-1-Alpha-2":"ZW"},"geometry":{"type":"Polygon","coordinates":[[[25.259781,-17.794107],[27.021275,-17.958541],[30.396263,-15.635995],[32.968509,-16.681616],[33.007266,-20.032006],[31.288922,-22.39734],[29.356947,-22.190944],[25.259781,-17.794107]]]}},{"type":"Feature","properties":{"name":"Pakistan","ISO3166-1-Alpha-3":"PAK","ISO3166-1-Alpha-2":"PK"},"geometry":{"type":"MultiPolygon","coordinates":[[[[75.981083,36.445444],[77.013108,34.986393],[73.779817,34.396067],[75.359048,32.261675],[74.658833,31.083789],[71.874403,27.95969],[69.534443,27.125581],[71.073057,24.402103],[67.637706,23.801744],[66.375499,25.625678],[61.729551,25.021783],[63.319628,27.117312],[60.844379,29.858179],[66.195628,29.835338],[66.696993,31.195823],[69.29885,31.93769],[69.872613,34.017227],[71.062618,34.054253],[71.61044,36.457931],[75.981083,36.445444]]],[[[67.375499,24.06273],[67.485362,24.048529],[67.426931,24.007514],[67.375499,24.06273]]]]}},{"type":"Feature","properties":{"name":"Bulgaria","ISO3166-1-Alpha-3":"BGR","ISO3166-1-Alpha-2":"BG"},"geometry":{"type":"Polygon","coordinates":[[[26.333359,41.713036],[22.916978,41.335773],[22.399594,43.993336],[28.57838,43.741278],[28.016775,41.972561],[26.333359,41.713036]]]}},{"type":"Feature","properties":{"name":"Thailand","ISO3166-1-Alpha-3":"THA","ISO3166-1-Alpha-2":"TH"},"geometry":{"type":"MultiPolygon","coordinates":[[[[102.913585,11.645901],[99.962738,13.309882],[99.144786,9.788235],[102.07309,6.257514],[101.122179,5.62989],[98.199474,8.534369],[99.630022,11.815766],[98.160447,15.106366],[98.902521,16.381637],[97.351401,18.551169],[98.024538,19.802978],[100.344345,20.389971],[101.254884,19.547154],[100.901934,17.561927],[103.396768,18.441408],[104.792704,17.423485],[105.507544,14.564048],[102.332234,13.5646],[102.913585,11.645901]]],[[[97.871837,9.379584],[97.837738,9.419338],[97.85727,9.428697],[97.871837,9.379584]]],[[[99.698741,9.542222],[99.703461,9.521308],[99.681488,9.512885],[99.698741,9.542222]]],[[[99.684255,9.620022],[99.678071,9.610419],[99.678233,9.624091],[99.684255,9.620022]]],[[[99.247813,6.574856],[99.217296,6.536933],[99.186046,6.559394],[99.247813,6.574856]]],[[[99.672374,6.516547],[99.623871,6.622707],[99.656993,6.723822],[99.672374,6.516547]]],[[[99.405447,7.266303],[99.440603,7.24022],[99.394298,7.205471],[99.405447,7.266303]]],[[[99.034923,7.644273],[99.117442,7.479193],[99.029063,7.606187],[99.034923,7.644273]]],[[[99.124278,7.657375],[99.108735,7.594184],[99.081879,7.616034],[99.124278,7.657375]]],[[[98.540538,8.104926],[98.567556,7.963365],[98.565929,8.034735],[98.540538,8.104926]]],[[[98.41863,7.903754],[98.281423,7.917426],[98.311534,8.185533],[98.41863,7.903754]]],[[[98.637543,8.171291],[98.570079,8.118883],[98.615896,8.176174],[98.637543,8.171291]]],[[[98.295665,9.145168],[98.309337,9.048977],[98.248383,9.143378],[98.295665,9.145168]]],[[[100.07016,9.586412],[100.029633,9.443549],[99.92628,9.493964],[100.07016,9.586412]]],[[[98.411632,9.768297],[98.416677,9.733466],[98.389659,9.742418],[98.411632,9.768297]]],[[[100.035411,9.7956],[100.054047,9.68773],[99.970714,9.771226],[100.035411,9.7956]]],[[[102.564138,11.707953],[102.598318,11.563381],[102.543712,11.638495],[102.564138,11.707953]]],[[[102.399669,12.043158],[102.349132,11.968899],[102.27003,12.131903],[102.399669,12.043158]]],[[[97.869965,9.425238],[97.895274,9.467353],[97.894786,9.438707],[97.869965,9.425238]]],[[[98.288422,9.004462],[98.293956,8.934638],[98.255707,8.939765],[98.288422,9.004462]]]]}},{"type":"Feature","properties":{"name":"San Marino","ISO3166-1-Alpha-3":"SMR","ISO3166-1-Alpha-2":"SM"},"geometry":{"type":"Polygon","coordinates":[[[12.42945,43.892056],[12.453325,43.979053],[12.48216,43.927919],[12.42945,43.892056]]]}},{"type":"Feature","properties":{"name":"Haiti","ISO3166-1-Alpha-3":"HTI","ISO3166-1-Alpha-2":"HT"},"geometry":{"type":"MultiPolygon","coordinates":[[[[-71.757436,19.71011],[-71.776235,18.039252],[-74.489166,18.429389],[-72.353831,18.530097],[-73.420318,19.82099],[-71.757436,19.71011]]],[[[-73.628896,18.094224],[-73.610829,18.057563],[-73.699941,18.108303],[-73.628896,18.094224]]],[[[-73.796498,18.628648],[-73.73998,18.636868],[-73.73762,18.588202],[-73.796498,18.628648]]],[[[-72.850575,20.088528],[-72.655141,19.9914],[-72.899403,20.030422],[-72.850575,20.088528]]],[[[-73.258656,18.878485],[-73.200795,18.968695],[-72.838206,18.702582],[-73.258656,18.878485]]]]}},{"type":"Feature","properties":{"name":"Dominican Republic","ISO3166-1-Alpha-3":"DOM","ISO3166-1-Alpha-2":"DO"},"geometry":{"type":"MultiPolygon","coordinates":[[[[-71.757436,19.71011],[-68.334055,18.577297],[-71.417226,17.604804],[-71.757436,19.71011]]],[[[-71.524485,17.545559],[-71.532216,17.601304],[-71.492584,17.603664],[-71.524485,17.545559]]],[[[-68.664052,18.169338],[-68.587026,18.11107],[-68.762074,18.145168],[-68.664052,18.169338]]]]}},{"type":"Feature","properties":{"name":"Chad","ISO3166-1-Alpha-3":"TCD","ISO3166-1-Alpha-2":"TD"},"geometry":{"type":"Polygon","coordinates":[[[14.064908,13.077988],[13.449494,14.439042],[15.465547,16.89468],[15.970322,20.336331],[14.979909,22.995664],[15.985101,23.44472],[23.981306,19.496124],[23.984406,15.72116],[22.906746,15.541404],[21.809449,12.793665],[22.922352,11.087076],[20.435166,9.138126],[15.481049,7.523263],[13.947603,9.637759],[15.681244,9.991278],[14.064908,13.077988]]]}},{"type":"Feature","properties":{"name":"Kuwait","ISO3166-1-Alpha-3":"KWT","ISO3166-1-Alpha-2":"KW"},"geometry":{"type":"MultiPolygon","coordinates":[[[[47.948009,29.994045],[48.432781,28.54048],[46.532436,29.095745],[47.948009,29.994045]]],[[[48.338227,29.462795],[48.399464,29.397639],[48.316867,29.427013],[48.338227,29.462795]]],[[[48.352712,29.709784],[48.113292,29.839097],[48.169932,29.936469],[48.352712,29.709784]]],[[[48.078868,30.004055],[48.023692,29.969875],[48.04363,30.019029],[48.078868,30.004055]]]]}},{"type":"Feature","properties":{"name":"El Salvador","ISO3166-1-Alpha-3":"SLV","ISO3166-1-Alpha-2":"SV"},"geometry":{"type":"MultiPolygon","coordinates":[[[[-90.098307,13.731404],[-88.746645,14.052477],[-87.718801,13.473675],[-90.098307,13.731404]]],[[[-87.726293,13.198387],[-87.697565,13.193314],[-87.714585,13.167903],[-87.726293,13.198387]]],[[[-87.765782,13.248011],[-87.751387,13.228925],[-87.77689,13.225736],[-87.765782,13.248011]]]]}},{"type":"Feature","properties":{"name":"Guatemala","ISO3166-1-Alpha-3":"GTM","ISO3166-1-Alpha-2":"GT"},"geometry":{"type":"Polygon","coordinates":[[[-89.361621,14.415478],[-90.098307,13.731404],[-92.246257,14.546279],[-91.739848,16.060985],[-90.437421,16.098863],[-90.98284,17.810542],[-89.160496,17.814314],[-89.236512,15.893915],[-88.220937,15.725653],[-89.361621,14.415478]]]}},{"type":"Feature","properties":{"name":"East Timor","ISO3166-1-Alpha-3":"TLS","ISO3166-1-Alpha-2":"TL"},"geometry":{"type":"MultiPolygon","coordinates":[[[[124.450531,-9.18019],[124.332338,-9.466605],[124.167232,-9.380615],[124.450531,-9.18019]]],[[[124.919507,-8.962016],[126.842133,-8.391046],[125.251475,-9.371515],[124.919507,-8.962016]]],[[[125.569347,-8.196384],[125.59669,-8.299249],[125.517589,-8.292169],[125.569347,-8.196384]]]]}},{"type":"Feature","properties":{"name":"Brunei","ISO3166-1-Alpha-3":"BRN","ISO3166-1-Alpha-2":"BN"},"geometry":{"type":"MultiPolygon","coordinates":[[[[115.146169,4.908515],[115.360741,4.329556],[115.068149,4.543367],[115.146169,4.908515]]],[[[114.9817,4.889065],[114.627762,4.016681],[113.99879,4.601142],[114.9817,4.889065]]]]}},{"type":"Feature","properties":{"name":"Monaco","ISO3166-1-Alpha-3":"MCO","ISO3166-1-Alpha-2":"MC"},"geometry":{"type":"Polygon","coordinates":[[[7.437454,43.743361],[7.404319,43.717969],[7.372655,43.745832],[7.437454,43.743361]]]}},{"type":"Feature","properties":{"name":"Algeria","ISO3166-1-Alpha-3":"DZA","ISO3166-1-Alpha-2":"DZ"},"geometry":{"type":"Polygon","coordinates":[[[-4.821613,24.995065],[-8.682385,27.285416],[-8.678768,28.692823],[-1.210335,32.08967],[-2.222564,35.089301],[1.34669,36.544989],[8.60251,36.939511],[7.479832,33.893901],[9.826149,29.128533],[9.377804,26.168946],[11.968861,23.517351],[5.794302,19.449796],[3.333057,18.975561],[-4.821613,24.995065]]]}},{"type":"Feature","properties":{"name":"Mozambique","ISO3166-1-Alpha-3":"MOZ","ISO3166-1-Alpha-2":"MZ"},"geometry":{"type":"MultiPolygon","coordinates":[[[[32.113884,-26.840014],[31.279103,-22.415323],[33.007266,-20.032006],[32.968509,-16.681616],[30.402568,-16.001244],[30.214465,-14.981462],[34.344084,-14.387389],[35.291933,-17.129341],[35.904299,-14.886894],[34.545312,-13.325749],[34.616729,-11.57831],[40.510509,-10.477716],[40.581798,-15.49212],[34.553233,-19.582289],[35.496837,-24.101332],[32.113884,-26.840014]],[[34.69414,-12.000403],[34.669026,-12.117812],[34.759253,-12.065619],[34.69414,-12.000403]],[[34.561642,-11.978596],[34.583553,-12.058901],[34.641224,-12.01787],[34.561642,-11.978596]]],[[[32.906749,-26.057794],[32.975108,-26.009454],[32.934744,-26.044122],[32.906749,-26.057794]]],[[[35.469574,-21.549086],[35.495453,-21.545505],[35.434906,-21.782892],[35.469574,-21.549086]]],[[[39.909537,-16.275827],[39.906923,-16.378074],[39.832455,-16.390517],[39.909537,-16.275827]]]]}},{"type":"Feature","properties":{"name":"eSwatini","ISO3166-1-Alpha-3":"SWZ","ISO3166-1-Alpha-2":"SZ"},"geometry":{"type":"Polygon","coordinates":[[[31.949243,-25.958104],[31.96826,-27.316264],[31.141954,-27.196478],[31.119836,-25.910045],[31.949243,-25.958104]]]}},{"type":"Feature","properties":{"name":"Burundi","ISO3166-1-Alpha-3":"BDI","ISO3166-1-Alpha-2":"BI"},"geometry":{"type":"Polygon","coordinates":[[[30.5546,-2.400628],[29.404179,-4.449805],[29.032574,-2.620666],[30.5546,-2.400628]]]}},{"type":"Feature","properties":{"name":"Rwanda","ISO3166-1-Alpha-3":"RWA","ISO3166-1-Alpha-2":"RW"},"geometry":{"type":"Polygon","coordinates":[[[29.015365,-2.720711],[30.471786,-1.066837],[30.834376,-2.345334],[29.015365,-2.720711]]]}},{"type":"Feature","properties":{"name":"Myanmar","ISO3166-1-Alpha-3":"MMR","ISO3166-1-Alpha-2":"MM"},"geometry":{"type":"MultiPolygon","coordinates":[[[[92.575879,21.977574],[95.122803,26.611607],[97.897518,28.355325],[98.692404,25.87899],[97.516456,23.942829],[98.865727,24.145685],[99.14447,22.153533],[101.173855,21.611912],[97.351401,18.551169],[98.902521,16.381637],[98.160447,15.106366],[99.630022,11.815766],[98.543142,9.987454],[97.740245,16.559272],[96.883067,17.457424],[95.415782,15.722968],[94.239513,15.976304],[94.490571,18.072496],[92.381114,20.700141],[92.575879,21.977574]]],[[[98.057465,9.796861],[98.018321,9.794908],[98.030284,9.833401],[98.057465,9.796861]]],[[[98.228689,10.519965],[98.192719,10.482408],[98.217947,10.528551],[98.228689,10.519965]]],[[[98.429535,10.977729],[98.442556,11.002997],[98.448009,10.974311],[98.429535,10.977729]]],[[[97.464529,11.782457],[97.444347,11.800238],[97.476899,11.788235],[97.464529,11.782457]]],[[[97.836925,12.772447],[97.841807,12.805813],[97.868012,12.774807],[97.836925,12.772447]]],[[[98.295665,10.048896],[98.178966,9.932807],[98.148204,9.970364],[98.295665,10.048896]]],[[[98.185802,10.121161],[98.178966,10.192857],[98.230724,10.159573],[98.185802,10.121161]]],[[[97.911469,10.494534],[97.943533,10.443793],[97.910167,10.401923],[97.911469,10.494534]]],[[[98.493663,10.891099],[98.498383,10.793606],[98.518321,10.829495],[98.493663,10.891099]]],[[[97.890391,10.884955],[97.951834,10.919094],[97.883556,10.84455],[97.890391,10.884955]]],[[[98.267751,10.837144],[98.251638,10.756008],[98.100271,10.882025],[98.267751,10.837144]]],[[[98.528494,10.974311],[98.486827,11.00845],[98.53712,11.068915],[98.528494,10.974311]]],[[[98.275157,11.248033],[98.295095,11.231147],[98.221853,11.261908],[98.275157,11.248033]]],[[[98.278331,11.799791],[98.25172,11.476508],[98.196462,11.497056],[98.278331,11.799791]]],[[[98.53533,11.803616],[98.46518,11.574897],[98.38559,11.75552],[98.53533,11.803616]]],[[[98.055431,11.701117],[98.049327,11.6647],[98.013927,11.864976],[98.055431,11.701117]]],[[[97.664399,11.905951],[97.67628,11.877834],[97.667735,11.838284],[97.664399,11.905951]]],[[[98.254161,11.85814],[98.265391,11.908515],[98.28419,11.865465],[98.254161,11.85814]]],[[[98.267751,11.933905],[98.246104,11.925442],[98.252208,11.974758],[98.267751,11.933905]]],[[[98.603526,11.967434],[98.46339,11.920803],[98.439138,12.025784],[98.603526,11.967434]]],[[[98.096446,12.187161],[98.082286,12.159166],[98.07252,12.289537],[98.096446,12.187161]]],[[[98.065278,12.365302],[97.971039,12.344875],[98.02711,12.361029],[98.065278,12.365302]]],[[[98.514171,12.495592],[98.508556,12.410305],[98.474294,12.424994],[98.514171,12.495592]]],[[[98.254161,12.567613],[98.289887,12.526313],[98.229747,12.527411],[98.254161,12.567613]]],[[[97.822765,12.58747],[97.861827,12.559801],[97.839041,12.55801],[97.822765,12.58747]]],[[[98.466319,12.583726],[98.336111,12.450914],[98.302013,12.646308],[98.466319,12.583726]]],[[[98.295665,13.084662],[98.306326,13.040107],[98.281098,12.994127],[98.295665,13.084662]]],[[[97.931895,13.85928],[97.928477,13.821112],[97.91505,13.800116],[97.931895,13.85928]]],[[[93.396007,14.140448],[93.394786,14.076361],[93.383311,14.138373],[93.396007,14.140448]]],[[[93.675792,14.859198],[93.703868,14.904446],[93.716156,14.890082],[93.675792,14.859198]]],[[[97.664399,15.565579],[97.669119,15.517401],[97.65089,15.592231],[97.664399,15.565579]]],[[[94.827973,15.932034],[94.819102,15.834703],[94.744802,15.832709],[94.827973,15.932034]]],[[[94.66212,16.221869],[94.479259,15.949042],[94.40919,15.907457],[94.66212,16.221869]]],[[[97.589366,16.415269],[97.516857,16.209823],[97.455821,16.456204],[97.589366,16.415269]]],[[[93.745372,18.799994],[93.645274,18.679348],[93.611095,18.90526],[93.745372,18.799994]]],[[[93.970714,19.416938],[93.802745,19.276679],[93.641775,19.492011],[93.970714,19.416938]]],[[[93.505219,19.807318],[93.406749,19.920478],[93.464122,19.913479],[93.505219,19.807318]]],[[[92.964041,20.036689],[93.001231,19.906643],[92.911957,20.084703],[92.964041,20.036689]]]]}},{"type":"Feature","properties":{"name":"Bangladesh","ISO3166-1-Alpha-3":"BGD","ISO3166-1-Alpha-2":"BD"},"geometry":{"type":"MultiPolygon","coordinates":[[[[92.575879,21.977574],[92.325531,20.738715],[90.61199,23.606106],[90.557953,22.203355],[89.21046,21.65412],[88.385282,26.623544],[92.483791,24.928221],[91.132349,23.720646],[91.586068,22.944466],[92.259309,23.706487],[92.575879,21.977574]]],[[[91.935557,21.759996],[91.887706,21.480129],[91.872325,21.754828],[91.935557,21.759996]]],[[[89.115733,21.781155],[89.057791,21.80329],[89.057384,21.91767],[89.115733,21.781155]]],[[[91.887706,21.866156],[91.83253,21.725816],[91.843435,21.906968],[91.887706,21.866156]]],[[[90.593516,21.986558],[90.565603,21.91767],[90.52296,21.888088],[90.593516,21.986558]]],[[[90.332205,21.938788],[90.390636,21.978258],[90.322927,21.843899],[90.332205,21.938788]]],[[[90.387462,22.048041],[90.352794,21.992987],[90.345876,21.993598],[90.387462,22.048041]]],[[[90.435232,22.041205],[90.431895,21.907782],[90.406423,21.963365],[90.435232,22.041205]]],[[[90.544444,22.061672],[90.533458,22.110053],[90.586192,22.130561],[90.544444,22.061672]]],[[[90.941742,22.205024],[90.956716,22.198879],[90.9192,22.132148],[90.941742,22.205024]]],[[[90.97641,22.185777],[90.982921,22.259182],[90.997813,22.235093],[90.97641,22.185777]]],[[[90.952891,22.226752],[90.956716,22.277655],[90.983897,22.355902],[90.952891,22.226752]]],[[[91.148847,22.357057],[91.141468,22.146201],[91.005111,22.116822],[91.148847,22.357057]]],[[[90.61964,22.42475],[90.61964,22.445258],[90.646739,22.326077],[90.61964,22.42475]]],[[[90.647472,22.42475],[90.661143,22.480048],[90.667328,22.439032],[90.647472,22.42475]]],[[[91.158619,22.503423],[91.201017,22.472196],[91.134163,22.44948],[91.158619,22.503423]]],[[[91.467557,22.58631],[91.555179,22.402031],[91.446517,22.453242],[91.467557,22.58631]]],[[[90.790553,22.495333],[90.681814,22.102607],[90.647472,22.548285],[90.790553,22.495333]]],[[[90.645254,22.849289],[90.534612,22.728775],[90.463145,22.834052],[90.645254,22.849289]]],[[[90.667328,22.95303],[90.627126,22.925035],[90.534516,22.951239],[90.667328,22.95303]]],[[[90.510427,23.069037],[90.500173,23.038031],[90.460948,23.048489],[90.510427,23.069037]]],[[[90.524099,23.322252],[90.437266,23.361802],[90.539399,23.350002],[90.524099,23.322252]]]]}},{"type":"Feature","properties":{"name":"Andorra","ISO3166-1-Alpha-3":"AND","ISO3166-1-Alpha-2":"AD"},"geometry":{"type":"Polygon","coordinates":[[[1.707006,42.502781],[1.508466,42.428677],[1.429297,42.595386],[1.707006,42.502781]]]}},{"type":"Feature","properties":{"name":"Afghanistan","ISO3166-1-Alpha-3":"AFG","ISO3166-1-Alpha-2":"AF"},"geometry":{"type":"Polygon","coordinates":[[[74.542354,37.021669],[71.223073,36.125393],[71.062618,34.054253],[69.872613,34.017227],[69.29885,31.93769],[66.696993,31.195823],[66.195628,29.835338],[60.844379,29.858179],[61.826438,31.014956],[60.562949,33.058268],[61.269676,35.618499],[62.69362,35.248392],[65.761443,37.578379],[69.312079,37.117477],[70.950739,38.473053],[71.653021,36.687012],[74.542354,37.021669]]]}},{"type":"Feature","properties":{"name":"Montenegro","ISO3166-1-Alpha-3":"MNE","ISO3166-1-Alpha-2":"ME"},"geometry":{"type":"Polygon","coordinates":[[[18.49643,42.416327],[18.977477,43.546232],[20.35362,42.890975],[19.365082,41.852362],[18.49643,42.416327]]]}},{"type":"Feature","properties":{"name":"Bosnia and Herzegovina","ISO3166-1-Alpha-3":"BIH","ISO3166-1-Alpha-2":"BA"},"geometry":{"type":"Polygon","coordinates":[[[17.653331,42.890937],[15.792348,45.189801],[19.368667,44.887132],[19.48959,43.564448],[17.653331,42.890937]]]}},{"type":"Feature","properties":{"name":"Uganda","ISO3166-1-Alpha-3":"UGA","ISO3166-1-Alpha-2":"UG"},"geometry":{"type":"Polygon","coordinates":[[[30.471786,-1.066837],[29.577915,-1.38839],[31.271455,2.102999],[30.944447,3.679286],[34.006017,4.205713],[35.006473,1.916861],[33.904214,-1.002573],[30.471786,-1.066837]]]}},{"type":"Feature","properties":{"name":"US Naval Base Guantanamo Bay","ISO3166-1-Alpha-3":"-99","ISO3166-1-Alpha-2":"-99"},"geometry":{"type":"MultiPolygon","coordinates":[[[[-75.095006,19.897226],[-75.157663,19.918704],[-75.104602,19.959359],[-75.095006,19.897226]]],[[[-75.160192,19.970648],[-75.193127,19.927095],[-75.205751,19.911535],[-75.160192,19.970648]]]]}},{"type":"Feature","properties":{"name":"Cuba","ISO3166-1-Alpha-3":"CUB","ISO3166-1-Alpha-2":"CU"},"geometry":{"type":"MultiPolygon","coordinates":[[[[-75.095006,19.897226],[-77.706044,19.830024],[-77.195424,20.636542],[-81.877501,22.67973],[-84.949615,21.876776],[-80.597279,23.156073],[-74.139638,20.242336],[-75.095006,19.897226]]],[[[-78.333119,20.554633],[-78.396596,20.546454],[-78.408193,20.588772],[-78.333119,20.554633]]],[[[-78.436147,20.725979],[-78.527821,20.699286],[-78.478586,20.73017],[-78.436147,20.725979]]],[[[-78.826568,20.753241],[-78.785959,20.748969],[-78.768056,20.712226],[-78.826568,20.753241]]],[[[-75.517079,20.794257],[-75.482167,20.737779],[-75.567535,20.756781],[-75.517079,20.794257]]],[[[-78.925852,20.807847],[-78.854482,20.773139],[-78.952138,20.831366],[-78.925852,20.807847]]],[[[-79.025217,20.886664],[-78.982737,20.844631],[-79.069203,20.885972],[-79.025217,20.886664]]],[[[-79.073598,20.917711],[-79.151763,20.966051],[-79.19286,20.986762],[-79.073598,20.917711]]],[[[-79.388905,21.123236],[-79.324778,21.068305],[-79.331166,21.093004],[-79.388905,21.123236]]],[[[-81.372304,21.70539],[-81.551381,21.62759],[-81.442698,21.65998],[-81.372304,21.70539]]],[[[-82.568023,21.636542],[-83.123606,21.585639],[-82.992584,21.931952],[-82.568023,21.636542]]],[[[-77.634185,22.054267],[-77.765777,21.959784],[-77.949452,22.102607],[-77.634185,22.054267]]],[[[-77.847076,22.260321],[-77.880686,22.308743],[-77.790151,22.211493],[-77.847076,22.260321]]],[[[-77.997304,22.147366],[-77.953969,22.236518],[-77.882192,22.183295],[-77.997304,22.147366]]],[[[-78.196523,22.329169],[-78.269765,22.410142],[-78.100331,22.396877],[-78.196523,22.329169]]],[[[-78.426178,22.462592],[-78.660024,22.551907],[-78.282216,22.457465],[-78.426178,22.462592]]],[[[-78.984202,22.637681],[-79.064443,22.660346],[-79.070383,22.674018],[-78.984202,22.637681]]],[[[-79.357533,22.637681],[-79.524037,22.725002],[-79.606923,22.810248],[-79.357533,22.637681]]],[[[-79.895375,22.959174],[-79.91983,22.949286],[-79.957428,22.95303],[-79.895375,22.959174]]],[[[-80.320546,22.986518],[-80.246693,22.989447],[-80.231801,22.959174],[-80.320546,22.986518]]],[[[-80.197011,23.124254],[-80.136586,23.089016],[-80.182729,23.07095],[-80.197011,23.124254]]],[[[-80.828236,23.1789],[-80.853179,23.14175],[-80.862538,23.162177],[-80.828236,23.1789]]],[[[-80.491851,23.192572],[-80.495229,23.168362],[-80.576975,23.192572],[-80.491851,23.192572]]],[[[-78.581695,20.661607],[-78.593984,20.64289],[-78.609039,20.660712],[-78.581695,20.661607]]],[[[-78.651519,20.664944],[-78.62975,20.65884],[-78.646474,20.652289],[-78.651519,20.664944]]],[[[-81.981191,21.647773],[-82.07433,21.572211],[-82.054514,21.606147],[-81.981191,21.647773]]],[[[-81.852528,21.66356],[-81.901357,21.615627],[-81.905629,21.631008],[-81.852528,21.66356]]],[[[-82.645172,21.954535],[-82.591176,21.926663],[-82.630116,21.920722],[-82.645172,21.954535]]],[[[-83.552846,21.961371],[-83.550649,21.959418],[-83.607818,21.966498],[-83.552846,21.961371]]],[[[-81.556264,22.065985],[-81.565419,22.049872],[-81.588857,22.064358],[-81.556264,22.065985]]],[[[-78.73766,22.548407],[-78.736195,22.530585],[-78.767893,22.525214],[-78.73766,22.548407]]],[[[-82.514475,22.625149],[-82.518788,22.565741],[-82.527821,22.634752],[-82.514475,22.625149]]],[[[-79.224517,22.639716],[-79.176869,22.64468],[-79.213246,22.624416],[-79.224517,22.639716]]],[[[-79.680084,22.859442],[-79.69518,22.850491],[-79.728261,22.895331],[-79.680084,22.859442]]],[[[-79.826283,22.964667],[-79.837636,22.926174],[-79.86148,22.931952],[-79.826283,22.964667]]],[[[-80.061391,23.049791],[-80.066558,23.038886],[-80.094472,23.050686],[-80.061391,23.049791]]],[[[-80.2447,23.107489],[-80.26179,23.096177],[-80.305735,23.134508],[-80.2447,23.107489]]],[[[-80.401438,23.154608],[-80.419667,23.143378],[-80.458404,23.137193],[-80.401438,23.154608]]],[[[-80.668528,23.212226],[-80.673695,23.194037],[-80.700836,23.177191],[-80.668528,23.212226]]],[[[-80.775014,23.20661],[-80.736806,23.186754],[-80.83849,23.206244],[-80.775014,23.20661]]],[[[-80.878774,23.250434],[-80.890126,23.233873],[-80.933746,23.254462],[-80.878774,23.250434]]]]}},{"type":"Feature","properties":{"name":"Honduras","ISO3166-1-Alpha-3":"HND","ISO3166-1-Alpha-2":"HN"},"geometry":{"type":"MultiPolygon","coordinates":[[[[-89.361621,14.415478],[-87.591298,15.935492],[-83.130444,14.997012],[-87.035045,12.979777],[-89.361621,14.415478]]],[[[-87.615142,13.290107],[-87.658559,13.250963],[-87.663971,13.267483],[-87.615142,13.290107]]],[[[-87.622304,13.368883],[-87.57079,13.365871],[-87.637563,13.319159],[-87.622304,13.368883]]],[[[-86.878733,16.127265],[-86.913197,16.090155],[-86.988735,16.095466],[-86.878733,16.127265]]],[[[-86.606542,16.285029],[-86.231077,16.428835],[-86.347768,16.397528],[-86.606542,16.285029]]],[[[-85.911473,16.462043],[-85.81695,16.498309],[-85.882363,16.451047],[-85.911473,16.462043]]],[[[-83.941151,17.418647],[-83.926137,17.416327],[-83.921946,17.409084],[-83.941151,17.418647]]]]}},{"type":"Feature","properties":{"name":"Ecuador","ISO3166-1-Alpha-3":"ECU","ISO3166-1-Alpha-2":"EC"},"geometry":{"type":"MultiPolygon","coordinates":[[[[-78.828684,1.434312],[-75.227264,-0.96981],[-79.063929,-5.011373],[-80.492291,-4.413011],[-79.765614,-2.004978],[-81.01301,-2.166925],[-80.075836,0.816148],[-78.828684,1.434312]]],[[[-80.059885,-2.662774],[-80.012685,-2.834161],[-80.186757,-3.028985],[-80.059885,-2.662774]]],[[[-89.661285,-1.340102],[-89.613271,-1.391697],[-89.756907,-1.36061],[-89.661285,-1.340102]]],[[[-90.380686,-1.25449],[-90.388987,-1.296157],[-90.524037,-1.305922],[-90.380686,-1.25449]]],[[[-89.308095,-0.685642],[-89.434722,-0.929295],[-89.604604,-0.883071],[-89.308095,-0.685642]]],[[[-90.191965,-0.538263],[-90.354807,-0.77988],[-90.487701,-0.525486],[-90.191965,-0.538263]]],[[[-91.401112,-0.452895],[-91.606516,-0.456313],[-91.580963,-0.287205],[-91.401112,-0.452895]]],[[[-90.565012,-0.284926],[-90.795888,-0.330662],[-90.791575,-0.147719],[-90.565012,-0.284926]]],[[[-90.811431,-0.730645],[-91.128326,-0.623468],[-91.368764,0.150621],[-90.811431,-0.730645]]],[[[-90.513783,0.283515],[-90.526479,0.350287],[-90.407948,0.310858],[-90.513783,0.283515]]],[[[-90.79776,0.65351],[-90.744496,0.585395],[-90.805247,0.571601],[-90.79776,0.65351]]],[[[-78.901682,1.374172],[-78.894439,1.312649],[-78.956899,1.236314],[-78.901682,1.374172]]],[[[-91.819163,1.38642],[-91.810943,1.377183],[-91.822621,1.371039],[-91.819163,1.38642]]],[[[-91.822011,1.394477],[-91.817535,1.394761],[-91.820465,1.391343],[-91.822011,1.394477]]],[[[-92.011586,1.658637],[-92.006093,1.664374],[-91.999827,1.65119],[-92.011586,1.658637]]],[[[-79.81964,-2.485911],[-79.793805,-2.57384],[-79.877239,-2.649678],[-79.81964,-2.485911]]]]}},{"type":"Feature","properties":{"name":"Colombia","ISO3166-1-Alpha-3":"COL","ISO3166-1-Alpha-2":"CO"},"geometry":{"type":"MultiPolygon","coordinates":[[[[-78.828684,1.434312],[-77.031565,3.915839],[-77.434003,8.62826],[-76.757232,7.92357],[-75.267405,10.795315],[-71.26183,12.341864],[-73.391149,9.172775],[-71.993818,7.012855],[-67.449961,6.197943],[-67.855931,2.789753],[-66.883536,1.349945],[-67.424639,2.138114],[-69.856171,1.707675],[-69.137455,0.650142],[-70.054246,0.588131],[-69.96495,-4.236484],[-70.734127,-3.782042],[-70.105794,-2.625213],[-72.935414,-2.425329],[-74.824653,-0.170479],[-78.828684,1.434312]]],[[[-78.131418,2.627265],[-78.18456,2.545396],[-78.216696,2.67015],[-78.131418,2.627265]]],[[[-77.902333,2.696234],[-77.80842,2.578599],[-77.867177,2.627183],[-77.902333,2.696234]]],[[[-77.806142,2.662055],[-77.874582,2.68476],[-77.860097,2.709866],[-77.806142,2.662055]]],[[[-77.353017,4.265326],[-77.496816,4.218573],[-77.46288,4.285793],[-77.353017,4.265326]]],[[[-81.711497,12.522935],[-81.70637,12.580308],[-81.704742,12.504462],[-81.711497,12.522935]]],[[[-81.382639,13.319159],[-81.378733,13.362698],[-81.346303,13.3487],[-81.382639,13.319159]]],[[[-81.611724,3.95897],[-81.602406,3.97956],[-81.578725,3.978176],[-81.611724,3.95897]]],[[[-78.186612,2.990373],[-78.166131,2.973649],[-78.220289,2.933617],[-78.186612,2.990373]]],[[[-75.586801,10.367792],[-75.53532,10.350646],[-75.578433,10.325996],[-75.586801,10.367792]]],[[[-80.089915,13.578355],[-80.089345,13.577867],[-80.090403,13.577297],[-80.089915,13.578355]]]]}},{"type":"Feature","properties":{"name":"Paraguay","ISO3166-1-Alpha-3":"PRY","ISO3166-1-Alpha-2":"PY"},"geometry":{"type":"Polygon","coordinates":[[[-62.650357,-22.234456],[-61.753203,-19.64588],[-59.069646,-19.291483],[-57.986249,-22.074465],[-55.86103,-22.289543],[-55.420669,-23.954506],[-54.245289,-24.050624],[-54.793059,-26.644987],[-58.604196,-27.316264],[-57.754067,-25.180891],[-62.650357,-22.234456]]]}},{"type":"Feature","properties":{"name":"Brazilian Island","ISO3166-1-Alpha-3":"-99","ISO3166-1-Alpha-2":"-99"},"geometry":{"type":"Polygon","coordinates":[[[-57.642466,-30.193092],[-57.633971,-30.183583],[-57.611698,-30.182963],[-57.642466,-30.193092]]]}},{"type":"Feature","properties":{"name":"Portugal","ISO3166-1-Alpha-3":"PRT","ISO3166-1-Alpha-2":"PT"},"geometry":{"type":"MultiPolygon","coordinates":[[[[-7.104859,38.827192],[-7.407623,37.164862],[-8.997874,37.02147],[-8.626885,42.051026],[-6.205947,41.57028],[-7.104859,38.827192]]],[[[-16.48705,32.491685],[-16.536773,32.55801],[-16.525258,32.567206],[-16.48705,32.491685]]],[[[-16.788686,32.686672],[-17.184885,32.874172],[-16.872874,32.81745],[-16.788686,32.686672]]],[[[-16.339955,33.057196],[-16.38801,33.047349],[-16.295888,33.101264],[-16.339955,33.057196]]],[[[-7.955719,36.980536],[-7.857818,36.997463],[-7.860097,36.980536],[-7.955719,36.980536]]],[[[-25.066803,37.02147],[-25.060658,36.937242],[-25.195302,36.98017],[-25.066803,37.02147]]],[[[-25.197825,37.864407],[-25.532704,37.72012],[-25.694203,37.852688],[-25.197825,37.864407]]],[[[-28.109486,38.446601],[-28.253651,38.382554],[-28.48526,38.557807],[-28.109486,38.446601]]],[[[-28.609731,38.597398],[-28.63622,38.51553],[-28.841135,38.591132],[-28.609731,38.597398]]],[[[-27.890981,38.604234],[-27.976877,38.593085],[-28.247222,38.686225],[-27.890981,38.604234]]],[[[-27.020131,38.693671],[-27.204498,38.652655],[-27.368764,38.78266],[-27.020131,38.693671]]],[[[-27.983469,39.015123],[-28.071523,39.067613],[-28.007069,39.10456],[-27.983469,39.015123]]],[[[-31.207916,39.508612],[-31.156646,39.372626],[-31.284901,39.416164],[-31.207916,39.508612]]],[[[-31.117299,39.728339],[-31.099965,39.664008],[-31.152699,39.701077],[-31.117299,39.728339]]],[[[-16.027984,30.033596],[-16.023101,30.032294],[-16.02302,30.029242],[-16.027984,30.033596]]],[[[-15.86441,30.152533],[-15.859771,30.133287],[-15.874745,30.137926],[-15.86441,30.152533]]],[[[-9.041127,38.867621],[-9.041412,38.849189],[-9.071401,38.837592],[-9.041127,38.867621]]]]}},{"type":"Feature","properties":{"name":"Moldova","ISO3166-1-Alpha-3":"MDA","ISO3166-1-Alpha-2":"MD"},"geometry":{"type":"Polygon","coordinates":[[[26.617889,48.258968],[29.123989,47.975987],[30.131576,46.422826],[28.199498,45.461774],[26.617889,48.258968]]]}},{"type":"Feature","properties":{"name":"Turkmenistan","ISO3166-1-Alpha-3":"TKM","ISO3166-1-Alpha-2":"TM"},"geometry":{"type":"MultiPolygon","coordinates":[[[[61.269676,35.618499],[61.165806,36.636318],[57.185894,38.276476],[53.913748,37.34276],[52.736583,40.484565],[54.767426,41.03677],[53.818696,42.124416],[52.882335,41.050442],[52.437671,41.748876],[54.122618,42.337598],[57.010194,41.254124],[58.587876,42.791188],[66.645782,37.945902],[62.69362,35.248392],[61.269676,35.618499]]],[[[53.029959,39.061347],[53.053966,39.026801],[53.092133,38.778795],[53.029959,39.061347]]],[[[53.468516,39.584947],[53.51295,39.591213],[53.506196,39.508612],[53.468516,39.584947]]]]}},{"type":"Feature","properties":{"name":"Jordan","ISO3166-1-Alpha-3":"JOR","ISO3166-1-Alpha-2":"JO"},"geometry":{"type":"Polygon","coordinates":[[[35.611758,32.6819],[38.774511,33.371685],[39.291999,32.244519],[36.959532,31.490999],[37.981381,30.498811],[36.016437,29.189951],[34.949385,29.351686],[35.611758,32.6819]]]}},{"type":"Feature","properties":{"name":"Nepal","ISO3166-1-Alpha-3":"NPL","ISO3166-1-Alpha-2":"NP"},"geometry":{"type":"Polygon","coordinates":[[[88.118218,27.860885],[88.044321,26.405676],[86.713601,26.414565],[80.031115,28.897798],[81.614015,30.416904],[85.96269,27.891374],[88.118218,27.860885]]]}},{"type":"Feature","properties":{"name":"Lesotho","ISO3166-1-Alpha-3":"LSO","ISO3166-1-Alpha-2":"LS"},"geometry":{"type":"Polygon","coordinates":[[[28.980846,-28.909035],[29.144246,-29.919723],[27.366164,-30.311017],[27.747432,-28.908622],[28.980846,-28.909035]]]}},{"type":"Feature","properties":{"name":"Cameroon","ISO3166-1-Alpha-3":"CMR","ISO3166-1-Alpha-2":"CM"},"geometry":{"type":"Polygon","coordinates":[[[11.322078,2.16576],[9.810853,2.264876],[8.845227,5.831041],[11.872226,7.079362],[14.616193,11.538677],[14.418169,13.081141],[15.681244,9.991278],[13.945949,9.652642],[15.562905,7.792445],[14.387266,6.039038],[16.15584,1.719069],[11.322078,2.16576]]]}},{"type":"Feature","properties":{"name":"Gabon","ISO3166-1-Alpha-3":"GAB","ISO3166-1-Alpha-2":"GA"},"geometry":{"type":"MultiPolygon","coordinates":[[[[13.294568,2.161058],[13.150184,1.256617],[14.468088,0.913227],[14.404526,-1.893062],[11.566198,-2.329727],[11.114016,-3.936856],[8.695567,-0.586602],[10.025645,0.187974],[9.592052,1.01435],[11.336341,0.999165],[11.351637,2.300584],[13.294568,2.161058]]],[[[8.997244,-0.627618],[8.977306,-0.750584],[8.951671,-0.642999],[8.997244,-0.627618]]],[[[9.376786,0.809986],[9.384086,0.809629],[9.379643,0.806971],[9.376786,0.809986]]]]}},{"type":"Feature","properties":{"name":"Niger","ISO3166-1-Alpha-3":"NER","ISO3166-1-Alpha-2":"NE"},"geometry":{"type":"Polygon","coordinates":[[[3.5964,11.695773],[0.152941,14.54671],[3.846101,15.685297],[4.22861,19.142244],[11.968861,23.517351],[14.979909,22.995664],[15.970322,20.336331],[15.471954,16.916746],[13.607314,13.7041],[9.590298,12.80139],[4.824852,13.770737],[3.5964,11.695773]]]}},{"type":"Feature","properties":{"name":"Burkina Faso","ISO3166-1-Alpha-3":"BFA","ISO3166-1-Alpha-2":"BF"},"geometry":{"type":"Polygon","coordinates":[[[2.390169,11.896536],[-2.837341,10.998012],[-2.763677,9.391883],[-5.522578,10.425489],[-4.327044,13.168551],[-0.719719,15.078461],[2.390169,11.896536]]]}},{"type":"Feature","properties":{"name":"Togo","ISO3166-1-Alpha-3":"TGO","ISO3166-1-Alpha-2":"TG"},"geometry":{"type":"Polygon","coordinates":[[[-0.166109,11.13498],[1.343825,9.962442],[1.61964,6.213894],[0.519275,6.832246],[-0.166109,11.13498]]]}},{"type":"Feature","properties":{"name":"Ghana","ISO3166-1-Alpha-3":"GHA","ISO3166-1-Alpha-2":"GH"},"geometry":{"type":"Polygon","coordinates":[[[-0.166109,11.13498],[1.185395,6.100491],[-3.119618,5.091335],[-2.837341,10.998012],[-0.166109,11.13498]]]}},{"type":"Feature","properties":{"name":"Guinea-Bissau","ISO3166-1-Alpha-3":"GNB","ISO3166-1-Alpha-2":"GW"},"geometry":{"type":"MultiPolygon","coordinates":[[[[-13.728279,12.673388],[-15.085194,10.927639],[-15.007232,11.978339],[-16.728437,12.332531],[-13.728279,12.673388]]],[[[-15.946401,11.200263],[-15.926381,11.051418],[-15.925933,11.090399],[-15.946401,11.200263]]],[[[-15.973785,11.159247],[-16.022125,11.080471],[-16.056142,11.148586],[-15.973785,11.159247]]],[[[-16.048899,11.118313],[-16.157582,11.032701],[-16.179433,11.124661],[-16.048899,11.118313]]],[[[-15.857086,11.30268],[-15.836537,11.25552],[-15.871327,11.200263],[-15.857086,11.30268]]],[[[-15.658437,11.30268],[-15.726796,11.220771],[-15.781972,11.200263],[-15.658437,11.30268]]],[[[-16.172963,11.220771],[-16.261138,11.261664],[-16.173166,11.29914],[-16.172963,11.220771]]],[[[-15.665273,11.494452],[-15.679555,11.440416],[-15.718902,11.468166],[-15.665273,11.494452]]],[[[-16.254872,11.447252],[-16.248036,11.498196],[-16.193837,11.465033],[-16.254872,11.447252]]],[[[-16.275543,11.49551],[-16.419423,11.488227],[-16.277333,11.580634],[-16.275543,11.49551]]],[[[-16.022125,11.512152],[-15.909291,11.551703],[-15.987416,11.43301],[-16.022125,11.512152]]],[[[-15.4735,11.63227],[-15.547353,11.548529],[-15.632965,11.538235],[-15.4735,11.63227]]],[[[-16.165517,11.871243],[-16.009429,11.900295],[-16.051666,11.762193],[-16.165517,11.871243]]]]}},{"type":"Feature","properties":{"name":"Gibraltar","ISO3166-1-Alpha-3":"GIB","ISO3166-1-Alpha-2":"GI"},"geometry":{"type":"Polygon","coordinates":[[[-5.358387,36.141109],[-5.339915,36.129828],[-5.34203,36.1105],[-5.358387,36.141109]]]}},{"type":"Feature","properties":{"name":"United States of America","ISO3166-1-Alpha-3":"USA","ISO3166-1-Alpha-2":"US"},"geometry":{"type":"MultiPolygon","coordinates":[[[[-122.753017,48.992515],[-95.160569,49.369494],[-91.574845,48.048205],[-88.376461,48.305115],[-82.54829,45.334598],[-82.666913,41.669086],[-74.903744,45.005213],[-70.892412,45.234604],[-69.237268,47.45881],[-67.813556,47.081908],[-66.977325,44.815538],[-70.286855,43.650499],[-71.046783,42.321519],[-69.938873,41.674221],[-73.975942,41.292182],[-74.413442,39.357123],[-75.592152,39.649237],[-75.044749,38.425035],[-75.949111,37.124952],[-75.831695,39.584377],[-76.323897,38.043842],[-77.068333,38.901938],[-76.274526,37.048041],[-77.274322,37.316352],[-75.523834,35.794379],[-76.729848,36.322659],[-75.721832,35.829169],[-77.051991,35.534369],[-76.346262,34.883246],[-81.492421,31.367662],[-80.402496,25.186225],[-83.680572,29.921291],[-88.030141,30.737698],[-90.405019,30.22016],[-89.366038,30.048651],[-89.413645,28.928371],[-95.05228,29.749748],[-97.774281,27.468492],[-97.36599,25.843902],[-99.106427,26.423039],[-101.405098,29.778442],[-103.38663,29.028798],[-106.39177,31.745919],[-111.067118,31.333644],[-117.125121,32.531669],[-120.636627,34.562893],[-122.520472,37.531421],[-121.445383,38.003892],[-123.027453,37.994489],[-124.409202,40.443818],[-124.022664,46.230842],[-123.180095,46.179102],[-124.727528,48.387728],[-122.770172,48.141099],[-122.722483,47.089301],[-122.753017,48.992515]]],[[[-141.005564,69.650946],[-140.994929,60.304382],[-139.079465,60.341021],[-137.486875,58.900075],[-135.259879,59.698218],[-130.071539,56.084123],[-130.365387,54.907294],[-131.009674,56.112616],[-132.17162,55.588528],[-131.489491,56.22248],[-135.348297,59.470608],[-135.093821,58.23725],[-137.059478,59.063707],[-136.664784,58.220364],[-139.520904,60.0515],[-144.249623,60.032294],[-147.730458,61.279853],[-148.435374,59.959296],[-151.977162,59.279364],[-150.992787,59.779039],[-151.871775,59.749457],[-151.396921,60.738023],[-149.025828,60.854682],[-150.067332,61.155748],[-149.428171,61.51317],[-153.082631,60.299791],[-154.261301,59.148424],[-153.26415,58.857367],[-158.427561,56.006537],[-163.341379,54.811103],[-157.413808,57.489936],[-156.783193,59.155219],[-162.176054,58.644923],[-161.88154,60.703925],[-164.098337,59.833686],[-165.431223,60.553046],[-163.563588,60.913316],[-166.199941,61.59455],[-164.423533,63.20897],[-161.056508,63.574408],[-160.791575,64.725898],[-166.189687,64.585191],[-168.137441,65.665025],[-161.017527,66.193305],[-162.484812,66.960395],[-160.228505,66.412055],[-166.82905,68.351386],[-156.471506,71.412502],[-141.005564,69.650946]]],[[[-123.090506,48.992515],[-123.035308,48.992499],[-123.08849,48.972235],[-123.090506,48.992515]]],[[[-73.93338,40.797187],[-74.016916,40.699286],[-73.928049,40.877509],[-73.93338,40.797187]]],[[[-71.315094,41.580797],[-71.335927,41.62637],[-71.335927,41.65762],[-71.315094,41.580797]]],[[[-69.664052,43.78913],[-69.688791,43.828192],[-69.647125,43.837307],[-69.664052,43.78913]]],[[[-69.66926,43.955797],[-69.695981,43.880445],[-69.706855,43.865349],[-69.66926,43.955797]]],[[[-68.60676,44.088609],[-68.634104,44.018297],[-68.653635,44.052151],[-68.60676,44.088609]]],[[[-68.811187,44.148505],[-68.88801,44.130276],[-68.940094,44.125067],[-68.811187,44.148505]]],[[[-68.390614,44.162828],[-68.463531,44.149807],[-68.472646,44.177151],[-68.390614,44.162828]]],[[[-68.920562,44.237047],[-68.927073,44.266995],[-68.924469,44.307359],[-68.920562,44.237047]]],[[[-68.489573,44.347724],[-68.509104,44.322984],[-68.519521,44.367255],[-68.489573,44.347724]]],[[[-68.868479,44.381578],[-68.885406,44.330797],[-68.916656,44.34512],[-68.868479,44.381578]]],[[[-67.566396,44.461005],[-67.605458,44.48314],[-67.60025,44.518297],[-67.566396,44.461005]]],[[[-67.283844,44.619859],[-67.276031,44.602932],[-67.321604,44.602932],[-67.283844,44.619859]]],[[[-67.045115,44.927151],[-67.02949,44.944485],[-66.989573,44.89761],[-67.045115,44.927151]]],[[[-132.647694,54.817857],[-132.776926,54.870063],[-132.685536,54.921129],[-132.647694,54.817857]]],[[[-131.243723,54.934556],[-131.331166,54.861233],[-131.430247,54.956],[-131.243723,54.934556]]],[[[-132.826487,55.054389],[-132.866851,55.14643],[-132.722768,55.133205],[-132.826487,55.054389]]],[[[-132.702952,54.701239],[-133.154775,54.981757],[-133.019358,55.097235],[-132.702952,54.701239]]],[[[-131.479563,55.006293],[-131.609609,55.009711],[-131.560862,55.263821],[-131.479563,55.006293]]],[[[-133.291371,55.262926],[-133.346588,55.215155],[-133.401235,55.270413],[-133.291371,55.262926]]],[[[-131.818471,55.413764],[-131.711741,55.23664],[-131.771962,55.167914],[-131.818471,55.413764]]],[[[-133.449615,55.406928],[-133.548329,55.339993],[-133.689198,55.311347],[-133.449615,55.406928]]],[[[-133.538401,55.482652],[-133.422271,55.489447],[-133.494781,55.429511],[-133.538401,55.482652]]],[[[-133.346588,55.447903],[-133.413645,55.553209],[-133.271962,55.511949],[-133.346588,55.447903]]],[[[-133.603871,55.489447],[-133.799062,55.455308],[-133.726715,55.546617],[-133.603871,55.489447]]],[[[-133.305653,55.797349],[-133.62385,55.729478],[-133.565256,55.830308],[-133.305653,55.797349]]],[[[-133.285146,55.907172],[-133.235911,55.785712],[-133.334299,55.830878],[-133.285146,55.907172]]],[[[-155.652333,55.886664],[-155.570383,55.851996],[-155.697388,55.771346],[-155.652333,55.886664]]],[[[-134.17927,55.914618],[-134.258412,55.818427],[-134.334788,55.895087],[-134.17927,55.914618]]],[[[-133.919504,55.920844],[-133.832183,55.90058],[-133.912668,55.862779],[-133.919504,55.920844]]],[[[-130.961903,55.58511],[-131.366444,55.37108],[-131.708485,55.645453],[-130.961903,55.58511]]],[[[-133.607289,56.078518],[-133.285308,56.147203],[-133.589752,55.955756],[-133.607289,56.078518]]],[[[-132.548411,56.304429],[-132.113881,56.084662],[-132.345082,55.924302],[-132.548411,56.304429]]],[[[-131.976715,54.831529],[-132.956166,55.372789],[-132.449086,55.722846],[-131.976715,54.831529]]],[[[-132.612904,56.400621],[-132.819651,56.236151],[-132.874257,56.455268],[-132.612904,56.400621]]],[[[-132.004018,56.339179],[-132.118031,56.156724],[-132.338938,56.422431],[-132.004018,56.339179]]],[[[-154.055816,56.530341],[-153.928171,56.516669],[-154.100331,56.502387],[-154.055816,56.530341]]],[[[-157.060618,56.582221],[-157.139475,56.552069],[-157.331248,56.524156],[-157.060618,56.582221]]],[[[-154.42516,56.593044],[-154.430287,56.556789],[-154.610789,56.483222],[-154.42516,56.593044]]],[[[-154.08259,56.552069],[-154.341624,56.528144],[-154.08259,56.606106],[-154.08259,56.552069]]],[[[-132.959584,56.787991],[-132.593088,56.626532],[-132.764394,56.544664],[-132.959584,56.787991]]],[[[-133.884674,56.490058],[-134.21467,56.291327],[-134.350982,56.855414],[-133.884674,56.490058]]],[[[-133.912668,57.08275],[-133.325754,56.775621],[-133.654652,56.605536],[-133.912668,57.08275]]],[[[-152.907867,57.16474],[-153.342722,57.003974],[-153.342722,57.141099],[-152.907867,57.16474]]],[[[-135.601552,57.171576],[-135.806996,57.099555],[-135.837514,57.25552],[-135.601552,57.171576]]],[[[-134.62149,56.743842],[-135.121734,56.643622],[-135.567047,57.389472],[-134.62149,56.743842]]],[[[-153.301747,57.833197],[-153.380564,57.8605],[-153.279734,57.902899],[-153.301747,57.833197]]],[[[-152.160878,57.627143],[-154.108347,56.744615],[-153.819773,57.484931],[-152.160878,57.627143]]],[[[-136.389801,57.963568],[-136.478586,57.928778],[-136.561147,58.017524],[-136.389801,57.963568]]],[[[-153.418365,58.065985],[-153.087961,58.076117],[-153.026926,57.988756],[-153.418365,58.065985]]],[[[-151.866078,58.257758],[-151.805979,58.212104],[-151.868886,58.173529],[-151.866078,58.257758]]],[[[-135.847971,57.394355],[-136.355702,58.219875],[-134.924794,58.027493],[-135.847971,57.394355]]],[[[-134.597279,58.23725],[-134.621083,58.323228],[-134.381256,58.271389],[-134.597279,58.23725]]],[[[-134.353993,57.092719],[-134.961008,58.404853],[-133.789296,57.588853],[-134.306752,58.09809],[-134.353993,57.092719]]],[[[-151.966013,58.332831],[-152.708079,58.052069],[-152.68163,58.439643],[-151.966013,58.332831]]],[[[-152.644399,58.518459],[-152.496653,58.604967],[-152.347483,58.606513],[-152.644399,58.518459]]],[[[-160.947643,58.737648],[-160.77263,58.716292],[-161.080416,58.580437],[-160.947643,58.737648]]],[[[-152.249705,58.922512],[-152.323801,58.951117],[-152.159291,58.949286],[-152.249705,58.922512]]],[[[-150.704172,59.395453],[-150.608591,59.381171],[-150.76183,59.316799],[-150.704172,59.395453]]],[[[-153.524526,59.330268],[-153.538157,59.377102],[-153.397939,59.408515],[-153.524526,59.330268]]],[[[-150.334828,59.456977],[-150.321278,59.422349],[-150.379099,59.431383],[-150.334828,59.456977]]],[[[-144.341786,59.984524],[-144.242177,59.99136],[-144.578847,59.817776],[-144.341786,59.984524]]],[[[-148.005035,60.046576],[-148.182322,59.964057],[-148.223256,59.99136],[-148.005035,60.046576]]],[[[-147.82665,60.052802],[-147.98176,59.959052],[-147.891754,60.069037],[-147.82665,60.052802]]],[[[-147.963775,60.07392],[-148.133127,60.031073],[-147.966461,60.156562],[-147.963775,60.07392]]],[[[-148.159373,60.043158],[-148.271189,60.067206],[-148.069325,60.186957],[-148.159373,60.043158]]],[[[-147.107249,60.2862],[-147.716786,59.820014],[-147.303822,60.226874],[-147.107249,60.2862]]],[[[-147.977447,60.375556],[-148.014109,60.308336],[-148.128285,60.306627],[-147.977447,60.375556]]],[[[-145.174428,60.382392],[-145.119781,60.355048],[-145.181956,60.31977],[-145.174428,60.382392]]],[[[-146.188629,60.402167],[-146.64859,60.25788],[-146.61266,60.478095],[-146.188629,60.402167]]],[[[-147.771392,60.409654],[-147.629058,60.426174],[-147.881907,60.230455],[-147.771392,60.409654]]],[[[-151.869822,60.485419],[-152.038564,60.350409],[-151.990224,60.419094],[-151.869822,60.485419]]],[[[-145.757232,60.62873],[-145.913686,60.536811],[-146.093088,60.525784],[-145.757232,60.62873]]],[[[-147.49767,60.656684],[-147.413075,60.702053],[-147.339711,60.645575],[-147.49767,60.656684]]],[[[-147.929067,60.718166],[-147.922231,60.684027],[-147.978831,60.725979],[-147.929067,60.718166]]],[[[-148.16865,60.662909],[-148.158681,60.764716],[-148.108022,60.709703],[-148.16865,60.662909]]],[[[-148.087351,60.800116],[-148.081492,60.892035],[-147.919342,60.838324],[-148.087351,60.800116]]],[[[-162.34081,63.602484],[-162.384145,63.557766],[-162.602528,63.613715],[-162.34081,63.602484]]],[[[-163.185374,69.610256],[-163.129099,69.681545],[-163.174062,69.5633],[-163.185374,69.610256]]],[[[-141.423085,69.721869],[-141.472564,69.720771],[-141.800282,69.809149],[-141.423085,69.721869]]],[[[-163.055776,69.804511],[-162.841135,69.93476],[-163.042185,69.801581],[-163.055776,69.804511]]],[[[-162.701772,70.022325],[-162.559926,70.092434],[-162.69933,69.999742],[-162.701772,70.022325]]],[[[-162.484527,70.173163],[-162.343739,70.220201],[-162.539133,70.113715],[-162.484527,70.173163]]],[[[-161.551137,70.325995],[-161.912099,70.339911],[-161.96996,70.321234],[-161.551137,70.325995]]],[[[-148.819692,70.469794],[-149.015696,70.484931],[-149.236277,70.55329],[-148.819692,70.469794]]],[[[-81.746246,24.576117],[-81.746246,24.569892],[-81.784413,24.546129],[-81.746246,24.576117]]],[[[-81.705312,24.597805],[-81.654612,24.593207],[-81.711497,24.576117],[-81.705312,24.597805]]],[[[-81.506012,24.638821],[-81.561676,24.622748],[-81.554514,24.651801],[-81.506012,24.638821]]],[[[-81.087717,24.68594],[-81.11559,24.715725],[-81.043691,24.724311],[-81.087717,24.68594]]],[[[-81.430287,24.754828],[-81.417307,24.748684],[-81.340566,24.646715],[-81.430287,24.754828]]],[[[-80.923818,24.76911],[-80.932118,24.763739],[-81.03307,24.720689],[-80.923818,24.76911]]],[[[-80.800364,24.843573],[-80.793528,24.830552],[-80.793528,24.816881],[-80.800364,24.843573]]],[[[-80.320546,25.248277],[-80.55016,25.014879],[-80.35733,25.227362],[-80.320546,25.248277]]],[[[-80.190175,25.481024],[-80.232533,25.404731],[-80.199941,25.489814],[-80.190175,25.481024]]],[[[-80.162913,25.672838],[-80.173573,25.702867],[-80.175689,25.718329],[-80.162913,25.672838]]],[[[-82.129221,26.461127],[-82.088246,26.419501],[-82.204945,26.550482],[-82.129221,26.461127]]],[[[-82.260162,26.701321],[-82.245961,26.694525],[-82.225453,26.611274],[-82.260162,26.701321]]],[[[-82.136708,26.584662],[-82.14391,26.694648],[-82.088246,26.560452],[-82.136708,26.584662]]],[[[-82.273834,26.803127],[-82.259104,26.73725],[-82.277821,26.785061],[-82.273834,26.803127]]],[[[-97.198313,26.276109],[-97.318105,26.616441],[-97.385406,26.900377],[-97.198313,26.276109]]],[[[-82.65746,27.396796],[-82.680979,27.434068],[-82.593088,27.33983],[-82.65746,27.396796]]],[[[-97.075429,27.814521],[-97.388092,27.223944],[-97.245107,27.623196],[-97.075429,27.814521]]],[[[-80.388783,27.718655],[-80.42219,27.804999],[-80.268951,27.38231],[-80.388783,27.718655]]],[[[-96.880238,28.130113],[-96.938222,27.983059],[-96.95934,27.983059],[-96.880238,28.130113]]],[[[-80.636464,28.181057],[-80.640696,28.204169],[-80.631988,28.190416],[-80.636464,28.181057]]],[[[-96.427724,28.393297],[-96.781158,28.126451],[-96.722239,28.20897],[-96.427724,28.393297]]],[[[-96.3697,28.406928],[-96.232533,28.482733],[-96.254954,28.471096],[-96.3697,28.406928]]],[[[-80.67748,28.578925],[-80.664215,28.31509],[-80.714711,28.369778],[-80.67748,28.578925]]],[[[-90.943715,29.060777],[-90.903188,29.057196],[-90.879628,29.051256],[-90.943715,29.060777]]],[[[-90.346547,29.058051],[-90.31078,29.082424],[-90.293609,29.086127],[-90.346547,29.058051]]],[[[-89.962961,29.270982],[-89.955474,29.25731],[-90.030629,29.216376],[-89.962961,29.270982]]],[[[-94.81428,29.352932],[-94.967765,29.207876],[-94.821645,29.331122],[-94.81428,29.352932]]],[[[-89.167836,29.50373],[-89.161366,29.500637],[-89.203236,29.469143],[-89.167836,29.50373]]],[[[-91.802073,29.490058],[-91.973704,29.62051],[-91.758534,29.586737],[-91.802073,29.490058]]],[[[-85.141754,29.640855],[-85.212799,29.688707],[-85.08609,29.685736],[-85.141754,29.640855]]],[[[-84.737375,29.736477],[-84.788238,29.695502],[-85.031565,29.610907],[-84.737375,29.736477]]],[[[-89.45519,29.791693],[-89.440256,29.748481],[-89.48998,29.736477],[-89.45519,29.791693]]],[[[-89.304351,29.805365],[-89.283762,29.811021],[-89.290679,29.771226],[-89.304351,29.805365]]],[[[-84.617014,29.805365],[-84.583608,29.821845],[-84.608713,29.789252],[-84.617014,29.805365]]],[[[-89.234364,29.948432],[-89.24059,29.929348],[-89.293935,29.920071],[-89.234364,29.948432]]],[[[-89.272939,29.982082],[-89.304107,29.932359],[-89.309438,29.93651],[-89.272939,29.982082]]],[[[-88.872426,30.058661],[-88.854563,29.769192],[-88.823964,29.9289],[-88.872426,30.058661]]],[[[-89.433013,30.145697],[-89.426422,30.148383],[-89.431264,30.133368],[-89.433013,30.145697]]],[[[-89.188344,30.079739],[-89.291168,30.064846],[-89.254465,30.117987],[-89.188344,30.079739]]],[[[-88.940785,30.217515],[-88.927846,30.217597],[-88.969309,30.210639],[-88.940785,30.217515]]],[[[-88.503041,30.216254],[-88.503041,30.223782],[-88.434193,30.209418],[-88.503041,30.216254]]],[[[-89.057973,30.257799],[-89.089467,30.196601],[-89.098948,30.216254],[-89.057973,30.257799]]],[[[-88.643056,30.240465],[-88.537913,30.224433],[-88.756337,30.250434],[-88.643056,30.240465]]],[[[-88.071116,30.250434],[-88.296986,30.244696],[-88.125315,30.265082],[-88.071116,30.250434]]],[[[-86.693756,30.408108],[-86.562789,30.401265],[-87.022776,30.374579],[-86.693756,30.408108]]],[[[-81.478749,30.805976],[-81.432688,30.938788],[-81.441558,30.827379],[-81.478749,30.805976]]],[[[-118.358766,32.827828],[-118.506772,32.865249],[-118.595691,33.035281],[-118.358766,32.827828]]],[[[-79.340443,33.060248],[-79.368398,33.005683],[-79.337758,33.066148],[-79.340443,33.060248]]],[[[-119.488604,33.267188],[-119.472942,33.215324],[-119.574225,33.258797],[-119.488604,33.267188]]],[[[-118.515654,33.423005],[-118.493061,33.441589],[-118.308665,33.33642],[-118.515654,33.423005]]],[[[-77.96996,33.889553],[-77.96996,33.847968],[-78.017812,33.875881],[-77.96996,33.889553]]],[[[-120.044139,34.037273],[-120.071291,33.911785],[-120.225493,33.988458],[-120.044139,34.037273]]],[[[-120.344582,34.046492],[-120.373825,34.017764],[-120.415274,34.054496],[-120.344582,34.046492]]],[[[-119.529426,34.025248],[-119.817205,33.959338],[-119.824371,34.05508],[-119.529426,34.025248]]],[[[-77.87442,34.088121],[-77.844228,34.166653],[-77.823354,34.171861],[-77.87442,34.088121]]],[[[-77.431874,34.499661],[-77.3544,34.521186],[-77.514556,34.453762],[-77.431874,34.499661]]],[[[-76.565338,34.670966],[-76.537709,34.642157],[-76.643219,34.678412],[-76.565338,34.670966]]],[[[-76.89745,34.698228],[-76.681467,34.698228],[-77.099762,34.649848],[-76.89745,34.698228]]],[[[-76.256256,34.913642],[-76.249664,34.903225],[-76.530629,34.589057],[-76.256256,34.913642]]],[[[-76.078114,35.071601],[-76.043935,35.056301],[-76.137278,35.003404],[-76.078114,35.071601]]],[[[-75.98998,35.12344],[-75.798899,35.184231],[-75.817372,35.162909],[-75.98998,35.12344]]],[[[-75.476064,35.69538],[-75.733388,35.194037],[-75.498769,35.38288],[-75.476064,35.69538]]],[[[-75.715688,35.92475],[-75.688344,35.938422],[-75.622141,35.834662],[-75.715688,35.92475]]],[[[-75.656127,37.461506],[-75.719214,37.368298],[-75.684319,37.436735],[-75.656127,37.461506]]],[[[-75.621981,37.57112],[-75.602195,37.562408],[-75.674375,37.485835],[-75.621981,37.57112]]],[[[-76.005365,38.026514],[-76.017226,37.928794],[-76.045255,37.980088],[-76.005365,38.026514]]],[[[-76.03323,38.148551],[-76.079009,38.182844],[-76.036218,38.189908],[-76.03323,38.148551]]],[[[-75.15331,38.207017],[-75.352278,37.867622],[-75.339101,37.916205],[-75.15331,38.207017]]],[[[-74.358795,39.44717],[-74.31786,39.454006],[-74.430898,39.42536],[-74.358795,39.44717]]],[[[-74.132883,39.714667],[-74.129682,39.70129],[-74.255767,39.529731],[-74.132883,39.714667]]],[[[-73.256144,40.639052],[-73.566393,40.59032],[-73.357601,40.640328],[-73.256144,40.639052]]],[[[-74.126088,40.63349],[-74.133918,40.532668],[-74.239392,40.51694],[-74.126088,40.63349]]],[[[-72.881511,40.7344],[-72.913477,40.712901],[-73.255292,40.629668],[-72.881511,40.7344]]],[[[-71.918935,41.064887],[-73.892936,40.614289],[-73.091298,40.94835],[-71.918935,41.064887]]],[[[-71.559474,41.201024],[-71.571572,41.149769],[-71.591217,41.197333],[-71.559474,41.201024]]],[[[-71.998734,41.251666],[-72.011349,41.276208],[-71.939757,41.292197],[-71.998734,41.251666]]],[[[-70.054149,41.392686],[-70.137745,41.247152],[-70.089711,41.289984],[-70.054149,41.392686]]],[[[-70.5006,41.393622],[-70.455719,41.429633],[-70.45287,41.358873],[-70.5006,41.393622]]],[[[-70.576405,41.427802],[-70.786407,41.304145],[-70.689605,41.433092],[-70.576405,41.427802]]],[[[-71.357818,41.558173],[-71.392649,41.463284],[-71.387807,41.512885],[-71.357818,41.558173]]],[[[-69.973012,41.653713],[-69.95995,41.640692],[-70.002105,41.553778],[-69.973012,41.653713]]],[[[-71.285512,41.581732],[-71.237538,41.509508],[-71.351308,41.477851],[-71.285512,41.581732]]],[[[-123.973997,46.49293],[-123.947118,46.44868],[-123.997763,46.453397],[-123.973997,46.49293]]],[[[-122.435129,47.425727],[-122.439849,47.392808],[-122.531484,47.35692],[-122.435129,47.425727]]],[[[-122.496938,47.607123],[-122.57787,47.601549],[-122.537709,47.714789],[-122.496938,47.607123]]],[[[-122.729319,48.096747],[-122.681508,48.00727],[-122.729319,48.082994],[-122.729319,48.096747]]],[[[-122.359364,47.97663],[-122.614858,48.074897],[-122.608998,48.29914],[-122.359364,47.97663]]],[[[-122.861928,48.489325],[-122.827748,48.417385],[-122.910308,48.513577],[-122.861928,48.489325]]],[[[-122.693715,48.585924],[-122.688059,48.547024],[-122.73705,48.577135],[-122.693715,48.585924]]],[[[-123.020172,48.499335],[-123.0537,48.472602],[-123.158437,48.614569],[-123.020172,48.499335]]],[[[-122.745839,48.664374],[-122.905914,48.697333],[-122.985463,48.633043],[-122.745839,48.664374]]],[[[-122.621409,48.668524],[-122.662221,48.670315],[-122.698476,48.734687],[-122.621409,48.668524]]],[[[-166.094553,53.980658],[-166.111521,53.956],[-166.196116,53.981024],[-166.094553,53.980658]]],[[[-159.521474,54.792222],[-159.569325,54.754584],[-159.604197,54.812323],[-159.521474,54.792222]]],[[[-161.333567,55.191474],[-161.369822,55.165351],[-161.372263,55.219143],[-161.333567,55.191474]]],[[[-161.559031,55.254462],[-161.574086,55.207017],[-161.676869,55.200181],[-161.559031,55.254462]]],[[[-160.036244,55.326199],[-160.072947,55.308295],[-160.085439,55.343411],[-160.036244,55.326199]]],[[[-159.312734,55.811225],[-159.289622,55.76789],[-159.344716,55.783881],[-159.312734,55.811225]]],[[[-156.680409,56.039008],[-156.683665,56.012437],[-156.725168,56.041327],[-156.680409,56.039008]]],[[[-156.779897,56.189643],[-156.809397,56.1789],[-156.792592,56.220689],[-156.779897,56.189643]]],[[[-157.812327,56.342882],[-157.833323,56.313666],[-157.89741,56.347398],[-157.812327,56.342882]]],[[[-153.833811,57.502021],[-153.881459,57.476142],[-153.875722,57.533108],[-153.833811,57.502021]]],[[[-152.343902,57.923326],[-152.504832,57.925727],[-152.46345,57.95954],[-152.343902,57.923326]]],[[[-152.744374,57.983832],[-152.739858,57.951646],[-152.827097,57.936957],[-152.744374,57.983832]]],[[[-152.81135,58.290351],[-152.858266,58.334866],[-152.819325,58.321112],[-152.81135,58.290351]]],[[[-160.258738,58.678616],[-160.271297,58.651765],[-160.301547,58.708952],[-160.258738,58.678616]]],[[[-160.384592,58.730862],[-160.393015,58.699652],[-160.435536,58.691148],[-160.384592,58.730862]]],[[[-150.210846,61.173041],[-150.196238,61.141303],[-150.259999,61.133124],[-150.210846,61.173041]]],[[[-164.586903,63.064439],[-164.567006,63.046291],[-164.611806,63.046698],[-164.586903,63.064439]]],[[[-179.143503,51.275051],[-179.069447,51.262844],[-179.119008,51.215399],[-179.143503,51.275051]]],[[[-178.985829,51.384223],[-178.913889,51.345771],[-178.992665,51.326239],[-178.985829,51.384223]]],[[[-178.786529,51.829901],[-178.808298,51.747301],[-178.858876,51.795722],[-178.786529,51.829901]]],[[[-176.264719,51.810004],[-176.330515,51.730292],[-176.347157,51.86994],[-176.264719,51.810004]]],[[[-176.011464,51.829901],[-176.13561,51.829901],[-176.223744,51.843573],[-176.011464,51.829901]]],[[[-175.990956,51.884508],[-175.956776,51.860826],[-176.020945,51.912787],[-175.990956,51.884508]]],[[[-177.800282,51.795722],[-177.933461,51.5987],[-178.062082,51.799628],[-177.800282,51.795722]]],[[[-177.122182,51.932929],[-177.306874,51.692694],[-177.704701,51.706366],[-177.122182,51.932929]]],[[[-175.72411,51.973863],[-175.662058,51.959621],[-175.726064,51.933051],[-175.72411,51.973863]]],[[[-176.437245,51.788275],[-176.902781,51.626939],[-176.758778,51.953437],[-176.437245,51.788275]]],[[[-175.867502,51.987494],[-175.876414,51.96894],[-175.897898,51.986274],[-175.867502,51.987494]]],[[[-176.138743,51.994371],[-176.143259,52.107123],[-175.975087,52.021918],[-176.138743,51.994371]]],[[[-173.123402,52.107978],[-173.688832,52.069485],[-173.733632,52.130845],[-173.123402,52.107978]]],[[[-172.407175,52.385443],[-172.41279,52.278551],[-172.598826,52.313422],[-172.407175,52.385443]]],[[[-174.051951,52.24079],[-174.703725,52.030585],[-174.526723,52.151313],[-174.051951,52.24079]]],[[[-171.256418,52.529446],[-171.211659,52.484442],[-171.276845,52.453681],[-171.256418,52.529446]]],[[[-170.604644,52.687079],[-170.670847,52.589016],[-170.755483,52.659125],[-170.604644,52.687079]]],[[[-170.1044,52.78266],[-170.065745,52.741441],[-170.179677,52.780015],[-170.1044,52.78266]]],[[[-169.686635,52.872016],[-169.76179,52.795722],[-169.964101,52.857733],[-169.686635,52.872016]]],[[[-170.070261,52.919176],[-170.030588,52.864569],[-170.124827,52.888617],[-170.070261,52.919176]]],[[[-169.693471,53.035875],[-169.68635,52.989],[-169.760487,52.968695],[-169.693471,53.035875]]],[[[-167.857493,53.392768],[-168.934682,52.882636],[-168.473744,53.274237],[-167.857493,53.392768]]],[[[-166.136952,53.837836],[-166.14448,53.772528],[-166.290517,53.795356],[-166.136952,53.837836]]],[[[-166.294301,53.727973],[-167.570546,53.396308],[-166.938303,53.975002],[-166.294301,53.727973]]],[[[-165.266713,54.091051],[-165.271352,54.064683],[-165.326039,54.06684],[-165.266713,54.091051]]],[[[-165.739084,54.12519],[-165.956899,54.060736],[-165.945505,54.222073],[-165.739084,54.12519]]],[[[-165.485829,54.173651],[-165.600697,54.242011],[-165.513173,54.297187],[-165.485829,54.173651]]],[[[-159.284535,54.940823],[-159.219472,54.906806],[-159.317738,54.933783],[-159.284535,54.940823]]],[[[-159.390085,55.023383],[-159.445668,54.985053],[-159.444163,55.060981],[-159.390085,55.023383]]],[[[-159.524159,55.071112],[-159.654368,55.073391],[-159.582509,55.177151],[-159.524159,55.071112]]],[[[-159.901479,55.140082],[-160.208445,54.873847],[-160.064076,55.128852],[-159.901479,55.140082]]],[[[-163.139027,55.40351],[-163.171946,55.404039],[-163.142771,55.441067],[-163.139027,55.40351]]],[[[-154.899622,19.567016],[-155.87813,19.029072],[-155.880483,20.252021],[-154.899622,19.567016]]],[[[-156.561774,20.598008],[-156.572919,20.512984],[-156.700562,20.525427],[-156.561774,20.598008]]],[[[-156.848378,20.876817],[-156.876775,20.744265],[-156.992136,20.84634],[-156.848378,20.876817]]],[[[-156.001698,20.800442],[-156.533899,20.774139],[-156.492993,20.921798],[-156.001698,20.800442]]],[[[-156.749013,21.170966],[-157.222572,21.086839],[-157.173573,21.205146],[-156.749013,21.170966]]],[[[-157.706824,21.351995],[-157.990729,21.377612],[-157.982646,21.70985],[-157.706824,21.351995]]],[[[-160.113759,22.000271],[-160.085246,21.893536],[-160.224359,21.789243],[-160.113759,22.000271]]],[[[-159.301259,22.151028],[-159.596341,21.893699],[-159.668188,22.169478],[-159.301259,22.151028]]],[[[179.400076,51.408433],[179.039073,51.482896],[178.920177,51.611802],[179.400076,51.408433]]],[[[178.252208,51.829901],[178.381114,51.772366],[178.285981,51.79975],[178.252208,51.829901]]],[[[178.533946,51.987494],[178.574229,51.905585],[178.463227,51.952053],[178.533946,51.987494]]],[[[179.780935,51.967027],[179.549327,51.894924],[179.574474,52.004381],[179.780935,51.967027]]],[[[177.642589,52.124701],[177.580333,51.925116],[177.293142,51.854071],[177.642589,52.124701]]],[[[175.881847,52.377997],[175.936534,52.371649],[175.962901,52.344062],[175.881847,52.377997]]],[[[173.79127,52.501532],[173.656016,52.370063],[173.491466,52.442043],[173.79127,52.501532]]],[[[174.09669,52.713772],[174.083507,52.726508],[174.113943,52.741034],[174.09669,52.713772]]],[[[173.376638,52.830471],[172.849376,52.791815],[172.762869,53.014146],[173.376638,52.830471]]],[[[-164.972524,54.12519],[-165.116322,54.082953],[-165.133005,54.132636],[-164.972524,54.12519]]],[[[-162.409128,54.406399],[-162.368113,54.392076],[-162.480173,54.401923],[-162.409128,54.406399]]],[[[-162.587229,54.441107],[-162.63268,54.371894],[-162.813832,54.50434],[-162.587229,54.441107]]],[[[-162.374949,54.954413],[-162.230417,54.939154],[-162.342152,54.839545],[-162.374949,54.954413]]],[[[-163.073842,54.687567],[-164.329539,54.502509],[-164.15685,54.956977],[-163.073842,54.687567]]],[[[-161.730662,55.160549],[-161.724721,55.074286],[-161.809031,55.145006],[-161.730662,55.160549]]],[[[-160.325429,55.358547],[-160.361765,55.255113],[-160.504262,55.338039],[-160.325429,55.358547]]],[[[-160.497385,55.194648],[-160.783884,55.166938],[-160.654042,55.314521],[-160.497385,55.194648]]],[[[-160.147939,55.38642],[-160.298777,55.400092],[-160.236928,55.449856],[-160.147939,55.38642]]],[[[-158.708567,55.831488],[-158.845774,55.810981],[-158.853749,55.890937],[-158.708567,55.831488]]],[[[-169.580881,56.609524],[-169.515085,56.578518],[-169.678456,56.576117],[-169.580881,56.609524]]],[[[-170.241567,57.216254],[-170.168568,57.169013],[-170.347279,57.147366],[-170.241567,57.216254]]],[[[-165.582102,59.950995],[-167.062367,59.997504],[-166.131296,60.431464],[-165.582102,59.950995]]],[[[-172.297312,60.351345],[-172.674672,60.35814],[-173.037668,60.565375],[-172.297312,60.351345]]],[[[-169.809967,63.064643],[-169.777089,63.035061],[-169.931874,63.139146],[-169.809967,63.064643]]],[[[-169.440943,63.36354],[-169.489329,63.367825],[-169.529001,63.383368],[-169.440943,63.36354]]],[[[-170.296213,63.239407],[-170.449656,63.3251],[-170.485463,63.344672],[-170.296213,63.239407]]],[[[-170.975209,63.43122],[-171.058542,63.430121],[-171.029246,63.438666],[-170.975209,63.43122]]],[[[-171.090037,63.603909],[-171.07079,63.602484],[-171.0749,63.60224],[-171.090037,63.603909]]],[[[-171.090037,63.603909],[-171.157656,63.609737],[-171.144032,63.611762],[-171.090037,63.603909]]],[[[-168.740712,63.280992],[-170.822499,63.445258],[-171.343129,63.615302],[-168.740712,63.280992]]],[[[-68.848134,44.095526],[-68.786733,44.052354],[-68.860097,44.065212],[-68.848134,44.095526]]],[[[-68.642079,44.260037],[-68.643056,44.184638],[-68.724599,44.219062],[-68.642079,44.260037]]],[[[-68.244822,44.424506],[-68.308787,44.23786],[-68.427276,44.294786],[-68.244822,44.424506]]],[[[-161.947865,23.038031],[-161.946034,23.044582],[-161.940907,23.041978],[-161.947865,23.038031]]],[[[-164.704335,23.579332],[-164.699086,23.570543],[-164.708485,23.57453],[-164.704335,23.579332]]],[[[-167.996775,25.001125],[-167.999867,25.016425],[-167.995066,25.007758],[-167.996775,25.001125]]],[[[-171.722849,25.773017],[-171.72936,25.751939],[-171.739084,25.756293],[-171.722849,25.773017]]],[[[-173.964996,26.071357],[-173.96052,26.063137],[-173.965647,26.05858],[-173.964996,26.071357]]],[[[-178.290381,28.401679],[-178.298397,28.387372],[-178.297988,28.390993],[-178.290381,28.401679]]],[[[-122.705393,47.181952],[-122.689768,47.129584],[-122.742177,47.143744],[-122.705393,47.181952]]],[[[-122.868153,47.268297],[-122.879465,47.172065],[-122.912017,47.269721],[-122.868153,47.268297]]],[[[-82.118398,24.556464],[-82.113759,24.557318],[-82.128774,24.550849],[-82.118398,24.556464]]],[[[-82.119618,24.58511],[-82.145741,24.592719],[-82.109609,24.586127],[-82.119618,24.58511]]],[[[-81.424469,24.654975],[-81.417592,24.65941],[-81.414784,24.647691],[-81.424469,24.654975]]],[[[-81.265207,24.671291],[-81.258372,24.667629],[-81.276031,24.655585],[-81.265207,24.671291]]],[[[-81.448069,24.680569],[-81.446848,24.650784],[-81.455434,24.676093],[-81.448069,24.680569]]],[[[-81.482411,24.683254],[-81.497385,24.663967],[-81.519032,24.687323],[-81.482411,24.683254]]],[[[-81.329457,24.703315],[-81.317779,24.674954],[-81.33788,24.693305],[-81.329457,24.703315]]],[[[-80.700836,24.881008],[-80.718251,24.859442],[-80.735992,24.857367],[-80.700836,24.881008]]],[[[-80.625478,24.936225],[-80.617502,24.938137],[-80.62621,24.92414],[-80.625478,24.936225]]],[[[-81.047475,25.309394],[-81.048492,25.28498],[-81.074615,25.288723],[-81.047475,25.309394]]],[[[-81.089019,25.338853],[-81.090728,25.312812],[-81.116526,25.341946],[-81.089019,25.338853]]],[[[-81.380483,25.82095],[-81.399892,25.794867],[-81.439565,25.8039],[-81.380483,25.82095]]],[[[-81.453359,25.825507],[-81.507883,25.852037],[-81.503041,25.865871],[-81.453359,25.825507]]],[[[-81.676137,25.901272],[-81.690256,25.863105],[-81.708567,25.883775],[-81.676137,25.901272]]],[[[-81.541005,25.890123],[-81.548492,25.857489],[-81.561025,25.894843],[-81.541005,25.890123]]],[[[-82.666005,28.734442],[-82.681874,28.716946],[-82.685618,28.730048],[-82.666005,28.734442]]],[[[-82.696401,28.763983],[-82.697581,28.782294],[-82.673492,28.777086],[-82.696401,28.763983]]],[[[-90.652089,29.067206],[-90.74942,29.040961],[-90.708241,29.065416],[-90.652089,29.067206]]],[[[-90.417388,29.055487],[-90.420155,29.048733],[-90.510976,29.080308],[-90.417388,29.055487]]],[[[-83.038197,29.145209],[-83.036773,29.137519],[-83.057525,29.150092],[-83.038197,29.145209]]],[[[-90.450022,29.235093],[-90.453603,29.237982],[-90.433827,29.255113],[-90.450022,29.235093]]],[[[-89.927846,29.288153],[-89.913157,29.290229],[-89.92927,29.276597],[-89.927846,29.288153]]],[[[-89.994944,29.45661],[-90.062082,29.472846],[-90.04898,29.496649],[-89.994944,29.45661]]],[[[-89.057037,29.562079],[-89.049916,29.565009],[-89.084096,29.529446],[-89.057037,29.562079]]],[[[-88.979604,29.63288],[-88.970082,29.639797],[-88.968821,29.638577],[-88.979604,29.63288]]],[[[-88.925404,29.683092],[-88.938832,29.673285],[-88.874094,29.747463],[-88.925404,29.683092]]],[[[-81.251289,31.504578],[-81.17465,31.521421],[-81.279611,31.385481],[-81.251289,31.504578]]],[[[-81.160555,31.669889],[-81.133527,31.656941],[-81.175071,31.570503],[-81.160555,31.669889]]],[[[-118.234676,33.763153],[-118.257629,33.716554],[-118.260562,33.733454],[-118.234676,33.763153]]],[[[-75.903773,37.129214],[-75.854055,37.260885],[-75.810779,37.200169],[-75.903773,37.129214]]],[[[-72.341559,41.090652],[-72.280482,41.078895],[-72.297891,41.041523],[-72.341559,41.090652]]],[[[-72.131022,41.120472],[-72.084971,41.083543],[-72.102585,41.081343],[-72.131022,41.120472]]],[[[-70.830471,41.260366],[-70.809126,41.259514],[-70.810903,41.248046],[-70.830471,41.260366]]],[[[-70.871176,41.43867],[-70.875984,41.422481],[-70.948503,41.414124],[-70.871176,41.43867]]],[[[-70.724354,41.5111],[-70.742893,41.481654],[-70.832951,41.442465],[-70.724354,41.5111]]],[[[-123.417085,46.204842],[-123.34886,46.166409],[-123.376901,46.15613],[-123.417085,46.204842]]],[[[-123.480747,46.255944],[-123.444335,46.235899],[-123.452664,46.218286],[-123.480747,46.255944]]],[[[-133.520334,54.814114],[-133.543975,54.779446],[-133.545155,54.816026],[-133.520334,54.814114]]],[[[-131.18915,55.103431],[-131.189992,55.048337],[-131.254895,55.069237],[-131.18915,55.103431]]],[[[-133.307277,55.432187],[-133.236057,55.44022],[-133.274493,55.40428],[-133.307277,55.432187]]],[[[-152.288189,57.396985],[-152.255922,57.384243],[-152.298183,57.363155],[-152.288189,57.396985]]],[[[-136.137573,58.265089],[-136.106984,58.303409],[-136.027939,58.294969],[-136.137573,58.265089]]],[[[-135.718503,58.346144],[-135.654904,58.379797],[-135.543345,58.334832],[-135.718503,58.346144]]],[[[-152.035227,58.951687],[-152.055165,58.914293],[-152.061838,58.938096],[-152.035227,58.951687]]],[[[-151.687859,59.129656],[-151.646924,59.103936],[-151.699838,59.097939],[-151.687859,59.129656]]],[[[-151.465133,59.138191],[-151.438209,59.127182],[-151.459556,59.109014],[-151.465133,59.138191]]],[[[-151.858987,59.163867],[-151.788782,59.153053],[-151.853312,59.144766],[-151.858987,59.163867]]],[[[-146.323598,59.452135],[-146.308217,59.447089],[-146.340688,59.411444],[-146.323598,59.452135]]],[[[-152.563181,60.14997],[-152.611155,60.131049],[-152.632395,60.174791],[-152.563181,60.14997]]],[[[-147.360422,60.300727],[-147.370269,60.262844],[-147.493886,60.263129],[-147.360422,60.300727]]],[[[-173.06432,60.642524],[-173.068715,60.624213],[-173.071726,60.686225],[-173.06432,60.642524]]],[[[-146.820306,60.841694],[-146.76162,60.87925],[-146.718009,60.828393],[-146.820306,60.841694]]],[[[-147.094146,60.897935],[-147.318918,60.877265],[-147.175852,60.89997],[-147.094146,60.897935]]],[[[-165.948923,62.029527],[-165.973948,62.018744],[-165.995595,62.054267],[-165.948923,62.029527]]],[[[-168.035512,64.985297],[-168.02656,64.968085],[-168.09675,64.965399],[-168.035512,64.985297]]],[[[-168.907908,65.768297],[-168.909861,65.739569],[-168.951731,65.75316],[-168.907908,65.768297]]],[[[-167.777008,65.773017],[-167.760447,65.764635],[-167.827219,65.738593],[-167.777008,65.773017]]],[[[-167.670969,65.793687],[-167.662831,65.78205],[-167.73054,65.745673],[-167.670969,65.793687]]],[[[-166.859486,66.03974],[-167.027048,65.974677],[-167.164906,65.931708],[-166.859486,66.03974]]],[[[-166.283518,66.200629],[-166.386545,66.160712],[-166.686635,66.084784],[-166.283518,66.200629]]],[[[-166.088531,66.256171],[-166.047109,66.254828],[-166.14741,66.220364],[-166.088531,66.256171]]],[[[-165.864329,66.316881],[-165.873158,66.300116],[-166.010365,66.257717],[-165.864329,66.316881]]],[[[-165.488718,66.409003],[-165.601389,66.376654],[-165.680531,66.35932],[-165.488718,66.409003]]],[[[-165.488718,66.409003],[-165.484771,66.410305],[-165.448313,66.418769],[-165.488718,66.409003]]],[[[-165.342641,66.436713],[-165.378367,66.4289],[-165.381663,66.425686],[-165.342641,66.436713]]],[[[-165.342641,66.436713],[-165.326405,66.440253],[-165.322703,66.440416],[-165.342641,66.436713]]],[[[-164.763336,66.546454],[-164.795359,66.52912],[-164.929311,66.504828],[-164.763336,66.546454]]]]}},{"type":"Feature","properties":{"name":"Canada","ISO3166-1-Alpha-3":"CAN","ISO3166-1-Alpha-2":"CA"},"geometry":{"type":"MultiPolygon","coordinates":[[[[-95.160569,49.369494],[-123.090506,48.992515],[-124.813832,50.927191],[-127.777008,51.167222],[-126.603424,51.713813],[-127.873687,51.673407],[-126.672271,51.987494],[-126.969553,52.829413],[-128.392242,52.296047],[-128.598297,54.030219],[-129.289784,53.385403],[-130.482533,54.373684],[-129.478017,55.483466],[-130.124827,55.005276],[-130.071539,56.084123],[-135.032942,59.573109],[-137.486875,58.900075],[-139.079465,60.341021],[-140.994929,60.304382],[-141.005564,69.650946],[-135.149037,68.660468],[-135.967763,69.222154],[-129.406484,70.121161],[-132.922027,68.693996],[-127.991526,70.592922],[-125.448842,69.319159],[-124.408111,70.155422],[-124.422841,69.366645],[-113.905385,68.399807],[-115.118235,67.8039],[-110.059641,68.005072],[-107.241526,66.348538],[-107.879506,68.093004],[-105.648346,68.638739],[-108.815053,68.274237],[-106.22175,68.94599],[-102.218902,67.69184],[-95.896718,68.296739],[-96.46524,67.478013],[-95.330312,67.010362],[-96.455678,67.05976],[-95.643463,66.669298],[-95.478383,68.063422],[-93.374867,68.638739],[-94.636098,68.756049],[-93.450592,69.489691],[-96.53189,70.136176],[-95.225168,71.94953],[-91.510976,70.161322],[-92.923004,69.674058],[-90.311757,69.454332],[-91.449534,69.352525],[-90.270823,68.242133],[-89.331695,69.249498],[-88.022613,68.808661],[-87.516184,67.11872],[-84.528188,69.023627],[-85.563222,69.8581],[-82.253407,69.64057],[-83.293813,69.539903],[-81.273305,69.0987],[-82.650624,68.433905],[-81.502919,67.001044],[-84.939076,67.055976],[-83.690785,66.199205],[-86.782541,66.522203],[-85.856662,66.16283],[-87.380767,65.329698],[-91.497304,65.946845],[-86.938222,65.141954],[-90.22057,63.613227],[-93.77953,64.191514],[-90.626454,63.061265],[-93.252024,62.369818],[-94.800608,60.498399],[-94.361724,58.223009],[-93.189524,58.759711],[-92.881988,56.914537],[-88.879221,56.859931],[-85.417307,54.999213],[-82.330922,55.162543],[-81.882802,52.19359],[-79.334299,50.726915],[-78.408193,52.248236],[-79.765614,54.659613],[-76.515126,56.438178],[-78.566477,58.620836],[-77.189198,60.060248],[-78.154897,62.297309],[-73.670725,62.482123],[-69.36974,60.916815],[-71.035064,60.066474],[-69.561513,59.864691],[-70.254221,58.771674],[-68.191029,58.546373],[-69.36974,57.770494],[-66.053375,58.332831],[-64.380605,60.245185],[-62.844594,58.685167],[-63.593007,58.305528],[-62.558258,58.477484],[-63.339752,57.983995],[-61.35912,57.089586],[-62.585601,56.797838],[-60.334706,55.781968],[-60.687571,54.995429],[-57.350413,54.589423],[-60.920277,53.714301],[-57.466176,54.200303],[-55.616526,52.220323],[-60.134877,50.212999],[-66.46817,50.2685],[-69.676015,48.149888],[-71.069814,48.444648],[-69.735951,48.122504],[-76.797194,43.64527],[-82.451319,41.671902],[-82.532141,45.293516],[-84.110443,46.526464],[-95.160569,49.369494]]],[[[-67.176015,45.178656],[-67.813556,47.081908],[-69.221972,47.459688],[-70.892412,45.234604],[-74.712961,44.999254],[-65.565785,49.266466],[-64.188832,48.526597],[-66.84789,47.998969],[-60.968658,45.271633],[-65.474843,43.470933],[-66.180328,44.434434],[-63.360219,45.36107],[-64.929311,45.326321],[-64.748687,46.089911],[-67.176015,45.178656]]],[[[-66.901031,44.88939],[-66.97525,44.860745],[-66.933583,44.941474],[-66.901031,44.88939]]],[[[-66.963531,44.961005],[-67.014312,44.963609],[-66.954416,45.027411],[-66.963531,44.961005]]],[[[-55.877187,47.266018],[-55.938954,47.271877],[-55.863596,47.29328],[-55.877187,47.266018]]],[[[-54.122548,47.642727],[-54.351064,47.403022],[-54.183258,47.615871],[-54.122548,47.642727]]],[[[-55.925038,47.677476],[-55.903635,47.607082],[-56.097646,47.629788],[-55.925038,47.677476]]],[[[-54.095123,47.619127],[-54.065012,47.627997],[-54.071034,47.518256],[-54.095123,47.619127]]],[[[-53.567698,48.190823],[-53.5655,48.08218],[-53.928375,48.183336],[-53.567698,48.190823]]],[[[-54.65689,49.465725],[-54.684438,49.42768],[-54.753774,49.445217],[-54.65689,49.465725]]],[[[-55.725738,49.561916],[-55.657094,49.541449],[-55.733225,49.513495],[-55.725738,49.561916]]],[[[-55.578969,49.609687],[-55.714467,49.571479],[-55.65746,49.623358],[-55.578969,49.609687]]],[[[-54.883453,49.55508],[-54.633697,49.633775],[-54.73644,49.524359],[-54.883453,49.55508]]],[[[-54.276763,49.575588],[-54.205068,49.698432],[-54.041005,49.696682],[-54.276763,49.575588]]],[[[-59.350575,50.603461],[-59.337514,50.644436],[-59.327463,50.54621],[-59.350575,50.603461]]],[[[-55.510365,50.805121],[-55.47175,50.770087],[-55.646392,50.732611],[-55.510365,50.805121]]],[[[-55.527821,50.972724],[-55.567372,50.915269],[-55.613393,50.931342],[-55.527821,50.972724]]],[[[-58.398427,51.254543],[-58.5537,51.245307],[-58.412099,51.281806],[-58.398427,51.254543]]],[[[-52.628814,47.526679],[-53.554677,46.618354],[-54.081532,47.875474],[-55.73941,46.854438],[-54.698557,47.67064],[-59.405832,47.896633],[-55.892812,51.627753],[-56.856679,49.548245],[-53.492543,49.287543],[-53.928944,47.852444],[-52.628814,47.526679]]],[[[-127.918691,51.52204],[-127.960846,51.439521],[-128.156606,51.627875],[-127.918691,51.52204]]],[[[-55.352691,51.884508],[-55.383127,51.959621],[-55.287262,52.000637],[-55.352691,51.884508]]],[[[-128.138336,51.864],[-128.13093,52.044908],[-128.017649,51.772162],[-128.138336,51.864]]],[[[-130.996653,52.111721],[-131.044423,52.02851],[-131.118886,52.075019],[-130.996653,52.111721]]],[[[-127.946604,52.165717],[-127.919789,52.118801],[-128.097401,52.097398],[-127.946604,52.165717]]],[[[-128.248199,52.021674],[-128.263987,52.155707],[-128.155141,52.094306],[-128.248199,52.021674]]],[[[-128.227773,52.212836],[-128.366206,52.087849],[-128.505357,52.153101],[-128.227773,52.212836]]],[[[-128.097401,52.24079],[-127.960846,52.296047],[-128.071278,52.182318],[-128.097401,52.24079]]],[[[-127.240834,52.426418],[-127.625234,52.148342],[-127.841786,52.168118],[-127.240834,52.426418]]],[[[-128.618235,52.453681],[-128.7294,52.332709],[-128.741119,52.474555],[-128.618235,52.453681]]],[[[-128.562978,52.611396],[-128.698883,52.518134],[-128.721059,52.525133],[-128.562978,52.611396]]],[[[-131.564565,52.727444],[-131.485422,52.735989],[-131.590443,52.660549],[-131.564565,52.727444]]],[[[-128.310374,52.429429],[-128.451894,52.630927],[-128.318593,52.687567],[-128.310374,52.429429]]],[[[-128.930084,52.614447],[-129.043365,52.517524],[-129.255727,52.714016],[-128.930084,52.614447]]],[[[-128.310374,52.727444],[-128.173166,52.823635],[-128.229604,52.678453],[-128.310374,52.727444]]],[[[-128.532826,52.727444],[-128.473378,52.853583],[-128.501698,52.66942],[-128.532826,52.727444]]],[[[-129.557281,53.001166],[-129.558502,52.964423],[-129.629262,52.992255],[-129.557281,53.001166]]],[[[-129.564076,53.056342],[-129.548573,53.016913],[-129.608754,53.030707],[-129.564076,53.056342]]],[[[-129.653472,53.132066],[-129.618723,53.06387],[-129.742909,53.132066],[-129.653472,53.132066]]],[[[-129.304067,53.035875],[-129.459584,53.070258],[-129.551747,53.14289],[-129.304067,53.035875]]],[[[-131.112701,52.171942],[-132.141754,52.942939],[-131.983551,52.878241],[-131.112701,52.171942]]],[[[-128.803782,52.70067],[-128.949534,53.01675],[-128.584055,52.686225],[-128.803782,52.70067]]],[[[-129.293528,53.107896],[-129.272369,53.320502],[-129.152577,53.228339],[-129.293528,53.107896]]],[[[-128.913645,53.40644],[-128.940012,53.32392],[-129.112213,53.409329],[-128.913645,53.40644]]],[[[-129.74295,53.235297],[-130.112172,53.330064],[-130.502594,53.549791],[-129.74295,53.235297]]],[[[-129.166249,53.385403],[-129.060658,53.684312],[-128.884267,53.576239],[-129.166249,53.385403]]],[[[-130.406361,53.686998],[-130.23469,53.740709],[-130.114329,53.61815],[-130.406361,53.686998]]],[[[-130.252797,53.892483],[-129.396574,53.292449],[-129.895334,53.48725],[-130.252797,53.892483]]],[[[-130.447377,53.981838],[-130.708404,53.905829],[-130.32787,53.875678],[-130.447377,53.981838]]],[[[-132.579416,53.207221],[-133.072865,54.166815],[-131.660797,54.166815],[-132.579416,53.207221]]],[[[-130.229156,54.118354],[-130.259185,54.182115],[-130.214589,54.187323],[-130.229156,54.118354]]],[[[-130.654042,54.118354],[-130.728505,54.136054],[-130.786733,54.202541],[-130.654042,54.118354]]],[[[-130.353261,54.267646],[-130.365387,54.242499],[-130.436879,54.332668],[-130.353261,54.267646]]],[[[-130.352122,54.267727],[-130.354237,54.29678],[-130.265045,54.278795],[-130.352122,54.267727]]],[[[-130.760162,54.362006],[-130.708648,54.406399],[-130.690175,54.392524],[-130.760162,54.362006]]],[[[-130.742787,54.605618],[-130.961903,54.539781],[-130.879954,54.630927],[-130.742787,54.605618]]],[[[-130.591949,54.742174],[-130.483551,54.81037],[-130.478017,54.712348],[-130.591949,54.742174]]],[[[-130.208363,54.811103],[-130.203765,54.783393],[-130.338124,54.707994],[-130.208363,54.811103]]],[[[-57.871449,54.817857],[-58.213246,54.832465],[-57.945302,54.926581],[-57.871449,54.817857]]],[[[-130.431223,54.789984],[-130.181793,55.031562],[-130.225453,54.889594],[-130.431223,54.789984]]],[[[-60.749013,55.934516],[-60.889272,55.86579],[-60.879303,55.920844],[-60.749013,55.934516]]],[[[-61.009674,56.043769],[-61.184478,56.082994],[-61.082875,56.170071],[-61.009674,56.043769]]],[[[-61.413726,56.373358],[-61.497874,56.323554],[-61.577016,56.392971],[-61.413726,56.373358]]],[[[-61.228831,56.455268],[-61.619781,56.475735],[-61.46231,56.550035],[-61.228831,56.455268]]],[[[-61.215728,56.585639],[-61.133778,56.667548],[-61.071156,56.661322],[-61.215728,56.585639]]],[[[-61.62975,56.84634],[-61.370758,56.847073],[-61.401357,56.780219],[-61.62975,56.84634]]],[[[-61.612945,57.415473],[-61.659332,57.533026],[-61.670644,57.467597],[-61.612945,57.415473]]],[[[-61.85261,57.586127],[-61.962758,57.473944],[-61.952952,57.570705],[-61.85261,57.586127]]],[[[-61.90038,57.764309],[-61.722808,57.784817],[-61.745188,57.713039],[-61.90038,57.764309]]],[[[-61.931386,57.795356],[-62.096669,57.82925],[-61.921051,57.90941],[-61.931386,57.795356]]],[[[-69.101971,59.131323],[-69.23766,58.954169],[-69.304189,59.041938],[-69.101971,59.131323]]],[[[-64.078969,59.799547],[-64.149281,59.721137],[-64.131581,59.768134],[-64.078969,59.799547]]],[[[-107.875356,66.943061],[-107.793446,66.994574],[-107.88858,66.867092],[-107.875356,66.943061]]],[[[-108.046702,66.981513],[-107.995188,66.926947],[-108.098215,66.974066],[-108.046702,66.981513]]],[[[-107.416656,67.11872],[-107.383616,67.083726],[-107.626129,67.188381],[-107.416656,67.11872]]],[[[-108.005727,67.371975],[-108.041127,67.405585],[-107.889027,67.406073],[-108.005727,67.371975]]],[[[-108.286936,67.535793],[-108.479848,67.512152],[-108.425689,67.566107],[-108.286936,67.535793]]],[[[-108.128651,67.645697],[-107.953196,67.535102],[-108.105784,67.468207],[-108.128651,67.645697]]],[[[-97.431711,67.707709],[-97.335276,67.679755],[-97.55309,67.657375],[-97.431711,67.707709]]],[[[-109.211741,67.7897],[-109.039784,67.7897],[-109.052358,67.78498],[-109.211741,67.7897]]],[[[-114.137278,67.887641],[-113.969309,67.880683],[-114.280629,67.891425],[-114.137278,67.887641]]],[[[-113.446034,67.926825],[-113.295277,67.906317],[-113.421539,67.906968],[-113.446034,67.926825]]],[[[-111.089345,67.865424],[-110.808176,67.961005],[-110.859364,67.902899],[-111.089345,67.865424]]],[[[-108.053538,67.954779],[-108.229237,67.881741],[-108.235097,67.930569],[-108.053538,67.954779]]],[[[-108.910715,67.919989],[-109.184682,67.957343],[-109.006256,67.970404],[-108.910715,67.919989]]],[[[-98.966664,68.070868],[-98.932485,68.00259],[-99.046498,68.026923],[-98.966664,68.070868]]],[[[-109.355702,68.057196],[-109.547515,68.057196],[-109.506581,68.08511],[-109.355702,68.057196]]],[[[-110.061431,68.098131],[-109.877675,68.124701],[-110.181752,68.05272],[-110.061431,68.098131]]],[[[-109.856028,68.159613],[-109.581654,68.235907],[-109.675038,68.201728],[-109.856028,68.159613]]],[[[-111.657867,68.304185],[-111.616933,68.283149],[-111.781361,68.255805],[-111.657867,68.304185]]],[[[-100.090688,68.372504],[-100.088368,68.299872],[-100.155507,68.337592],[-100.090688,68.372504]]],[[[-110.836049,68.550686],[-110.698883,68.488593],[-111.082183,68.474921],[-110.836049,68.550686]]],[[[-110.644276,68.550686],[-110.73762,68.543647],[-110.629994,68.578559],[-110.644276,68.550686]]],[[[-104.490142,68.515855],[-104.655181,68.398017],[-105.062164,68.549506],[-104.490142,68.515855]]],[[[-113.967437,68.612128],[-113.941884,68.620307],[-113.795766,68.581732],[-113.967437,68.612128]]],[[[-114.14623,68.67414],[-114.070465,68.619534],[-114.192738,68.680976],[-114.14623,68.67414]]],[[[-101.693959,68.770331],[-101.844797,68.571112],[-102.290435,68.66356],[-101.693959,68.770331]]],[[[-114.473948,68.893256],[-114.438385,68.900377],[-114.350982,68.872748],[-114.473948,68.893256]]],[[[-100.206776,68.8039],[-100.508412,68.797065],[-100.404124,69.029731],[-100.206776,68.8039]]],[[[-100.042307,69.085028],[-100.165842,68.968329],[-100.162709,69.122952],[-100.042307,69.085028]]],[[[-101.529449,69.188056],[-101.644765,69.094672],[-101.69164,69.167141],[-101.529449,69.188056]]],[[[-135.566762,69.386054],[-135.353383,69.39704],[-135.272572,69.348822],[-135.566762,69.386054]]],[[[-100.981435,69.482245],[-101.216379,69.375067],[-101.360829,69.567572],[-100.981435,69.482245]]],[[[-96.554921,69.479193],[-96.353505,69.552924],[-96.126943,69.436713],[-96.554921,69.479193]]],[[[-133.929433,69.577867],[-134.016957,69.585883],[-133.860178,69.617174],[-133.929433,69.577867]]],[[[-95.944488,69.420844],[-95.617909,69.617336],[-95.687367,69.482489],[-95.944488,69.420844]]],[[[-139.113393,69.654202],[-139.02774,69.585354],[-139.250844,69.580634],[-139.113393,69.654202]]],[[[-135.574208,69.577867],[-135.510976,69.648383],[-135.464426,69.592108],[-135.574208,69.577867]]],[[[-102.125966,69.715033],[-102.210561,69.660305],[-102.235829,69.718085],[-102.125966,69.715033]]],[[[-95.214915,68.862209],[-99.597279,69.026679],[-97.92516,69.895941],[-95.214915,68.862209]]],[[[-97.46581,69.900621],[-97.347157,69.951972],[-97.226226,69.879543],[-97.46581,69.900621]]],[[[-124.959218,70.167548],[-125.007802,70.136176],[-125.105336,70.121812],[-124.959218,70.167548]]],[[[-113.165517,70.312161],[-112.946401,70.290432],[-113.207102,70.297838],[-113.165517,70.312161]]],[[[-100.7412,70.312161],[-100.766713,70.267524],[-100.860422,70.301093],[-100.7412,70.312161]]],[[[-111.952707,70.325141],[-112.108469,70.30093],[-112.311757,70.366278],[-111.952707,70.325141]]],[[[-116.664052,70.497056],[-116.571197,70.469794],[-116.785756,70.483222],[-116.664052,70.497056]]],[[[-116.263417,70.551703],[-116.282541,70.520331],[-116.471832,70.53734],[-116.263417,70.551703]]],[[[-116.722076,70.558539],[-116.543609,70.565863],[-116.744456,70.542426],[-116.722076,70.558539]]],[[[-115.885976,70.58218],[-115.815785,70.573676],[-116.064117,70.551703],[-115.885976,70.58218]]],[[[-117.05724,70.571601],[-116.908315,70.543158],[-117.275787,70.550279],[-117.05724,70.571601]]],[[[-128.234609,70.660956],[-128.114247,70.601142],[-128.255116,70.585273],[-128.234609,70.660956]]],[[[-100.351389,70.489651],[-100.517934,70.679267],[-100.267201,70.573798],[-100.351389,70.489651]]],[[[-125.948883,71.963202],[-125.988433,71.970404],[-125.980295,71.983629],[-125.948883,71.963202]]],[[[-110.507069,72.593817],[-110.477528,72.582709],[-110.575266,72.579657],[-110.507069,72.593817]]],[[[-110.397206,72.62051],[-110.36856,72.621039],[-110.348866,72.607489],[-110.397206,72.62051]]],[[[-110.314687,72.655219],[-110.303049,72.633205],[-110.410878,72.642239],[-110.314687,72.655219]]],[[[-100.872182,69.807807],[-103.489613,69.694525],[-101.756012,69.160142],[-102.965891,68.798651],[-106.583892,69.503607],[-113.244008,68.454413],[-117.442047,69.989407],[-111.486562,70.331977],[-117.585439,70.60635],[-118.421498,70.990546],[-115.056752,71.52497],[-119.137603,71.774359],[-114.584299,73.384589],[-114.546132,72.567816],[-111.219635,72.724107],[-111.753326,72.207099],[-109.622629,72.915961],[-107.740956,71.61815],[-108.298329,73.133775],[-106.873443,73.315579],[-104.591176,71.073188],[-100.872182,69.807807]]],[[[-72.948964,66.734565],[-72.193349,67.275702],[-72.994618,68.235907],[-76.624989,68.682359],[-75.59557,69.229071],[-78.839915,70.635688],[-79.591257,70.411322],[-78.799916,69.879543],[-85.782908,69.995185],[-88.907216,70.544867],[-89.557729,71.092963],[-87.002309,70.996772],[-90.118601,71.92886],[-88.687489,73.423041],[-85.105702,73.811998],[-86.737538,72.730943],[-84.837636,71.286566],[-86.823557,70.990546],[-84.799184,70.927883],[-86.050649,72.014553],[-84.16454,72.024604],[-85.682078,72.893622],[-83.95287,72.758246],[-85.463572,73.111884],[-81.528391,73.716213],[-80.245473,72.737779],[-80.985341,71.888088],[-75.198354,72.497626],[-76.414622,71.860785],[-71.117055,71.270453],[-72.570668,70.613186],[-70.621449,71.069322],[-71.542226,70.024115],[-68.362253,70.584296],[-70.472768,69.845404],[-67.808542,70.263739],[-67.115468,69.728664],[-70.021555,69.536851],[-66.788035,69.340033],[-69.397776,68.858466],[-61.267527,66.631578],[-63.510081,65.93651],[-63.535024,64.898505],[-65.50536,65.755072],[-64.353993,66.350287],[-68.84968,66.193305],[-64.666127,64.03262],[-65.169626,62.568427],[-68.993031,63.760728],[-66.0631,61.874945],[-71.402048,63.055569],[-73.30309,64.665717],[-78.299021,64.706732],[-77.391591,65.47309],[-75.296986,64.734076],[-75.949086,65.322455],[-73.474436,65.459621],[-74.472157,66.148586],[-72.948964,66.734565]]],[[[-115.323638,73.508694],[-122.79776,71.087795],[-125.877553,71.964016],[-123.773752,73.765611],[-124.755686,74.348578],[-115.323638,73.508694]]],[[[-123.286936,48.612698],[-123.312652,48.608466],[-123.338612,48.64647],[-123.286936,48.612698]]],[[[-123.369008,48.774237],[-123.540924,48.746324],[-123.590077,48.947414],[-123.369008,48.774237]]],[[[-123.65392,49.033677],[-123.546742,48.976223],[-123.314443,48.88231],[-123.65392,49.033677]]],[[[-123.721262,49.160793],[-123.73233,49.130316],[-123.870473,49.185492],[-123.721262,49.160793]]],[[[-125.949941,49.200751],[-125.960276,49.172105],[-126.0183,49.181464],[-125.949941,49.200751]]],[[[-126.083323,49.314887],[-126.158315,49.273586],[-126.2329,49.3664],[-126.083323,49.314887]]],[[[-123.330678,49.37287],[-123.426178,49.340074],[-123.349965,49.417548],[-123.330678,49.37287]]],[[[-124.232167,49.499335],[-124.297027,49.457913],[-124.373647,49.515286],[-124.232167,49.499335]]],[[[-123.451568,49.445217],[-123.418121,49.530911],[-123.342681,49.442939],[-123.451568,49.445217]]],[[[-124.607411,49.530911],[-124.63561,49.517401],[-124.691274,49.509345],[-124.607411,49.530911]]],[[[-124.70873,49.497016],[-124.722239,49.481879],[-124.836049,49.597724],[-124.70873,49.497016]]],[[[-124.109486,49.677965],[-124.11913,49.754828],[-124.019643,49.776272],[-124.109486,49.677965]]],[[[-124.664418,49.746894],[-124.521067,49.746894],[-124.378407,49.602851],[-124.664418,49.746894]]],[[[-126.658681,49.787828],[-126.961537,49.758531],[-126.930002,49.79682],[-126.658681,49.787828]]],[[[-127.240631,50.021715],[-127.272328,49.977973],[-127.314565,50.013251],[-127.240631,50.021715]]],[[[-125.027496,50.14411],[-124.917592,50.138739],[-124.963043,50.048774],[-125.027496,50.14411]]],[[[-125.198842,50.041083],[-125.344065,50.261664],[-125.191274,50.158189],[-125.198842,50.041083]]],[[[-124.890981,50.192532],[-124.835683,50.281236],[-124.812367,50.12401],[-124.890981,50.192532]]],[[[-124.802642,50.228583],[-124.650746,50.224433],[-124.708608,50.260443],[-124.802642,50.228583]]],[[[-125.336008,50.301744],[-125.177358,50.392524],[-125.134267,50.127916],[-125.336008,50.301744]]],[[[-125.502268,50.413804],[-125.770253,50.380927],[-125.687652,50.410346],[-125.502268,50.413804]]],[[[-125.367991,50.461127],[-125.376536,50.382554],[-125.539784,50.384426],[-125.367991,50.461127]]],[[[-125.749135,50.42182],[-125.948638,50.424994],[-125.793691,50.472357],[-125.749135,50.42182]]],[[[-126.537709,50.583808],[-126.614898,50.55268],[-126.661244,50.590969],[-126.537709,50.583808]]],[[[-126.336537,50.603461],[-126.244618,50.554145],[-126.419057,50.523993],[-126.336537,50.603461]]],[[[-126.403798,50.629828],[-126.452626,50.588121],[-126.52953,50.592231],[-126.403798,50.629828]]],[[[-126.859283,50.645738],[-126.872385,50.624823],[-127.141469,50.654771],[-126.859283,50.645738]]],[[[-126.617665,50.672309],[-126.323476,50.815741],[-126.264394,50.664618],[-126.617665,50.672309]]],[[[-126.782135,50.774726],[-126.782135,50.821926],[-126.562408,50.802069],[-126.782135,50.774726]]],[[[-123.321197,48.495836],[-128.417226,50.771877],[-125.476715,50.339016],[-123.321197,48.495836]]],[[[-127.84557,50.922919],[-127.874989,50.890367],[-127.983022,50.916734],[-127.84557,50.922919]]],[[[-127.545318,51.089789],[-127.556223,51.05036],[-127.599843,51.059027],[-127.545318,51.089789]]],[[[-131.681264,52.842108],[-131.700836,52.817694],[-131.817779,52.846747],[-131.681264,52.842108]]],[[[-132.229644,52.995185],[-132.215688,52.975043],[-132.382558,53.004096],[-132.229644,52.995185]]],[[[-132.978505,54.245998],[-133.000478,54.19009],[-133.077219,54.223863],[-132.978505,54.245998]]],[[[-64.477447,60.33393],[-64.806711,60.486396],[-64.531484,60.375556],[-64.477447,60.33393]]],[[[-67.880798,60.496805],[-68.073623,60.288605],[-68.416585,60.30753],[-67.880798,60.496805]]],[[[-64.61026,60.690172],[-64.59732,60.650214],[-64.703114,60.590644],[-64.61026,60.690172]]],[[[-78.243723,60.834866],[-78.230702,60.813137],[-78.696116,60.714097],[-78.243723,60.834866]]],[[[-64.840566,61.351549],[-65.248118,61.505805],[-64.737538,61.622504],[-64.840566,61.351549]]],[[[-65.703277,61.793158],[-65.875234,61.766547],[-65.790842,61.837592],[-65.703277,61.793158]]],[[[-93.025461,61.916693],[-93.058909,61.829901],[-93.22468,61.90644],[-93.025461,61.916693]]],[[[-65.2412,61.920396],[-64.960357,61.884182],[-64.874338,61.734361],[-65.2412,61.920396]]],[[[-92.271881,62.407375],[-92.325917,62.357245],[-92.374908,62.390326],[-92.271881,62.407375]]],[[[-79.28246,62.269924],[-79.688791,61.625881],[-80.034542,62.277938],[-79.28246,62.269924]]],[[[-92.57665,62.403957],[-92.429067,62.4147],[-92.443227,62.39647],[-92.57665,62.403957]]],[[[-64.380605,62.527493],[-64.470041,62.417629],[-64.792144,62.492743],[-64.380605,62.527493]]],[[[-77.853912,62.588324],[-77.932444,62.547309],[-78.113352,62.574652],[-77.853912,62.588324]]],[[[-77.722971,62.588324],[-77.744049,62.541083],[-77.825917,62.601996],[-77.722971,62.588324]]],[[[-64.966908,62.533677],[-65.049428,62.582668],[-64.86852,62.563137],[-64.966908,62.533677]]],[[[-91.592885,62.650946],[-91.586049,62.626166],[-91.670725,62.671047],[-91.592885,62.650946]]],[[[-91.134145,62.684516],[-90.993153,62.65884],[-91.219838,62.67829],[-91.134145,62.684516]]],[[[-74.016225,62.670844],[-74.653066,62.719306],[-74.439809,62.725043],[-74.016225,62.670844]]],[[[-70.24059,62.615627],[-70.92516,62.745917],[-71.035064,62.829169],[-70.24059,62.615627]]],[[[-82.191314,62.986151],[-82.746693,62.310533],[-83.544504,62.773912],[-82.191314,62.986151]]],[[[-90.620229,63.47956],[-90.599762,63.466539],[-90.719879,63.450751],[-90.620229,63.47956]]],[[[-77.537994,63.287787],[-78.34203,63.292385],[-77.826405,63.432074],[-77.537994,63.287787]]],[[[-90.674875,63.521186],[-90.811757,63.500067],[-90.78189,63.535346],[-90.674875,63.521186]]],[[[-91.463124,63.616767],[-91.401112,63.554755],[-91.482086,63.592434],[-91.463124,63.616767]]],[[[-64.086415,63.335028],[-64.40095,63.465074],[-64.28189,63.516303],[-64.086415,63.335028]]],[[[-76.688873,63.485826],[-77.094716,63.464301],[-77.436879,63.611884],[-76.688873,63.485826]]],[[[-72.474436,63.705512],[-72.540395,63.694525],[-72.599721,63.646674],[-72.474436,63.705512]]],[[[-92.977651,63.904202],[-92.961537,63.879381],[-93.079579,63.896226],[-92.977651,63.904202]]],[[[-64.888336,63.794908],[-64.56428,63.884345],[-64.398549,63.715562],[-64.888336,63.794908]]],[[[-77.973378,63.965562],[-77.791371,64.020819],[-77.627349,64.000963],[-77.973378,63.965562]]],[[[-81.468821,64.191555],[-81.536773,64.223212],[-81.393788,64.229722],[-81.468821,64.191555]]],[[[-73.276357,64.219428],[-73.299631,64.154608],[-73.391184,64.196234],[-73.276357,64.219428]]],[[[-73.529612,64.504055],[-73.565663,64.328315],[-73.605458,64.489244],[-73.529612,64.504055]]],[[[-65.546254,64.548407],[-65.393463,64.739488],[-65.253651,64.654486],[-65.546254,64.548407]]],[[[-62.257232,65.748236],[-62.198598,65.614163],[-62.406646,65.668118],[-62.257232,65.748236]]],[[[-83.503407,65.809719],[-83.369374,65.87108],[-83.350168,65.836982],[-83.503407,65.809719]]],[[[-80.183339,63.767564],[-87.223785,63.660142],[-85.486511,65.924136],[-80.183339,63.767564]]],[[[-85.001129,66.007636],[-84.61734,65.697333],[-85.0454,65.716254],[-85.001129,66.007636]]],[[[-84.473541,66.090237],[-83.533803,65.724311],[-83.785959,65.72842],[-84.473541,66.090237]]],[[[-83.273793,66.309312],[-83.152333,66.312934],[-82.904449,66.268378],[-83.273793,66.309312]]],[[[-62.40746,67.186957],[-62.770863,67.015041],[-62.684682,67.142279],[-62.40746,67.186957]]],[[[-63.517893,67.324164],[-63.460846,67.27025],[-63.668691,67.351467],[-63.517893,67.324164]]],[[[-63.757476,67.522773],[-64.032135,67.55622],[-63.972727,67.652411],[-63.757476,67.522773]]],[[[-73.358266,67.83808],[-74.437978,68.091864],[-73.856191,68.011868],[-73.358266,67.83808]]],[[[-66.296376,68.269477],[-66.261952,68.176947],[-66.596018,68.218695],[-66.296376,68.269477]]],[[[-86.577138,68.290595],[-86.709869,67.758205],[-86.850697,67.965725],[-86.577138,68.290595]]],[[[-75.033518,68.173285],[-75.595855,67.311103],[-77.322662,67.707994],[-75.033518,68.173285]]],[[[-78.909047,68.324042],[-79.097524,68.177069],[-79.183217,68.319078],[-78.909047,68.324042]]],[[[-82.08141,68.307318],[-82.231923,68.36872],[-82.111806,68.352362],[-82.08141,68.307318]]],[[[-74.368764,68.389228],[-74.247914,68.443183],[-74.173329,68.247138],[-74.368764,68.389228]]],[[[-78.614247,68.506293],[-78.870961,68.52265],[-78.489858,68.627387],[-78.614247,68.506293]]],[[[-74.844838,68.578559],[-74.683013,68.663275],[-74.574534,68.597805],[-74.844838,68.578559]]],[[[-74.838002,68.420233],[-74.884145,68.34398],[-75.222239,68.707668],[-74.838002,68.420233]]],[[[-68.006093,68.770331],[-68.187327,68.766913],[-68.426829,68.817816],[-68.006093,68.770331]]],[[[-90.182037,69.119208],[-90.166086,69.060533],[-90.254384,69.130601],[-90.182037,69.119208]]],[[[-90.497385,69.242662],[-90.620229,69.256334],[-90.730214,69.304023],[-90.497385,69.242662]]],[[[-79.079823,68.878974],[-78.876129,69.142646],[-78.321889,69.238837],[-79.079823,68.878974]]],[[[-90.250356,69.297919],[-90.489898,69.379869],[-90.239369,69.432318],[-90.250356,69.297919]]],[[[-76.692291,69.410875],[-76.942128,69.188056],[-77.319447,69.180976],[-76.692291,69.410875]]],[[[-67.444325,69.592108],[-67.505849,69.495917],[-67.664784,69.547431],[-67.444325,69.592108]]],[[[-67.909901,69.533759],[-67.888417,69.649115],[-67.816762,69.680487],[-67.909901,69.533759]]],[[[-78.394521,69.646715],[-78.141265,69.749823],[-78.517242,69.484768],[-78.394521,69.646715]]],[[[-79.971059,69.633124],[-80.718373,69.756008],[-80.137685,69.725775],[-79.971059,69.633124]]],[[[-83.83609,69.749823],[-83.569325,69.804267],[-83.700673,69.768541],[-83.83609,69.749823]]],[[[-91.853586,69.859687],[-91.641265,69.859687],[-91.840199,69.824897],[-91.853586,69.859687]]],[[[-91.463124,69.777086],[-91.737457,69.797593],[-91.441965,69.884263],[-91.463124,69.777086]]],[[[-87.084218,69.989407],[-87.315785,70.118069],[-86.549794,70.078803],[-87.084218,69.989407]]],[[[-71.507965,71.017279],[-72.118153,70.825426],[-72.125315,70.920966],[-71.507965,71.017279]]],[[[-72.953603,71.517524],[-72.978871,71.325751],[-73.378774,71.517524],[-72.953603,71.517524]]],[[[-72.737904,71.661526],[-72.658762,71.600043],[-73.043568,71.586412],[-72.737904,71.661526]]],[[[-95.327545,71.847113],[-95.369537,71.736151],[-95.444895,71.798733],[-95.327545,71.847113]]],[[[-95.766347,72.874986],[-95.720286,72.818345],[-95.798207,72.815863],[-95.766347,72.874986]]],[[[-96.917714,72.737779],[-96.851389,72.859809],[-96.670237,72.814195],[-96.917714,72.737779]]],[[[-97.072011,73.138129],[-96.70344,73.122056],[-96.6551,72.963568],[-97.072011,73.138129]]],[[[-108.087636,73.590644],[-107.591868,73.587226],[-107.993967,73.546576],[-108.087636,73.590644]]],[[[-104.680898,73.629828],[-105.284983,72.851386],[-107.039296,73.484442],[-104.680898,73.629828]]],[[[-80.903391,73.607367],[-76.714426,73.322496],[-80.02599,72.915107],[-80.903391,73.607367]]],[[[-96.32127,72.466864],[-98.729961,71.271715],[-102.755962,72.812323],[-97.773906,73.918891],[-96.938213,73.686835],[-98.446188,72.872504],[-96.32127,72.466864]]],[[[-99.247426,73.855048],[-97.72525,74.121649],[-98.143422,73.878404],[-99.247426,73.855048]]],[[[-90.291005,73.923285],[-94.32079,72.765082],[-93.464223,72.463446],[-94.060129,71.983629],[-95.717397,72.997138],[-94.72057,74.101386],[-90.291005,73.923285]]],[[[-97.736806,74.471381],[-97.541982,74.589586],[-97.291005,74.564032],[-97.736806,74.471381]]],[[[-95.362294,74.590806],[-95.776682,74.553168],[-95.732818,74.58747],[-95.362294,74.590806]]],[[[-103.638417,75.19953],[-104.814361,75.182318],[-104.72289,75.314276],[-103.638417,75.19953]]],[[[-93.43692,74.944322],[-96.143137,74.957994],[-96.08137,75.391588],[-93.43692,74.944322]]],[[[-96.575103,75.43773],[-97.054921,75.499213],[-96.14977,75.471991],[-96.575103,75.43773]]],[[[-120.997955,75.930609],[-120.902415,75.8251],[-121.072581,75.814032],[-120.997955,75.930609]]],[[[-102.87328,75.766099],[-103.109934,75.886298],[-102.093373,75.915351],[-102.87328,75.766099]]],[[[-94.48526,75.97842],[-94.395863,75.862372],[-94.82787,75.888983],[-94.48526,75.97842]]],[[[-102.571645,75.992662],[-103.965199,75.937812],[-103.113026,76.05036],[-102.571645,75.992662]]],[[[-117.784739,75.89647],[-118.707875,75.508246],[-118.209381,75.968573],[-117.784739,75.89647]]],[[[-78.895416,76.122992],[-79.329579,75.870917],[-79.752024,75.882799],[-78.895416,76.122992]]],[[[-81.327952,76.149726],[-81.465077,76.164008],[-81.253326,76.19538],[-81.327952,76.149726]]],[[[-103.811431,76.033637],[-104.342275,76.183051],[-102.726633,76.315619],[-103.811431,76.033637]]],[[[-89.380116,76.445136],[-89.626536,76.451361],[-89.503,76.471869],[-89.380116,76.445136]]],[[[-83.992258,76.42536],[-84.10851,76.489325],[-84.013417,76.503363],[-83.992258,76.42536]]],[[[-104.39802,76.468736],[-104.024648,76.670478],[-103.246083,76.487616],[-104.39802,76.468736]]],[[[-97.424875,75.519721],[-102.881663,75.617825],[-98.455312,76.682074],[-97.424875,75.519721]]],[[[-101.159739,76.581732],[-101.242747,76.646552],[-101.039866,76.70893],[-101.159739,76.581732]]],[[[-89.674957,76.732611],[-89.822092,76.551256],[-90.157826,76.50609],[-89.674957,76.732611]]],[[[-105.395131,75.674262],[-112.437408,74.41352],[-114.439809,74.683661],[-110.91804,75.232367],[-117.688466,75.25967],[-114.872426,76.520209],[-108.909983,75.478746],[-110.397206,76.396715],[-108.775624,76.864163],[-108.026235,75.787258],[-105.395131,75.674262]]],[[[-114.837026,76.759833],[-114.192738,76.890815],[-113.556549,76.739163],[-114.837026,76.759833]]],[[[-79.56017,74.991523],[-91.513499,74.644721],[-93.06017,76.349026],[-96.965566,76.739407],[-79.56017,74.991523]]],[[[-119.317494,76.199897],[-123.040679,76.088284],[-115.392568,77.307929],[-119.317494,76.199897]]],[[[-85.162221,77.458726],[-85.542388,77.540717],[-84.990875,77.572008],[-85.162221,77.458726]]],[[[-89.661285,77.35635],[-91.199615,77.407864],[-90.592905,77.643541],[-89.661285,77.35635]]],[[[-104.394521,77.192532],[-105.572255,77.33926],[-106.093658,77.729641],[-104.394521,77.192532]]],[[[-93.252024,77.644355],[-94.3308,77.477484],[-95.293568,77.769232],[-93.252024,77.644355]]],[[[-77.572743,77.856635],[-77.596588,77.816596],[-77.920318,77.808295],[-77.572743,77.856635]]],[[[-102.44872,77.739936],[-102.495188,77.864732],[-100.986724,77.726386],[-102.44872,77.739936]]],[[[-113.686269,77.866604],[-114.798248,77.850328],[-114.32726,78.080797],[-113.686269,77.866604]]],[[[-109.603668,78.07392],[-110.572621,77.455308],[-113.212758,77.738349],[-109.603668,78.07392]]],[[[-102.900543,78.274359],[-102.778472,78.214789],[-103.234242,78.128079],[-102.900543,78.274359]]],[[[-88.057444,78.45246],[-88.405588,78.258979],[-88.246693,78.378852],[-88.057444,78.45246]]],[[[-109.259511,78.459296],[-111.836293,78.285224],[-111.164418,78.69892],[-109.259511,78.459296]]],[[[-74.558095,78.78144],[-74.331125,78.678412],[-74.668202,78.751288],[-74.558095,78.78144]]],[[[-96.910308,77.795152],[-98.361887,78.766181],[-94.82787,78.363715],[-96.910308,77.795152]]],[[[-105.606801,79.103583],[-99.990387,78.73607],[-104.798329,78.354478],[-105.606801,79.103583]]],[[[-100.15217,79.997992],[-98.755483,79.98432],[-98.958852,79.728176],[-100.15217,79.997992]]],[[[-95.852366,80.652777],[-95.533355,80.700019],[-95.03067,80.669379],[-95.852366,80.652777]]],[[[-96.623118,80.044338],[-94.382232,79.988023],[-96.684967,80.343695],[-93.25768,81.37344],[-84.912587,79.270697],[-92.024526,78.210679],[-94.293528,78.986884],[-90.366363,79.247545],[-96.623118,80.044338]]],[[[-61.085479,82.331163],[-69.308339,81.721666],[-66.608306,81.516221],[-70.213287,81.179877],[-64.435943,81.481513],[-78.059397,79.356879],[-74.440826,79.06269],[-78.895497,79.069444],[-74.632598,78.589667],[-78.689687,77.319078],[-81.937489,77.68537],[-77.716217,76.821967],[-81.072499,76.129136],[-89.681182,76.574937],[-86.60379,77.178209],[-88.221954,77.86286],[-84.466135,77.301744],[-82.321075,78.082587],[-84.761016,77.52025],[-85.679596,77.935167],[-84.027984,78.178819],[-84.617014,78.589667],[-87.536692,78.144639],[-86.94046,78.714179],[-81.47879,79.049018],[-84.752105,79.038926],[-83.363189,79.055243],[-86.503936,80.309068],[-80.587473,79.569159],[-79.752024,79.706977],[-83.205556,80.323228],[-76.744171,81.440497],[-85.121368,80.504096],[-86.749054,80.604478],[-82.363271,81.179877],[-87.706532,80.645453],[-89.462148,80.914781],[-84.733673,81.283515],[-91.956614,81.660224],[-75.400421,82.619208],[-77.134023,83.036973],[-61.085479,82.331163]]],[[[-79.841379,53.145738],[-79.80663,53.097357],[-79.93635,53.125312],[-79.841379,53.145738]]],[[[-79.950022,53.351793],[-79.984202,53.265123],[-80.042795,53.366197],[-79.950022,53.351793]]],[[[-79.861887,53.912909],[-79.871409,53.908433],[-79.920237,53.926256],[-79.861887,53.912909]]],[[[-79.977935,56.202053],[-79.871734,56.335517],[-79.632436,56.415717],[-79.977935,56.202053]]],[[[-79.593739,56.771186],[-79.545033,56.784573],[-79.487701,56.663642],[-79.593739,56.771186]]],[[[-79.902821,56.89411],[-79.795033,56.951606],[-79.75121,56.793199],[-79.902821,56.89411]]],[[[-79.792958,57.428534],[-79.784739,57.537787],[-79.737172,57.622016],[-79.792958,57.428534]]],[[[-80.470774,59.491034],[-80.473704,59.458808],[-80.539662,59.408515],[-80.470774,59.491034]]],[[[-80.224965,59.731269],[-80.238881,59.647528],[-80.300038,59.676663],[-80.224965,59.731269]]],[[[-80.108266,59.764797],[-80.162913,59.74494],[-79.962636,59.878485],[-80.108266,59.764797]]],[[[-65.607777,43.483466],[-65.574208,43.476711],[-65.626943,43.445136],[-65.607777,43.483466]]],[[[-59.793511,43.964571],[-59.90778,43.916175],[-60.10486,43.954362],[-59.793511,43.964571]]],[[[-66.231557,44.387193],[-66.217885,44.367377],[-66.327748,44.258124],[-66.231557,44.387193]]],[[[-66.86148,44.726752],[-66.738637,44.710639],[-66.783282,44.661205],[-66.86148,44.726752]]],[[[-73.995188,45.320136],[-73.968658,45.289862],[-74.158681,45.260077],[-73.995188,45.320136]]],[[[-73.889027,45.396715],[-73.906361,45.367336],[-73.984527,45.406399],[-73.889027,45.396715]]],[[[-73.931793,45.488837],[-73.946929,45.503241],[-73.891021,45.52497],[-73.931793,45.488837]]],[[[-60.914133,45.566555],[-60.967844,45.486802],[-61.089345,45.523342],[-60.914133,45.566555]]],[[[-73.857289,45.549384],[-73.666168,45.692206],[-73.636464,45.649319],[-73.857289,45.549384]]],[[[-73.499257,45.709947],[-73.572011,45.46662],[-73.874989,45.493109],[-73.499257,45.709947]]],[[[-70.843251,47.033189],[-70.861928,46.94595],[-71.114003,46.859442],[-70.843251,47.033189]]],[[[-60.080881,45.792426],[-61.551503,46.021796],[-60.396108,47.026353],[-61.147613,45.707913],[-60.080881,45.792426]]],[[[-62.004018,46.464057],[-63.043324,46.270575],[-64.055531,46.819322],[-62.004018,46.464057]]],[[[-61.67101,47.546536],[-61.95934,47.274075],[-61.8756,47.428168],[-61.67101,47.546536]]],[[[-64.50475,47.889797],[-64.648793,47.732123],[-64.668609,47.820868],[-64.50475,47.889797]]],[[[-64.545766,47.971666],[-64.480051,47.998358],[-64.507802,47.92829],[-64.545766,47.971666]]],[[[-64.319203,49.791246],[-62.512807,49.592271],[-61.692983,49.129625],[-64.319203,49.791246]]],[[[-63.884674,50.199368],[-63.924794,50.239651],[-63.895619,50.248358],[-63.884674,50.199368]]],[[[-79.39509,52.083726],[-79.328603,51.971381],[-79.621653,51.939154],[-79.39509,52.083726]]],[[[-80.759348,52.919176],[-81.649403,52.90351],[-81.666249,53.206977],[-80.759348,52.919176]]],[[[-79.758168,53.522528],[-79.767201,53.539008],[-79.71288,53.509589],[-79.758168,53.522528]]],[[[-79.285878,54.91352],[-79.312652,54.881985],[-79.683095,54.811103],[-79.285878,54.91352]]],[[[-77.312082,55.619208],[-77.319203,55.582017],[-77.619008,55.437486],[-77.312082,55.619208]]],[[[-79.005279,56.017035],[-79.112172,55.800238],[-79.002553,56.06387],[-79.005279,56.017035]]],[[[-78.757639,56.167914],[-78.814565,56.310248],[-78.649037,56.290758],[-78.757639,56.167914]]],[[[-79.545888,56.043769],[-79.568023,56.158881],[-79.153472,55.995063],[-79.545888,56.043769]]],[[[-79.905914,56.866848],[-79.843617,56.791327],[-79.888051,56.749091],[-79.905914,56.866848]]],[[[-77.92162,58.332831],[-77.668324,58.250922],[-77.949452,58.326606],[-77.92162,58.332831]]],[[[-78.641591,58.628323],[-78.665354,58.634101],[-78.672027,58.678534],[-78.641591,58.628323]]],[[[-123.287221,48.812812],[-123.1881,48.756171],[-123.291493,48.756171],[-123.287221,48.812812]]],[[[-123.089019,48.767524],[-123.203684,48.794379],[-123.179596,48.815619],[-123.089019,48.767524]]],[[[-62.544962,45.826666],[-62.526446,45.809612],[-62.603144,45.804211],[-62.544962,45.826666]]],[[[-59.708079,45.994696],[-59.780995,46.004381],[-59.688629,46.03026],[-59.708079,45.994696]]],[[[-54.794227,47.279388],[-54.7923,47.259077],[-54.812399,47.231781],[-54.794227,47.279388]]],[[[-54.195604,47.393208],[-54.144589,47.400445],[-54.209626,47.359903],[-54.195604,47.393208]]],[[[-70.369781,47.426825],[-70.373891,47.383857],[-70.436594,47.386542],[-70.369781,47.426825]]],[[[-52.956475,47.654806],[-52.916443,47.634456],[-53.006193,47.593498],[-52.956475,47.654806]]],[[[-68.864333,48.407598],[-68.843206,48.409692],[-68.878677,48.387715],[-68.864333,48.407598]]],[[[-125.861625,49.237385],[-125.792551,49.180996],[-125.887558,49.173101],[-125.861625,49.237385]]],[[[-55.854271,50.205033],[-55.831785,50.211767],[-55.845072,50.190645],[-55.854271,50.205033]]],[[[-55.762971,50.231935],[-55.70102,50.203882],[-55.756532,50.199789],[-55.762971,50.231935]]],[[[-128.639076,50.80467],[-128.590842,50.812647],[-128.601514,50.793056],[-128.639076,50.80467]]],[[[-58.861186,50.833051],[-58.846323,50.789443],[-58.880863,50.784737],[-58.861186,50.833051]]],[[[-128.70214,50.836559],[-128.670489,50.818889],[-128.691551,50.801543],[-128.70214,50.836559]]],[[[-57.250265,50.840641],[-57.186562,50.823001],[-57.2519,50.802643],[-57.250265,50.840641]]],[[[-127.77912,50.901524],[-127.669204,50.880354],[-127.752586,50.859237],[-127.77912,50.901524]]],[[[-58.462634,51.176264],[-58.495659,51.120955],[-58.621209,51.091776],[-58.462634,51.176264]]],[[[-58.307577,51.25227],[-58.326294,51.220491],[-58.41101,51.201632],[-58.307577,51.25227]]],[[[-128.438216,51.980797],[-128.42076,51.952476],[-128.45437,51.917368],[-128.438216,51.980797]]],[[[-79.027455,52.113593],[-79.001861,52.107571],[-79.086659,52.09748],[-79.027455,52.113593]]],[[[-79.40567,52.260972],[-79.381256,52.244778],[-79.501617,52.23664],[-79.40567,52.260972]]],[[[-78.734242,52.445136],[-78.760894,52.40644],[-78.796986,52.41352],[-78.734242,52.445136]]],[[[-79.584625,52.555162],[-79.609446,52.535102],[-79.612416,52.577338],[-79.584625,52.555162]]],[[[-129.432788,52.68312],[-129.403256,52.663349],[-129.435476,52.637686],[-129.432788,52.68312]]],[[[-55.85233,52.77247],[-55.810692,52.743338],[-55.866326,52.743388],[-55.85233,52.77247]]],[[[-129.354662,52.86251],[-129.312018,52.839333],[-129.347705,52.799885],[-129.354662,52.86251]]],[[[-55.808466,53.006564],[-55.786904,52.995068],[-55.789629,52.948394],[-55.808466,53.006564]]],[[[-55.827319,53.079284],[-55.768882,53.048643],[-55.845274,53.023418],[-55.827319,53.079284]]],[[[-55.927587,53.492236],[-55.742891,53.445437],[-55.816842,53.410583],[-55.927587,53.492236]]],[[[-130.592115,53.496183],[-130.586966,53.466192],[-130.624653,53.48152],[-130.592115,53.496183]]],[[[-57.152729,53.693121],[-57.044938,53.715084],[-57.083798,53.656568],[-57.152729,53.693121]]],[[[-56.922484,53.797559],[-56.851709,53.777378],[-56.984285,53.759384],[-56.922484,53.797559]]],[[[-130.609117,53.797011],[-130.509821,53.826307],[-130.437885,53.756889],[-130.609117,53.797011]]],[[[-57.327952,54.287564],[-57.321212,54.269471],[-57.341012,54.247447],[-57.327952,54.287564]]],[[[-81.105214,54.332913],[-81.108022,54.366034],[-81.086049,54.348212],[-81.105214,54.332913]]],[[[-57.244476,54.484173],[-57.211083,54.469988],[-57.244422,54.467373],[-57.244476,54.484173]]],[[[-130.817562,54.486324],[-130.728455,54.437835],[-130.823449,54.420858],[-130.817562,54.486324]]],[[[-57.303677,54.574723],[-57.269891,54.545493],[-57.34031,54.501443],[-57.303677,54.574723]]],[[[-131.09876,54.627962],[-131.049953,54.606029],[-131.090905,54.58224],[-131.09876,54.627962]]],[[[-76.730458,56.160834],[-76.77481,56.103664],[-76.772857,56.165351],[-76.730458,56.160834]]],[[[-77.849843,56.315253],[-77.980092,56.286607],[-77.948964,56.313381],[-77.849843,56.315253]]],[[[-77.48705,56.442125],[-77.502553,56.386461],[-77.515777,56.410956],[-77.48705,56.442125]]],[[[-78.811147,56.65766],[-78.850942,56.672675],[-78.750071,56.675605],[-78.811147,56.65766]]],[[[-76.623443,56.681464],[-76.625844,56.633612],[-76.655385,56.58747],[-76.623443,56.681464]]],[[[-76.651967,57.071357],[-76.720082,57.146308],[-76.655995,57.139797],[-76.651967,57.071357]]],[[[-78.268381,57.198635],[-78.296702,57.19123],[-78.373647,57.185248],[-78.268381,57.198635]]],[[[-78.336497,57.305162],[-78.468414,57.287014],[-78.458119,57.304755],[-78.336497,57.305162]]],[[[-76.791127,57.336086],[-76.818105,57.415351],[-76.750844,57.334906],[-76.791127,57.336086]]],[[[-67.55829,58.411003],[-67.581978,58.278453],[-67.657824,58.364079],[-67.55829,58.411003]]],[[[-78.628814,58.779527],[-78.684804,58.780463],[-78.674713,58.791571],[-78.628814,58.779527]]],[[[-78.901112,58.832465],[-78.902333,58.817328],[-78.942128,58.837836],[-78.901112,58.832465]]],[[[-68.995487,59.016345],[-69.015564,58.972415],[-69.111281,58.971033],[-68.995487,59.016345]]],[[[-80.552398,59.110053],[-80.535471,59.099921],[-80.578603,59.092963],[-80.552398,59.110053]]],[[[-80.518544,59.694729],[-80.523346,59.674547],[-80.577016,59.65766],[-80.518544,59.694729]]],[[[-80.387278,59.711737],[-80.390492,59.685777],[-80.421783,59.661444],[-80.387278,59.711737]]],[[[-69.921941,61.013124],[-69.972079,60.952979],[-70.011946,60.996764],[-69.921941,61.013124]]],[[[-71.560975,61.333436],[-71.483996,61.319555],[-71.556856,61.295836],[-71.560975,61.333436]]],[[[-72.091425,61.894741],[-71.97344,61.858942],[-72.105937,61.870721],[-72.091425,61.894741]]],[[[-92.798413,61.948019],[-92.787456,61.928783],[-92.863299,61.930472],[-92.798413,61.948019]]],[[[-72.41214,62.039061],[-72.328116,62.016038],[-72.393815,62.012724],[-72.41214,62.039061]]],[[[-92.6417,62.060656],[-92.652846,62.026539],[-92.693781,62.057018],[-92.6417,62.060656]]],[[[-66.43846,62.895262],[-66.342541,62.849553],[-66.494821,62.877363],[-66.43846,62.895262]]],[[[-66.924694,63.065198],[-66.793111,62.925483],[-66.972503,63.03407],[-66.924694,63.065198]]],[[[-68.145251,63.272466],[-68.049819,63.19243],[-68.187891,63.250287],[-68.145251,63.272466]]],[[[-68.023387,63.300869],[-67.894994,63.189448],[-68.03009,63.271599],[-68.023387,63.300869]]],[[[-67.852667,63.345993],[-67.818293,63.291333],[-67.951502,63.380524],[-67.852667,63.345993]]],[[[-64.04343,63.563147],[-64.091172,63.48647],[-64.168668,63.604577],[-64.04343,63.563147]]],[[[-64.217244,63.842613],[-64.256566,63.761634],[-64.34286,63.769296],[-64.217244,63.842613]]],[[[-76.484202,64.181342],[-76.568512,64.206122],[-76.497426,64.24258],[-76.484202,64.181342]]],[[[-76.664418,64.241685],[-76.652008,64.26317],[-76.595815,64.239203],[-76.664418,64.241685]]],[[[-64.965364,64.309707],[-64.937544,64.24422],[-65.041618,64.244711],[-64.965364,64.309707]]],[[[-66.934274,65.317014],[-66.997076,65.29773],[-66.971176,65.346848],[-66.934274,65.317014]]],[[[-89.046753,65.406358],[-88.980553,65.382185],[-89.102704,65.397003],[-89.046753,65.406358]]],[[[-88.4308,65.48699],[-88.388926,65.45908],[-88.484618,65.464777],[-88.4308,65.48699]]],[[[-67.432516,65.742713],[-67.529472,65.713086],[-67.704541,65.716531],[-67.432516,65.742713]]],[[[-65.786418,65.701988],[-65.83725,65.678316],[-65.865552,65.781228],[-65.786418,65.701988]]],[[[-66.929467,65.949834],[-67.087681,65.97397],[-67.119948,66.006769],[-66.929467,65.949834]]],[[[-85.021725,66.08307],[-84.997474,66.057324],[-85.092424,66.050935],[-85.021725,66.08307]]],[[[-83.595204,66.040107],[-83.603017,66.068915],[-83.557769,66.051418],[-83.595204,66.040107]]],[[[-83.61144,66.084621],[-83.652455,66.090725],[-83.599029,66.118557],[-83.61144,66.084621]]],[[[-85.955642,66.463178],[-85.896216,66.453862],[-85.96243,66.43959],[-85.955642,66.463178]]],[[[-113.008308,67.947294],[-112.761341,67.964081],[-112.939342,67.920625],[-113.008308,67.947294]]],[[[-112.836925,68.17025],[-112.761197,68.145608],[-112.912256,68.144884],[-112.836925,68.17025]]],[[[-136.211942,69.179309],[-136.039069,69.087009],[-136.225314,69.120604],[-136.211942,69.179309]]],[[[-80.146578,69.400506],[-80.071006,69.383583],[-80.182012,69.379595],[-80.146578,69.400506]]],[[[-81.643279,69.414378],[-81.568299,69.344258],[-81.830309,69.344332],[-81.643279,69.414378]]],[[[-135.705953,69.508751],[-135.636163,69.451327],[-135.840928,69.48138],[-135.705953,69.508751]]],[[[-82.506235,69.790626],[-82.695541,69.761447],[-82.843311,69.808395],[-82.506235,69.790626]]]]}},{"type":"Feature","properties":{"name":"Mexico","ISO3166-1-Alpha-3":"MEX","ISO3166-1-Alpha-2":"MX"},"geometry":{"type":"MultiPolygon","coordinates":[[[[-97.139272,25.965806],[-97.890981,22.596096],[-95.85204,18.716783],[-91.48648,18.436428],[-90.332387,21.032457],[-86.827952,21.433295],[-87.844553,18.196682],[-90.98284,17.810542],[-90.437421,16.098863],[-91.739848,16.060985],[-92.226097,14.549346],[-94.142445,16.226752],[-97.772719,15.979454],[-104.993642,19.34219],[-105.80016,22.638454],[-109.410308,25.646145],[-113.091744,31.202152],[-115.029449,31.970933],[-109.468016,23.555138],[-109.999659,22.894442],[-113.145741,26.97012],[-115.022684,27.740291],[-113.953277,27.655666],[-114.068227,28.518012],[-117.125121,32.531669],[-111.006269,31.327185],[-106.428951,31.758476],[-103.38663,29.028798],[-101.405098,29.778442],[-99.106427,26.423039],[-97.139272,25.965806]]],[[[-114.775543,18.354926],[-114.723948,18.338568],[-114.747385,18.328681],[-114.775543,18.354926]]],[[[-110.945912,18.799994],[-110.961171,18.726955],[-111.062001,18.793118],[-110.945912,18.799994]]],[[[-110.81432,19.348049],[-110.8131,19.296332],[-110.836171,19.283596],[-110.81432,19.348049]]],[[[-106.224038,21.328736],[-106.236972,21.295067],[-106.260005,21.334097],[-106.224038,21.328736]]],[[[-106.404218,21.483886],[-106.380654,21.446987],[-106.478747,21.451402],[-106.404218,21.483886]]],[[[-106.512353,21.597034],[-106.545065,21.561892],[-106.660848,21.693064],[-106.512353,21.597034]]],[[[-106.663823,21.777246],[-106.655965,21.754302],[-106.688941,21.746832],[-106.663823,21.777246]]],[[[-109.83575,24.224654],[-109.871761,24.159691],[-109.926751,24.37293],[-109.83575,24.224654]]],[[[-111.561635,24.378079],[-111.532817,24.358312],[-111.665461,24.369012],[-111.561635,24.378079]]],[[[-111.753489,24.446967],[-111.807803,24.389075],[-111.960196,24.518321],[-111.753489,24.446967]]],[[[-110.324941,24.515855],[-110.355063,24.435071],[-110.376232,24.530767],[-110.324941,24.515855]]],[[[-110.710792,25.095047],[-110.553353,24.925823],[-110.642313,24.914498],[-110.710792,25.095047]]],[[[-112.103485,24.617166],[-112.245961,24.788764],[-112.188757,24.952233],[-112.103485,24.617166]]],[[[-108.831614,25.426418],[-108.836578,25.388129],[-108.932485,25.427314],[-108.831614,25.426418]]],[[[-110.765292,25.593939],[-110.791943,25.695302],[-110.762062,25.693618],[-110.765292,25.593939]]],[[[-111.081194,25.998658],[-111.180803,25.902525],[-111.201016,25.942358],[-111.081194,25.998658]]],[[[-110.044442,27.087],[-109.985245,27.069568],[-109.968414,27.049062],[-110.044442,27.087]]],[[[-110.604176,27.318024],[-110.597483,27.405748],[-110.575182,27.313715],[-110.604176,27.318024]]],[[[-115.19498,28.341358],[-115.18304,28.095147],[-115.280263,28.08747],[-115.19498,28.341358]]],[[[-112.893769,28.677696],[-112.760109,28.594853],[-112.810569,28.618433],[-112.893769,28.677696]]],[[[-112.61315,28.725763],[-112.547957,28.728549],[-112.553939,28.672288],[-112.61315,28.725763]]],[[[-112.274657,28.768388],[-112.504303,28.931871],[-112.267197,29.238095],[-112.274657,28.768388]]],[[[-113.138173,29.064887],[-113.49608,29.285201],[-113.373195,29.421643],[-113.138173,29.064887]]],[[[-114.786122,31.803046],[-114.652699,31.689765],[-114.693674,31.710273],[-114.786122,31.803046]]],[[[-87.331207,18.532416],[-87.328155,18.532701],[-87.37564,18.410264],[-87.331207,18.532416]]],[[[-87.269154,18.738511],[-87.248158,18.676215],[-87.262929,18.628648],[-87.269154,18.738511]]],[[[-91.600331,18.77204],[-91.579213,18.738511],[-91.755116,18.667141],[-91.600331,18.77204]]],[[[-86.749013,20.592231],[-86.899241,20.348456],[-86.929514,20.550035],[-86.749013,20.592231]]],[[[-86.700592,21.19892],[-86.739573,21.242825],[-86.741567,21.287665],[-86.700592,21.19892]]],[[[-97.651438,21.787909],[-97.610463,21.74018],[-97.684926,21.862454],[-97.651438,21.787909]]],[[[-97.815297,22.720201],[-97.784535,22.755845],[-97.84317,22.684882],[-97.815297,22.720201]]],[[[-118.251478,29.089444],[-118.283586,28.89257],[-118.368804,29.114401],[-118.251478,29.089444]]],[[[-113.24474,26.724595],[-113.186879,26.72134],[-113.154612,26.670885],[-113.24474,26.724595]]],[[[-89.664188,22.371069],[-89.672718,22.492544],[-89.756435,22.560141],[-89.664188,22.371069]]],[[[-110.586163,24.832117],[-110.56762,24.830197],[-110.568125,24.815203],[-110.586163,24.832117]]],[[[-115.752797,24.954779],[-115.752309,24.953274],[-115.753774,24.953518],[-115.752797,24.954779]]],[[[-110.714791,25.305926],[-110.689525,25.308389],[-110.719778,25.259348],[-110.714791,25.305926]]],[[[-112.106306,25.484113],[-112.106592,25.391762],[-112.130885,25.288659],[-112.106306,25.484113]]],[[[-111.059148,25.700978],[-111.031283,25.703645],[-111.02851,25.651793],[-111.059148,25.700978]]],[[[-111.258235,25.812789],[-111.245901,25.789395],[-111.245943,25.765702],[-111.258235,25.812789]]],[[[-111.286624,26.125846],[-111.26443,26.118247],[-111.281422,26.104883],[-111.286624,26.125846]]],[[[-112.097003,27.224523],[-112.064141,27.241472],[-112.066279,27.178965],[-112.097003,27.224523]]],[[[-111.892268,27.429019],[-111.901083,27.449228],[-111.856394,27.43787],[-111.892268,27.429019]]],[[[-115.204156,27.892496],[-115.162365,27.868343],[-115.182235,27.868724],[-115.204156,27.892496]]],[[[-111.388508,27.968802],[-111.38744,27.988079],[-111.365587,27.9534],[-111.388508,27.968802]]],[[[-115.593807,28.317167],[-115.567777,28.313724],[-115.592321,28.297501],[-115.593807,28.317167]]],[[[-113.51884,29.095563],[-113.500144,29.056222],[-113.508831,29.048423],[-113.51884,29.095563]]],[[[-114.418542,29.986776],[-114.400065,29.969304],[-114.407073,29.958648],[-114.418542,29.986776]]],[[[-116.114411,30.496223],[-116.10424,30.48808],[-116.114764,30.482035],[-116.114411,30.496223]]],[[[-117.253693,32.420802],[-117.24197,32.404426],[-117.243205,32.388743],[-117.253693,32.420802]]]]}},{"type":"Feature","properties":{"name":"Belize","ISO3166-1-Alpha-3":"BLZ","ISO3166-1-Alpha-2":"BZ"},"geometry":{"type":"MultiPolygon","coordinates":[[[[-89.19314,16.392626],[-88.303822,18.48135],[-88.344838,16.524563],[-89.19314,16.392626]]],[[[-87.838287,17.388495],[-87.8037,17.315985],[-87.81607,17.304267],[-87.838287,17.388495]]],[[[-87.827748,17.545559],[-87.907216,17.367418],[-87.909535,17.426256],[-87.827748,17.545559]]],[[[-88.07726,17.641791],[-88.053619,17.606269],[-88.050608,17.552965],[-88.07726,17.641791]]],[[[-88.160471,17.682766],[-88.071116,17.73428],[-88.134877,17.67182],[-88.160471,17.682766]]],[[[-87.913442,18.025946],[-87.952301,18.007758],[-87.862213,18.122138],[-87.913442,18.025946]]],[[[-88.095611,17.517401],[-88.077056,17.461086],[-88.105133,17.498114],[-88.095611,17.517401]]],[[[-87.969065,18.090888],[-87.962514,18.079983],[-87.984364,18.077582],[-87.969065,18.090888]]],[[[-87.939524,18.118638],[-87.95051,18.087592],[-87.95523,18.100816],[-87.939524,18.118638]]],[[[-87.878407,18.208238],[-87.878285,18.187323],[-87.883697,18.201077],[-87.878407,18.208238]]]]}},{"type":"Feature","properties":{"name":"Panama","ISO3166-1-Alpha-3":"PAN","ISO3166-1-Alpha-2":"PA"},"geometry":{"type":"MultiPolygon","coordinates":[[[[-82.573598,9.576199],[-81.304463,8.781882],[-78.970583,9.573313],[-77.16327,7.939258],[-77.918813,7.241645],[-79.05248,9.130845],[-80.861806,7.205715],[-82.897629,8.034748],[-82.573598,9.576199]]],[[[-81.807729,7.287421],[-81.792388,7.251654],[-81.814565,7.279975],[-81.807729,7.287421]]],[[[-81.149159,7.561184],[-81.09142,7.537543],[-81.199127,7.493476],[-81.149159,7.561184]]],[[[-81.664377,7.397284],[-81.836252,7.546698],[-81.713287,7.565904],[-81.664377,7.397284]]],[[[-82.211781,8.199205],[-82.252594,8.188381],[-82.315663,8.214911],[-82.211781,8.199205]]],[[[-82.342763,8.259996],[-82.398346,8.218207],[-82.350006,8.293647],[-82.342763,8.259996]]],[[[-79.094065,8.308498],[-79.103788,8.252959],[-79.136973,8.257438],[-79.094065,8.308498]]],[[[-82.36205,8.086859],[-82.343129,8.123358],[-82.319447,8.113105],[-82.36205,8.086859]]],[[[-79.084393,8.382491],[-79.118238,8.42911],[-79.087943,8.419544],[-79.084393,8.382491]]],[[[-82.123036,9.322659],[-82.153961,9.259182],[-82.211781,9.343166],[-82.123036,9.322659]]],[[[-82.328481,9.412055],[-82.238759,9.398749],[-82.240142,9.341946],[-82.328481,9.412055]]],[[[-78.892244,8.458047],[-78.875343,8.301494],[-78.957997,8.290432],[-78.892244,8.458047]]],[[[-79.570393,8.798576],[-79.555357,8.79797],[-79.547981,8.774029],[-79.570393,8.798576]]],[[[-81.568269,9.108249],[-81.537911,9.095094],[-81.562414,9.090823],[-81.568269,9.108249]]],[[[-82.047238,9.172569],[-82.028867,9.169192],[-82.019656,9.137483],[-82.047238,9.172569]]]]}},{"type":"Feature","properties":{"name":"Venezuela","ISO3166-1-Alpha-3":"VEN","ISO3166-1-Alpha-2":"VE"},"geometry":{"type":"MultiPolygon","coordinates":[[[[-60.020985,8.55801],[-61.396713,5.945581],[-60.612626,4.900581],[-62.889412,3.560817],[-64.791622,4.284417],[-63.372639,2.266839],[-65.542661,0.649315],[-67.855931,2.789753],[-67.449961,6.197943],[-71.993818,7.012855],[-73.390839,9.194504],[-71.357629,11.850802],[-72.124379,9.826077],[-71.241038,9.155748],[-71.583119,10.809231],[-69.794911,11.436713],[-70.01773,12.19892],[-68.129547,10.487738],[-61.845774,10.740953],[-63.017649,10.103461],[-60.862294,9.456122],[-61.598744,8.555487],[-60.020985,8.55801]]],[[[-61.016469,8.610093],[-61.043772,8.528632],[-61.148183,8.54385],[-61.016469,8.610093]]],[[[-60.920277,9.028469],[-60.850819,8.970649],[-60.982818,8.930162],[-60.920277,9.028469]]],[[[-61.085439,8.890692],[-60.946889,9.066107],[-60.87564,9.043647],[-61.085439,8.890692]]],[[[-60.873158,9.116604],[-60.942291,9.136623],[-60.845204,9.182359],[-60.873158,9.116604]]],[[[-60.81786,9.206],[-60.733632,9.198798],[-60.805165,9.157213],[-60.81786,9.206]]],[[[-63.976552,10.809231],[-63.909169,10.735541],[-63.996449,10.768459],[-63.976552,10.809231]]],[[[-65.22761,10.953803],[-65.244618,10.884955],[-65.388051,10.905463],[-65.22761,10.953803]]],[[[-63.846832,11.135403],[-64.175852,10.967475],[-64.189361,11.061021],[-63.846832,11.135403]]],[[[-66.608266,11.783108],[-66.641835,11.761461],[-66.631988,11.795966],[-66.608266,11.783108]]],[[[-66.132192,11.824042],[-66.101186,11.799791],[-66.17455,11.797105],[-66.132192,11.824042]]],[[[-64.607167,11.899115],[-64.552846,11.823717],[-64.645904,11.838284],[-64.607167,11.899115]]],[[[-66.749989,11.777574],[-66.779937,11.758531],[-66.854604,11.75137],[-66.749989,11.777574]]],[[[-66.733388,11.86994],[-66.73705,11.865302],[-66.780426,11.865871],[-66.733388,11.86994]]],[[[-67.65803,11.984931],[-67.64623,11.978664],[-67.674875,11.989651],[-67.65803,11.984931]]],[[[-67.680409,12.025051],[-67.681549,12.025784],[-67.679067,12.028144],[-67.680409,12.025051]]],[[[-67.677602,12.027818],[-67.677235,12.030015],[-67.676381,12.027818],[-67.677602,12.027818]]],[[[-67.677235,12.050238],[-67.674672,12.048407],[-67.676096,12.04442],[-67.677235,12.050238]]],[[[-67.681386,12.063707],[-67.68102,12.061835],[-67.684438,12.063463],[-67.681386,12.063707]]],[[[-67.687327,12.065579],[-67.688832,12.068996],[-67.687082,12.067532],[-67.687327,12.065579]]],[[[-63.639882,15.696031],[-63.639638,15.702948],[-63.633941,15.696194],[-63.639882,15.696031]]],[[[-61.390271,8.580581],[-61.259426,8.472074],[-61.45412,8.530958],[-61.390271,8.580581]]],[[[-60.745024,8.719359],[-60.678757,8.693167],[-60.713738,8.637764],[-60.745024,8.719359]]],[[[-60.951361,8.827825],[-60.686043,8.789015],[-61.112014,8.623505],[-60.951361,8.827825]]],[[[-62.331125,9.920559],[-62.320058,9.86225],[-62.350901,9.897366],[-62.331125,9.920559]]],[[[-62.40331,10.006293],[-62.396067,9.978095],[-62.435658,10.033189],[-62.40331,10.006293]]],[[[-62.240834,10.0515],[-62.245188,10.003607],[-62.298004,9.98371],[-62.240834,10.0515]]],[[[-62.665151,10.36636],[-62.669545,10.331122],[-62.79308,10.447943],[-62.665151,10.36636]]],[[[-64.168609,10.827948],[-64.174794,10.799221],[-64.218251,10.821031],[-64.168609,10.827948]]]]}},{"type":"Feature","properties":{"name":"Papua New Guinea","ISO3166-1-Alpha-3":"PNG","ISO3166-1-Alpha-2":"PG"},"geometry":{"type":"MultiPolygon","coordinates":[[[[140.974457,-2.600518],[147.511404,-6.000258],[147.188487,-7.462579],[150.687348,-10.56756],[147.716807,-10.098077],[144.522309,-7.496189],[142.146169,-8.21738],[143.395274,-8.768731],[142.652599,-9.330255],[140.97698,-9.106134],[140.974457,-2.600518]]],[[[153.761567,-11.58587],[153.524262,-11.595473],[153.281261,-11.461114],[153.761567,-11.58587]]],[[[154.281749,-11.34824],[154.042247,-11.40309],[154.131033,-11.358657],[154.281749,-11.34824]]],[[[153.185069,-11.277439],[153.15089,-11.235772],[153.235606,-11.238539],[153.185069,-11.277439]]],[[[152.808279,-10.632501],[152.783214,-10.696873],[152.550792,-10.624444],[152.808279,-10.632501]]],[[[151.074718,-10.605727],[150.954763,-10.635512],[150.964854,-10.591485],[151.074718,-10.605727]]],[[[150.875499,-10.53631],[150.882335,-10.653497],[150.860199,-10.625909],[150.875499,-10.53631]]],[[[151.177013,-9.954685],[150.965505,-9.97381],[150.757579,-9.71559],[151.177013,-9.954685]]],[[[150.800955,-9.652439],[150.453136,-9.348565],[150.888357,-9.521417],[150.800955,-9.652439]]],[[[150.368907,-9.37184],[150.337657,-9.519708],[150.153168,-9.40252],[150.368907,-9.37184]]],[[[152.995469,-9.141299],[152.726935,-9.204043],[152.494734,-9.000178],[152.995469,-9.141299]]],[[[151.112559,-8.76865],[151.119477,-8.579034],[151.08253,-8.422459],[151.112559,-8.76865]]],[[[143.608409,-8.638116],[143.451182,-8.607517],[143.178884,-8.419122],[143.608409,-8.638116]]],[[[143.379405,-8.425958],[143.37322,-8.37127],[143.611501,-8.462172],[143.379405,-8.425958]]],[[[148.049164,-5.606134],[147.969005,-5.786228],[147.781912,-5.495294],[148.049164,-5.606134]]],[[[155.933442,-6.640802],[154.741059,-5.886977],[155.179373,-5.739516],[155.933442,-6.640802]]],[[[148.100352,-5.37656],[148.146495,-5.41961],[148.091319,-5.456638],[148.100352,-5.37656]]],[[[147.606944,-5.287205],[147.628673,-5.347263],[147.564301,-5.330499],[147.606944,-5.287205]]],[[[147.209646,-5.269952],[147.209483,-5.428888],[147.010427,-5.266697],[147.209646,-5.269952]]],[[[154.727387,-5.211358],[154.573904,-5.290704],[154.564789,-5.066339],[154.727387,-5.211358]]],[[[149.121918,-4.883071],[149.180431,-4.879164],[149.143077,-4.917657],[149.121918,-4.883071]]],[[[146.202891,-4.82464],[146.258149,-4.809259],[146.249522,-4.833917],[146.202891,-4.82464]]],[[[149.519298,-4.643487],[149.551524,-4.719903],[149.492442,-4.676446],[149.519298,-4.643487]]],[[[145.996837,-4.534275],[146.044688,-4.701104],[145.886974,-4.71795],[145.996837,-4.534275]]],[[[152.417979,-4.34531],[150.465099,-6.274021],[148.328949,-5.68377],[152.417979,-4.34531]]],[[[145.078868,-4.047052],[145.090505,-4.124688],[145.023692,-4.070489],[145.078868,-4.047052]]],[[[153.191742,-3.470961],[153.258962,-3.482354],[153.249766,-3.497247],[153.191742,-3.470961]]],[[[153.301606,-3.368585],[153.34783,-3.395685],[153.289236,-3.401951],[153.301606,-3.368585]]],[[[154.641971,-3.262332],[154.731779,-3.460814],[154.613479,-3.24101],[154.641971,-3.262332]]],[[[152.650645,-3.114679],[152.65066,-3.195351],[152.535695,-3.118024],[152.650645,-3.114679]]],[[[150.992198,-2.957696],[150.95045,-2.970636],[150.769786,-2.979587],[150.992198,-2.957696]]],[[[152.071544,-2.916681],[151.992414,-2.944789],[151.964366,-2.861505],[152.071544,-2.916681]]],[[[152.013194,-2.806817],[151.912799,-2.78878],[152.009776,-2.744806],[152.013194,-2.806817]]],[[[151.982432,-2.662774],[151.999522,-2.594496],[152.037364,-2.642348],[151.982432,-2.662774]]],[[[153.137218,-4.269464],[151.458263,-3.101332],[151.609141,-3.018487],[153.137218,-4.269464]]],[[[150.465099,-2.532485],[150.293224,-2.669041],[150.083263,-2.413832],[150.465099,-2.532485]]],[[[147.826671,-2.237563],[147.775157,-2.347426],[147.763194,-2.321059],[147.826671,-2.237563]]],[[[147.432791,-1.983819],[146.750011,-2.123224],[146.649181,-1.966729],[147.432791,-1.983819]]],[[[149.735037,-1.473565],[149.693858,-1.555922],[149.541026,-1.464451],[149.735037,-1.473565]]],[[[154.192149,-4.464614],[154.185313,-4.519952],[154.226329,-4.503595],[154.192149,-4.464614]]],[[[154.151378,-4.438084],[154.138194,-4.395196],[154.151215,-4.378839],[154.151378,-4.438084]]],[[[152.486583,-4.136326],[152.486583,-4.21087],[152.443044,-4.169122],[152.486583,-4.136326]]],[[[153.664806,-4.040704],[153.599864,-4.099298],[153.594412,-4.079522],[153.664806,-4.040704]]],[[[153.719249,-3.9992],[153.745616,-4.030532],[153.696544,-4.023207],[153.719249,-3.9992]]],[[[152.094493,-10.402032],[152.099132,-10.390883],[152.110118,-10.39129],[152.094493,-10.402032]]],[[[151.86964,-10.344822],[151.868419,-10.337823],[151.877452,-10.334161],[151.86964,-10.344822]]],[[[151.852712,-10.259535],[151.862315,-10.250258],[151.864594,-10.254653],[151.852712,-10.259535]]],[[[144.600271,-3.49977],[144.619802,-3.51629],[144.599864,-3.518162],[144.600271,-3.49977]]],[[[144.061569,-3.215308],[144.095799,-3.188539],[144.134499,-3.230088],[144.061569,-3.215308]]],[[[142.818126,-1.733331],[142.833507,-1.697035],[142.859141,-1.705336],[142.818126,-1.733331]]],[[[151.024669,-9.63893],[151.003184,-9.642511],[151.022227,-9.591404],[151.024669,-9.63893]]],[[[143.815929,-8.495375],[143.813487,-8.530857],[143.780284,-8.513279],[143.815929,-8.495375]]],[[[143.674327,-8.390558],[143.667735,-8.427992],[143.550629,-8.336196],[143.674327,-8.390558]]],[[[143.662934,-8.109308],[143.688243,-8.153578],[143.599376,-8.110772],[143.662934,-8.109308]]],[[[143.675629,-8.053806],[143.675955,-8.093357],[143.573904,-8.051039],[143.675629,-8.053806]]],[[[151.188487,-4.891534],[151.195974,-4.951755],[151.119477,-4.925714],[151.188487,-4.891534]]],[[[143.585216,-3.378676],[143.523123,-3.361017],[143.52296,-3.314223],[143.585216,-3.378676]]],[[[150.004242,-1.672621],[149.948253,-1.67311],[149.920421,-1.6513],[150.004242,-1.672621]]]]}},{"type":"Feature","properties":{"name":"Egypt","ISO3166-1-Alpha-3":"EGY","ISO3166-1-Alpha-2":"EG"},"geometry":{"type":"MultiPolygon","coordinates":[[[[33.995453,26.751695],[33.989594,26.720282],[33.970551,26.790676],[33.995453,26.751695]]],[[[34.367855,30.907417],[34.257335,27.728583],[32.337657,29.592475],[36.883637,21.995714],[24.981245,21.995351],[25.088422,31.613524],[34.367855,30.907417]],[[35.429207,22.97833],[35.212088,22.786263],[35.486665,23.023266],[35.429207,22.97833]],[[34.777558,22.499765],[34.828226,22.60689],[34.861952,22.680182],[34.777558,22.499765]],[[34.501684,22.262124],[34.682088,22.297912],[34.147476,22.191856],[34.501684,22.262124]]],[[[34.05128,27.45482],[33.956391,27.504381],[33.941417,27.53677],[34.05128,27.45482]]],[[[34.661786,27.930218],[34.731882,27.957141],[34.704695,27.908368],[34.661786,27.930218]]],[[[34.620453,27.920356],[34.496349,27.996039],[34.507904,27.971177],[34.620453,27.920356]]],[[[32.983084,31.089911],[32.989268,31.073432],[32.975108,31.086493],[32.983084,31.089911]]],[[[33.454356,31.15469],[33.301117,31.215888],[33.406016,31.184475],[33.454356,31.15469]]],[[[33.2435,31.219306],[33.076427,31.218736],[33.001475,31.1883],[33.2435,31.219306]]]]}},{"type":"Feature","properties":{"name":"Yemen","ISO3166-1-Alpha-3":"YEM","ISO3166-1-Alpha-2":"YE"},"geometry":{"type":"MultiPolygon","coordinates":[[[[51.978615,18.995638],[53.090343,16.642401],[52.228363,15.616116],[43.468028,12.683905],[42.610118,15.243598],[43.303072,17.459039],[47.161338,16.947442],[49.035849,18.57972],[51.978615,18.995638]]],[[[53.248326,12.121302],[53.286884,12.127337],[53.310267,12.111444],[53.248326,12.121302]]],[[[53.053068,12.17492],[53.071829,12.130283],[52.98872,12.172198],[53.053068,12.17492]]],[[[52.289199,12.200815],[52.284679,12.154486],[52.123753,12.201978],[52.289199,12.200815]]],[[[43.428966,12.673774],[43.447439,12.638658],[43.39975,12.649848],[43.428966,12.673774]]],[[[54.470662,12.543566],[53.776352,12.304969],[53.654755,12.704758],[54.470662,12.543566]]],[[[42.719249,13.742621],[42.79184,13.750718],[42.688487,13.663764],[42.719249,13.742621]]],[[[42.760265,14.064683],[42.786632,13.943996],[42.712494,13.977444],[42.760265,14.064683]]],[[[42.635997,15.445543],[42.628184,15.398668],[42.56837,15.268866],[42.635997,15.445543]]]]}},{"type":"Feature","properties":{"name":"Mauritania","ISO3166-1-Alpha-3":"MRT","ISO3166-1-Alpha-2":"MR"},"geometry":{"type":"MultiPolygon","coordinates":[[[[-8.682385,27.285416],[-4.821613,24.995065],[-6.593107,24.994134],[-5.510951,15.494197],[-11.524382,15.643465],[-12.070395,14.734399],[-14.406635,16.660793],[-16.542348,15.808824],[-16.968339,21.324591],[-13.015247,21.333428],[-12.015308,25.9949],[-8.687656,26.000016],[-8.682385,27.285416]]],[[[-16.377797,19.813544],[-16.449696,19.622789],[-16.457143,19.703355],[-16.377797,19.813544]]],[[[-16.320912,19.728502],[-16.313385,19.704657],[-16.394521,19.599921],[-16.320912,19.728502]]],[[[-16.477162,19.731513],[-16.471547,19.699652],[-16.491851,19.684068],[-16.477162,19.731513]]],[[[-16.459299,20.614691],[-16.446401,20.607327],[-16.467275,20.576239],[-16.459299,20.614691]]]]}},{"type":"Feature","properties":{"name":"Equatorial Guinea","ISO3166-1-Alpha-3":"GNQ","ISO3166-1-Alpha-2":"GQ"},"geometry":{"type":"MultiPolygon","coordinates":[[[[9.799571,2.341742],[11.322078,2.16576],[11.336341,0.999165],[9.396495,1.111477],[9.799571,2.341742]]],[[[5.626231,-1.456231],[5.622813,-1.422947],[5.628917,-1.475681],[5.626231,-1.456231]]],[[[8.922699,3.750718],[8.653656,3.213568],[8.52711,3.463039],[8.922699,3.750718]]]]}},{"type":"Feature","properties":{"name":"Gambia","ISO3166-1-Alpha-3":"GMB","ISO3166-1-Alpha-2":"GM"},"geometry":{"type":"Polygon","coordinates":[[[-16.753651,13.065009],[-15.510732,13.492743],[-14.831312,13.735623],[-16.753651,13.065009]]]}},{"type":"Feature","properties":{"name":"Hong Kong S.A.R.","ISO3166-1-Alpha-3":"HKG","ISO3166-1-Alpha-2":"HK"},"geometry":{"type":"MultiPolygon","coordinates":[[[[114.229828,22.555813],[114.337413,22.431586],[114.191417,22.301947],[114.229828,22.555813]]],[[[114.13738,22.178778],[114.1067,22.235785],[114.125743,22.205227],[114.13738,22.178778]]],[[[114.215587,22.285631],[114.222667,22.224758],[114.162608,22.233303],[114.215587,22.285631]]],[[[113.846446,22.197089],[113.976736,22.298082],[114.007253,22.252102],[113.846446,22.197089]]]]}},{"type":"Feature","properties":{"name":"Vatican","ISO3166-1-Alpha-3":"VAT","ISO3166-1-Alpha-2":"VA"},"geometry":{"type":"Polygon","coordinates":[[[12.453137,41.902752],[12.452767,41.903439],[12.453983,41.903862],[12.453137,41.902752]]]}},{"type":"Feature","properties":{"name":"Northern Cyprus","ISO3166-1-Alpha-3":"-99","ISO3166-1-Alpha-2":"-99"},"geometry":{"type":"MultiPolygon","coordinates":[[[[34.012289,35.063795],[32.710592,35.175322],[34.59254,35.691962],[34.012289,35.063795]]],[[[32.640694,35.187077],[32.634783,35.172841],[32.602743,35.17434],[32.640694,35.187077]]]]}},{"type":"Feature","properties":{"name":"Cyprus No Mans Area","ISO3166-1-Alpha-3":"-99","ISO3166-1-Alpha-2":"-99"},"geometry":{"type":"MultiPolygon","coordinates":[[[[33.906505,35.069105],[34.008911,35.059722],[33.980075,35.057396],[33.906505,35.069105]]],[[[33.679435,35.033899],[33.228545,35.153359],[32.969543,35.112793],[33.679435,35.033899]]],[[[32.640694,35.187077],[32.633956,35.154083],[32.601899,35.178616],[32.640694,35.187077]]]]}},{"type":"Feature","properties":{"name":"Siachen Glacier","ISO3166-1-Alpha-3":"-99","ISO3166-1-Alpha-2":"-99"},"geometry":{"type":"Polygon","coordinates":[[[77.048971,35.110442],[77.017552,35.584599],[77.383731,35.471996],[77.048971,35.110442]]]}},{"type":"Feature","properties":{"name":"Baykonur Cosmodrome","ISO3166-1-Alpha-3":"-99","ISO3166-1-Alpha-2":"-99"},"geometry":{"type":"Polygon","coordinates":[[[63.383914,45.565824],[62.871025,46.17496],[63.867553,46.208964],[63.383914,45.565824]]]}},{"type":"Feature","properties":{"name":"Akrotiri Sovereign Base Area","ISO3166-1-Alpha-3":"-99","ISO3166-1-Alpha-2":"-99"},"geometry":{"type":"Polygon","coordinates":[[[33.015635,34.634425],[32.766766,34.676144],[32.884504,34.666607],[33.015635,34.634425]]]}},{"type":"Feature","properties":{"name":"Southern Patagonian Ice Field","ISO3166-1-Alpha-3":"-99","ISO3166-1-Alpha-2":"-99"},"geometry":{"type":"Polygon","coordinates":[[[-73.465098,-49.759959],[-73.588036,-49.540541],[-73.471118,-49.317195],[-73.465098,-49.759959]]]}},{"type":"Feature","properties":{"name":"Bir Tawil","ISO3166-1-Alpha-3":"-99","ISO3166-1-Alpha-2":"-99"},"geometry":{"type":"Polygon","coordinates":[[[33.181136,21.995409],[34.076127,21.995454],[33.717264,21.730947],[33.181136,21.995409]]]}},{"type":"Feature","properties":{"name":"Antarctica","ISO3166-1-Alpha-3":"ATA","ISO3166-1-Alpha-2":"AQ"},"geometry":{"type":"MultiPolygon","coordinates":[[[[-51.730641,-82.062557],[-45.520416,-82.526625],[-38.791127,-80.859552],[-22.53246,-79.917087],[-36.443756,-78.634047],[-28.85912,-76.353285],[-18.251373,-75.460219],[-17.57079,-74.369561],[-14.361806,-73.85768],[-16.543568,-73.468683],[-11.387522,-72.418064],[-10.847157,-71.780857],[-12.349233,-71.356378],[-10.069651,-70.911879],[-0.518463,-71.765232],[12.969249,-70.046157],[27.275076,-70.989679],[32.745291,-70.013442],[33.215994,-68.66961],[38.940278,-70.204685],[39.857921,-68.829522],[46.479991,-67.275323],[48.38266,-68.02337],[49.405284,-67.223321],[48.361095,-67.016371],[50.881196,-67.216241],[50.322032,-66.393813],[53.790212,-65.845392],[57.276052,-66.581231],[55.991873,-66.585707],[56.170665,-67.408949],[69.639008,-67.763279],[69.740082,-69.296075],[67.217947,-70.262791],[69.257498,-70.431573],[66.325938,-73.131443],[67.223155,-73.312433],[73.405528,-69.79754],[84.491466,-67.110121],[98.826182,-66.909926],[102.713715,-65.861261],[108.858653,-66.971368],[113.203624,-65.765395],[115.780772,-66.788263],[113.704356,-67.500177],[120.445974,-66.977716],[118.956716,-67.422459],[135.343028,-66.100681],[144.512462,-67.01572],[143.880707,-67.933852],[147.060395,-68.422784],[153.878429,-68.278985],[159.773285,-69.506524],[162.340831,-71.10947],[162.595225,-70.269138],[170.2824,-71.298761],[170.255382,-72.60296],[168.316173,-72.37363],[169.932465,-72.735935],[169.21461,-73.276462],[164.526134,-73.330173],[165.434744,-74.629002],[160.582367,-75.378351],[162.900076,-75.822931],[162.301768,-76.951349],[164.556651,-77.889581],[163.842052,-78.226983],[167.227794,-78.669203],[161.552908,-78.505548],[162.06544,-79.068617],[159.496104,-79.819513],[161.470551,-79.901625],[158.173025,-80.419529],[160.774913,-80.383233],[159.497569,-80.843032],[163.916759,-82.190118],[160.802094,-82.491957],[180,-84.352796],[180,-90],[-180,-90],[-180,-84.352796],[-156.008412,-85.221938],[-174.369618,-82.778904],[-157.555287,-83.390232],[-158.557932,-83.132745],[-152.542917,-82.54811],[-157.095815,-81.266371],[-147.628,-80.92018],[-151.011586,-80.429457],[-147.067128,-79.908624],[-156.528269,-78.66367],[-153.815053,-78.233168],[-158.343861,-77.974379],[-158.220204,-77.073663],[-145.462799,-77.523207],[-146.381418,-77.003106],[-145.462636,-76.751642],[-149.708974,-76.376723],[-135.419993,-74.565118],[-114.210032,-73.863458],[-113.225087,-74.402114],[-114.105784,-75.068943],[-111.592641,-74.172459],[-110.103139,-74.548598],[-111.304189,-75.240899],[-98.402211,-75.236423],[-102.998647,-73.609633],[-98.867747,-73.593927],[-103.041412,-72.707615],[-89.3485,-72.634535],[-82.137074,-73.889744],[-80.492543,-72.953302],[-77.0808,-73.879327],[-68.779693,-73.108005],[-66.750844,-72.113051],[-68.824859,-69.431329],[-66.759145,-69.071222],[-67.480702,-68.841892],[-66.510243,-67.527927],[-67.476186,-67.054132],[-57.368723,-63.217869],[-56.775787,-63.603774],[-62.198313,-65.304457],[-60.99474,-66.341485],[-63.811594,-66.188897],[-65.615956,-67.36891],[-65.243804,-68.62949],[-62.871734,-68.420668],[-63.897084,-68.982599],[-60.93456,-71.182224],[-62.440907,-71.91961],[-59.949371,-72.895196],[-62.065094,-73.130466],[-60.79955,-73.577895],[-61.978098,-74.244236],[-60.977895,-74.497166],[-70.014027,-76.693617],[-77.693471,-76.487563],[-72.722279,-77.575616],[-74.055653,-78.13714],[-83.886138,-78.419366],[-80.49234,-79.577895],[-76.066274,-79.435317],[-79.687327,-79.982599],[-75.554067,-80.891371],[-62.211334,-81.592055],[-66.255767,-81.948012],[-60.401235,-82.17018],[-62.795033,-82.519708],[-60.95226,-83.476251],[-51.730641,-82.062557]]],[[[167.663748,-78.127374],[166.729747,-78.277032],[166.65268,-78.161391],[167.663748,-78.127374]]],[[[163.614268,-74.843438],[163.69516,-74.892267],[163.595063,-74.872735],[163.614268,-74.843438]]],[[[163.803477,-74.689548],[164.107188,-74.736098],[163.86964,-74.819268],[163.803477,-74.689548]]],[[[163.34018,-70.373956],[163.516287,-70.345961],[163.309581,-70.386407],[163.34018,-70.373956]]],[[[164.840343,-67.339288],[164.875011,-67.515069],[164.696056,-67.385186],[164.840343,-67.339288]]],[[[163.293712,-66.838067],[163.225597,-66.70379],[163.311209,-66.783298],[163.293712,-66.838067]]],[[[-45.053944,-60.703058],[-45.061879,-60.635512],[-45.015696,-60.693455],[-45.053944,-60.703058]]],[[[-59.286773,-80.209649],[-60.652659,-80.960382],[-66.804758,-80.328546],[-59.286773,-80.209649]]],[[[-66.149078,-79.628188],[-65.450103,-79.952407],[-67.839833,-79.55877],[-66.149078,-79.628188]]],[[[-32.1433,-79.661065],[-32.464752,-79.62363],[-32.424469,-79.547947],[-32.1433,-79.661065]]],[[[-68.233062,-79.285903],[-67.499013,-79.40545],[-68.562245,-79.42547],[-68.233062,-79.285903]]],[[[-67.712229,-79.136814],[-67.892934,-79.159967],[-68.034739,-79.133966],[-67.712229,-79.136814]]],[[[-33.916493,-79.312595],[-36.844797,-79.259861],[-36.659576,-79.223077],[-33.916493,-79.312595]]],[[[-75.588368,-78.757908],[-75.465077,-78.772068],[-75.491282,-78.863051],[-75.588368,-78.757908]]],[[[-66.734364,-78.441827],[-69.61913,-79.397068],[-71.752919,-79.325128],[-66.734364,-78.441827]]],[[[-52.518788,-80.200128],[-47.222524,-77.772638],[-43.818837,-78.248305],[-45.370473,-78.786065],[-42.936431,-79.522068],[-54.407826,-80.740004],[-52.518788,-80.200128]]],[[[-49.258656,-77.872491],[-49.450795,-77.863051],[-48.814198,-77.738865],[-49.258656,-77.872491]]],[[[-20.366567,-74.425388],[-22.040151,-74.105564],[-20.640248,-73.587498],[-20.366567,-74.425388]]],[[[-73.823842,-73.387465],[-73.755238,-73.355645],[-73.773427,-73.393324],[-73.823842,-73.387465]]],[[[-71.796539,-73.219822],[-71.987375,-73.258396],[-72.032541,-73.183689],[-71.796539,-73.219822]]],[[[-73.88683,-73.12005],[-73.891672,-73.365492],[-74.15453,-73.295505],[-73.88683,-73.12005]]],[[[-104.687123,-73.096531],[-104.859486,-73.20672],[-105.155385,-73.005304],[-104.687123,-73.096531]]],[[[-89.892445,-72.884617],[-89.359364,-72.945977],[-90.219146,-73.084242],[-89.892445,-72.884617]]],[[[-74.846791,-72.866632],[-74.465321,-73.58294],[-76.126129,-73.158787],[-74.846791,-72.866632]]],[[[-93.750803,-72.888604],[-93.86205,-72.928155],[-94.068349,-72.82586],[-93.750803,-72.888604]]],[[[-98.130767,-72.692315],[-97.940256,-72.657403],[-97.831288,-72.716974],[-98.130767,-72.692315]]],[[[-90.901601,-72.819757],[-91.02538,-73.149835],[-91.333404,-72.897556],[-90.901601,-72.819757]]],[[[-93.359364,-72.579767],[-93.161488,-72.547296],[-93.236318,-72.635512],[-93.359364,-72.579767]]],[[[-60.775136,-72.562433],[-60.946685,-72.598077],[-60.917958,-72.545099],[-60.775136,-72.562433]]],[[[-94.491444,-72.522393],[-94.50475,-72.632745],[-95.166168,-72.580987],[-94.491444,-72.522393]]],[[[-16.186147,-72.590509],[-16.381581,-72.690037],[-16.409576,-72.456638],[-16.186147,-72.590509]]],[[[-70.550282,-72.221856],[-70.417633,-72.238377],[-70.653554,-72.250746],[-70.550282,-72.221856]]],[[[-60.258453,-72.204034],[-60.188059,-72.175958],[-60.12678,-72.252537],[-60.258453,-72.204034]]],[[[-12.659413,-72.059503],[-12.653961,-72.199314],[-12.967356,-72.056329],[-12.659413,-72.059503]]],[[[-95.499216,-72.315606],[-100.451975,-71.998305],[-97.407867,-71.986586],[-95.499216,-72.315606]]],[[[-60.53067,-71.051039],[-60.957346,-70.977309],[-60.587026,-70.925063],[-60.53067,-71.051039]]],[[[-74.912668,-71.02337],[-76.542551,-70.96559],[-73.547475,-70.716241],[-74.912668,-71.02337]]],[[[-60.435292,-70.596775],[-60.906809,-70.6867],[-60.96939,-70.547621],[-60.435292,-70.596775]]],[[[-3.430409,-70.538507],[-3.296498,-70.349705],[-2.680572,-70.38836],[-3.430409,-70.538507]]],[[[-71.711008,-70.429783],[-71.765981,-70.362563],[-71.500356,-70.276788],[-71.711008,-70.429783]]],[[[-70.76891,-70.303481],[-70.654205,-70.246515],[-70.638905,-70.301365],[-70.76891,-70.303481]]],[[[-61.105377,-69.9638],[-61.394358,-69.894708],[-61.138336,-69.888604],[-61.105377,-69.9638]]],[[[-75.48351,-70.133722],[-74.787017,-69.736017],[-74.627675,-69.984552],[-75.48351,-70.133722]]],[[[-72.84553,-69.585626],[-72.175038,-69.588556],[-72.178944,-69.684503],[-72.84553,-69.585626]]],[[[-61.755483,-69.454278],[-61.958404,-69.671319],[-62.185618,-69.535333],[-61.755483,-69.454278]]],[[[-71.460072,-72.629164],[-73.164174,-72.431248],[-70.116322,-72.238539],[-75.414133,-71.660903],[-69.838002,-71.151951],[-71.26651,-70.680108],[-69.58849,-70.393487],[-72.198883,-69.097752],[-70.402089,-68.786798],[-68.208648,-71.821059],[-71.460072,-72.629164]]],[[[-60.894114,-68.759942],[-60.883046,-68.679376],[-60.652008,-68.775811],[-60.894114,-68.759942]]],[[[-67.134999,-68.138116],[-67.200754,-68.172621],[-67.254954,-68.144789],[-67.134999,-68.138116]]],[[[-67.040028,-67.861423],[-66.898346,-67.853285],[-66.901112,-67.88836],[-67.040028,-67.861423]]],[[[-67.083079,-67.832696],[-67.246409,-67.893976],[-67.233795,-67.830824],[-67.083079,-67.832696]]],[[[-64.954335,-67.661391],[-64.89566,-67.599216],[-64.707143,-67.674249],[-64.954335,-67.661391]]],[[[-67.288197,-67.730076],[-67.68932,-67.71559],[-67.77477,-67.685805],[-67.288197,-67.730076]]],[[[-66.810536,-67.523533],[-66.999379,-67.591485],[-67.006256,-67.538507],[-66.810536,-67.523533]]],[[[-67.744456,-67.360772],[-67.690541,-67.31878],[-67.631174,-67.334893],[-67.744456,-67.360772]]],[[[-67.575795,-67.214451],[-67.760406,-67.294529],[-67.670888,-67.205011],[-67.575795,-67.214451]]],[[[-67.656606,-67.0888],[-67.558176,-67.053806],[-67.608632,-67.140232],[-67.656606,-67.0888]]],[[[-67.381215,-66.902439],[-67.512847,-66.770766],[-67.280426,-66.782973],[-67.381215,-66.902439]]],[[[-69.109283,-67.626153],[-68.023061,-66.929946],[-67.973785,-67.468438],[-69.109283,-67.626153]]],[[[-67.161041,-66.388767],[-67.153066,-66.343194],[-67.058258,-66.329278],[-67.161041,-66.388767]]],[[[-67.101755,-66.261733],[-67.071604,-66.234959],[-66.87682,-66.263767],[-67.101755,-66.261733]]],[[[-66.772532,-66.137791],[-66.5926,-66.114516],[-66.903798,-66.310479],[-66.772532,-66.137791]]],[[[-65.740793,-65.968438],[-65.787953,-65.977634],[-65.784779,-65.952895],[-65.740793,-65.968438]]],[[[-65.900095,-65.876723],[-65.888824,-65.890883],[-66.01651,-65.928318],[-65.900095,-65.876723]]],[[[-65.317779,-65.865899],[-65.247792,-65.841404],[-65.237904,-65.901788],[-65.317779,-65.865899]]],[[[-66.190175,-65.823744],[-66.018951,-65.649672],[-65.682444,-65.635349],[-66.190175,-65.823744]]],[[[-65.527008,-65.472914],[-65.710683,-65.501235],[-65.666575,-65.48561],[-65.527008,-65.472914]]],[[[-59.435455,-65.233819],[-59.648752,-65.219903],[-59.841542,-65.127374],[-59.435455,-65.233819]]],[[[-62.921457,-64.87713],[-63.123891,-64.863051],[-63.020904,-64.856378],[-62.921457,-64.87713]]],[[[-62.84675,-64.809015],[-63.005238,-64.816664],[-63.030995,-64.80641],[-62.84675,-64.809015]]],[[[-63.277699,-64.806248],[-63.582387,-64.899509],[-63.336781,-64.795343],[-63.277699,-64.806248]]],[[[-62.637522,-64.72617],[-62.731028,-64.71738],[-62.644683,-64.678806],[-62.637522,-64.72617]]],[[[-62.022817,-64.624933],[-62.022776,-64.653009],[-62.079091,-64.638767],[-62.022817,-64.624933]]],[[[-62.148997,-64.580255],[-62.078847,-64.548923],[-62.05724,-64.610528],[-62.148997,-64.580255]]],[[[-57.652455,-64.450291],[-57.584584,-64.417657],[-57.563954,-64.442315],[-57.652455,-64.450291]]],[[[-61.626536,-64.359552],[-61.509145,-64.373793],[-61.565826,-64.395603],[-61.626536,-64.359552]]],[[[-57.314565,-64.436456],[-56.937815,-64.419122],[-57.447581,-64.534356],[-57.314565,-64.436456]]],[[[-62.906443,-64.521173],[-64.282094,-64.709893],[-63.272532,-64.267348],[-62.906443,-64.521173]]],[[[-56.849477,-64.279962],[-56.582509,-64.235121],[-56.898549,-64.317315],[-56.849477,-64.279962]]],[[[-61.659088,-64.171563],[-61.760406,-64.147149],[-61.747182,-64.108087],[-61.659088,-64.171563]]],[[[-62.656565,-64.503025],[-62.609486,-64.141046],[-62.193959,-64.320082],[-62.656565,-64.503025]]],[[[-61.936269,-63.991306],[-61.846588,-64.006768],[-62.065419,-64.062433],[-61.936269,-63.991306]]],[[[-57.513336,-64.340997],[-58.313303,-64.321384],[-57.853098,-64.06227],[-57.513336,-64.340997]]],[[[-57.643056,-63.849379],[-57.120595,-63.830255],[-57.249664,-63.866388],[-57.643056,-63.849379]]],[[[-61.726064,-63.750909],[-61.636383,-63.72617],[-61.684193,-63.807875],[-61.726064,-63.750909]]],[[[-60.886586,-63.858575],[-60.682485,-63.730076],[-60.679596,-63.794854],[-60.886586,-63.858575]]],[[[-57.53893,-63.683119],[-57.440419,-63.619236],[-57.487416,-63.696059],[-57.53893,-63.683119]]],[[[-56.689198,-63.592869],[-56.602691,-63.557306],[-56.467926,-63.565688],[-56.689198,-63.592869]]],[[[-59.837514,-63.55462],[-59.797353,-63.553399],[-59.794179,-63.598403],[-59.837514,-63.55462]]],[[[-55.719594,-63.475356],[-56.157786,-63.5263],[-56.229482,-63.461521],[-55.719594,-63.475356]]],[[[-61.951731,-63.311782],[-62.2447,-63.292169],[-62.154124,-63.250095],[-61.951731,-63.311782]]],[[[-56.698557,-63.206231],[-56.654856,-63.158298],[-56.58495,-63.201267],[-56.698557,-63.206231]]],[[[-55.159373,-63.203871],[-55.886627,-63.295017],[-56.553782,-63.367283],[-55.159373,-63.203871]]],[[[-56.545969,-63.099298],[-56.493153,-62.986505],[-56.047719,-63.017022],[-56.545969,-63.099298]]],[[[-60.497874,-62.964288],[-60.686594,-62.930352],[-60.618804,-63.016534],[-60.497874,-62.964288]]],[[[-62.601267,-63.065606],[-62.634185,-63.039646],[-62.537017,-62.926935],[-62.601267,-63.065606]]],[[[-61.507314,-62.813572],[-61.520172,-62.774509],[-61.228017,-62.733819],[-61.507314,-62.813572]]],[[[-61.16039,-62.663344],[-60.641754,-62.564223],[-60.290598,-62.757582],[-61.16039,-62.663344]]],[[[-59.745676,-62.545017],[-59.996083,-62.452569],[-59.642323,-62.482599],[-59.745676,-62.545017]]],[[[-59.694163,-62.378513],[-59.351877,-62.409275],[-59.591868,-62.428969],[-59.694163,-62.378513]]],[[[-58.983144,-62.265395],[-59.069407,-62.349054],[-59.188791,-62.272393],[-58.983144,-62.265395]]],[[[-58.466908,-62.160414],[-58.678212,-62.004002],[-58.170969,-62.078871],[-58.466908,-62.160414]]],[[[-54.036041,-61.245701],[-54.086903,-61.180352],[-54.032786,-61.168878],[-54.036041,-61.245701]]],[[[-55.077952,-61.093194],[-55.077301,-61.195896],[-55.391225,-61.178481],[-55.077952,-61.093194]]],[[[-44.518544,-60.718438],[-44.84732,-60.715509],[-44.603017,-60.709161],[-44.518544,-60.718438]]],[[[-46.006988,-60.612726],[-45.72057,-60.516209],[-45.225942,-60.716892],[-46.006988,-60.612726]]],[[[-162.339833,-82.923761],[-161.575795,-83.024347],[-163.811391,-82.846938],[-162.339833,-82.923761]]],[[[-169.030344,-83.154229],[-169.816111,-83.180271],[-171.831003,-82.863458],[-169.030344,-83.154229]]],[[[-158.346832,-81.901462],[-157.990915,-82.097833],[-158.697113,-81.906101],[-158.346832,-81.901462]]],[[[-160.571116,-81.598891],[-163.670155,-81.45436],[-161.598988,-81.385805],[-160.571116,-81.598891]]],[[[-154.114247,-80.037042],[-154.452626,-79.981215],[-155.613515,-79.80283],[-154.114247,-80.037042]]],[[[-155.71935,-79.769138],[-155.654124,-79.803888],[-155.855417,-79.797459],[-155.71935,-79.769138]]],[[[-163.099721,-79.745294],[-163.065826,-79.819757],[-163.065663,-79.781996],[-163.099721,-79.745294]]],[[[-29.618316,-79.911228],[-30.652496,-79.916925],[-32.024403,-79.649672],[-29.618316,-79.911228]]],[[[-159.842152,-79.348565],[-158.953074,-79.769708],[-164.326527,-79.287367],[-159.842152,-79.348565]]],[[[-149.018666,-77.480076],[-149.19286,-77.446547],[-149.055857,-77.421563],[-149.018666,-77.480076]]],[[[-148.918894,-77.384861],[-149.625071,-77.295587],[-149.252797,-77.298435],[-148.918894,-77.384861]]],[[[-150.483795,-77.343194],[-150.40449,-77.372328],[-151.511464,-77.270766],[-150.483795,-77.343194]]],[[[-153.047231,-77.240004],[-153.05842,-77.253351],[-153.4676,-77.211114],[-153.047231,-77.240004]]],[[[-147.249582,-77.188572],[-147.344106,-77.255955],[-147.48884,-77.228204],[-147.249582,-77.188572]]],[[[169.273448,-77.454522],[166.865408,-77.718683],[166.65447,-77.362563],[169.273448,-77.454522]]],[[[-154.561879,-77.113539],[-154.055124,-77.097263],[-154.187123,-77.154392],[-154.561879,-77.113539]]],[[[166.91505,-76.931329],[166.977306,-76.96266],[166.866466,-76.947931],[166.91505,-76.931329]]],[[[-148.533559,-76.94964],[-149.239003,-76.996352],[-149.283396,-76.941013],[-148.533559,-76.94964]]],[[[-149.728749,-77.12949],[-150.419016,-76.922052],[-149.44286,-77.024998],[-149.728749,-77.12949]]],[[[-146.164784,-76.931329],[-146.39566,-76.892185],[-147.009348,-76.956638],[-146.164784,-76.931329]]],[[[-148.52953,-76.796563],[-149.15449,-76.836196],[-148.779124,-76.730727],[-148.52953,-76.796563]]],[[[-150.232615,-76.77752],[-150.851186,-76.718927],[-150.097279,-76.719659],[-150.232615,-76.77752]]],[[[-148.717478,-76.707208],[-149.135691,-76.638116],[-148.470774,-76.677423],[-148.717478,-76.707208]]],[[[-147.729766,-76.654474],[-147.986073,-76.591892],[-147.884023,-76.558689],[-147.729766,-76.654474]]],[[[-146.810333,-76.595961],[-146.951283,-76.716974],[-147.319569,-76.531915],[-146.810333,-76.595961]]],[[[-147.460479,-76.097752],[-146.857737,-76.151137],[-147.075429,-76.2374],[-147.460479,-76.097752]]],[[[162.917166,-75.558282],[162.88087,-75.649021],[162.803477,-75.695733],[162.917166,-75.558282]]],[[[-145.440378,-75.580011],[-145.218984,-75.704522],[-146.154775,-75.574477],[-145.440378,-75.580011]]],[[[162.487966,-75.457208],[162.570811,-75.422947],[162.572276,-75.481134],[162.487966,-75.457208]]],[[[-132.571156,-74.388442],[-132.363678,-74.428318],[-132.855946,-74.446873],[-132.571156,-74.388442]]],[[[-130.920481,-74.444268],[-131.467295,-74.572198],[-132.014394,-74.378595],[-130.920481,-74.444268]]],[[[-127.128489,-74.469415],[-127.943267,-74.514255],[-128.148752,-74.367364],[-127.128489,-74.469415]]],[[[-117.168528,-74.356378],[-117.395579,-74.366143],[-117.025054,-74.280938],[-117.168528,-74.356378]]],[[[-132.121897,-74.149591],[-132.234975,-74.167087],[-132.276926,-74.129815],[-132.121897,-74.149591]]],[[[-116.140696,-73.90252],[-116.485748,-74.081476],[-117.373362,-74.157892],[-116.140696,-73.90252]]],[[[-119.821034,-74.120782],[-119.761057,-73.947198],[-118.898061,-73.848077],[-119.821034,-74.120782]]],[[[-120.26122,-73.92783],[-123.028188,-74.248305],[-122.364613,-73.907403],[-120.26122,-73.92783]]],[[[169.961681,-73.514418],[169.651215,-73.616469],[169.637055,-73.39544],[169.961681,-73.514418]]],[[[-127.473175,-73.549574],[-125.0572,-73.858331],[-124.514617,-74.220392],[-127.473175,-73.549574]]],[[[68.778738,-72.116469],[68.809093,-72.239841],[68.647472,-72.109308],[68.778738,-72.116469]]],[[[69.92449,-71.908949],[69.768403,-72.060317],[69.72755,-71.941339],[69.92449,-71.908949]]],[[[-3.228098,-71.05283],[-3.304189,-71.208591],[-3.370351,-71.093845],[-3.228098,-71.05283]]],[[[-2.717681,-70.820082],[-2.734486,-71.170994],[-2.942779,-70.899509],[-2.717681,-70.820082]]],[[[1.951345,-70.604262],[2.145193,-70.650079],[1.95045,-70.629002],[1.951345,-70.604262]]],[[[-5.939849,-70.422621],[-6.150054,-70.614841],[-6.416249,-70.471612],[-5.939849,-70.422621]]],[[[3.2199,-70.392348],[3.063243,-70.593438],[2.596039,-70.569513],[3.2199,-70.392348]]],[[[72.200369,-70.607029],[71.641775,-70.335707],[72.035411,-70.466078],[72.200369,-70.607029]]],[[[4.048839,-70.302992],[4.574392,-70.276137],[4.466807,-70.501235],[4.048839,-70.302992]]],[[[5.465587,-70.255304],[5.654633,-70.225681],[5.747325,-70.340916],[5.465587,-70.255304]]],[[[161.81186,-70.241469],[161.867686,-70.217462],[161.888031,-70.257257],[161.81186,-70.241469]]],[[[6.272716,-70.122735],[6.536469,-70.164972],[6.46811,-70.223321],[6.272716,-70.122735]]],[[[26.765636,-70.224298],[26.507823,-70.445408],[25.987315,-70.195001],[26.765636,-70.224298]]],[[[1.410981,-70.040216],[1.369884,-70.20322],[1.119314,-70.317478],[1.410981,-70.040216]]],[[[10.988048,-70.045994],[10.921886,-70.08294],[10.539806,-70.011489],[10.988048,-70.045994]]],[[[72.639903,-69.995701],[72.411957,-70.074802],[72.546153,-70.030857],[72.639903,-69.995701]]],[[[16.246837,-69.705987],[16.2588,-69.875746],[15.897227,-69.989353],[16.246837,-69.705987]]],[[[47.875662,-67.564467],[47.460134,-67.559015],[47.492931,-67.572686],[47.875662,-67.564467]]],[[[120.66505,-66.89658],[120.838634,-66.887953],[120.500011,-66.912367],[120.66505,-66.89658]]],[[[121.127778,-66.779474],[121.168305,-66.805922],[120.937755,-66.857029],[121.127778,-66.779474]]],[[[85.659272,-66.743666],[85.613048,-66.986586],[85.28004,-66.801528],[85.659272,-66.743666]]],[[[48.773692,-66.720473],[48.399913,-66.808038],[48.287852,-66.736261],[48.773692,-66.720473]]],[[[86.548595,-66.703058],[86.403168,-66.795994],[86.294281,-66.687595],[86.548595,-66.703058]]],[[[85.202403,-66.567966],[85.201182,-66.646742],[85.092052,-66.544854],[85.202403,-66.567966]]],[[[98.588552,-66.387953],[98.711681,-66.364028],[98.814952,-66.483982],[98.588552,-66.387953]]],[[[97.405528,-66.403497],[97.037852,-66.395115],[97.167735,-66.325942],[97.405528,-66.403497]]],[[[162.62615,-66.462498],[162.340505,-66.410252],[162.323416,-66.338556],[162.62615,-66.462498]]],[[[100.306488,-66.130141],[100.274913,-66.197931],[100.064789,-66.204278],[100.306488,-66.130141]]],[[[96.917166,-66.054376],[96.4074,-66.227634],[96.529307,-66.039809],[96.917166,-66.054376]]],[[[100.797699,-65.777276],[100.904552,-65.878106],[100.460216,-65.875665],[100.797699,-65.777276]]],[[[92.496267,-65.703139],[92.668956,-65.784845],[92.23585,-65.750665],[92.496267,-65.703139]]],[[[100.565929,-65.403009],[101.024913,-65.66546],[100.368175,-65.678969],[100.565929,-65.403009]]],[[[103.29127,-65.392022],[103.130138,-65.430922],[102.781586,-65.14072],[103.29127,-65.392022]]],[[[-90.606923,-68.817478],[-90.615712,-68.730645],[-90.507721,-68.769952],[-90.606923,-68.817478]]]]}},{"type":"Feature","properties":{"name":"Australia","ISO3166-1-Alpha-3":"AUS","ISO3166-1-Alpha-2":"AU"},"geometry":{"type":"MultiPolygon","coordinates":[[[[131.535899,-31.605564],[115.978526,-34.835626],[115.010427,-34.24505],[115.721528,-31.772638],[113.15698,-26.151926],[114.234371,-26.316584],[113.391449,-24.41367],[113.947032,-21.952569],[121.128266,-19.520685],[122.916189,-16.415948],[123.570811,-17.595147],[123.57016,-16.176935],[124.903982,-16.402439],[124.376475,-15.525323],[126.086436,-13.889418],[127.418468,-13.94199],[128.024262,-15.496515],[129.727061,-15.193617],[130.57838,-12.400811],[132.757579,-12.133396],[131.985606,-11.129164],[136.572215,-11.896443],[135.469574,-14.948012],[140.523204,-17.630304],[142.546153,-10.687677],[143.782725,-14.402276],[145.345714,-14.94256],[146.333263,-18.95908],[148.781993,-20.240818],[153.205577,-25.934991],[153.059501,-31.07721],[149.985362,-37.495864],[146.394216,-39.144952],[144.934825,-37.867934],[143.536957,-38.858331],[141.394542,-38.401625],[139.362966,-35.376886],[138.107432,-35.620701],[138.078136,-34.128351],[136.839366,-35.256117],[137.773936,-32.519789],[135.96461,-35.007501],[134.148285,-32.456964],[131.535899,-31.605564]]],[[[128.158865,-15.090265],[128.198578,-15.152032],[128.133962,-15.14658],[128.158865,-15.090265]]],[[[128.416189,-14.956231],[128.440684,-15.038751],[128.348399,-14.882989],[128.416189,-14.956231]]],[[[129.632498,-14.846938],[129.611827,-14.867364],[129.583018,-14.803806],[129.632498,-14.846938]]],[[[129.533458,-14.798517],[129.589122,-14.952325],[129.519786,-14.836358],[129.533458,-14.798517]]],[[[126.500987,-13.873712],[126.61085,-13.901056],[126.539561,-13.897882],[126.500987,-13.873712]]],[[[134.885265,-12.05755],[134.932872,-12.087335],[134.878103,-12.100274],[134.885265,-12.05755]]],[[[134.965256,-12.026465],[134.948729,-12.054669],[134.90937,-12.03585],[134.965256,-12.026465]]],[[[135.121962,-11.929696],[135.084852,-11.946093],[135.053888,-11.919437],[135.121962,-11.929696]]],[[[133.408702,-11.592055],[133.411794,-11.619399],[133.372081,-11.665297],[133.408702,-11.592055]]],[[[133.476899,-11.454848],[133.458995,-11.503595],[133.401866,-11.523126],[133.476899,-11.454848]]],[[[147.998546,-43.230401],[146.024181,-43.552504],[144.698578,-40.660252],[148.209321,-40.840753],[147.998546,-43.230401]]],[[[158.893403,-54.510837],[158.886241,-54.732599],[158.856456,-54.639337],[158.893403,-54.510837]]],[[[147.336599,-43.340265],[147.240408,-43.468927],[147.172211,-43.458917],[147.336599,-43.340265]]],[[[147.40211,-43.131117],[147.379242,-43.247817],[147.291759,-43.153009],[147.40211,-43.131117]]],[[[148.141856,-42.603774],[148.110118,-42.716485],[148.022716,-42.666274],[148.141856,-42.603774]]],[[[148.299001,-42.305597],[148.334483,-42.356622],[148.28004,-42.32936],[148.299001,-42.305597]]],[[[145.013682,-40.668227],[144.927419,-40.723403],[144.871755,-40.671319],[145.013682,-40.668227]]],[[[148.114024,-40.524184],[148.22877,-40.529067],[148.145356,-40.566095],[148.114024,-40.524184]]],[[[144.790863,-40.421157],[144.732921,-40.577407],[144.730154,-40.475274],[144.790863,-40.421157]]],[[[144.900727,-40.469496],[144.881602,-40.405938],[144.941091,-40.386407],[144.900727,-40.469496]]],[[[148.429942,-40.373305],[148.295665,-40.434666],[148.002208,-40.392022],[148.429942,-40.373305]]],[[[148.014903,-40.150567],[147.863617,-39.81699],[148.319835,-40.135837],[148.014903,-40.150567]]],[[[144.105479,-39.892999],[143.886485,-40.106541],[143.894786,-39.691502],[144.105479,-39.892999]]],[[[146.626801,-38.755955],[146.644054,-38.770278],[146.49464,-38.778009],[146.626801,-38.755955]]],[[[145.335216,-38.509454],[145.263682,-38.51922],[145.202403,-38.461114],[145.335216,-38.509454]]],[[[145.441905,-38.316502],[145.353282,-38.428399],[145.290212,-38.310154],[145.441905,-38.316502]]],[[[138.129649,-35.816339],[136.951915,-36.046075],[137.435883,-35.61061],[138.129649,-35.816339]]],[[[136.447276,-35.148126],[136.487966,-35.157403],[136.484874,-35.172052],[136.447276,-35.148126]]],[[[136.173595,-35.011326],[136.206554,-35.061212],[136.150564,-35.024672],[136.173595,-35.011326]]],[[[137.369151,-34.472426],[137.367198,-34.524102],[137.34197,-34.527765],[137.369151,-34.472426]]],[[[134.546397,-33.712172],[134.490489,-33.775649],[134.486339,-33.711684],[134.546397,-33.712172]]],[[[133.565684,-32.321222],[133.623302,-32.24391],[133.633962,-32.280206],[133.565684,-32.321222]]],[[[159.044444,-31.51922],[159.098399,-31.579278],[159.083018,-31.558364],[159.044444,-31.51922]]],[[[153.487315,-27.415216],[153.391368,-27.701837],[153.411469,-27.548028],[153.487315,-27.415216]]],[[[153.411469,-27.339532],[153.365977,-27.080499],[153.466075,-27.060154],[153.411469,-27.339532]]],[[[113.216645,-26.068048],[112.954791,-25.697521],[113.071084,-25.746848],[113.216645,-26.068048]]],[[[152.962413,-25.269627],[153.006358,-25.327732],[152.963715,-25.299086],[152.962413,-25.269627]]],[[[113.055675,-25.262791],[113.110606,-25.044692],[113.079845,-25.190525],[113.055675,-25.262791]]],[[[113.151866,-24.926935],[113.117686,-24.985772],[113.151866,-24.755629],[113.151866,-24.926935]]],[[[153.369965,-24.989028],[152.948253,-25.552179],[153.14796,-25.11419],[153.369965,-24.989028]]],[[[151.372325,-23.820245],[151.35963,-23.847833],[151.326345,-23.757257],[151.372325,-23.820245]]],[[[151.269867,-23.666274],[151.15919,-23.693617],[151.079112,-23.45908],[151.269867,-23.666274]]],[[[149.727794,-22.340509],[149.754405,-22.386895],[149.715587,-22.415216],[149.727794,-22.340509]]],[[[150.536632,-22.275323],[150.51295,-22.344334],[150.493663,-22.25506],[150.536632,-22.275323]]],[[[149.916515,-22.041925],[149.908702,-22.216404],[149.869884,-22.175551],[149.916515,-22.041925]]],[[[150.293224,-21.740899],[150.341075,-21.740899],[150.351736,-21.760675],[150.293224,-21.740899]]],[[[150.300059,-21.678888],[150.272716,-21.678888],[150.251638,-21.651544],[150.300059,-21.678888]]],[[[115.464529,-20.730157],[115.413097,-20.839451],[115.306977,-20.870538],[115.464529,-20.730157]]],[[[149.094086,-20.418227],[149.081798,-20.500177],[149.039399,-20.500746],[149.094086,-20.418227]]],[[[149.067393,-20.315199],[148.953461,-20.292413],[148.969493,-20.164483],[149.067393,-20.315199]]],[[[148.95753,-20.143813],[148.894379,-20.160252],[148.930675,-20.067966],[148.95753,-20.143813]]],[[[148.45045,-19.965753],[148.470225,-20.047621],[148.45045,-20.041599],[148.45045,-19.965753]]],[[[146.860199,-19.115981],[146.867035,-19.163832],[146.785004,-19.122817],[146.860199,-19.115981]]],[[[146.319021,-18.382989],[146.205089,-18.390313],[146.235362,-18.22324],[146.319021,-18.382989]]],[[[139.562185,-17.039239],[139.493907,-17.121759],[139.420909,-17.132745],[139.562185,-17.039239]]],[[[139.089203,-16.827569],[139.148448,-16.834649],[139.101085,-16.85947],[139.089203,-16.827569]]],[[[139.734141,-16.443292],[139.515391,-16.565851],[139.136974,-16.697198],[139.734141,-16.443292]]],[[[136.670421,-15.663181],[136.707693,-15.719659],[136.629731,-15.749119],[136.670421,-15.663181]]],[[[136.800629,-15.642022],[136.78004,-15.672947],[136.752452,-15.745782],[136.800629,-15.642022]]],[[[137.077891,-15.751235],[136.985118,-15.720636],[136.988766,-15.660717],[137.077891,-15.751235]]],[[[136.615733,-15.538995],[136.519542,-15.642022],[136.521495,-15.567804],[136.615733,-15.538995]]],[[[136.895681,-15.587498],[136.844249,-15.625258],[136.854828,-15.575453],[136.895681,-15.587498]]],[[[124.417979,-15.254083],[124.444591,-15.299412],[124.376475,-15.319268],[124.417979,-15.254083]]],[[[124.575694,-15.33294],[124.570323,-15.373712],[124.495616,-15.315851],[124.575694,-15.33294]]],[[[124.928233,-14.973565],[124.911469,-15.018243],[124.886974,-14.952813],[124.928233,-14.973565]]],[[[135.766754,-14.86821],[135.692553,-14.908794],[135.710507,-14.858752],[135.766754,-14.86821]]],[[[125.195079,-14.470147],[125.147634,-14.624119],[125.129161,-14.551365],[125.195079,-14.470147]]],[[[136.807465,-13.818536],[136.810313,-13.808282],[136.818126,-13.801365],[136.807465,-13.818536]]],[[[136.286876,-13.705824],[136.245128,-13.839532],[136.123057,-13.824884],[136.286876,-13.705824]]],[[[136.951508,-14.181573],[136.49776,-13.834098],[136.841645,-13.80877],[136.951508,-14.181573]]],[[[136.135916,-13.434828],[136.181,-13.43906],[136.156423,-13.489353],[136.135916,-13.434828]]],[[[136.816956,-12.076077],[136.821461,-12.120832],[136.812999,-12.136163],[136.816956,-12.076077]]],[[[132.387543,-12.071873],[132.405772,-12.132989],[132.344574,-12.08587],[132.387543,-12.071873]]],[[[136.290212,-11.975681],[136.135509,-12.067315],[136.200043,-11.999933],[136.290212,-11.975681]]],[[[136.464203,-11.893731],[136.498546,-11.79811],[136.483246,-11.889418],[136.464203,-11.893731]]],[[[136.605235,-11.746026],[136.595714,-11.774184],[136.519542,-11.790704],[136.605235,-11.746026]]],[[[135.955906,-11.707165],[135.980865,-11.661368],[136.02156,-11.687457],[135.955906,-11.707165]]],[[[132.619802,-11.646661],[132.627208,-11.708754],[132.5088,-11.649591],[132.619802,-11.646661]]],[[[136.42335,-11.509535],[136.300059,-11.620864],[136.232188,-11.626153],[136.42335,-11.509535]]],[[[130.536794,-11.705011],[130.018321,-11.785252],[130.228282,-11.399672],[130.536794,-11.705011]]],[[[131.537364,-11.413263],[130.478526,-11.540704],[131.048839,-11.315037],[131.537364,-11.413263]]],[[[136.763685,-11.04007],[136.524615,-11.446964],[136.616707,-11.236105],[136.763685,-11.04007]]],[[[132.489431,-11.160089],[132.55128,-11.032403],[132.603689,-11.124607],[132.489431,-11.160089]]],[[[142.255382,-10.666681],[142.196788,-10.744724],[142.127778,-10.640802],[142.255382,-10.666681]]],[[[142.262218,-10.577813],[142.318858,-10.588637],[142.274425,-10.640802],[142.262218,-10.577813]]],[[[142.293468,-10.13893],[142.275727,-10.255629],[142.193207,-10.193617],[142.293468,-10.13893]]],[[[142.190115,-10.080987],[142.175955,-10.160821],[142.109874,-10.147556],[142.190115,-10.080987]]],[[[115.660004,-32.149835],[115.680512,-32.239353],[115.656993,-32.209405],[115.660004,-32.149835]]],[[[115.492107,-31.995649],[115.552192,-32.006203],[115.4594,-32.022979],[115.492107,-31.995649]]],[[[113.679618,-28.452241],[113.735184,-28.427571],[113.702091,-28.472018],[113.679618,-28.452241]]],[[[146.651134,-18.745782],[146.625011,-18.763442],[146.582042,-18.703383],[146.651134,-18.745782]]],[[[142.754568,-9.369806],[142.741954,-9.419203],[142.601248,-9.399509],[142.754568,-9.369806]]],[[[142.206879,-9.240167],[142.279145,-9.287042],[142.180837,-9.284763],[142.206879,-9.240167]]]]}},{"type":"Feature","properties":{"name":"Greenland","ISO3166-1-Alpha-3":"GRL","ISO3166-1-Alpha-2":"GL"},"geometry":{"type":"MultiPolygon","coordinates":[[[[-40.875803,65.096503],[-40.358306,64.359036],[-41.567494,64.266181],[-40.526438,63.696357],[-43.151235,62.759589],[-42.164377,62.390326],[-43.611155,61.129096],[-42.747182,60.690172],[-44.192738,60.643052],[-43.088124,60.099351],[-45.172841,60.087551],[-44.46642,60.567328],[-45.881093,60.518378],[-45.714019,61.328315],[-48.232777,60.820543],[-51.656484,64.014065],[-50.045237,64.198961],[-51.765126,64.18537],[-49.997426,64.863715],[-52.161477,64.256349],[-51.244985,65.02143],[-52.567047,65.322455],[-50.552358,65.713446],[-53.472035,65.980943],[-49.997426,66.981513],[-53.450917,66.103909],[-52.231923,66.844957],[-53.964915,67.077704],[-49.935943,67.700263],[-53.729726,67.538072],[-50.148264,67.947943],[-53.389475,68.331529],[-50.221669,68.959906],[-51.115102,69.212226],[-50.237294,70.038398],[-54.630238,70.65412],[-50.53185,70.35932],[-52.557729,71.178616],[-51.360951,71.49372],[-52.992258,71.421332],[-51.662709,71.729804],[-53.870229,72.356635],[-53.912587,71.450507],[-55.514475,71.449164],[-54.383209,72.223212],[-55.651275,72.450385],[-54.293853,72.483954],[-58.405914,75.71894],[-68.432525,76.079413],[-69.637278,76.383124],[-67.985585,76.684149],[-71.384429,77.023993],[-66.053375,77.493476],[-73.05724,78.158271],[-65.785878,79.138332],[-63.778554,80.151923],[-67.485951,80.323188],[-60.533559,81.912746],[-39.755971,82.395941],[-46.89273,82.961819],[-43.363515,82.920844],[-45.406565,83.158596],[-30.647125,83.601752],[-25.649648,83.297553],[-35.620432,82.907172],[-21.32311,82.618354],[-32.813303,81.794379],[-21.056996,81.913031],[-23.864735,80.583564],[-19.70816,81.695502],[-11.37682,81.47602],[-20.845448,80.557359],[-15.755198,80.41942],[-20.171213,80.104315],[-18.878774,79.225084],[-21.967275,77.679185],[-19.12682,77.683661],[-20.926259,77.522406],[-18.51122,76.740912],[-22.744211,76.698432],[-19.345326,75.732611],[-22.410268,75.154608],[-18.974762,74.484361],[-22.471018,74.313666],[-20.543284,73.449042],[-25.690663,73.957465],[-24.679596,73.524644],[-27.725901,73.134426],[-25.052561,73.08393],[-27.387563,72.846381],[-21.894521,71.743476],[-22.476715,71.264309],[-21.476796,70.544867],[-28.620269,72.134467],[-25.4169,71.284735],[-29.23412,70.448065],[-22.161448,70.071357],[-29.377553,68.201158],[-32.487172,68.623928],[-32.036529,67.926825],[-34.715443,66.344062],[-37.852366,66.444729],[-40.875803,65.096503]]],[[[-44.598012,59.964057],[-44.55842,59.98664],[-44.515289,59.956041],[-44.598012,59.964057]]],[[[-44.350982,59.984524],[-44.494374,60.025458],[-44.210439,60.036038],[-44.350982,59.984524]]],[[[-44.203603,60.107367],[-44.179677,60.156562],[-44.032094,60.055487],[-44.203603,60.107367]]],[[[-45.303782,60.142157],[-45.245717,60.189114],[-45.223785,60.156073],[-45.303782,60.142157]]],[[[-45.152943,60.382392],[-45.318105,60.205308],[-45.361562,60.307563],[-45.152943,60.382392]]],[[[-45.056142,60.382392],[-45.132151,60.433783],[-45.003489,60.443183],[-45.056142,60.382392]]],[[[-44.995269,60.413072],[-44.933827,60.423326],[-45.118235,60.313463],[-44.995269,60.413072]]],[[[-45.358388,60.477973],[-45.395334,60.427191],[-45.417226,60.443793],[-45.358388,60.477973]]],[[[-45.974721,60.669745],[-45.782948,60.662909],[-45.853179,60.645697],[-45.974721,60.669745]]],[[[-45.892812,60.697699],[-46.089426,60.64289],[-46.165273,60.649156],[-45.892812,60.697699]]],[[[-46.63268,60.752346],[-46.532867,60.769721],[-46.553578,60.744818],[-46.63268,60.752346]]],[[[-46.276357,60.772773],[-46.398834,60.725775],[-46.459137,60.685248],[-46.276357,60.772773]]],[[[-47.317942,60.813137],[-47.284576,60.801337],[-47.28539,60.773586],[-47.317942,60.813137]]],[[[-47.002594,60.806952],[-46.986806,60.776313],[-47.051015,60.800116],[-47.002594,60.806952]]],[[[-47.22232,60.813137],[-47.195058,60.827053],[-47.160146,60.80329],[-47.22232,60.813137]]],[[[-46.30309,60.820543],[-46.405019,60.782701],[-46.331044,60.827379],[-46.30309,60.820543]]],[[[-47.194407,60.84101],[-47.101145,60.868842],[-47.085683,60.83747],[-47.194407,60.84101]]],[[[-47.181386,60.8758],[-47.220041,60.852118],[-47.24767,60.868842],[-47.181386,60.8758]]],[[[-47.17394,60.882025],[-47.113596,60.913764],[-47.084543,60.916815],[-47.17394,60.882025]]],[[[-47.051015,60.895697],[-46.984242,60.933783],[-46.965443,60.923896],[-47.051015,60.895697]]],[[[-46.553863,60.796332],[-46.758046,60.754055],[-46.30663,60.853746],[-46.553863,60.796332]]],[[[-46.529652,60.991889],[-46.430735,60.976508],[-46.45108,60.926174],[-46.529652,60.991889]]],[[[-48.161122,61.057074],[-48.35558,61.072903],[-48.161936,61.088935],[-48.161122,61.057074]]],[[[-48.934804,61.265611],[-48.723134,61.293524],[-48.89387,61.259426],[-48.934804,61.265611]]],[[[-48.68871,61.369289],[-48.586008,61.314032],[-48.666005,61.315172],[-48.68871,61.369289]]],[[[-49.164784,61.701361],[-49.085683,61.677151],[-49.120351,61.62873],[-49.164784,61.701361]]],[[[-50.686106,63.099066],[-50.634267,63.075507],[-50.698069,63.038764],[-50.686106,63.099066]]],[[[-50.682688,63.123358],[-50.789784,63.084377],[-50.818471,63.162909],[-50.682688,63.123358]]],[[[-50.49767,63.174506],[-50.624338,63.116523],[-50.654693,63.164944],[-50.49767,63.174506]]],[[[-52.066762,64.164862],[-51.895497,64.191555],[-51.993906,64.121831],[-52.066762,64.164862]]],[[[-50.805531,64.527981],[-51.336822,64.264106],[-51.143422,64.374905],[-50.805531,64.527981]]],[[[-51.299306,64.380805],[-51.431467,64.413316],[-51.094146,64.562079],[-51.299306,64.380805]]],[[[-43.706695,59.902533],[-43.797963,59.842719],[-43.924713,59.880683],[-43.706695,59.902533]]],[[[-43.206451,59.970893],[-43.301991,59.928941],[-43.343861,59.917914],[-43.206451,59.970893]]],[[[-44.008412,59.99136],[-44.166127,59.97012],[-44.371571,59.918118],[-44.008412,59.99136]]],[[[-43.377187,59.99136],[-43.446034,59.95661],[-43.48705,59.964057],[-43.377187,59.99136]]],[[[-43.171702,60.07392],[-43.525258,60.06981],[-43.720367,59.950995],[-43.171702,60.07392]]],[[[-47.722035,60.759101],[-48.100087,60.718329],[-47.96935,60.84101],[-47.722035,60.759101]]],[[[-42.77477,60.902533],[-42.691151,60.87108],[-42.944569,60.878404],[-42.77477,60.902533]]],[[[-42.493886,61.451158],[-42.449045,61.486151],[-42.419423,61.477525],[-42.493886,61.451158]]],[[[-42.082387,61.87641],[-42.149322,61.793647],[-42.277008,61.761705],[-42.082387,61.87641]]],[[[-42.302113,62.574652],[-42.160146,62.580227],[-42.192983,62.485826],[-42.302113,62.574652]]],[[[-42.035268,62.767035],[-42.054514,62.698188],[-42.349355,62.705634],[-42.035268,62.767035]]],[[[-41.917958,62.814846],[-41.876698,62.778632],[-41.937896,62.844306],[-41.917958,62.814846]]],[[[-41.585846,63.010403],[-41.519114,62.926581],[-41.596547,62.911363],[-41.585846,63.010403]]],[[[-41.527496,63.081732],[-41.373647,63.111151],[-41.385487,63.047349],[-41.527496,63.081732]]],[[[-41.212148,63.157457],[-41.246327,63.123358],[-41.462758,63.174872],[-41.212148,63.157457]]],[[[-41.147043,63.284369],[-41.388987,63.228583],[-41.610097,63.466539],[-41.147043,63.284369]]],[[[-51.223297,63.513739],[-51.246083,63.483588],[-51.345204,63.498928],[-51.223297,63.513739]]],[[[-40.773346,63.64411],[-40.689117,63.62226],[-40.821767,63.616767],[-40.773346,63.64411]]],[[[-40.67101,64.219428],[-41.062001,64.226874],[-40.723012,64.306057],[-40.67101,64.219428]]],[[[-40.143422,64.487006],[-40.567291,64.66352],[-40.493398,64.774359],[-40.143422,64.487006]]],[[[-39.547231,65.319322],[-39.491607,65.288275],[-39.752797,65.376899],[-39.547231,65.319322]]],[[[-37.217437,65.583157],[-37.051625,65.540432],[-37.190094,65.535346],[-37.217437,65.583157]]],[[[-52.937611,65.65884],[-52.880849,65.598456],[-53.165679,65.560289],[-52.937611,65.65884]]],[[[-36.936269,65.679348],[-37.046864,65.598212],[-37.200063,65.673529],[-36.936269,65.679348]]],[[[-36.785512,65.87108],[-36.848459,65.738227],[-36.915761,65.802232],[-36.785512,65.87108]]],[[[-37.453969,65.792548],[-37.479848,65.626451],[-37.946889,65.634833],[-37.453969,65.792548]]],[[[-36.22997,65.919582],[-36.26179,65.859809],[-36.380727,65.836982],[-36.22997,65.919582]]],[[[-36.750722,65.905219],[-36.59496,65.889879],[-36.621938,65.79857],[-36.750722,65.905219]]],[[[-35.551503,66.206936],[-35.396799,66.23786],[-35.520863,66.180487],[-35.551503,66.206936]]],[[[-33.865712,66.823228],[-33.970774,66.804633],[-33.905141,66.881008],[-33.865712,66.823228]]],[[[-33.47525,67.186957],[-33.338124,67.206855],[-33.482818,67.152818],[-33.47525,67.186957]]],[[[-33.249379,67.357652],[-33.253774,67.319241],[-33.290273,67.368598],[-33.249379,67.357652]]],[[[-29.712717,68.221666],[-29.733144,68.16942],[-30.001332,68.179023],[-29.712717,68.221666]]],[[[-53.098053,68.454413],[-52.947174,68.466132],[-52.976877,68.363837],[-53.098053,68.454413]]],[[[-51.834096,68.605211],[-51.858998,68.606594],[-51.863922,68.612128],[-51.834096,68.605211]]],[[[-51.956899,68.635688],[-52.16926,68.584784],[-52.209462,68.643378],[-51.956899,68.635688]]],[[[-52.351064,68.642483],[-52.825754,68.654853],[-52.246816,68.710191],[-52.351064,68.642483]]],[[[-51.223297,69.914252],[-50.935902,69.742987],[-51.333119,69.68773],[-51.223297,69.914252]]],[[[-52.902903,69.34512],[-54.992747,69.701972],[-51.837473,69.643622],[-52.902903,69.34512]]],[[[-54.718984,70.379788],[-55.008534,70.424302],[-54.798655,70.457994],[-54.718984,70.379788]]],[[[-51.663075,70.723049],[-51.583404,70.658149],[-51.820424,70.750393],[-51.663075,70.723049]]],[[[-51.81664,70.942125],[-51.665354,70.845526],[-52.143422,70.929389],[-51.81664,70.942125]]],[[[-53.896596,71.082465],[-53.766347,71.247382],[-53.382069,71.136623],[-53.896596,71.082465]]],[[[-52.484853,71.264309],[-52.66161,71.168402],[-53.136301,71.353664],[-52.484853,71.264309]]],[[[-53.293853,71.538642],[-53.139394,71.671088],[-53.073598,71.586615],[-53.293853,71.538642]]],[[[-55.68692,71.917182],[-55.43578,71.908108],[-55.69815,71.832668],[-55.68692,71.917182]]],[[[-55.047963,72.318834],[-55.339101,72.176703],[-55.627187,72.283393],[-55.047963,72.318834]]],[[[-55.802113,72.689399],[-56.178212,72.668891],[-55.746897,72.78559],[-55.802113,72.689399]]],[[[-55.73941,72.614244],[-54.965443,72.812323],[-55.403635,72.597113],[-55.73941,72.614244]]],[[[-55.60969,73.036038],[-55.119985,72.940131],[-55.364735,72.996731],[-55.60969,73.036038]]],[[[-56.031117,73.570461],[-55.599762,73.39289],[-55.667958,73.472357],[-56.031117,73.570461]]],[[[-56.127065,73.827094],[-56.334828,73.816352],[-56.744781,73.868354],[-56.127065,73.827094]]],[[[-56.518219,74.494818],[-57.556223,74.491889],[-56.619496,74.551988],[-56.518219,74.494818]]],[[[-69.496653,76.592271],[-69.494456,76.562161],[-70.034495,76.568061],[-69.496653,76.592271]]],[[[-71.576283,77.390448],[-72.131825,77.329047],[-72.366689,77.449042],[-71.576283,77.390448]]],[[[-70.356597,77.417792],[-70.662729,77.381781],[-71.288726,77.457831],[-70.356597,77.417792]]],[[[-53.27477,82.172349],[-52.529205,82.219428],[-52.208119,82.018215],[-53.27477,82.172349]]],[[[-44.529164,82.413764],[-45.423411,82.184475],[-47.278656,82.645128],[-44.529164,82.413764]]],[[[-47.852162,82.783637],[-48.41275,82.852769],[-47.896982,82.862494],[-47.852162,82.783637]]],[[[-39.437611,83.10517],[-39.765981,83.009589],[-40.416005,83.114447],[-39.437611,83.10517]]],[[[-40.103342,83.056138],[-41.027211,83.077826],[-40.858062,83.172593],[-40.103342,83.056138]]],[[[-38.83434,83.174018],[-39.905019,83.22956],[-40.472401,83.348131],[-38.83434,83.174018]]],[[[-23.439687,69.742987],[-23.227773,69.683905],[-23.480377,69.655341],[-23.439687,69.742987]]],[[[-26.208323,70.565375],[-26.189524,70.458441],[-26.361399,70.524888],[-26.208323,70.565375]]],[[[-27.719065,70.739814],[-27.722768,70.888577],[-27.273427,70.880683],[-27.719065,70.739814]]],[[[-25.31725,70.746975],[-27.009023,70.505805],[-26.082997,70.993394],[-25.31725,70.746975]]],[[[-25.56192,71.107164],[-25.368886,71.065416],[-25.430531,71.039211],[-25.56192,71.107164]]],[[[-21.949086,72.428697],[-22.201283,72.125149],[-24.408925,72.737779],[-21.949086,72.428697]]],[[[-24.799916,72.915961],[-24.869374,72.814602],[-25.21227,72.852281],[-24.799916,72.915961]]],[[[-21.928619,72.737779],[-23.163319,72.877916],[-21.915842,72.922756],[-21.928619,72.737779]]],[[[-21.325917,73.148098],[-21.178619,73.133002],[-21.328277,73.100979],[-21.325917,73.148098]]],[[[-24.524281,73.047919],[-25.710805,73.194892],[-22.892445,73.158026],[-24.524281,73.047919]]],[[[-20.352691,74.251654],[-21.960561,74.274319],[-20.942372,74.430365],[-20.352691,74.251654]]],[[[-18.735219,74.632473],[-18.758534,74.562405],[-19.146718,74.607896],[-18.735219,74.632473]]],[[[-18.37149,74.711615],[-18.359771,74.7001],[-18.495595,74.642646],[-18.37149,74.711615]]],[[[-19.809967,74.890855],[-20.592275,74.862372],[-19.985504,74.974921],[-19.809967,74.890855]]],[[[-17.316965,75.136135],[-18.838002,75.149848],[-17.802887,75.314276],[-17.316965,75.136135]]],[[[-18.550282,76.054145],[-18.770009,76.595526],[-18.660308,76.60871],[-18.550282,76.054145]]],[[[-18.0065,77.636908],[-17.953359,77.84455],[-17.617299,77.806586],[-18.0065,77.636908]]],[[[-21.3815,77.864325],[-21.127756,77.990302],[-21.161488,77.929877],[-21.3815,77.864325]]],[[[-19.318023,77.883287],[-20.085181,77.900268],[-20.014312,77.998603],[-19.318023,77.883287]]],[[[-19.171376,77.995307],[-19.177561,78.110053],[-18.91161,78.04328],[-19.171376,77.995307]]],[[[-20.379506,78.136054],[-20.711537,78.189683],[-20.43106,78.240871],[-20.379506,78.136054]]],[[[-19.445058,78.200019],[-19.657786,78.283596],[-19.469106,78.309638],[-19.445058,78.200019]]],[[[-18.917836,78.443549],[-19.056386,78.322903],[-19.271108,78.230658],[-18.917836,78.443549]]],[[[-18.234934,78.616929],[-18.467641,78.535061],[-18.562367,78.581488],[-18.234934,78.616929]]],[[[-18.20519,78.736762],[-18.161773,78.829291],[-18.042795,78.745551],[-18.20519,78.736762]]],[[[-19.124379,78.710679],[-19.055409,78.909329],[-19.176747,78.796291],[-19.124379,78.710679]]],[[[-17.532948,79.032213],[-17.828847,78.960435],[-17.724721,79.161322],[-17.532948,79.032213]]],[[[-18.764272,79.973293],[-17.596038,79.843126],[-19.031239,79.931138],[-18.764272,79.973293]]],[[[-19.522857,80.03026],[-19.610015,80.112372],[-19.565785,80.171617],[-19.522857,80.03026]]],[[[-17.732818,81.595649],[-17.793772,81.746161],[-17.510487,81.648139],[-17.732818,81.595649]]],[[[-19.459584,81.953192],[-19.638661,82.101752],[-19.050608,81.996405],[-19.459584,81.953192]]],[[[-66.775624,80.598578],[-66.978057,80.665676],[-66.728098,80.651516],[-66.775624,80.598578]]],[[[-66.320505,80.820258],[-66.377756,80.827379],[-66.335357,80.831936],[-66.320505,80.820258]]]]}},{"type":"Feature","properties":{"name":"Fiji","ISO3166-1-Alpha-3":"FJI","ISO3166-1-Alpha-2":"FJ"},"geometry":{"type":"MultiPolygon","coordinates":[[[[-180,-16.169614],[-179.987538,-16.138116],[-179.948476,-16.142185],[-180,-16.169614]]],[[[-180,-16.541115],[-179.897654,-16.436456],[-179.919626,-16.463149],[-180,-16.541115]]],[[[-180,-16.964144],[-179.846506,-16.721287],[-179.866526,-16.831638],[-180,-16.964144]]],[[[180,-16.489519],[179.999216,-16.541452],[179.984548,-16.538263],[180,-16.489519]]],[[[180,-16.785349],[179.953949,-16.998793],[179.895274,-16.939142],[180,-16.785349]]],[[[180,-16.149112],[179.688324,-16.738214],[178.773285,-16.603285],[180,-16.149112]]],[[[-178.588572,-19.122817],[-178.536977,-19.177179],[-178.581654,-19.111505],[-178.588572,-19.122817]]],[[[-178.972157,-18.965102],[-178.957875,-18.927911],[-178.930979,-18.971368],[-178.972157,-18.965102]]],[[[-179.863067,-18.965834],[-179.78718,-18.955336],[-179.855214,-18.963149],[-179.863067,-18.965834]]],[[[-178.766713,-18.191257],[-178.763295,-18.245864],[-178.824778,-18.23211],[-178.766713,-18.191257]]],[[[-179.050294,-17.955952],[-179.027865,-18.003014],[-179.069336,-17.989319],[-179.050294,-17.955952]]],[[[-178.293162,-17.882745],[-178.239125,-17.934259],[-178.321034,-17.958429],[-178.293162,-17.882745]]],[[[-178.964711,-17.176935],[-179.000681,-17.302504],[-178.972157,-17.197442],[-178.964711,-17.176935]]],[[[179.777517,-19.122817],[179.760427,-19.192315],[179.75294,-19.163832],[179.777517,-19.122817]]],[[[178.430349,-18.955255],[178.195079,-19.047459],[177.951182,-19.129653],[178.430349,-18.955255]]],[[[178.526541,-18.87656],[178.520518,-18.906183],[178.474132,-18.895278],[178.526541,-18.87656]]],[[[179.943427,-18.556346],[179.89884,-18.617466],[179.871566,-18.628824],[179.943427,-18.556346]]],[[[177.648774,-18.492852],[177.648774,-18.579278],[177.620779,-18.504083],[177.648774,-18.492852]]],[[[178.122325,-18.369317],[178.152599,-18.397393],[178.121837,-18.399184],[178.122325,-18.369317]]],[[[179.34547,-17.998793],[179.271739,-18.01572],[179.235118,-17.954685],[179.34547,-17.998793]]],[[[179.430837,-17.794041],[179.430512,-17.822931],[179.410411,-17.828058],[179.430837,-17.794041]]],[[[178.725762,-17.72471],[178.77711,-17.773207],[178.752615,-17.776137],[178.725762,-17.72471]]],[[[178.776378,-17.628839],[178.831963,-17.67945],[178.785114,-17.740221],[178.776378,-17.628839]]],[[[179.005382,-17.621352],[179.019705,-17.600844],[179.033376,-17.656183],[179.005382,-17.621352]]],[[[178.711436,-17.991957],[177.335948,-18.105564],[177.833263,-17.366469],[178.711436,-17.991957]]],[[[177.093923,-17.245294],[177.156016,-17.267022],[177.111827,-17.310317],[177.093923,-17.245294]]],[[[179.451915,-17.290297],[179.383474,-17.390558],[179.371349,-17.259861],[179.451915,-17.290297]]],[[[177.272146,-17.080824],[177.227387,-17.141209],[177.186046,-17.120294],[177.272146,-17.080824]]],[[[177.443696,-16.867852],[177.408458,-16.924493],[177.373057,-16.902927],[177.443696,-16.867852]]],[[[178.333995,-16.79339],[178.333669,-16.828871],[178.28004,-16.786716],[178.333995,-16.79339]]],[[[177.56072,-16.676853],[177.493419,-16.802667],[177.430349,-16.82822],[177.56072,-16.676853]]],[[[179.917491,-16.655532],[179.910899,-16.646254],[179.944998,-16.618748],[179.917491,-16.655532]]],[[[178.588227,-16.573012],[178.622569,-16.573012],[178.573985,-16.594171],[178.588227,-16.573012]]],[[[179.362315,-16.326593],[179.389659,-16.333591],[179.343761,-16.338962],[179.362315,-16.326593]]],[[[177.124766,-12.486098],[177.059581,-12.511977],[177.00587,-12.489516],[177.124766,-12.486098]]],[[[174.615896,-21.711114],[174.588878,-21.681573],[174.626638,-21.676528],[174.615896,-21.711114]]],[[[-178.719065,-20.670994],[-178.730295,-20.650079],[-178.720815,-20.659275],[-178.719065,-20.670994]]],[[[-178.226796,-19.84002],[-178.228953,-19.829034],[-178.216135,-19.815199],[-178.226796,-19.84002]]],[[[-178.419789,-19.167413],[-178.389272,-19.146417],[-178.409373,-19.171808],[-178.419789,-19.167413]]],[[[-178.899648,-18.87713],[-178.930613,-18.882094],[-178.879872,-18.854262],[-178.899648,-18.87713]]],[[[-178.507151,-18.665216],[-178.511098,-18.637953],[-178.486073,-18.651788],[-178.507151,-18.665216]]],[[[-179.322581,-17.770196],[-179.334218,-17.740004],[-179.279734,-17.739435],[-179.322581,-17.770196]]],[[[-179.156606,-17.471368],[-179.175486,-17.439711],[-179.134714,-17.435317],[-179.156606,-17.471368]]],[[[-179.157297,-17.272719],[-179.146474,-17.247979],[-179.130808,-17.277032],[-179.157297,-17.272719]]]]}},{"type":"Feature","properties":{"name":"New Zealand","ISO3166-1-Alpha-3":"NZL","ISO3166-1-Alpha-2":"NZ"},"geometry":{"type":"MultiPolygon","coordinates":[[[[166.136974,-50.864353],[166.122732,-50.912042],[165.942393,-50.85296],[166.136974,-50.864353]]],[[[169.250421,-52.520257],[169.084747,-52.574708],[169.144305,-52.490061],[169.250421,-52.520257]]],[[[166.243419,-50.600763],[166.198416,-50.796563],[165.996349,-50.844415],[166.243419,-50.600763]]],[[[178.839041,-49.629164],[178.822113,-49.719822],[178.728038,-49.66074],[178.839041,-49.629164]]],[[[-176.145253,-44.248142],[-176.221181,-44.323989],[-176.232615,-44.247003],[-176.145253,-44.248142]]],[[[-176.382029,-43.898614],[-176.371449,-44.052179],[-176.72468,-43.833673],[-176.382029,-43.898614]]],[[[-177.909535,-29.278578],[-177.95283,-29.233087],[-177.865427,-29.251153],[-177.909535,-29.278578]]],[[[-171.190663,-9.356378],[-171.2058,-9.330987],[-171.185658,-9.361261],[-171.190663,-9.356378]]],[[[-172.486073,-8.565362],[-172.502553,-8.543227],[-172.47936,-8.574477],[-172.486073,-8.565362]]],[[[166.637218,-47.993585],[166.634288,-48.039972],[166.613048,-48.038263],[166.637218,-47.993585]]],[[[167.418712,-47.232599],[167.454275,-47.207452],[167.473888,-47.227309],[167.418712,-47.232599]]],[[[167.709239,-46.784112],[167.669444,-46.791599],[167.678722,-46.758559],[167.709239,-46.784112]]],[[[168.590017,-46.732354],[168.563243,-46.801202],[168.542166,-46.759698],[168.590017,-46.732354]]],[[[168.199474,-47.047621],[167.515473,-47.253676],[167.895274,-46.694757],[168.199474,-47.047621]]],[[[166.711436,-45.616306],[166.674815,-45.736912],[166.506196,-45.724867],[166.711436,-45.616306]]],[[[166.973643,-45.163263],[166.9699,-45.289483],[166.901134,-45.23211],[166.973643,-45.163263]]],[[[174.38087,-41.106378],[174.29835,-41.20794],[174.312022,-41.168552],[174.38087,-41.106378]]],[[[173.784434,-40.907159],[173.839041,-40.767022],[173.963715,-40.794366],[173.784434,-40.907159]]],[[[172.748694,-43.279694],[169.704112,-46.549005],[166.474783,-45.996026],[172.83961,-40.50213],[174.325694,-41.216241],[172.748694,-43.279694]]],[[[175.16863,-36.741143],[175.187185,-36.822524],[175.021495,-36.799737],[175.16863,-36.741143]]],[[[175.847667,-36.625095],[175.794932,-36.618341],[175.784516,-36.591485],[175.847667,-36.625095]]],[[[174.853282,-36.391697],[174.901134,-36.415216],[174.855235,-36.452407],[174.853282,-36.391697]]],[[[175.134532,-36.175958],[175.154959,-36.213556],[175.100352,-36.227797],[175.134532,-36.175958]]],[[[175.538422,-36.282403],[175.384939,-36.254002],[175.42921,-36.093845],[175.538422,-36.282403]]],[[[172.145995,-34.144658],[172.148841,-34.161933],[172.12181,-34.156446],[172.145995,-34.144658]]],[[[176.953712,-39.607513],[175.966807,-41.247003],[174.609386,-41.291925],[175.183767,-40.134454],[173.759288,-39.301365],[174.948416,-37.101739],[172.70281,-34.411798],[174.353038,-35.199395],[174.680186,-36.907403],[178.550548,-37.680597],[176.953712,-39.607513]]]]}},{"type":"Feature","properties":{"name":"New Caledonia","ISO3166-1-Alpha-3":"NCL","ISO3166-1-Alpha-2":"NC"},"geometry":{"type":"MultiPolygon","coordinates":[[[[163.985118,-20.047621],[163.971365,-20.06878],[163.944102,-20.025974],[163.985118,-20.047621]]],[[[167.521007,-22.569594],[167.530935,-22.605564],[167.418712,-22.645278],[167.521007,-22.569594]]],[[[166.801768,-22.398858],[166.828949,-22.425551],[166.801768,-22.463067],[166.801768,-22.398858]]],[[[168.137462,-21.431817],[167.863617,-21.603692],[167.823009,-21.377048],[168.137462,-21.431817]]],[[[166.424978,-20.719903],[166.443533,-20.733494],[166.400645,-20.728936],[166.424978,-20.719903]]],[[[167.432302,-21.027765],[167.062022,-20.973077],[167.30128,-20.713067],[167.432302,-21.027765]]],[[[166.637218,-20.425063],[166.600922,-20.600193],[166.564952,-20.531508],[166.637218,-20.425063]]],[[[167.034434,-22.237481],[165.759532,-21.768813],[164.244314,-20.285333],[167.034434,-22.237481]]],[[[164.22462,-20.137628],[164.192638,-20.139093],[164.163748,-20.061944],[164.22462,-20.137628]]],[[[163.682791,-19.739841],[163.639985,-19.723728],[163.621837,-19.623712],[163.682791,-19.739841]]],[[[171.340605,-22.344761],[171.343765,-22.346342],[171.341922,-22.349239],[171.340605,-22.344761]]]]}},{"type":"Feature","properties":{"name":"Madagascar","ISO3166-1-Alpha-3":"MDG","ISO3166-1-Alpha-2":"MG"},"geometry":{"type":"MultiPolygon","coordinates":[[[[44.254731,-20.376072],[44.444672,-16.195733],[48.000255,-14.762302],[49.278087,-11.947686],[50.483409,-15.443455],[49.638438,-15.54461],[46.964692,-25.065688],[44.028819,-24.998956],[43.222911,-22.254815],[44.254731,-20.376072]]],[[[49.955821,-16.779718],[50.019867,-16.714532],[49.82252,-17.041274],[49.955821,-16.779718]]],[[[48.332042,-13.360447],[48.229015,-13.400649],[48.276866,-13.264255],[48.332042,-13.360447]]]]}},{"type":"Feature","properties":{"name":"Philippines","ISO3166-1-Alpha-3":"PHL","ISO3166-1-Alpha-2":"PH"},"geometry":{"type":"MultiPolygon","coordinates":[[[[120.860688,5.574368],[120.897797,5.498521],[120.823741,5.533637],[120.860688,5.574368]]],[[[121.902354,6.033637],[121.937755,6.029446],[121.784679,6.059556],[121.902354,6.033637]]],[[[125.79127,6.948188],[125.717621,7.052232],[125.702159,7.177151],[125.79127,6.948188]]],[[[122.97169,7.383612],[122.874522,7.318671],[122.803722,7.417467],[122.97169,7.383612]]],[[[121.252452,9.631171],[121.210948,9.575873],[121.244884,9.624416],[121.252452,9.631171]]],[[[125.990245,9.685736],[125.925059,9.596381],[125.937511,9.692532],[125.990245,9.685736]]],[[[126.569184,7.301093],[126.200206,6.283189],[125.668305,7.257025],[125.371267,5.572943],[123.703949,7.809394],[121.898936,7.057196],[125.459483,9.822943],[126.569184,7.301093]]],[[[125.295095,9.970649],[125.263845,9.938218],[125.149099,10.165961],[125.295095,9.970649]]],[[[124.379731,10.691311],[124.300629,10.590074],[124.313731,10.677802],[124.379731,10.691311]]],[[[124.465831,10.713609],[124.520681,10.665758],[124.40919,10.648261],[124.465831,10.713609]]],[[[125.822032,10.734687],[125.769379,10.700385],[125.687266,10.805162],[125.822032,10.734687]]],[[[119.632091,11.069892],[119.641287,11.015286],[119.596934,11.034735],[119.632091,11.069892]]],[[[119.613129,11.200263],[119.589529,11.141791],[119.572927,11.179145],[119.613129,11.200263]]],[[[124.59962,11.563381],[124.472667,11.473944],[124.349132,11.68008],[124.59962,11.563381]]],[[[124.815196,11.63227],[124.808767,11.577338],[124.722423,11.693264],[124.815196,11.63227]]],[[[122.297211,18.403876],[121.391124,15.266262],[121.93629,13.995185],[123.937755,13.784003],[124.054942,12.537258],[122.536876,13.961127],[122.588145,13.174018],[120.649669,13.784247],[119.888194,15.429023],[120.57016,18.501776],[122.297211,18.403876]]],[[[120.251964,5.266506],[120.045746,5.163479],[119.90797,5.169379],[120.251964,5.266506]]],[[[120.588145,6.380764],[120.569835,6.243638],[120.522146,6.277248],[120.588145,6.380764]]],[[[122.296723,6.633246],[121.95753,6.407294],[122.040212,6.739325],[122.296723,6.633246]]],[[[118.537608,7.006293],[118.44516,6.982327],[118.474783,7.037014],[118.537608,7.006293]]],[[[117.084972,8.057847],[117.07838,7.883287],[117.001638,7.823676],[117.084972,8.057847]]],[[[117.030528,8.068264],[116.99586,8.103013],[117.06837,8.09276],[117.030528,8.068264]]],[[[117.167735,8.178127],[117.204845,8.166815],[117.161794,8.156724],[117.167735,8.178127]]],[[[117.32545,8.32274],[117.331879,8.193183],[117.284434,8.32274],[117.32545,8.32274]]],[[[117.242849,8.315253],[117.263927,8.301011],[117.189464,8.299547],[117.242849,8.315253]]],[[[124.78419,9.199774],[124.77947,9.079495],[124.646739,9.148871],[124.78419,9.199774]]],[[[123.698009,9.165025],[123.632335,9.098334],[123.607432,9.262152],[123.698009,9.165025]]],[[[126.165863,9.829169],[125.995372,9.824652],[126.048595,10.007961],[126.165863,9.829169]]],[[[124.565278,9.870754],[123.86671,9.683539],[124.143077,10.110297],[124.565278,9.870754]]],[[[125.719574,9.911689],[125.513194,10.086615],[125.614757,10.381049],[125.719574,9.911689]]],[[[119.950206,10.603746],[119.908702,10.555976],[119.780935,10.472235],[119.950206,10.603746]]],[[[122.711111,10.734687],[122.526378,10.432359],[122.545909,10.540717],[122.711111,10.734687]]],[[[123.574474,10.830959],[123.033214,9.035305],[122.395193,9.842841],[123.574474,10.830959]]],[[[124.047374,10.834052],[123.624766,9.87934],[123.718028,10.537055],[124.047374,10.834052]]],[[[123.801036,11.179145],[123.745779,11.138821],[123.715831,11.264146],[123.801036,11.179145]]],[[[119.671886,10.552558],[117.190766,8.338324],[119.501964,11.423326],[119.671886,10.552558]]],[[[119.867198,11.51557],[119.770844,11.406317],[119.785167,11.494452],[119.867198,11.51557]]],[[[125.273936,10.323188],[124.58253,11.000963],[124.832774,11.424506],[125.273936,10.323188]]],[[[123.170421,11.48078],[121.949718,10.433173],[121.896821,11.893785],[123.170421,11.48078]]],[[[120.02475,11.892971],[119.9699,11.725531],[119.868012,11.906562],[120.02475,11.892971]]],[[[120.347504,12.029486],[119.934093,12.134833],[120.114106,12.193996],[120.347504,12.029486]]],[[[122.687511,12.402818],[122.583018,12.30565],[122.423025,12.462877],[122.687511,12.402818]]],[[[125.712738,11.148749],[124.928233,11.741441],[125.329112,12.323676],[125.712738,11.148749]]],[[[124.054942,11.799791],[123.185232,12.005113],[123.37379,12.489651],[124.054942,11.799791]]],[[[122.279633,12.605455],[122.254649,12.511176],[122.245616,12.570746],[122.279633,12.605455]]],[[[122.115245,12.666327],[122.061209,12.188056],[122.002126,12.244371],[122.115245,12.666327]]],[[[123.787364,12.375556],[123.588145,12.64643],[123.704926,12.611721],[123.787364,12.375556]]],[[[123.280284,12.864936],[123.066091,12.971991],[123.058849,13.107856],[123.280284,12.864936]]],[[[121.526134,12.704495],[120.98113,12.422675],[120.719249,13.485175],[121.526134,12.704495]]],[[[122.101573,13.416693],[121.847667,13.310614],[121.989024,13.530463],[122.101573,13.416693]]],[[[120.260916,13.711575],[120.210216,13.7272],[120.093028,13.865302],[120.260916,13.711575]]],[[[124.417979,13.872952],[124.251638,13.599189],[124.121104,13.994127],[124.417979,13.872952]]],[[[122.104747,14.102607],[122.098969,14.05036],[121.923513,14.208686],[122.104747,14.102607]]],[[[122.235362,14.797756],[122.115245,14.814846],[122.157074,14.834296],[122.235362,14.797756]]],[[[122.005382,15.010688],[121.978038,14.838772],[121.881847,14.883694],[122.005382,15.010688]]],[[[121.388438,18.902981],[121.46697,18.881781],[121.294932,18.846829],[121.388438,18.902981]]],[[[121.971202,18.984931],[121.847179,18.824368],[121.892589,18.996487],[121.971202,18.984931]]],[[[121.210948,19.176703],[121.238536,19.118394],[121.209239,19.050238],[121.210948,19.176703]]],[[[121.526134,19.320705],[121.510102,19.267646],[121.350841,19.375922],[121.526134,19.320705]]],[[[121.977306,19.577379],[121.978038,19.498847],[121.896821,19.556871],[121.977306,19.577379]]],[[[121.841645,20.346015],[121.89324,20.313666],[121.850841,20.273424],[121.841645,20.346015]]],[[[122.009776,20.488471],[121.968761,20.413398],[121.938975,20.3487],[122.009776,20.488471]]],[[[121.877208,20.770331],[121.786388,20.70307],[121.855805,20.838324],[121.877208,20.770331]]],[[[119.483246,4.850898],[119.467052,4.666449],[119.447032,4.905504],[119.483246,4.850898]]],[[[121.217459,5.820746],[121.197032,5.80093],[121.142263,5.833889],[121.217459,5.820746]]],[[[121.381602,6.005683],[121.227794,5.942125],[120.876475,5.978705],[121.381602,6.005683]]],[[[121.628917,6.657416],[121.610362,6.569566],[121.58253,6.631659],[121.628917,6.657416]]],[[[121.094493,10.895819],[121.062266,10.817572],[121.032074,10.87051],[121.094493,10.895819]]],[[[120.285167,11.930162],[120.271495,11.899115],[120.237478,11.885443],[120.285167,11.930162]]],[[[121.406423,12.062445],[121.371837,12.011135],[121.358653,12.087836],[121.406423,12.062445]]],[[[119.959727,8.880601],[119.960623,8.877102],[119.958344,8.877183],[119.959727,8.880601]]],[[[119.969249,8.880927],[119.968272,8.884101],[119.971934,8.882392],[119.969249,8.880927]]],[[[119.965343,8.887193],[119.966075,8.885688],[119.964203,8.885565],[119.965343,8.887193]]],[[[119.967784,8.891547],[119.968516,8.890041],[119.966807,8.889879],[119.967784,8.891547]]],[[[121.723969,12.913967],[121.706716,12.905097],[121.68865,12.94717],[121.723969,12.913967]]],[[[121.088634,13.530341],[121.043468,13.567572],[121.077485,13.572252],[121.088634,13.530341]]],[[[121.936697,21.065619],[121.929698,21.064521],[121.934825,21.073228],[121.936697,21.065619]]],[[[121.947439,21.116156],[121.950694,21.122382],[121.954275,21.118394],[121.947439,21.116156]]],[[[119.830903,4.82095],[119.857677,4.79857],[119.833995,4.796617],[119.830903,4.82095]]],[[[119.836925,4.86286],[119.793142,4.921861],[119.842621,4.904853],[119.836925,4.86286]]],[[[119.79656,5.057603],[119.745779,5.044013],[119.805512,5.105048],[119.79656,5.057603]]],[[[125.418712,5.425482],[125.411632,5.368109],[125.334239,5.387681],[125.418712,5.425482]]],[[[120.860118,5.703843],[120.860118,5.675849],[120.799327,5.667629],[120.860118,5.703843]]],[[[120.904307,5.759101],[120.929373,5.733222],[120.909923,5.700019],[120.904307,5.759101]]],[[[123.841319,9.642401],[123.785167,9.552314],[123.739268,9.594062],[123.841319,9.642401]]],[[[124.606944,10.140326],[124.540375,10.060858],[124.542247,10.115953],[124.606944,10.140326]]],[[[121.474132,11.866848],[121.455821,11.831732],[121.417979,11.837795],[121.474132,11.866848]]],[[[124.206228,12.081244],[124.198578,12.052639],[124.146251,12.053046],[124.206228,12.081244]]],[[[121.115977,12.196763],[121.099376,12.16942],[121.039561,12.251532],[121.115977,12.196763]]],[[[124.16863,12.398139],[124.1338,12.459418],[124.160492,12.456041],[124.16863,12.398139]]],[[[124.148611,13.185777],[124.065603,13.210761],[124.178722,13.222968],[124.148611,13.185777]]],[[[124.086274,13.260443],[123.939301,13.244452],[124.015798,13.280422],[124.086274,13.260443]]],[[[123.89031,13.274075],[123.857758,13.250149],[123.848888,13.354153],[123.89031,13.274075]]],[[[123.801524,13.366034],[123.80421,13.391547],[123.842947,13.371812],[123.801524,13.366034]]],[[[122.411794,14.725816],[122.374848,14.681464],[122.341563,14.712592],[122.411794,14.725816]]],[[[120.005056,16.268622],[119.956716,16.262437],[119.962576,16.338853],[120.005056,16.268622]]],[[[123.991649,10.324284],[124.026095,10.306539],[123.946765,10.245997],[123.991649,10.324284]]]]}},{"type":"Feature","properties":{"name":"Sri Lanka","ISO3166-1-Alpha-3":"LKA","ISO3166-1-Alpha-2":"LK"},"geometry":{"type":"MultiPolygon","coordinates":[[[[81.875987,7.091946],[80.094005,6.136054],[79.970714,9.815131],[81.875987,7.091946]]],[[[81.73878,7.660468],[81.737966,7.727484],[81.807791,7.479193],[81.73878,7.660468]]],[[[79.714122,9.075629],[79.882335,9.053778],[79.885753,8.976223],[79.714122,9.075629]]],[[[79.730805,9.50019],[79.666026,9.491278],[79.67213,9.5456],[79.730805,9.50019]]],[[[79.895844,9.617499],[79.888438,9.723619],[79.933604,9.654731],[79.895844,9.617499]]]]}},{"type":"Feature","properties":{"name":"Curaçao","ISO3166-1-Alpha-3":"CUW","ISO3166-1-Alpha-2":"CW"},"geometry":{"type":"Polygon","coordinates":[[[-68.780751,12.097805],[-69.043609,12.196682],[-69.156239,12.390611],[-68.780751,12.097805]]]}},{"type":"Feature","properties":{"name":"Aruba","ISO3166-1-Alpha-3":"ABW","ISO3166-1-Alpha-2":"AW"},"geometry":{"type":"Polygon","coordinates":[[[-69.996938,12.577582],[-69.930531,12.425971],[-70.062408,12.54682],[-69.996938,12.577582]]]}},{"type":"Feature","properties":{"name":"The Bahamas","ISO3166-1-Alpha-3":"BHS","ISO3166-1-Alpha-2":"BS"},"geometry":{"type":"MultiPolygon","coordinates":[[[[-72.999572,21.451708],[-73.076234,21.506796],[-72.959457,21.533128],[-72.999572,21.451708]]],[[[-73.13915,22.363349],[-73.039906,22.439032],[-72.763824,22.294867],[-73.13915,22.363349]]],[[[-73.468736,22.587662],[-73.536115,22.603462],[-73.54098,22.61396],[-73.468736,22.587662]]],[[[-73.647071,21.061555],[-73.343834,21.165413],[-73.317291,20.945054],[-73.647071,21.061555]]],[[[-74.283762,22.67182],[-74.317535,22.602484],[-74.376698,22.584377],[-74.283762,22.67182]]],[[[-73.995717,22.657538],[-73.849477,22.582465],[-74.193715,22.273912],[-73.995717,22.657538]]],[[[-74.286855,22.733303],[-74.197499,22.786119],[-74.094106,22.665676],[-74.286855,22.733303]]],[[[-73.666168,23.089545],[-73.797353,23.073798],[-73.741851,23.096991],[-73.666168,23.089545]]],[[[-75.653554,23.459459],[-75.576975,23.445868],[-75.559804,23.415595],[-75.653554,23.459459]]],[[[-75.798207,23.538642],[-75.945465,23.588039],[-75.996083,23.684556],[-75.798207,23.538642]]],[[[-74.85912,22.980292],[-75.146474,23.144761],[-75.33141,23.623969],[-74.85912,22.980292]]],[[[-74.900054,23.706488],[-74.793691,23.671332],[-74.872792,23.672349],[-74.900054,23.706488]]],[[[-76.325185,23.974026],[-76.374989,24.046576],[-76.401479,24.102932],[-76.325185,23.974026]]],[[[-74.468658,24.021796],[-74.530141,24.076402],[-74.440785,24.114244],[-74.468658,24.021796]]],[[[-77.880686,24.186265],[-77.951731,24.193996],[-77.802398,24.244452],[-77.880686,24.186265]]],[[[-77.92162,24.26203],[-77.950266,24.230536],[-78.016916,24.24844],[-77.92162,24.26203]]],[[[-76.463002,24.213609],[-76.544586,24.283026],[-76.513417,24.260891],[-76.463002,24.213609]]],[[[-77.524973,23.933051],[-77.774241,23.856757],[-77.726959,24.177802],[-77.524973,23.933051]]],[[[-77.76769,24.326606],[-77.758046,24.359361],[-77.682607,24.34394],[-77.76769,24.326606]]],[[[-75.314687,24.217353],[-75.48058,24.309394],[-75.732167,24.698635],[-75.314687,24.217353]]],[[[-77.47997,24.99136],[-77.504506,25.0633],[-77.302073,25.066107],[-77.47997,24.99136]]],[[[-78.353586,24.659247],[-78.292144,24.775336],[-77.737213,24.700181],[-78.353586,24.659247]]],[[[-76.161285,25.165717],[-76.317454,24.825263],[-76.591217,25.422553],[-76.161285,25.165717]]],[[[-77.819203,25.707587],[-77.860097,25.748521],[-77.880686,25.789537],[-77.819203,25.707587]]],[[[-77.537994,26.306586],[-77.567047,26.291002],[-77.579579,26.337592],[-77.537994,26.306586]]],[[[-78.590077,26.5362],[-78.637979,26.609731],[-78.118948,26.704328],[-78.590077,26.5362]]],[[[-77.812367,26.906806],[-77.024729,26.303453],[-77.219879,26.364936],[-77.812367,26.906806]]],[[[-79.514027,23.495673],[-79.517568,23.494045],[-79.53661,23.506496],[-79.514027,23.495673]]],[[[-79.563344,23.546698],[-79.552887,23.533759],[-79.59435,23.574652],[-79.563344,23.546698]]],[[[-79.268707,25.53856],[-79.26651,25.537828],[-79.262115,25.528062],[-79.268707,25.53856]]],[[[-79.28893,25.559149],[-79.288442,25.562974],[-79.279408,25.551663],[-79.28893,25.559149]]],[[[-75.722076,22.202582],[-75.742665,22.183254],[-75.733022,22.199774],[-75.722076,22.202582]]],[[[-75.745961,22.236029],[-75.753407,22.237372],[-75.747548,22.261461],[-75.745961,22.236029]]],[[[-75.811676,22.371568],[-75.805491,22.347602],[-75.823638,22.385728],[-75.811676,22.371568]]],[[[-73.618177,22.60125],[-73.605983,22.609494],[-73.607618,22.577255],[-73.618177,22.60125]]],[[[-75.109039,23.84691],[-75.105784,23.831448],[-75.117421,23.815131],[-75.109039,23.84691]]],[[[-77.869211,24.346829],[-77.832834,24.349555],[-77.867299,24.319485],[-77.869211,24.346829]]],[[[-76.774322,24.538642],[-76.77892,24.51435],[-76.792388,24.54914],[-76.774322,24.538642]]],[[[-77.864125,25.407904],[-77.900014,25.415473],[-77.847279,25.425849],[-77.864125,25.407904]]],[[[-79.250071,25.774726],[-79.261708,25.756659],[-79.258046,25.699042],[-79.250071,25.774726]]],[[[-77.244252,26.478461],[-77.240468,26.46662],[-77.267445,26.453274],[-77.244252,26.478461]]],[[[-77.853831,26.600775],[-77.851877,26.583319],[-77.891103,26.594062],[-77.853831,26.600775]]],[[[-76.770186,25.551304],[-76.745895,25.545036],[-76.760783,25.540334],[-76.770186,25.551304]]],[[[-76.828954,25.531715],[-76.810932,25.523879],[-76.87205,25.506641],[-76.828954,25.531715]]]]}},{"type":"Feature","properties":{"name":"Turks and Caicos Islands","ISO3166-1-Alpha-3":"TCA","ISO3166-1-Alpha-2":"TC"},"geometry":{"type":"MultiPolygon","coordinates":[[[[-72.460764,21.70539],[-72.452016,21.644965],[-72.470204,21.646877],[-72.460764,21.70539]]],[[[-71.507965,21.70539],[-71.581776,21.758368],[-71.480946,21.725491],[-71.507965,21.70539]]],[[[-71.802846,21.787909],[-71.790761,21.842231],[-71.679311,21.822089],[-71.802846,21.787909]]],[[[-72.337229,21.800971],[-72.165273,21.794827],[-72.281239,21.779608],[-72.337229,21.800971]]],[[[-72.021962,21.904608],[-71.922678,21.951809],[-71.942983,21.85814],[-72.021962,21.904608]]],[[[-71.138092,21.513617],[-71.128896,21.472235],[-71.151682,21.450588],[-71.138092,21.513617]]],[[[-71.687815,21.299791],[-71.674062,21.306545],[-71.695872,21.290107],[-71.687815,21.299791]]],[[[-71.634348,21.318793],[-71.628814,21.324368],[-71.634674,21.294501],[-71.634348,21.318793]]],[[[-71.209828,21.341376],[-71.192494,21.335028],[-71.213694,21.310614],[-71.209828,21.341376]]],[[[-71.49828,21.569403],[-71.504262,21.494045],[-71.527821,21.524319],[-71.49828,21.569403]]],[[[-72.124908,21.854641],[-72.119496,21.857896],[-72.124379,21.846869],[-72.124908,21.854641]]],[[[-72.094797,21.882514],[-72.087026,21.880927],[-72.093007,21.867174],[-72.094797,21.882514]]]]}},{"type":"Feature","properties":{"name":"Taiwan","ISO3166-1-Alpha-3":"TWN","ISO3166-1-Alpha-2":"CN-TW"},"geometry":{"type":"MultiPolygon","coordinates":[[[[121.905772,24.9501],[120.714366,21.937486],[120.184418,23.76439],[121.905772,24.9501]]],[[[121.563487,22.044623],[121.53891,22.018215],[121.492035,22.08218],[121.563487,22.044623]]],[[[118.394216,24.522691],[118.34576,24.417579],[118.292735,24.432074],[118.394216,24.522691]]],[[[119.64796,23.603461],[119.582367,23.518948],[119.55714,23.565009],[119.64796,23.603461]]],[[[119.477061,23.603461],[119.490245,23.582465],[119.456554,23.562486],[119.477061,23.603461]]],[[[119.572602,23.627672],[119.566417,23.679185],[119.586925,23.645006],[119.572602,23.627672]]],[[[121.460704,22.659003],[121.502778,22.669501],[121.496104,22.63467],[121.460704,22.659003]]],[[[120.021861,23.451644],[120.12477,23.550454],[120.047912,23.458085],[120.021861,23.451644]]]]}},{"type":"Feature","properties":{"name":"Japan","ISO3166-1-Alpha-3":"JPN","ISO3166-1-Alpha-2":"JP"},"geometry":{"type":"MultiPolygon","coordinates":[[[[129.783214,31.799628],[129.74171,31.676174],[129.676298,31.666966],[129.783214,31.799628]]],[[[131.65979,32.47682],[130.657722,31.003191],[129.580413,33.371007],[131.007148,33.966055],[131.65979,32.47682]]],[[[134.689789,33.82807],[133.002208,32.711656],[132.010539,33.348989],[134.689789,33.82807]]],[[[133.121349,36.109768],[133.12322,36.062934],[133.078624,36.049994],[133.121349,36.109768]]],[[[133.090587,36.117865],[133.093272,36.123358],[133.113617,36.113511],[133.090587,36.117865]]],[[[133.074229,36.127916],[133.044932,36.055121],[132.993175,36.066352],[133.074229,36.127916]]],[[[133.422211,34.445014],[130.879405,33.937934],[133.091261,35.601485],[136.069114,35.66188],[136.783767,37.373892],[138.550629,37.377916],[139.860362,40.608791],[141.460579,41.430223],[142.058442,39.466295],[140.37763,35.176357],[136.830118,35.078831],[135.76002,33.433336],[135.412934,34.692084],[133.422211,34.445014]]],[[[143.896495,44.158149],[143.975841,44.148261],[143.817638,44.175605],[143.896495,44.158149]]],[[[145.767426,43.387274],[143.241547,41.928046],[140.500662,42.579169],[141.199962,41.799465],[140.208995,41.401109],[139.767589,42.310981],[141.42335,43.317857],[141.919444,45.515855],[145.767426,43.387274]]],[[[123.814708,24.39175],[123.745779,24.281236],[123.729259,24.315741],[123.814708,24.39175]]],[[[123.002615,24.474311],[122.998383,24.439521],[122.938162,24.45482],[123.002615,24.474311]]],[[[124.329112,24.583564],[124.132579,24.391995],[124.139903,24.453192],[124.329112,24.583564]]],[[[141.357758,24.789618],[141.330577,24.76911],[141.292654,24.773871],[141.357758,24.789618]]],[[[125.387218,24.782172],[125.2588,24.733385],[125.285167,24.877346],[125.387218,24.782172]]],[[[131.255138,25.874986],[131.257335,25.827094],[131.212738,25.841457],[131.255138,25.874986]]],[[[126.810069,26.351874],[126.78891,26.303453],[126.703624,26.355292],[126.810069,26.351874]]],[[[142.193207,26.646064],[142.122406,26.720445],[142.165782,26.674384],[142.193207,26.646064]]],[[[128.337657,26.796942],[127.843028,26.417467],[127.793712,26.442694],[128.337657,26.796942]]],[[[142.193207,27.091742],[142.241059,27.084296],[142.180186,27.07807],[142.193207,27.091742]]],[[[128.700694,27.45482],[128.618175,27.379706],[128.525157,27.38467],[128.700694,27.45482]]],[[[128.98878,27.811103],[128.960704,27.685777],[128.878917,27.824774],[128.98878,27.811103]]],[[[129.296641,28.119574],[129.285411,28.081488],[129.187022,28.174994],[129.296641,28.119574]]],[[[130.030284,28.373481],[130.00766,28.306545],[129.956554,28.284817],[130.030284,28.373481]]],[[[129.70753,28.462144],[129.406505,28.184475],[129.241466,28.312567],[129.70753,28.462144]]],[[[129.714854,29.654527],[129.753754,29.645413],[129.721039,29.606147],[129.714854,29.654527]]],[[[129.893565,29.874742],[129.920421,29.819648],[129.850981,29.88673],[129.893565,29.874742]]],[[[130.674571,30.374579],[130.437713,30.23897],[130.441173,30.422309],[130.674571,30.374579]]],[[[131.052013,30.840237],[130.964753,30.456319],[130.861771,30.465663],[131.052013,30.840237]]],[[[130.153087,32.203762],[130.173595,32.124335],[130.12322,32.158922],[130.153087,32.203762]]],[[[130.410004,32.511623],[130.34311,32.42182],[130.247895,32.464586],[130.410004,32.511623]]],[[[130.160492,32.546332],[130.011974,32.190619],[129.979747,32.332994],[130.160492,32.546332]]],[[[128.878427,32.673925],[128.712413,32.604315],[128.642263,32.728013],[128.878427,32.673925]]],[[[139.791026,33.135321],[139.869395,33.075507],[139.787608,33.058417],[139.791026,33.135321]]],[[[129.097992,32.988267],[129.064952,32.817816],[129.083995,33.023383],[129.097992,32.988267]]],[[[129.555684,33.410805],[129.376021,33.169719],[129.393961,33.239526],[129.555684,33.410805]]],[[[132.243663,33.79328],[132.27296,33.768541],[132.188324,33.77969],[132.243663,33.79328]]],[[[129.776378,33.773424],[129.670763,33.750139],[129.68672,33.859796],[129.776378,33.773424]]],[[[132.236176,33.869045],[132.380219,33.917548],[132.377452,33.852037],[132.236176,33.869045]]],[[[139.487071,34.060777],[139.523448,34.112372],[139.56129,34.058092],[139.487071,34.060777]]],[[[132.555186,34.071357],[132.506602,34.167792],[132.537852,34.15705],[132.555186,34.071357]]],[[[132.999475,34.208377],[132.990896,34.232123],[133.01002,34.291246],[132.999475,34.208377]]],[[[129.312528,34.279756],[129.283519,34.146005],[129.18926,34.234227],[129.312528,34.279756]]],[[[139.270356,34.395982],[139.300955,34.417914],[139.267833,34.322699],[139.270356,34.395982]]],[[[135.002682,34.608423],[134.95045,34.28734],[134.657169,34.288204],[135.002682,34.608423]]],[[[129.452647,34.619452],[129.334596,34.360591],[129.325546,34.542327],[129.452647,34.619452]]],[[[139.418224,34.780829],[139.458507,34.715033],[139.359353,34.702299],[139.418224,34.780829]]],[[[133.012462,36.014797],[133.066661,36.006537],[133.027843,35.993638],[133.012462,36.014797]]],[[[133.367035,36.274237],[133.337413,36.165595],[133.292817,36.330552],[133.367035,36.274237]]],[[[138.459239,38.069892],[138.215505,37.830268],[138.329112,38.181952],[138.459239,38.069892]]],[[[139.548513,42.243354],[139.445649,42.054836],[139.410818,42.153998],[139.548513,42.243354]]],[[[145.311534,43.593329],[145.312022,43.542182],[145.276866,43.538153],[145.311534,43.593329]]],[[[144.448253,43.942206],[144.455089,43.942206],[144.448985,43.942043],[144.448253,43.942206]]],[[[141.327159,45.172349],[141.251231,45.099189],[141.135509,45.206122],[141.327159,45.172349]]],[[[141.052745,45.450426],[141.029959,45.283922],[140.974132,45.467719],[141.052745,45.450426]]],[[[140.869965,27.218248],[140.867931,27.233954],[140.874197,27.238227],[140.869965,27.218248]]],[[[127.809825,26.735419],[127.785655,26.702582],[127.754649,26.728583],[127.809825,26.735419]]],[[[127.995372,27.091742],[127.993175,27.066718],[127.925792,27.009752],[127.995372,27.091742]]],[[[130.220063,30.471584],[130.231845,30.423542],[130.163108,30.468717],[130.220063,30.471584]]],[[[134.367361,34.554267],[134.324962,34.453681],[134.185883,34.466051],[134.367361,34.554267]]],[[[141.452973,24.222398],[141.469981,24.226264],[141.467947,24.213772],[141.452973,24.222398]]],[[[153.972992,24.2897],[153.985606,24.291083],[153.978282,24.282416],[153.972992,24.2897]]],[[[141.287446,25.417711],[141.270518,25.440375],[141.297537,25.445299],[141.287446,25.417711]]],[[[131.289724,25.951361],[131.327891,25.937079],[131.309581,25.922756],[131.289724,25.951361]]],[[[127.222179,26.598944],[127.244151,26.586412],[127.214854,26.57746],[127.222179,26.598944]]],[[[128.454356,27.047512],[128.406098,27.035102],[128.408702,27.050849],[128.454356,27.047512]]],[[[142.18922,27.145494],[142.185313,27.17414],[142.204112,27.173896],[142.18922,27.145494]]],[[[142.195323,27.599107],[142.179454,27.612494],[142.183116,27.619452],[142.195323,27.599107]]],[[[142.080577,27.716946],[142.078624,27.72724],[142.082286,27.729885],[142.080577,27.716946]]],[[[128.236583,27.866523],[128.243419,27.857245],[128.23227,27.852851],[128.236583,27.866523]]],[[[129.591563,29.4501],[129.598155,29.472357],[129.610688,29.465562],[129.591563,29.4501]]],[[[129.52768,29.90233],[129.543305,29.908149],[129.551524,29.893622],[129.52768,29.90233]]],[[[129.943696,29.965277],[129.913333,29.960902],[129.912364,29.991889],[129.943696,29.965277]]],[[[140.307628,30.491156],[140.325938,30.485175],[140.306488,30.473619],[140.307628,30.491156]]],[[[129.428233,30.846422],[129.430919,30.848212],[129.433849,30.84455],[129.428233,30.846422]]],[[[129.9463,30.844713],[129.927745,30.813422],[129.908214,30.838446],[129.9463,30.844713]]],[[[140.043468,31.443101],[140.044444,31.445054],[140.045665,31.443305],[140.043468,31.443101]]],[[[140.04127,31.444159],[140.041352,31.446479],[140.043142,31.444566],[140.04127,31.444159]]],[[[139.756358,32.452297],[139.757091,32.470364],[139.773774,32.440985],[139.756358,32.452297]]],[[[139.299083,33.650092],[139.296153,33.651068],[139.299083,33.650702],[139.299083,33.650092]]],[[[139.622813,33.885565],[139.622895,33.856757],[139.579763,33.880316],[139.622813,33.885565]]],[[[139.372895,41.522162],[139.374278,41.50434],[139.336436,41.5185],[139.372895,41.522162]]],[[[153.966238,24.308661],[153.953461,24.292507],[153.940684,24.311469],[153.966238,24.308661]]],[[[125.202891,24.846259],[125.168142,24.800971],[125.157563,24.833808],[125.202891,24.846259]]],[[[127.36964,26.214586],[127.363617,26.177558],[127.342296,26.179999],[127.36964,26.214586]]],[[[142.105154,27.727037],[142.108816,27.729682],[142.111664,27.725857],[142.105154,27.727037]]],[[[129.93336,31.867825],[129.889903,31.810736],[129.824229,31.842271],[129.93336,31.867825]]],[[[130.243907,32.301825],[130.242849,32.263088],[130.212901,32.276679],[130.243907,32.301825]]],[[[130.446788,32.596829],[130.421397,32.540758],[130.416515,32.613959],[130.446788,32.596829]]],[[[132.562022,32.742133],[132.563243,32.709947],[132.539887,32.733791],[132.562022,32.742133]]],[[[128.89975,32.818305],[128.840099,32.777574],[128.869884,32.801093],[128.89975,32.818305]]],[[[128.953136,32.874213],[128.931977,32.817125],[128.880707,32.862616],[128.953136,32.874213]]],[[[129.027843,32.899807],[128.97755,32.864],[128.983735,32.906643],[129.027843,32.899807]]],[[[129.135509,33.299872],[129.127289,33.247504],[129.075043,33.259914],[129.135509,33.299872]]],[[[129.555919,33.493964],[129.539399,33.475165],[129.503184,33.4737],[129.555919,33.493964]]],[[[132.641368,34.014065],[132.63502,33.97484],[132.596365,33.980943],[132.641368,34.014065]]],[[[133.093516,34.174302],[133.0171,34.118842],[133.033946,34.161363],[133.093516,34.174302]]],[[[132.738536,34.196967],[132.740001,34.159898],[132.697927,34.181342],[132.738536,34.196967]]],[[[132.921153,34.27733],[132.916759,34.221869],[132.846446,34.24022],[132.921153,34.27733]]],[[[132.33839,34.304429],[132.325531,34.264716],[132.267263,34.253607],[132.33839,34.304429]]],[[[133.715668,34.396145],[133.712901,34.359442],[133.688487,34.366156],[133.715668,34.396145]]],[[[135.205179,34.430491],[135.240971,34.454647],[135.224416,34.416304],[135.205179,34.430491]]],[[[134.049001,34.474351],[134.054861,34.488837],[134.104503,34.490261],[134.049001,34.474351]]],[[[136.891968,34.496692],[136.906906,34.49415],[136.883204,34.475366],[136.891968,34.496692]]],[[[136.890179,34.531201],[136.902486,34.531974],[136.873985,34.513413],[136.890179,34.531201]]],[[[136.79806,34.876401],[136.823503,34.862037],[136.814701,34.846307],[136.79806,34.876401]]],[[[137.048106,37.152289],[136.947276,37.096991],[136.950206,37.144761],[137.048106,37.152289]]],[[[123.606293,25.739],[123.604666,25.738756],[123.600434,25.739366],[123.606293,25.739]]],[[[123.545339,25.761786],[123.511485,25.758083],[123.531423,25.773342],[123.545339,25.761786]]],[[[123.673025,25.928697],[123.672048,25.927476],[123.671723,25.929755],[123.673025,25.928697]]]]}},{"type":"Feature","properties":{"name":"Saint Pierre and Miquelon","ISO3166-1-Alpha-3":"SPM","ISO3166-1-Alpha-2":"PM"},"geometry":{"type":"MultiPolygon","coordinates":[[[[-56.15095,46.793647],[-56.150217,46.766913],[-56.218902,46.788275],[-56.15095,46.793647]]],[[[-56.273793,46.895453],[-56.387685,47.125393],[-56.301991,46.996975],[-56.273793,46.895453]]]]}},{"type":"Feature","properties":{"name":"Iceland","ISO3166-1-Alpha-3":"ISL","ISO3166-1-Alpha-2":"IS"},"geometry":{"type":"MultiPolygon","coordinates":[[[[-14.563629,66.384508],[-13.839223,64.79857],[-18.732045,63.396715],[-22.691233,63.812201],[-21.510894,64.651435],[-24.060048,64.891059],[-21.695302,65.453355],[-24.539906,65.508002],[-22.360707,65.912095],[-22.950307,66.466986],[-21.089915,65.166164],[-20.407704,66.090766],[-14.563629,66.384508]]],[[[-17.751291,63.717841],[-17.771108,63.680732],[-17.779693,63.698228],[-17.751291,63.717841]]],[[[-18.008941,66.564154],[-17.976308,66.548285],[-17.999827,66.533393],[-18.008941,66.564154]]],[[[-20.261871,63.444648],[-20.269643,63.409125],[-20.305572,63.43476],[-20.261871,63.444648]]],[[[-18.380238,66.012112],[-18.369944,65.978013],[-18.398793,65.99726],[-18.380238,66.012112]]]]}},{"type":"Feature","properties":{"name":"Pitcairn Islands","ISO3166-1-Alpha-3":"PCN","ISO3166-1-Alpha-2":"PN"},"geometry":{"type":"MultiPolygon","coordinates":[[[[-130.120351,-25.068292],[-130.101145,-25.064386],[-130.095937,-25.077081],[-130.120351,-25.068292]]],[[[-124.786163,-24.664565],[-124.785512,-24.663995],[-124.778066,-24.67254],[-124.786163,-24.664565]]],[[[-128.33019,-24.324314],[-128.290842,-24.365655],[-128.320668,-24.400649],[-128.33019,-24.324314]]],[[[-130.745269,-23.924412],[-130.742096,-23.92783],[-130.753082,-23.92962],[-130.745269,-23.924412]]]]}},{"type":"Feature","properties":{"name":"French Polynesia","ISO3166-1-Alpha-3":"PYF","ISO3166-1-Alpha-2":"PF"},"geometry":{"type":"MultiPolygon","coordinates":[[[[-136.165761,-22.024347],[-136.175689,-22.02988],[-136.163564,-22.013604],[-136.165761,-22.024347]]],[[[-136.377187,-21.468357],[-136.395823,-21.462823],[-136.404937,-21.460219],[-136.377187,-21.468357]]],[[[-136.549387,-21.336847],[-136.525706,-21.338067],[-136.53425,-21.348891],[-136.549387,-21.336847]]],[[[-136.63622,-21.341567],[-136.651601,-21.322931],[-136.639882,-21.32643],[-136.63622,-21.341567]]],[[[-136.734364,-21.312107],[-136.752187,-21.308526],[-136.729115,-21.318048],[-136.734364,-21.312107]]],[[[-140.413971,-19.61419],[-140.377024,-19.636326],[-140.412424,-19.663832],[-140.413971,-19.61419]]],[[[-139.20226,-19.350681],[-139.207672,-19.337335],[-139.195912,-19.340916],[-139.20226,-19.350681]]],[[[-138.796742,-19.290297],[-138.809397,-19.287286],[-138.802398,-19.281996],[-138.796742,-19.290297]]],[[[-141.266184,-19.203546],[-141.237172,-19.193617],[-141.233713,-19.211684],[-141.266184,-19.203546]]],[[[-140.721832,-19.133722],[-140.670155,-19.131768],[-140.670033,-19.142755],[-140.721832,-19.133722]]],[[[-138.801584,-18.765232],[-138.793324,-18.774021],[-138.829742,-18.759942],[-138.801584,-18.765232]]],[[[-143.092112,-17.853285],[-143.059885,-17.865818],[-143.072825,-17.844334],[-143.092112,-17.853285]]],[[[-150.655263,-17.668715],[-150.643178,-17.65545],[-150.64033,-17.666111],[-150.655263,-17.668715]]],[[[-141.438547,-17.368097],[-141.481842,-17.348565],[-141.436065,-17.370701],[-141.438547,-17.368097]]],[[[-138.441721,-17.366388],[-138.460927,-17.350356],[-138.458811,-17.356866],[-138.441721,-17.366388]]],[[[-143.084828,-17.004571],[-143.101226,-16.990167],[-143.062001,-17.008966],[-143.084828,-17.004571]]],[[[-149.583608,-16.987074],[-149.572092,-16.982599],[-149.586863,-17.000421],[-149.583608,-16.987074]]],[[[-153.93399,-16.79754],[-153.920155,-16.83172],[-153.950673,-16.773858],[-153.93399,-16.79754]]],[[[-144.200673,-16.64837],[-144.18814,-16.645685],[-144.169586,-16.66725],[-144.200673,-16.64837]]],[[[-152.2447,-16.44378],[-152.256296,-16.451267],[-152.263621,-16.447198],[-152.2447,-16.44378]]],[[[-145.898915,-15.888116],[-145.95051,-15.839614],[-145.914296,-15.863539],[-145.898915,-15.888116]]],[[[-140.888987,-15.819757],[-140.852366,-15.815525],[-140.889027,-15.837335],[-140.888987,-15.819757]]],[[[-148.250844,-15.867446],[-148.275583,-15.809991],[-148.239003,-15.839614],[-148.250844,-15.867446]]],[[[-146.486643,-15.803399],[-146.481679,-15.820571],[-146.496165,-15.799493],[-146.486643,-15.803399]]],[[[-154.523183,-15.819431],[-154.536977,-15.79225],[-154.516347,-15.817315],[-154.523183,-15.819431]]],[[[-144.64981,-15.730157],[-144.621938,-15.736017],[-144.641916,-15.755141],[-144.64981,-15.730157]]],[[[-145.455881,-15.479587],[-145.432688,-15.488539],[-145.523915,-15.470473],[-145.455881,-15.479587]]],[[[-146.194163,-15.35947],[-146.198313,-15.338718],[-146.213979,-15.323093],[-146.194163,-15.35947]]],[[[-146.620839,-15.239841],[-146.62385,-15.23504],[-146.602935,-15.256931],[-146.620839,-15.239841]]],[[[-147.256256,-15.232517],[-147.238515,-15.235284],[-147.241811,-15.239028],[-147.256256,-15.232517]]],[[[-147.778961,-15.216404],[-147.774078,-15.213474],[-147.749989,-15.228692],[-147.778961,-15.216404]]],[[[-147.458974,-15.121352],[-147.512034,-15.080011],[-147.510854,-15.077895],[-147.458974,-15.121352]]],[[[-147.931956,-15.080824],[-147.934316,-15.076918],[-147.937815,-15.070896],[-147.931956,-15.080824]]],[[[-145.922434,-14.43377],[-145.943715,-14.441827],[-145.966176,-14.443129],[-145.922434,-14.43377]]],[[[-141.17455,-14.18963],[-141.179514,-14.196466],[-141.212799,-14.164972],[-141.17455,-14.18963]]],[[[-147.724233,-23.871759],[-147.687978,-23.854587],[-147.661773,-23.868097],[-147.724233,-23.871759]]],[[[-149.481679,-23.357843],[-149.463246,-23.395766],[-149.52477,-23.383966],[-149.481679,-23.357843]]],[[[-135.019358,-23.117608],[-134.942983,-23.083591],[-134.995229,-23.13714],[-135.019358,-23.117608]]],[[[-151.386871,-22.422459],[-151.355906,-22.456638],[-151.371775,-22.514418],[-151.386871,-22.422459]]],[[[-140.671946,-21.658949],[-140.634185,-21.660821],[-140.630523,-21.721612],[-140.671946,-21.658949]]],[[[-140.678782,-17.780369],[-140.827789,-17.860121],[-140.745839,-17.729587],[-140.678782,-17.780369]]],[[[-149.183461,-17.731215],[-149.371816,-17.738702],[-149.604319,-17.525811],[-149.183461,-17.731215]]],[[[-149.796702,-17.464451],[-149.914052,-17.535333],[-149.869985,-17.487726],[-149.796702,-17.464451]]],[[[-151.005808,-16.76922],[-150.979563,-16.800388],[-151.013254,-16.820733],[-151.005808,-16.76922]]],[[[-151.478749,-16.738214],[-151.364084,-16.866469],[-151.440541,-16.901137],[-151.478749,-16.738214]]],[[[-151.026275,-16.708103],[-151.024159,-16.755629],[-151.054026,-16.741795],[-151.026275,-16.708103]]],[[[-151.458241,-16.629002],[-151.540883,-16.631036],[-151.459584,-16.593438],[-151.458241,-16.629002]]],[[[-151.780426,-16.478123],[-151.753611,-16.483819],[-151.762644,-16.525811],[-151.780426,-16.478123]]],[[[-146.387278,-16.108168],[-146.337717,-16.113377],[-146.367096,-16.158787],[-146.387278,-16.108168]]],[[[-138.698801,-10.426446],[-138.620432,-10.471856],[-138.685618,-10.542087],[-138.698801,-10.426446]]],[[[-139.082387,-9.899509],[-139.059722,-9.937107],[-139.130767,-10.014907],[-139.082387,-9.899509]]],[[[-138.836578,-9.741143],[-139.055043,-9.806329],[-139.051381,-9.70143],[-138.836578,-9.741143]]],[[[-140.076731,-9.323419],[-140.040639,-9.374119],[-140.111399,-9.437758],[-140.076731,-9.323419]]],[[[-139.514394,-8.883966],[-139.603098,-8.936944],[-139.596913,-8.858005],[-139.514394,-8.883966]]],[[[-140.049428,-8.823175],[-140.129994,-8.916436],[-140.261057,-8.823175],[-140.049428,-8.823175]]],[[[-140.692454,-8.015069],[-140.727162,-8.02809],[-140.638417,-7.959731],[-140.692454,-8.015069]]],[[[-144.283762,-27.579197],[-144.300282,-27.62005],[-144.346588,-27.61533],[-144.283762,-27.579197]]],[[[-138.849599,-21.87127],[-138.9322,-21.87127],[-138.891591,-21.865899],[-138.849599,-21.87127]]],[[[-135.457509,-21.528009],[-135.525787,-21.487074],[-135.484934,-21.49684],[-135.457509,-21.528009]]],[[[-138.534901,-20.876886],[-138.544667,-20.784682],[-138.554351,-20.780938],[-138.534901,-20.876886]]],[[[-136.314076,-18.567315],[-136.382965,-18.514744],[-136.467763,-18.481866],[-136.314076,-18.567315]]],[[[-140.671946,-18.417169],[-140.695139,-18.390395],[-140.781809,-18.335219],[-140.671946,-18.417169]]],[[[-136.971425,-18.361912],[-137.067616,-18.26629],[-137.010243,-18.304376],[-136.971425,-18.361912]]],[[[-140.822743,-18.21795],[-140.930287,-18.095636],[-140.898508,-18.129083],[-140.822743,-18.21795]]],[[[-142.577463,-17.621352],[-142.639516,-17.532647],[-142.577626,-17.57171],[-142.577463,-17.621352]]],[[[-143.413564,-17.456964],[-143.474965,-17.430271],[-143.437652,-17.433201],[-143.413564,-17.456964]]],[[[-145.380483,-17.484959],[-145.435129,-17.417169],[-145.419423,-17.426935],[-145.380483,-17.484959]]],[[[-145.578481,-17.383071],[-145.586497,-17.370375],[-145.593414,-17.343032],[-145.578481,-17.383071]]],[[[-143.38622,-16.669854],[-143.506174,-16.62713],[-143.464752,-16.614679],[-143.38622,-16.669854]]],[[[-143.571156,-16.635837],[-143.660064,-16.602227],[-143.666249,-16.588474],[-143.571156,-16.635837]]],[[[-143.817616,-16.539646],[-143.913971,-16.457371],[-143.877512,-16.459731],[-143.817616,-16.539646]]],[[[-144.256459,-16.478123],[-144.260854,-16.45086],[-144.275706,-16.425551],[-144.256459,-16.478123]]],[[[-144.373118,-16.340427],[-144.43456,-16.31992],[-144.427724,-16.326593],[-144.373118,-16.340427]]],[[[-145.482289,-16.347833],[-145.606557,-16.129327],[-145.577138,-16.160821],[-145.482289,-16.347833]]],[[[-145.613881,-16.052911],[-145.708852,-16.060479],[-145.657582,-16.042576],[-145.613881,-16.052911]]],[[[-142.529652,-16.108168],[-142.522084,-16.084161],[-142.495269,-16.03631],[-142.529652,-16.108168]]],[[[-140.110219,-15.977227],[-140.143219,-15.960545],[-140.151682,-15.957696],[-140.110219,-15.977227]]],[[[-145.167592,-15.950453],[-145.235911,-15.888442],[-145.21996,-15.89837],[-145.167592,-15.950453]]],[[[-145.057729,-15.902114],[-145.160756,-15.758071],[-145.092519,-15.826349],[-145.057729,-15.902114]]],[[[-148.045766,-14.997735],[-148.08434,-14.955011],[-148.134104,-14.925226],[-148.045766,-14.997735]]],[[[-148.628,-14.894708],[-148.690663,-14.853774],[-148.640574,-14.864923],[-148.628,-14.894708]]],[[[-145.194936,-14.662042],[-145.242787,-14.698419],[-145.229644,-14.620375],[-145.194936,-14.662042]]],[[[-146.256907,-14.497491],[-146.239491,-14.455824],[-146.243276,-14.439223],[-146.256907,-14.497491]]],[[[-145.003082,-14.511163],[-145.003082,-14.442966],[-144.880605,-14.422133],[-145.003082,-14.511163]]],[[[-145.846588,-14.36712],[-145.860178,-14.344171],[-145.858388,-14.337335],[-145.846588,-14.36712]]],[[[-136.738759,-21.317153],[-136.74234,-21.320082],[-136.744781,-21.315851],[-136.738759,-21.317153]]],[[[-139.135365,-20.799737],[-139.141469,-20.803155],[-139.147857,-20.804946],[-139.135365,-20.799737]]],[[[-144.106842,-16.723891],[-144.054067,-16.749688],[-144.091135,-16.721856],[-144.106842,-16.723891]]]]}},{"type":"Feature","properties":{"name":"French Southern and Antarctic Lands","ISO3166-1-Alpha-3":"ATF","ISO3166-1-Alpha-2":"TF"},"geometry":{"type":"MultiPolygon","coordinates":[[[[42.751801,-17.076104],[42.724376,-17.063572],[42.738129,-17.057306],[42.751801,-17.076104]]],[[[69.945649,-49.542169],[69.875336,-49.517836],[69.920584,-49.497003],[69.945649,-49.542169]]],[[[68.795095,-49.34352],[68.68922,-49.356622],[68.691254,-49.315606],[68.795095,-49.34352]]],[[[69.589529,-49.19964],[69.546235,-49.202895],[69.678071,-49.158624],[69.589529,-49.19964]]],[[[69.192149,-48.986586],[69.358897,-48.905369],[69.321788,-49.010349],[69.192149,-48.986586]]],[[[69.226329,-48.857029],[69.218923,-48.904718],[69.137055,-48.971124],[69.226329,-48.857029]]],[[[69.465994,-48.88421],[69.413585,-48.84881],[69.519867,-48.857029],[69.465994,-48.88421]]],[[[70.548839,-49.183201],[68.764496,-49.674981],[69.015636,-48.654555],[70.548839,-49.183201]]],[[[68.670746,-48.6242],[68.667979,-48.645278],[68.610118,-48.637628],[68.670746,-48.6242]]],[[[68.808604,-48.603692],[68.78004,-48.60475],[68.818614,-48.566664],[68.808604,-48.603692]]],[[[51.834158,-46.376642],[51.772146,-46.445245],[51.667491,-46.363539],[51.834158,-46.376642]]],[[[50.175548,-46.064711],[50.293142,-46.076349],[50.260753,-46.12713],[50.175548,-46.064711]]],[[[77.503754,-37.8235],[77.574718,-37.84352],[77.536632,-37.901137],[77.503754,-37.8235]]],[[[77.532888,-38.709161],[77.544688,-38.737481],[77.506521,-38.713149],[77.532888,-38.709161]]],[[[40.379731,-22.323907],[40.339122,-22.359633],[40.367198,-22.329685],[40.379731,-22.323907]]],[[[39.728282,-21.444594],[39.729096,-21.441908],[39.73113,-21.444187],[39.728282,-21.444594]]],[[[54.514496,-15.889581],[54.520925,-15.885186],[54.521332,-15.894057],[54.514496,-15.889581]]],[[[47.287934,-11.565525],[47.299571,-11.550632],[47.306407,-11.56992],[47.287934,-11.565525]]]]}},{"type":"Feature","properties":{"name":"Seychelles","ISO3166-1-Alpha-3":"SYC","ISO3166-1-Alpha-2":"SC"},"geometry":{"type":"MultiPolygon","coordinates":[[[[46.509776,-9.719985],[46.500662,-9.746515],[46.478526,-9.740411],[46.509776,-9.719985]]],[[[47.507335,-9.713067],[47.507335,-9.698175],[47.51295,-9.694431],[47.507335,-9.713067]]],[[[53.333995,-5.42018],[53.344086,-5.434747],[53.340505,-5.436212],[53.333995,-5.42018]]],[[[55.659679,-3.791111],[55.665863,-3.811782],[55.658539,-3.8117],[55.659679,-3.791111]]],[[[46.495453,-9.357599],[46.234386,-9.452325],[46.434581,-9.378106],[46.495453,-9.357599]]],[[[46.283865,-9.351332],[46.278005,-9.338474],[46.410655,-9.353285],[46.283865,-9.351332]]],[[[56.247081,-7.192641],[56.269379,-7.119806],[56.28297,-7.131931],[56.247081,-7.192641]]],[[[55.401702,-4.660534],[55.440614,-4.560511],[55.527192,-4.783787],[55.401702,-4.660534]]],[[[55.260265,-4.500095],[55.228038,-4.487481],[55.242035,-4.450372],[55.260265,-4.500095]]],[[[55.717635,-4.330116],[55.69695,-4.290553],[55.787038,-4.330592],[55.717635,-4.330116]]],[[[52.741873,-6.994317],[52.747244,-7.00506],[52.742198,-7.001723],[52.741873,-6.994317]]],[[[55.382823,-5.853936],[55.381847,-5.865492],[55.380056,-5.869073],[55.382823,-5.853936]]],[[[55.3627,-4.659323],[55.373822,-4.666434],[55.364888,-4.665887],[55.3627,-4.659323]]],[[[55.398986,-4.668622],[55.405915,-4.678104],[55.397527,-4.673363],[55.398986,-4.668622]]],[[[55.501589,-4.628853],[55.502611,-4.63994],[55.49167,-4.629875],[55.501589,-4.628853]]],[[[55.504215,-4.621414],[55.511509,-4.624769],[55.508446,-4.628416],[55.504215,-4.621414]]],[[[55.497943,-4.600846],[55.51253,-4.599387],[55.498672,-4.614412],[55.497943,-4.600846]]],[[[55.712087,-4.280369],[55.738489,-4.277957],[55.732168,-4.283163],[55.712087,-4.280369]]],[[[55.663004,-4.328157],[55.66635,-4.329272],[55.660401,-4.33485],[55.663004,-4.328157]]],[[[55.647014,-4.346749],[55.648873,-4.348608],[55.64813,-4.353442],[55.647014,-4.346749]]],[[[55.666722,-4.209909],[55.675275,-4.21214],[55.664491,-4.213999],[55.666722,-4.209909]]],[[[55.831823,-4.337453],[55.857109,-4.36497],[55.834426,-4.380959],[55.831823,-4.337453]]],[[[55.868636,-4.317373],[55.883139,-4.3289],[55.878676,-4.338197],[55.868636,-4.317373]]],[[[55.866405,-4.283163],[55.870868,-4.289856],[55.870124,-4.296549],[55.866405,-4.283163]]],[[[55.919952,-4.334106],[55.92367,-4.343031],[55.918836,-4.347865],[55.919952,-4.334106]]],[[[55.940074,-4.578657],[55.950144,-4.590993],[55.933025,-4.58621],[55.940074,-4.578657]]]]}},{"type":"Feature","properties":{"name":"Kiribati","ISO3166-1-Alpha-3":"KIR","ISO3166-1-Alpha-2":"KI"},"geometry":{"type":"MultiPolygon","coordinates":[[[[173.038259,1.341051],[173.151541,1.371812],[173.171397,1.362372],[173.038259,1.341051]]],[[[-151.807729,-11.385919],[-151.784495,-11.429376],[-151.812489,-11.443536],[-151.807729,-11.385919]]],[[[-155.899322,-5.616795],[-155.859812,-5.625095],[-155.933461,-5.609145],[-155.899322,-5.616795]]],[[[-155.011708,-4.047052],[-154.953603,-4.060724],[-154.977528,-4.078709],[-155.011708,-4.047052]]],[[[-171.677805,-2.833185],[-171.62975,-2.857599],[-171.722768,-2.765802],[-171.677805,-2.833185]]],[[[176.786143,-2.608168],[176.850922,-2.654067],[176.772309,-2.608168],[176.786143,-2.608168]]],[[[175.9817,-2.505955],[175.979991,-2.493585],[175.993175,-2.510349],[175.9817,-2.505955]]],[[[175.591482,-1.8742],[175.583263,-1.911065],[175.559093,-1.832289],[175.591482,-1.8742]]],[[[175.058767,-1.436293],[175.045095,-1.484145],[175.045665,-1.524184],[175.058767,-1.436293]]],[[[176.409353,-1.332696],[176.464041,-1.436293],[176.41033,-1.350356],[176.409353,-1.332696]]],[[[176.009288,-1.334242],[175.993175,-1.362563],[175.944347,-1.289321],[176.009288,-1.334242]]],[[[174.765147,-1.202895],[174.748302,-1.237481],[174.725352,-1.135512],[174.765147,-1.202895]]],[[[174.476573,-0.709568],[174.483409,-0.819431],[174.483409,-0.812595],[174.476573,-0.709568]]],[[[174.438731,-0.627618],[174.463634,-0.644789],[174.38087,-0.592869],[174.438731,-0.627618]]],[[[173.620616,0.133368],[173.638357,0.195217],[173.636485,0.216742],[173.620616,0.133368]]],[[[173.832286,0.448676],[173.921641,0.379788],[173.808767,0.441596],[173.832286,0.448676]]],[[[172.987153,0.832343],[172.990245,0.83397],[172.990001,0.825426],[172.987153,0.832343]]],[[[172.977794,0.83633],[172.982432,0.831163],[172.972179,0.83454],[172.977794,0.83633]]],[[[173.075938,0.965888],[173.022716,0.882717],[173.009532,1.00023],[173.075938,0.965888]]],[[[172.983165,1.531195],[172.972992,1.53559],[172.959158,1.609687],[172.983165,1.531195]]],[[[173.036143,1.777167],[172.993175,1.712063],[173.024669,1.804877],[173.036143,1.777167]]],[[[172.980317,1.882025],[172.961436,1.899644],[172.934744,1.942694],[172.980317,1.882025]]],[[[-157.190989,1.763902],[-157.513051,1.866604],[-157.373972,1.911363],[-157.190989,1.763902]]],[[[172.750336,3.031968],[172.868012,3.067776],[172.812266,3.040473],[172.750336,3.031968]]],[[[172.962087,3.141832],[172.968272,3.132392],[172.89975,3.100246],[172.962087,3.141832]]],[[[-159.284535,3.874823],[-159.294789,3.805976],[-159.387888,3.898749],[-159.284535,3.874823]]],[[[-172.222768,-4.50628],[-172.174387,-4.513116],[-172.20047,-4.493422],[-172.222768,-4.50628]]],[[[-174.506418,-4.689142],[-174.501536,-4.697361],[-174.521555,-4.683852],[-174.506418,-4.689142]]],[[[-174.529286,-4.682712],[-174.527659,-4.683852],[-174.541737,-4.672784],[-174.529286,-4.682712]]],[[[-174.500844,-4.691095],[-174.528269,-4.667413],[-174.538401,-4.656508],[-174.500844,-4.691095]]],[[[-171.259958,-4.444106],[-171.233876,-4.448989],[-171.249582,-4.469822],[-171.259958,-4.444106]]],[[[-171.093577,-3.131443],[-171.085439,-3.111261],[-171.08727,-3.143162],[-171.093577,-3.131443]]],[[[169.53891,-0.874607],[169.52475,-0.854669],[169.555675,-0.860772],[169.53891,-0.874607]]],[[[173.289724,2.03384],[173.278005,2.058661],[173.256196,1.989976],[173.289724,2.03384]]],[[[-160.41039,4.709174],[-160.411814,4.721625],[-160.378896,4.713284],[-160.41039,4.709174]]]]}},{"type":"Feature","properties":{"name":"Marshall Islands","ISO3166-1-Alpha-3":"MHL","ISO3166-1-Alpha-2":"MH"},"geometry":{"type":"MultiPolygon","coordinates":[[[[168.101085,5.599311],[168.121104,5.597357],[168.124522,5.631049],[168.101085,5.599311]]],[[[171.72462,6.101711],[171.743175,6.083197],[171.728201,6.079291],[171.72462,6.101711]]],[[[171.909679,7.098782],[171.921235,7.118476],[171.908946,7.092271],[171.909679,7.098782]]],[[[168.685395,4.573798],[168.744314,4.598619],[168.758474,4.604641],[168.685395,4.573798]]],[[[169.590343,5.80093],[169.645193,5.917141],[169.721446,5.97663],[169.590343,5.80093]]],[[[172.029796,6.054145],[171.962413,6.051825],[171.956798,6.064154],[172.029796,6.054145]]],[[[171.756684,6.972113],[171.613943,7.00609],[171.597992,7.024726],[171.756684,6.972113]]],[[[171.393565,7.109931],[171.202159,7.072455],[171.052257,7.154853],[171.393565,7.109931]]],[[[168.757823,7.307929],[168.791515,7.293402],[168.67921,7.335191],[168.757823,7.307929]]],[[[168.576834,7.40412],[168.555186,7.430325],[168.562511,7.464342],[168.576834,7.40412]]],[[[166.904145,11.172919],[166.875255,11.144965],[166.835785,11.159247],[166.904145,11.172919]]],[[[169.114513,5.638129],[169.116466,5.649237],[169.120616,5.647406],[169.114513,5.638129]]],[[[171.792247,7.054999],[171.797862,7.061916],[171.785981,7.038235],[171.792247,7.054999]]],[[[168.965587,7.574652],[168.951345,7.595689],[168.965587,7.595364],[168.965587,7.574652]]],[[[167.401703,8.317816],[167.407725,8.307278],[167.399669,8.310777],[167.401703,8.317816]]],[[[167.731619,8.724595],[167.730317,8.735256],[167.740245,8.743842],[167.731619,8.724595]]],[[[170.851736,8.897773],[170.838552,8.888373],[170.837169,8.889594],[170.851736,8.897773]]],[[[170.240245,9.449774],[170.23878,9.466702],[170.243907,9.466376],[170.240245,9.449774]]],[[[170.874685,10.274604],[170.874522,10.286607],[170.878591,10.287177],[170.874685,10.274604]]],[[[165.540212,11.633775],[165.542817,11.633002],[165.550629,11.626939],[165.540212,11.633775]]],[[[165.282237,11.695787],[165.282237,11.708441],[165.286794,11.710883],[165.282237,11.695787]]],[[[169.010753,14.610175],[169.007335,14.602769],[168.987315,14.586859],[169.010753,14.610175]]]]}},{"type":"Feature","properties":{"name":"Trinidad and Tobago","ISO3166-1-Alpha-3":"TTO","ISO3166-1-Alpha-2":"TT"},"geometry":{"type":"MultiPolygon","coordinates":[[[[-61.002268,10.699368],[-61.849843,10.061469],[-61.472279,10.594875],[-61.002268,10.699368]]],[[[-60.530507,11.35106],[-60.636057,11.210761],[-60.822865,11.185533],[-60.530507,11.35106]]]]}},{"type":"Feature","properties":{"name":"Grenada","ISO3166-1-Alpha-3":"GRD","ISO3166-1-Alpha-2":"GD"},"geometry":{"type":"MultiPolygon","coordinates":[[[[-61.612945,12.214423],[-61.631581,12.044094],[-61.790517,12.008368],[-61.612945,12.214423]]],[[[-61.428049,12.454657],[-61.486073,12.462226],[-61.467275,12.475572],[-61.428049,12.454657]]]]}},{"type":"Feature","properties":{"name":"Saint Vincent and the Grenadines","ISO3166-1-Alpha-3":"VCT","ISO3166-1-Alpha-2":"VC"},"geometry":{"type":"MultiPolygon","coordinates":[[[[-61.194,13.036851],[-61.255483,12.986721],[-61.246205,13.011217],[-61.194,13.036851]]],[[[-61.167348,13.146064],[-61.265533,13.280219],[-61.176381,13.380764],[-61.167348,13.146064]]],[[[-61.441396,12.607896],[-61.443227,12.58515],[-61.454661,12.600775],[-61.441396,12.607896]]],[[[-61.319407,12.733791],[-61.328359,12.699449],[-61.339263,12.701972],[-61.319407,12.733791]]],[[[-61.191762,12.868232],[-61.174957,12.881781],[-61.187611,12.856391],[-61.191762,12.868232]]]]}},{"type":"Feature","properties":{"name":"Barbados","ISO3166-1-Alpha-3":"BRB","ISO3166-1-Alpha-2":"BB"},"geometry":{"type":"Polygon","coordinates":[[[-59.42691,13.160386],[-59.564443,13.07803],[-59.612864,13.34455],[-59.42691,13.160386]]]}},{"type":"Feature","properties":{"name":"Saint Lucia","ISO3166-1-Alpha-3":"LCA","ISO3166-1-Alpha-2":"LC"},"geometry":{"type":"Polygon","coordinates":[[[-60.88679,14.010077],[-61.048166,13.76732],[-61.035553,13.964911],[-60.88679,14.010077]]]}},{"type":"Feature","properties":{"name":"Dominica","ISO3166-1-Alpha-3":"DMA","ISO3166-1-Alpha-2":"DM"},"geometry":{"type":"Polygon","coordinates":[[[-61.362864,15.201809],[-61.47936,15.525458],[-61.268625,15.509914],[-61.362864,15.201809]]]}},{"type":"Feature","properties":{"name":"United States Minor Outlying Islands","ISO3166-1-Alpha-3":"UMI","ISO3166-1-Alpha-2":"UM"},"geometry":{"type":"MultiPolygon","coordinates":[[[[-169.530263,16.760199],[-169.523508,16.75849],[-169.539174,16.754462],[-169.530263,16.760199]]],[[[-160.029978,-0.376153],[-160.008901,-0.372491],[-160.012441,-0.382094],[-160.029978,-0.376153]]],[[[-176.485829,0.196519],[-176.479115,0.197903],[-176.479319,0.190334],[-176.485829,0.196519]]],[[[-176.459543,0.225898],[-176.459177,0.219224],[-176.463938,0.221869],[-176.459543,0.225898]]],[[[-176.636179,0.790188],[-176.640045,0.803534],[-176.639027,0.806952],[-176.636179,0.790188]]],[[[166.619395,19.281643],[166.638194,19.286444],[166.648123,19.297756],[166.619395,19.281643]]],[[[-177.328928,28.211086],[-177.322865,28.207668],[-177.3249,28.204983],[-177.328928,28.211086]]],[[[-177.357655,28.214423],[-177.372182,28.202338],[-177.385243,28.206977],[-177.357655,28.214423]]],[[[-169.532338,16.733059],[-169.541697,16.72191],[-169.549509,16.723456],[-169.532338,16.733059]]],[[[-169.513661,16.743964],[-169.513661,16.745592],[-169.512766,16.74433],[-169.513661,16.743964]]],[[[-75.024322,18.417263],[-75.003163,18.403713],[-75.017812,18.396674],[-75.024322,18.417263]]],[[[-162.060862,5.887193],[-162.09435,5.875352],[-162.08731,5.883857],[-162.060862,5.887193]]],[[[-162.400177,6.445136],[-162.385284,6.445136],[-162.385284,6.430243],[-162.400177,6.445136]]]]}},{"type":"Feature","properties":{"name":"Montserrat","ISO3166-1-Alpha-3":"MSR","ISO3166-1-Alpha-2":"MS"},"geometry":{"type":"Polygon","coordinates":[[[-62.147369,16.744289],[-62.140533,16.696479],[-62.218861,16.776313],[-62.147369,16.744289]]]}},{"type":"Feature","properties":{"name":"Antigua and Barbuda","ISO3166-1-Alpha-3":"ATG","ISO3166-1-Alpha-2":"AG"},"geometry":{"type":"MultiPolygon","coordinates":[[[[-61.883616,17.049018],[-61.743316,17.141506],[-61.677073,17.062934],[-61.883616,17.049018]]],[[[-61.838938,17.593329],[-61.839223,17.641425],[-61.797271,17.698798],[-61.838938,17.593329]]],[[[-62.345589,16.93914],[-62.342918,16.938366],[-62.347065,16.93197],[-62.345589,16.93914]]]]}},{"type":"Feature","properties":{"name":"Saint Kitts and Nevis","ISO3166-1-Alpha-3":"KNA","ISO3166-1-Alpha-2":"KN"},"geometry":{"type":"MultiPolygon","coordinates":[[[[-62.599233,17.202948],[-62.538442,17.161933],[-62.547597,17.104641],[-62.599233,17.202948]]],[[[-62.650461,17.265611],[-62.712554,17.292304],[-62.843577,17.401068],[-62.650461,17.265611]]]]}},{"type":"Feature","properties":{"name":"United States Virgin Islands","ISO3166-1-Alpha-3":"VIR","ISO3166-1-Alpha-2":"VI"},"geometry":{"type":"MultiPolygon","coordinates":[[[[-64.559397,17.751614],[-64.886627,17.714423],[-64.769154,17.790025],[-64.559397,17.751614]]],[[[-64.700994,18.342976],[-64.801285,18.328253],[-64.713519,18.365083],[-64.700994,18.342976]]],[[[-64.871637,18.314623],[-64.981643,18.335558],[-64.926019,18.366154],[-64.871637,18.314623]]]]}},{"type":"Feature","properties":{"name":"Saint Barthelemy","ISO3166-1-Alpha-3":"BLM","ISO3166-1-Alpha-2":"BL"},"geometry":{"type":"Polygon","coordinates":[[[-62.838857,17.881985],[-62.86734,17.920396],[-62.791656,17.915473],[-62.838857,17.881985]]]}},{"type":"Feature","properties":{"name":"Puerto Rico","ISO3166-1-Alpha-3":"PRI","ISO3166-1-Alpha-2":"PR"},"geometry":{"type":"MultiPolygon","coordinates":[[[[-67.855865,18.114691],[-67.867543,18.064195],[-67.902699,18.065416],[-67.855865,18.114691]]],[[[-65.347727,18.114691],[-65.580434,18.122138],[-65.385813,18.167182],[-65.347727,18.114691]]],[[[-65.278798,18.279202],[-65.256663,18.32392],[-65.270416,18.301418],[-65.278798,18.279202]]],[[[-65.628814,18.279202],[-66.608266,17.97134],[-67.184316,18.402086],[-65.628814,18.279202]]]]}},{"type":"Feature","properties":{"name":"Anguilla","ISO3166-1-Alpha-3":"AIA","ISO3166-1-Alpha-2":"AI"},"geometry":{"type":"MultiPolygon","coordinates":[[[[-63.007395,18.273017],[-63.037668,18.212958],[-63.142079,18.198147],[-63.007395,18.273017]]],[[[-63.427968,18.592841],[-63.428822,18.601264],[-63.423573,18.600043],[-63.427968,18.592841]]],[[[-62.958205,18.289422],[-62.933813,18.294541],[-62.947364,18.280388],[-62.958205,18.289422]]],[[[-63.252031,18.27297],[-63.262631,18.282028],[-63.245606,18.28321],[-63.252031,18.27297]]],[[[-63.184504,18.268047],[-63.183541,18.265157],[-63.192213,18.268818],[-63.184504,18.268047]]],[[[-63.17429,18.264578],[-63.171206,18.265542],[-63.168316,18.26188],[-63.17429,18.264578]]]]}},{"type":"Feature","properties":{"name":"British Virgin Islands","ISO3166-1-Alpha-3":"VGB","ISO3166-1-Alpha-2":"VG"},"geometry":{"type":"MultiPolygon","coordinates":[[[[-64.635121,18.405504],[-64.661821,18.440416],[-64.561166,18.433546],[-64.635121,18.405504]]],[[[-64.380605,18.480902],[-64.418528,18.475328],[-64.402415,18.505764],[-64.380605,18.480902]]],[[[-64.336537,18.72427],[-64.398671,18.732082],[-64.285064,18.734076],[-64.336537,18.72427]]],[[[-64.569447,18.357978],[-64.574696,18.343004],[-64.594065,18.357815],[-64.569447,18.357978]]],[[[-64.729807,18.453437],[-64.724233,18.442694],[-64.773997,18.442288],[-64.729807,18.453437]]],[[[-64.532704,18.494127],[-64.529164,18.476386],[-64.538238,18.465155],[-64.532704,18.494127]]]]}},{"type":"Feature","properties":{"name":"Jamaica","ISO3166-1-Alpha-3":"JAM","ISO3166-1-Alpha-2":"JM"},"geometry":{"type":"Polygon","coordinates":[[[-76.263743,18.012356],[-77.174916,17.778266],[-78.16926,18.436835],[-76.263743,18.012356]]]}},{"type":"Feature","properties":{"name":"Cayman Islands","ISO3166-1-Alpha-3":"CYM","ISO3166-1-Alpha-2":"KY"},"geometry":{"type":"MultiPolygon","coordinates":[[[[-81.136098,19.354885],[-81.395925,19.289562],[-81.301259,19.320624],[-81.136098,19.354885]]],[[[-80.03783,19.704035],[-79.96817,19.703192],[-80.113155,19.65866],[-80.03783,19.704035]]],[[[-79.871889,19.704636],[-79.7459,19.757631],[-79.773893,19.713364],[-79.871889,19.704636]]]]}},{"type":"Feature","properties":{"name":"Bermuda","ISO3166-1-Alpha-3":"BMU","ISO3166-1-Alpha-2":"BM"},"geometry":{"type":"MultiPolygon","coordinates":[[[[-64.676096,32.388658],[-64.882893,32.27172],[-64.780914,32.287543],[-64.676096,32.388658]]],[[[-64.815454,32.288774],[-64.799951,32.283347],[-64.829795,32.281797],[-64.815454,32.288774]]]]}},{"type":"Feature","properties":{"name":"Heard Island and McDonald Islands","ISO3166-1-Alpha-3":"HMD","ISO3166-1-Alpha-2":"HM"},"geometry":{"type":"Polygon","coordinates":[[[73.735118,-53.1124],[73.354177,-53.044203],[73.412934,-52.992852],[73.735118,-53.1124]]]}},{"type":"Feature","properties":{"name":"Saint Helena","ISO3166-1-Alpha-3":"SHN","ISO3166-1-Alpha-2":"SH"},"geometry":{"type":"MultiPolygon","coordinates":[[[[-9.926381,-40.34881],[-9.965077,-40.382745],[-10.008656,-40.304457],[-9.926381,-40.34881]]],[[[-12.307362,-37.070082],[-12.213124,-37.080011],[-12.244781,-37.137872],[-12.307362,-37.070082]]],[[[-5.721832,-15.908949],[-5.67394,-15.988214],[-5.763743,-16.01572],[-5.721832,-15.908949]]],[[[-14.356272,-7.884698],[-14.339467,-7.969985],[-14.417714,-7.939223],[-14.356272,-7.884698]]]]}},{"type":"Feature","properties":{"name":"Mauritius","ISO3166-1-Alpha-3":"MUS","ISO3166-1-Alpha-2":"MU"},"geometry":{"type":"MultiPolygon","coordinates":[[[[57.795746,-20.222752],[57.307872,-20.444268],[57.560069,-20.003839],[57.795746,-20.222752]]],[[[56.524181,-10.330011],[56.531016,-10.324151],[56.569347,-10.406508],[56.524181,-10.330011]]],[[[63.476248,-19.67783],[63.416515,-19.736423],[63.335216,-19.717869],[63.476248,-19.67783]]]]}},{"type":"Feature","properties":{"name":"Comoros","ISO3166-1-Alpha-3":"COM","ISO3166-1-Alpha-2":"KM"},"geometry":{"type":"MultiPolygon","coordinates":[[[[43.788748,-12.308038],[43.681407,-12.358087],[43.631033,-12.287774],[43.788748,-12.308038]]],[[[44.529063,-12.232843],[44.330577,-12.236261],[44.373546,-12.180352],[44.529063,-12.232843]]],[[[43.466563,-11.82171],[43.290294,-11.843357],[43.266124,-11.398696],[43.466563,-11.82171]]]]}},{"type":"Feature","properties":{"name":"São Tomé and Principe","ISO3166-1-Alpha-3":"STP","ISO3166-1-Alpha-2":"ST"},"geometry":{"type":"MultiPolygon","coordinates":[[[[6.681407,0.407131],[6.652599,0.103217],[6.509613,0.092678],[6.681407,0.407131]]],[[[7.462738,1.674547],[7.425548,1.56273],[7.33253,1.565334],[7.462738,1.674547]]]]}},{"type":"Feature","properties":{"name":"Cabo Verde","ISO3166-1-Alpha-3":"CPV","ISO3166-1-Alpha-2":"CV"},"geometry":{"type":"MultiPolygon","coordinates":[[[[-24.704335,14.900824],[-24.704416,14.814032],[-24.754709,14.840806],[-24.704335,14.900824]]],[[[-24.296539,14.917548],[-24.415028,14.820868],[-24.464589,15.007717],[-24.296539,14.917548]]],[[[-23.456776,15.023668],[-23.782297,15.068549],[-23.719228,15.322903],[-23.456776,15.023668]]],[[[-23.127797,15.311672],[-23.217152,15.133531],[-23.214467,15.313544],[-23.127797,15.311672]]],[[[-22.682118,16.113593],[-22.883656,15.988715],[-22.89509,16.222846],[-22.682118,16.113593]]],[[[-24.067535,16.613918],[-24.333404,16.49494],[-24.422597,16.662299],[-24.067535,16.613918]]],[[[-22.929189,16.593411],[-22.922434,16.860297],[-22.881337,16.692694],[-22.929189,16.593411]]],[[[-24.919749,16.895087],[-24.968129,16.798896],[-25.05012,16.881415],[-24.919749,16.895087]]],[[[-25.046986,17.035061],[-25.354848,17.038479],[-25.053944,17.186184],[-25.046986,17.035061]]],[[[-24.59266,16.624312],[-24.575299,16.605505],[-24.60134,16.609845],[-24.59266,16.624312]]],[[[-24.7735,16.802259],[-24.695377,16.760304],[-24.740225,16.734263],[-24.7735,16.802259]]]]}},{"type":"Feature","properties":{"name":"Malta","ISO3166-1-Alpha-3":"MLT","ISO3166-1-Alpha-2":"MT"},"geometry":{"type":"MultiPolygon","coordinates":[[[[14.548025,35.890041],[14.381521,35.842963],[14.377289,35.993638],[14.548025,35.890041]]],[[[14.256602,36.075588],[14.304454,36.026597],[14.201182,36.026068],[14.256602,36.075588]]]]}},{"type":"Feature","properties":{"name":"Jersey","ISO3166-1-Alpha-3":"JEY","ISO3166-1-Alpha-2":"JE"},"geometry":{"type":"Polygon","coordinates":[[[-2.082672,49.26024],[-2.079986,49.178697],[-2.226471,49.206],[-2.082672,49.26024]]]}},{"type":"Feature","properties":{"name":"Guernsey","ISO3166-1-Alpha-3":"GGY","ISO3166-1-Alpha-2":"GG"},"geometry":{"type":"MultiPolygon","coordinates":[[[[-2.58023,49.493598],[-2.532948,49.442857],[-2.669342,49.430894],[-2.58023,49.493598]]],[[[-2.363759,49.446845],[-2.373525,49.411566],[-2.375885,49.430406],[-2.363759,49.446845]]],[[[-2.174469,49.731391],[-2.187896,49.710639],[-2.218495,49.718695],[-2.174469,49.731391]]],[[[-2.453684,49.481879],[-2.445221,49.474595],[-2.454498,49.466132],[-2.453684,49.481879]]]]}},{"type":"Feature","properties":{"name":"Isle of Man","ISO3166-1-Alpha-3":"IMN","ISO3166-1-Alpha-2":"IM"},"geometry":{"type":"Polygon","coordinates":[[[-4.612131,54.056952],[-4.71227,54.21662],[-4.319407,54.304592],[-4.612131,54.056952]]]}},{"type":"Feature","properties":{"name":"Aland","ISO3166-1-Alpha-3":"ALA","ISO3166-1-Alpha-2":"AX"},"geometry":{"type":"MultiPolygon","coordinates":[[[[20.277599,60.142157],[20.259044,60.062567],[20.215343,60.135688],[20.277599,60.142157]]],[[[19.639496,60.220933],[19.591645,60.196763],[19.537283,60.201117],[19.639496,60.220933]]],[[[20.427908,60.265692],[20.38087,60.198879],[20.38266,60.240709],[20.427908,60.265692]]],[[[20.818858,60.232164],[20.805186,60.2862],[20.850597,60.253607],[20.818858,60.232164]]],[[[20.208751,60.224677],[20.0442,60.176337],[19.81422,60.190619],[20.208751,60.224677]]],[[[20.875255,59.91413],[20.87086,59.936754],[20.912852,59.920722],[20.875255,59.91413]]],[[[20.983572,59.942776],[20.982758,59.921536],[20.919932,59.953315],[20.983572,59.942776]]],[[[20.610118,60.044989],[20.587169,60.008124],[20.544932,60.056098],[20.610118,60.044989]]],[[[20.424083,60.055243],[20.462576,60.066799],[20.402354,60.021308],[20.424083,60.055243]]],[[[20.521169,60.048041],[20.469737,60.057359],[20.518403,60.07038],[20.521169,60.048041]]],[[[20.68336,60.13052],[20.67156,60.109198],[20.644054,60.149359],[20.68336,60.13052]]],[[[20.683767,60.229397],[20.707693,60.199652],[20.664073,60.205024],[20.683767,60.229397]]],[[[20.777354,60.326483],[20.735362,60.337795],[20.764334,60.367865],[20.777354,60.326483]]],[[[20.281315,59.976616],[20.398457,60.009129],[20.339325,59.980208],[20.281315,59.976616]]],[[[20.03365,60.063626],[20.222526,60.01488],[20.123179,59.988872],[20.03365,60.063626]]],[[[21.088634,60.480129],[21.088227,60.452216],[21.059255,60.466742],[21.088634,60.480129]]]]}},{"type":"Feature","properties":{"name":"Faroe Islands","ISO3166-1-Alpha-3":"FRO","ISO3166-1-Alpha-2":"FO"},"geometry":{"type":"MultiPolygon","coordinates":[[[[-6.654775,61.395941],[-6.877024,61.621731],[-6.70165,61.514716],[-6.654775,61.395941]]],[[[-6.612538,61.821112],[-6.66804,61.748847],[-6.841868,61.898871],[-6.612538,61.821112]]],[[[-7.383697,62.094875],[-7.171132,62.13581],[-7.184885,62.026557],[-7.383697,62.094875]]],[[[-7.222646,62.1706],[-6.963775,62.1789],[-6.701894,61.944037],[-7.222646,62.1706]]],[[[-7.055084,62.290351],[-6.824778,62.273017],[-6.649159,62.104193],[-7.055084,62.290351]]],[[[-6.537465,62.191067],[-6.566518,62.361274],[-6.407094,62.197821],[-6.537465,62.191067]]],[[[-7.559722,62.107733],[-7.546254,62.096991],[-7.644154,62.107001],[-7.559722,62.107733]]],[[[-6.321441,62.308092],[-6.29955,62.271552],[-6.35851,62.245836],[-6.321441,62.308092]]],[[[-6.585276,62.289862],[-6.6162,62.266303],[-6.680816,62.366116],[-6.585276,62.289862]]],[[[-6.654693,62.264065],[-6.691029,62.252265],[-6.769439,62.336005],[-6.654693,62.264065]]],[[[-6.409169,62.324042],[-6.509267,62.329779],[-6.48705,62.360338],[-6.409169,62.324042]]]]}},{"type":"Feature","properties":{"name":"Indian Ocean Territories","ISO3166-1-Alpha-3":"-99","ISO3166-1-Alpha-2":"-99"},"geometry":{"type":"MultiPolygon","coordinates":[[[[96.863129,-12.181736],[96.823416,-12.150974],[96.829845,-12.144464],[96.863129,-12.181736]]],[[[96.902192,-12.199965],[96.88852,-12.187433],[96.916189,-12.161798],[96.902192,-12.199965]]],[[[105.704112,-10.430841],[105.678722,-10.566013],[105.592296,-10.498468],[105.704112,-10.430841]]]]}},{"type":"Feature","properties":{"name":"British Indian Ocean Territory","ISO3166-1-Alpha-3":"IOT","ISO3166-1-Alpha-2":"IO"},"geometry":{"type":"MultiPolygon","coordinates":[[[[72.46754,-7.383884],[72.480642,-7.390558],[72.388194,-7.302504],[72.46754,-7.383884]]],[[[72.484223,-7.278253],[72.474294,-7.346938],[72.470714,-7.333185],[72.484223,-7.278253]]],[[[71.350352,-6.65252],[71.362071,-6.652927],[71.351736,-6.655694],[71.350352,-6.65252]]],[[[71.261404,-6.388604],[71.26238,-6.373956],[71.268809,-6.378106],[71.261404,-6.388604]]],[[[71.33839,-6.195896],[71.347016,-6.182224],[71.3567,-6.188735],[71.33839,-6.195896]]],[[[71.773204,-5.440199],[71.76238,-5.431736],[71.774587,-5.435724],[71.773204,-5.440199]]],[[[72.221446,-5.327813],[72.230968,-5.319268],[72.225352,-5.327244],[72.221446,-5.327813]]],[[[71.737071,-5.285252],[71.747081,-5.269952],[71.742361,-5.283136],[71.737071,-5.285252]]],[[[71.760265,-5.236586],[71.768565,-5.234145],[71.764496,-5.239679],[71.760265,-5.236586]]],[[[71.966156,-5.234796],[71.962738,-5.231215],[71.966482,-5.227472],[71.966156,-5.234796]]]]}},{"type":"Feature","properties":{"name":"Singapore","ISO3166-1-Alpha-3":"SGP","ISO3166-1-Alpha-2":"SG"},"geometry":{"type":"Polygon","coordinates":[[[103.960785,1.391099],[103.838878,1.266262],[103.674571,1.380316],[103.960785,1.391099]]]}},{"type":"Feature","properties":{"name":"Norfolk Island","ISO3166-1-Alpha-3":"NFK","ISO3166-1-Alpha-2":"NF"},"geometry":{"type":"Polygon","coordinates":[[[167.984141,-29.017836],[167.966645,-29.080011],[167.918305,-29.036391],[167.984141,-29.017836]]]}},{"type":"Feature","properties":{"name":"Cook Islands","ISO3166-1-Alpha-3":"COK","ISO3166-1-Alpha-2":"CK"},"geometry":{"type":"MultiPolygon","coordinates":[[[[-157.93456,-21.877537],[-157.898508,-21.933689],[-157.961049,-21.923923],[-157.93456,-21.877537]]],[[[-157.707997,-19.767185],[-157.721669,-19.85589],[-157.739613,-19.818455],[-157.707997,-19.767185]]],[[[-157.940745,-8.980727],[-157.978627,-8.976007],[-158.00829,-8.952895],[-157.940745,-8.980727]]],[[[-159.797841,-21.18613],[-159.736033,-21.236993],[-159.833079,-21.244561],[-159.797841,-21.18613]]],[[[-157.312815,-20.155206],[-157.328562,-20.179132],[-157.348988,-20.143324],[-157.312815,-20.155206]]],[[[-158.078318,-19.994236],[-158.096547,-20.019708],[-158.135203,-19.976495],[-158.078318,-19.994236]]],[[[-158.2683,-19.832615],[-158.281077,-19.821954],[-158.276357,-19.8235],[-158.2683,-19.832615]]],[[[-158.287668,-19.810642],[-158.293772,-19.816583],[-158.297353,-19.817315],[-158.287668,-19.810642]]],[[[-158.92516,-19.26922],[-158.955556,-19.245294],[-158.9322,-19.264255],[-158.92516,-19.26922]]],[[[-165.824534,-10.881768],[-165.811757,-10.880141],[-165.814036,-10.889093],[-165.824534,-10.881768]]],[[[-160.986236,-10.382094],[-160.994333,-10.374688],[-160.979929,-10.380955],[-160.986236,-10.382094]]],[[[-161.088002,-10.035089],[-161.070058,-10.027439],[-161.075551,-10.036391],[-161.088002,-10.035089]]],[[[-159.785105,-18.830824],[-159.766632,-18.835219],[-159.782867,-18.887953],[-159.785105,-18.830824]]]]}},{"type":"Feature","properties":{"name":"Tonga","ISO3166-1-Alpha-3":"TON","ISO3166-1-Alpha-2":"TO"},"geometry":{"type":"MultiPolygon","coordinates":[[[[-173.95637,-18.567315],[-173.957224,-18.653009],[-174.025624,-18.653741],[-173.95637,-18.567315]]],[[[-174.914744,-21.292169],[-174.942209,-21.430271],[-174.976877,-21.359552],[-174.914744,-21.292169]]],[[[-175.065541,-21.123956],[-175.264841,-21.19964],[-175.225209,-21.123793],[-175.065541,-21.123956]]],[[[-174.361073,-19.801365],[-174.320749,-19.760675],[-174.32018,-19.819268],[-174.361073,-19.801365]]],[[[-175.069285,-19.712009],[-175.065541,-19.801365],[-175.08727,-19.780857],[-175.069285,-19.712009]]],[[[-174.305816,-19.733005],[-174.257436,-19.684666],[-174.264272,-19.736423],[-174.305816,-19.733005]]],[[[-174.260854,-19.630548],[-174.249257,-19.653741],[-174.29304,-19.592706],[-174.260854,-19.630548]]],[[[-175.631337,-15.559503],[-175.617787,-15.601495],[-175.686269,-15.602309],[-175.631337,-15.559503]]],[[[-176.21349,-22.323907],[-176.201853,-22.336114],[-176.215891,-22.335138],[-176.21349,-22.323907]]],[[[-174.653798,-18.817478],[-174.661244,-18.786879],[-174.62682,-18.79754],[-174.653798,-18.817478]]]]}},{"type":"Feature","properties":{"name":"Wallis and Futuna","ISO3166-1-Alpha-3":"WLF","ISO3166-1-Alpha-2":"WF"},"geometry":{"type":"MultiPolygon","coordinates":[[[[-178.142323,-14.243585],[-178.046742,-14.312595],[-178.146921,-14.310154],[-178.142323,-14.243585]]],[[[-176.155466,-13.208917],[-176.128163,-13.298272],[-176.18281,-13.339288],[-176.155466,-13.208917]]]]}},{"type":"Feature","properties":{"name":"Samoa","ISO3166-1-Alpha-3":"WSM","ISO3166-1-Alpha-2":"WS"},"geometry":{"type":"MultiPolygon","coordinates":[[[[-172.201039,-13.592543],[-172.543162,-13.785252],[-172.782582,-13.520278],[-172.201039,-13.592543]]],[[[-171.56428,-13.949395],[-171.762034,-14.048761],[-172.018015,-13.917901],[-171.56428,-13.949395]]]]}},{"type":"Feature","properties":{"name":"Solomon Islands","ISO3166-1-Alpha-3":"SLB","ISO3166-1-Alpha-2":"SB"},"geometry":{"type":"MultiPolygon","coordinates":[[[[160.503673,-11.736017],[160.283376,-11.680841],[159.981944,-11.554295],[160.503673,-11.736017]]],[[[159.804698,-11.29046],[159.853201,-11.324477],[159.777354,-11.283624],[159.804698,-11.29046]]],[[[161.740977,-10.272556],[161.717296,-10.231378],[161.770518,-10.278416],[161.740977,-10.272556]]],[[[162.374848,-10.823663],[161.641368,-10.622247],[161.29184,-10.225763],[162.374848,-10.823663]]],[[[167.17335,-9.886407],[167.170177,-9.859145],[167.195974,-9.885919],[167.17335,-9.886407]]],[[[167.091807,-9.803318],[167.104503,-9.801853],[167.108246,-9.80462],[167.091807,-9.803318]]],[[[161.977794,-9.851007],[161.940196,-9.692153],[161.970876,-9.706964],[161.977794,-9.851007]]],[[[161.394786,-9.412774],[161.499278,-9.527276],[161.49464,-9.703058],[161.394786,-9.412774]]],[[[160.826345,-9.837335],[159.699067,-9.649102],[160.099132,-9.431899],[160.826345,-9.837335]]],[[[159.828868,-9.172621],[159.811534,-9.111098],[159.832693,-9.103692],[159.828868,-9.172621]]],[[[160.25408,-9.158949],[160.385265,-9.118422],[160.285167,-9.165785],[160.25408,-9.158949]]],[[[159.19516,-9.056573],[159.2317,-9.032647],[159.222504,-9.079685],[159.19516,-9.056573]]],[[[160.09669,-9.056573],[160.172537,-9.002211],[160.242931,-9.1124],[160.09669,-9.056573]]],[[[159.167166,-9.017999],[159.041026,-9.057306],[159.100841,-9.001397],[159.167166,-9.017999]]],[[[160.079112,-9.023045],[160.079112,-8.977716],[160.108409,-8.961196],[160.079112,-9.023045]]],[[[157.615489,-8.73447],[157.476736,-8.739516],[157.543793,-8.69492],[157.615489,-8.73447]]],[[[158.22877,-8.774672],[158.168224,-8.807224],[158.204275,-8.706638],[158.22877,-8.774672]]],[[[158.056895,-8.528253],[158.114268,-8.667739],[157.89975,-8.562433],[158.056895,-8.528253]]],[[[157.358653,-8.576755],[157.336681,-8.705987],[157.27003,-8.496515],[157.358653,-8.576755]]],[[[159.68865,-8.507908],[159.62794,-8.522638],[159.545177,-8.406427],[159.68865,-8.507908]]],[[[162.738617,-8.38836],[162.734874,-8.373793],[162.75408,-8.382501],[162.738617,-8.38836]]],[[[161.360688,-9.617608],[160.723969,-8.356866],[161.168956,-8.974542],[161.360688,-9.617608]]],[[[157.125173,-8.275079],[157.090587,-8.249119],[157.022634,-8.192804],[157.125173,-8.275079]]],[[[157.207693,-8.288751],[157.150401,-8.215916],[157.09783,-8.158949],[157.207693,-8.288751]]],[[[156.810557,-8.055352],[156.824718,-8.069594],[156.81544,-8.111993],[156.810557,-8.055352]]],[[[157.797374,-8.562433],[157.440115,-8.269708],[157.610525,-8.104181],[157.797374,-8.562433]]],[[[156.611176,-8.072686],[156.587413,-8.199395],[156.549815,-7.939223],[156.611176,-8.072686]]],[[[157.104666,-8.124933],[156.985118,-7.896091],[157.200938,-8.000746],[157.104666,-8.124933]]],[[[156.80714,-7.720147],[156.618663,-7.813084],[156.611176,-7.569431],[156.80714,-7.720147]]],[[[155.570323,-7.322931],[155.618175,-7.363946],[155.507986,-7.375746],[155.570323,-7.322931]]],[[[155.816742,-7.020685],[155.803071,-7.103204],[155.67449,-7.075942],[155.816742,-7.020685]]],[[[156.118419,-6.918227],[156.070079,-6.974054],[156.069998,-6.890883],[156.118419,-6.918227]]],[[[166.92392,-11.640972],[166.843021,-11.713316],[166.775225,-11.606793],[166.92392,-11.640972]]],[[[166.557252,-11.283644],[166.500764,-11.288876],[166.47976,-11.247422],[166.557252,-11.283644]]],[[[166.147905,-10.694046],[165.861965,-10.86854],[165.81217,-10.759318],[166.147905,-10.694046]]],[[[158.486095,-7.610284],[158.421153,-7.643813],[158.352224,-7.582452],[158.486095,-7.610284]]],[[[159.859386,-8.511326],[158.969412,-8.039972],[158.93865,-7.765069],[159.859386,-8.511326]]],[[[158.365245,-7.548272],[158.268565,-7.466974],[158.371349,-7.504164],[158.365245,-7.548272]]],[[[157.611583,-7.404229],[157.580414,-7.452813],[157.511404,-7.413507],[157.611583,-7.404229]]],[[[158.283214,-7.411798],[158.249034,-7.47324],[158.214854,-7.417901],[158.283214,-7.411798]]],[[[157.776215,-7.407973],[157.756033,-7.473891],[157.704356,-7.461602],[157.776215,-7.407973]]],[[[157.529796,-7.333185],[156.927745,-7.208754],[156.992849,-6.868829],[157.529796,-7.333185]]],[[[168.812266,-12.26629],[168.825857,-12.281508],[168.802419,-12.290623],[168.812266,-12.26629]]],[[[165.745291,-10.421645],[165.722911,-10.412856],[165.732188,-10.389907],[165.745291,-10.421645]]],[[[160.635753,-7.891046],[160.632009,-7.927016],[160.612071,-7.876723],[160.635753,-7.891046]]],[[[166.984874,-11.614353],[166.963227,-11.650323],[166.944347,-11.625421],[166.984874,-11.614353]]],[[[166.252452,-10.264907],[166.237315,-10.31113],[166.23585,-10.255304],[166.252452,-10.264907]]],[[[156.545421,-7.791681],[156.555431,-7.817315],[156.517914,-7.809259],[156.545421,-7.791681]]]]}},{"type":"Feature","properties":{"name":"Tuvalu","ISO3166-1-Alpha-3":"TUV","ISO3166-1-Alpha-2":"TV"},"geometry":{"type":"MultiPolygon","coordinates":[[[[179.191254,-8.542087],[179.19809,-8.497817],[179.207205,-8.498468],[179.191254,-8.542087]]],[[[178.380544,-8.070001],[178.373302,-8.069024],[178.383149,-8.039239],[178.380544,-8.070001]]],[[[177.152599,-7.197361],[177.150401,-7.190362],[177.153005,-7.195001],[177.152599,-7.197361]]],[[[176.314301,-6.302341],[176.319184,-6.289239],[176.322927,-6.288832],[176.314301,-6.302341]]],[[[177.344086,-6.121026],[177.338145,-6.111017],[177.348806,-6.110528],[177.344086,-6.121026]]],[[[176.135265,-5.692804],[176.125255,-5.679132],[176.140391,-5.687188],[176.135265,-5.692804]]],[[[179.906749,-9.399347],[179.905284,-9.420668],[179.898611,-9.386814],[179.906749,-9.399347]]],[[[179.867849,-9.343194],[179.878429,-9.360772],[179.871755,-9.350193],[179.867849,-9.343194]]],[[[178.682791,-7.491469],[178.665212,-7.454034],[178.69337,-7.483982],[178.682791,-7.491469]]]]}},{"type":"Feature","properties":{"name":"Maldives","ISO3166-1-Alpha-3":"MDV","ISO3166-1-Alpha-2":"MV"},"geometry":{"type":"MultiPolygon","coordinates":[[[[73.163097,-0.681817],[73.172537,-0.688572],[73.165863,-0.688409],[73.163097,-0.681817]]],[[[73.204112,-0.671157],[73.199229,-0.678643],[73.191417,-0.682794],[73.204112,-0.671157]]],[[[73.124278,-0.656183],[73.126964,-0.666274],[73.123302,-0.66253],[73.124278,-0.656183]]],[[[73.240001,-0.625584],[73.227306,-0.642836],[73.229991,-0.623305],[73.240001,-0.625584]]],[[[73.246755,-0.588637],[73.236339,-0.59238],[73.248383,-0.580824],[73.246755,-0.588637]]],[[[73.435069,-0.283624],[73.445079,-0.29754],[73.437999,-0.298598],[73.435069,-0.283624]]],[[[73.09547,0.228013],[73.10434,0.219631],[73.09783,0.218777],[73.09547,0.228013]]],[[[73.208995,0.239976],[73.217377,0.237698],[73.210948,0.232164],[73.208995,0.239976]]],[[[73.036794,0.269924],[73.040375,0.259345],[73.035411,0.26317],[73.036794,0.269924]]],[[[73.379161,0.285224],[73.36964,0.280015],[73.373709,0.286933],[73.379161,0.285224]]],[[[72.983653,0.305243],[72.987722,0.302232],[72.986013,0.299547],[72.983653,0.305243]]],[[[73.513438,0.387763],[73.508637,0.380683],[73.50587,0.386176],[73.513438,0.387763]]],[[[72.958344,0.403306],[72.961111,0.394273],[72.957774,0.396796],[72.958344,0.403306]]],[[[72.940929,0.496283],[72.940603,0.487291],[72.937022,0.491441],[72.940929,0.496283]]],[[[73.491954,0.508002],[73.49464,0.498969],[73.489757,0.50259],[73.491954,0.508002]]],[[[73.387869,0.64175],[73.386729,0.635403],[73.383556,0.638902],[73.387869,0.64175]]],[[[73.373057,0.763088],[73.371837,0.756578],[73.369802,0.761664],[73.373057,0.763088]]],[[[73.353852,0.847724],[73.353201,0.843207],[73.351166,0.840684],[73.353852,0.847724]]],[[[72.831391,3.510565],[72.834727,3.506781],[72.828054,3.505439],[72.831391,3.510565]]],[[[72.793712,3.516913],[72.795177,3.514635],[72.791189,3.510891],[72.793712,3.516913]]],[[[72.928396,3.551907],[72.911632,3.541653],[72.919932,3.552151],[72.928396,3.551907]]],[[[72.941905,3.618842],[72.94516,3.615139],[72.938487,3.613715],[72.941905,3.618842]]],[[[72.692556,3.726955],[72.696462,3.721015],[72.692475,3.716295],[72.692556,3.726955]]],[[[73.477306,3.942125],[73.469981,3.935126],[73.469249,3.936957],[73.477306,3.942125]]],[[[72.703136,4.003323],[72.706228,3.99844],[72.699474,3.998114],[72.703136,4.003323]]],[[[73.508149,4.103583],[73.508311,4.093329],[73.502452,4.098538],[73.508149,4.103583]]],[[[72.97047,4.265937],[72.974376,4.263251],[72.972504,4.260403],[72.97047,4.265937]]],[[[73.70281,4.434719],[73.700857,4.432278],[73.697602,4.431464],[73.70281,4.434719]]],[[[73.70281,4.45303],[73.702647,4.452908],[73.69988,4.449164],[73.70281,4.45303]]],[[[73.37672,4.474433],[73.373871,4.466986],[73.373871,4.468899],[73.37672,4.474433]]],[[[73.404959,4.634996],[73.405528,4.62995],[73.401215,4.629828],[73.404959,4.634996]]],[[[73.490489,4.723375],[73.490733,4.716742],[73.486664,4.718207],[73.490489,4.723375]]],[[[72.97934,4.895453],[72.969656,4.880723],[72.970063,4.890367],[72.97934,4.895453]]],[[[72.917491,4.898586],[72.922862,4.899075],[72.920909,4.897854],[72.917491,4.898586]]],[[[73.447276,4.97134],[73.436534,4.969875],[73.441173,4.974921],[73.447276,4.97134]]],[[[72.912852,5.034084],[72.909434,5.030788],[72.90919,5.030585],[72.912852,5.034084]]],[[[72.927745,5.036526],[72.927175,5.034247],[72.92571,5.033474],[72.927745,5.036526]]],[[[73.04477,5.121812],[73.04477,5.121649],[73.043468,5.118842],[73.04477,5.121812]]],[[[73.049083,5.133287],[73.051443,5.128079],[73.045258,5.128892],[73.049083,5.133287]]],[[[73.091319,5.161363],[73.090994,5.158515],[73.087901,5.157986],[73.091319,5.161363]]],[[[73.103852,5.173041],[73.106944,5.17178],[73.110199,5.170356],[73.103852,5.173041]]],[[[72.860118,5.237942],[72.860037,5.23782],[72.856863,5.234565],[72.860118,5.237942]]],[[[73.131847,5.244574],[73.131847,5.242499],[73.128429,5.241156],[73.131847,5.244574]]],[[[73.499766,5.246894],[73.499685,5.246812],[73.497244,5.245022],[73.499766,5.246894]]],[[[73.593598,5.282701],[73.577647,5.274563],[73.575938,5.279934],[73.593598,5.282701]]],[[[73.112804,5.29857],[73.112641,5.298448],[73.109223,5.295152],[73.112804,5.29857]]],[[[73.470225,5.307766],[73.464366,5.306871],[73.467052,5.308336],[73.470225,5.307766]]],[[[73.629568,5.332831],[73.629405,5.33275],[73.627208,5.331122],[73.629568,5.332831]]],[[[73.646658,5.343248],[73.646495,5.343248],[73.639903,5.34219],[73.646658,5.343248]]],[[[72.953136,5.352769],[72.952403,5.350084],[72.949555,5.349311],[72.953136,5.352769]]],[[[73.397472,5.362209],[73.400645,5.357652],[73.396169,5.357123],[73.397472,5.362209]]],[[[73.323253,5.368232],[73.327973,5.367011],[73.319347,5.362942],[73.323253,5.368232]]],[[[73.350759,5.42768],[73.3449,5.426825],[73.344574,5.426744],[73.350759,5.42768]]],[[[73.537446,5.451402],[73.534923,5.449856],[73.531261,5.450426],[73.537446,5.451402]]],[[[73.362966,5.46308],[73.362966,5.462795],[73.360932,5.457953],[73.362966,5.46308]]],[[[72.943126,5.467597],[72.941091,5.463568],[72.937022,5.465522],[72.943126,5.467597]]],[[[73.01588,5.492865],[73.013031,5.487454],[73.009939,5.49022],[73.01588,5.492865]]],[[[73.462413,5.543606],[73.459321,5.541734],[73.456472,5.542629],[73.462413,5.543606]]],[[[73.005626,5.713324],[73.002289,5.707099],[73.000173,5.713202],[73.005626,5.713324]]],[[[72.949392,6.349799],[72.951182,6.347602],[72.953136,6.343492],[72.949392,6.349799]]],[[[72.892589,6.452094],[72.896902,6.448188],[72.891775,6.446723],[72.892589,6.452094]]],[[[73.097504,-0.599705],[73.118663,-0.64129],[73.104991,-0.586602],[73.097504,-0.599705]]],[[[73.365001,1.791083],[73.375824,1.78856],[73.368256,1.782945],[73.365001,1.791083]]],[[[73.400238,1.806342],[73.40211,1.7956],[73.394786,1.798774],[73.400238,1.806342]]],[[[73.452647,1.826809],[73.463634,1.826321],[73.454112,1.820543],[73.452647,1.826809]]],[[[73.518077,1.842719],[73.49879,1.828111],[73.500092,1.832058],[73.518077,1.842719]]],[[[73.536469,1.870103],[73.53297,1.86164],[73.5324,1.865668],[73.536469,1.870103]]],[[[73.25172,1.892401],[73.243988,1.89411],[73.247406,1.893988],[73.25172,1.892401]]],[[[73.553071,1.93244],[73.545665,1.901557],[73.540863,1.892401],[73.553071,1.93244]]],[[[73.550059,1.976386],[73.549815,1.965684],[73.547699,1.968329],[73.550059,1.976386]]],[[[73.317231,1.9914],[73.322602,1.987982],[73.31544,1.985053],[73.317231,1.9914]]],[[[73.5442,2.026597],[73.542979,2.022162],[73.540294,2.022528],[73.5442,2.026597]]],[[[73.386974,2.033026],[73.386974,2.028632],[73.386241,2.030341],[73.386974,2.033026]]],[[[73.555675,2.082506],[73.551443,2.072414],[73.55128,2.07807],[73.555675,2.082506]]],[[[73.567638,2.109931],[73.583507,2.10814],[73.561778,2.094713],[73.567638,2.109931]]],[[[73.043712,2.166449],[73.041352,2.1647],[73.038259,2.164537],[73.043712,2.166449]]],[[[73.103852,2.186591],[73.102875,2.182115],[73.098888,2.184638],[73.103852,2.186591]]],[[[73.115489,2.199693],[73.12086,2.191799],[73.113943,2.193508],[73.115489,2.199693]]],[[[72.948416,2.274888],[72.946381,2.272406],[72.9463,2.272366],[72.948416,2.274888]]],[[[72.926117,2.32746],[72.927013,2.316067],[72.922374,2.322089],[72.926117,2.32746]]],[[[73.344005,2.348049],[73.343923,2.347439],[73.342296,2.342393],[73.344005,2.348049]]],[[[73.354259,2.437201],[73.365326,2.413886],[73.362641,2.385118],[73.354259,2.437201]]],[[[73.314789,2.505805],[73.315196,2.494045],[73.311778,2.496894],[73.314789,2.505805]]],[[[73.145518,2.55329],[73.143809,2.55036],[73.141124,2.55036],[73.145518,2.55329]]],[[[72.900076,2.682196],[72.905284,2.680813],[72.901134,2.676174],[72.900076,2.682196]]],[[[72.872569,2.694159],[72.873709,2.68358],[72.866954,2.688951],[72.872569,2.694159]]],[[[73.022309,2.741685],[73.032237,2.745022],[73.025401,2.737616],[73.022309,2.741685]]],[[[73.353526,2.778266],[73.353526,2.771918],[73.348481,2.775377],[73.353526,2.778266]]],[[[73.399262,2.785712],[73.390636,2.775377],[73.394379,2.784329],[73.399262,2.785712]]],[[[73.548595,2.892727],[73.550141,2.891343],[73.549083,2.888129],[73.548595,2.892727]]],[[[73.360362,2.903876],[73.362804,2.898383],[73.35727,2.899807],[73.360362,2.903876]]],[[[73.008474,2.953315],[73.010427,2.945258],[73.009044,2.946438],[73.008474,2.953315]]],[[[73.56422,2.954739],[73.56422,2.954617],[73.56129,2.948472],[73.56422,2.954739]]],[[[73.585948,2.961615],[73.577485,2.951158],[73.581309,2.96015],[73.585948,2.961615]]],[[[72.870128,2.969184],[72.870128,2.969062],[72.865082,2.958157],[72.870128,2.969184]]],[[[72.901622,3.083808],[72.904796,3.081285],[72.899913,3.07685],[72.901622,3.083808]]],[[[73.613048,3.106757],[73.612559,3.102973],[73.608409,3.100409],[73.613048,3.106757]]],[[[72.977875,3.110175],[72.981293,3.106635],[72.975108,3.104193],[72.977875,3.110175]]],[[[73.042247,3.205471],[73.045665,3.202867],[73.040701,3.198472],[73.042247,3.205471]]],[[[73.031749,3.252997],[73.035167,3.249335],[73.031749,3.245673],[73.031749,3.252997]]],[[[72.833263,3.312486],[72.837087,3.309638],[72.831554,3.305609],[72.833263,3.312486]]],[[[73.516368,3.361233],[73.517426,3.360297],[73.518891,3.358873],[73.516368,3.361233]]],[[[73.747569,3.451117],[73.753103,3.446438],[73.751231,3.44713],[73.747569,3.451117]]],[[[73.50587,3.501207],[73.508474,3.496568],[73.506196,3.497626],[73.50587,3.501207]]],[[[72.952403,3.733832],[72.955821,3.730129],[72.948985,3.728583],[72.952403,3.733832]]],[[[72.945811,3.772121],[72.949067,3.768378],[72.944916,3.765448],[72.945811,3.772121]]],[[[72.944591,3.836859],[72.947765,3.833075],[72.941173,3.831692],[72.944591,3.836859]]],[[[73.437266,3.846625],[73.433442,3.842719],[73.432465,3.846829],[73.437266,3.846625]]],[[[73.443533,3.920559],[73.443451,3.920478],[73.438487,3.916612],[73.443533,3.920559]]],[[[73.345063,3.944729],[73.3449,3.944566],[73.341482,3.942043],[73.345063,3.944729]]],[[[73.422618,4.118354],[73.422537,4.118191],[73.419119,4.115749],[73.422618,4.118354]]],[[[73.546197,4.243039],[73.526585,4.171278],[73.432093,4.189998],[73.546197,4.243039]]],[[[72.94516,4.266303],[72.958588,4.262519],[72.954356,4.261461],[72.94516,4.266303]]],[[[73.595876,4.342271],[73.595714,4.34219],[73.589366,4.340562],[73.595876,4.342271]]],[[[73.611501,4.363105],[73.61199,4.3581],[73.607677,4.3581],[73.611501,4.363105]]],[[[73.63795,4.370551],[73.637462,4.365465],[73.633637,4.364691],[73.63795,4.370551]]],[[[73.667979,4.3935],[73.668468,4.388495],[73.664317,4.388332],[73.667979,4.3935]]],[[[72.957042,4.4383],[72.956065,4.422105],[72.947113,4.423082],[72.957042,4.4383]]],[[[73.553559,4.62051],[73.554047,4.615465],[73.550955,4.613837],[73.553559,4.62051]]],[[[73.629568,5.418524],[73.636729,5.402899],[73.632498,5.386257],[73.629568,5.418524]]],[[[73.005626,5.463202],[73.002615,5.457587],[72.999034,5.461086],[73.005626,5.463202]]],[[[72.883962,5.494086],[72.881847,5.490058],[72.877696,5.492092],[72.883962,5.494086]]],[[[73.019054,5.617825],[73.016856,5.613756],[73.014008,5.611558],[73.019054,5.617825]]],[[[73.014659,5.676988],[73.012462,5.673],[73.008556,5.675035],[73.014659,5.676988]]],[[[73.392833,5.737698],[73.380707,5.714586],[73.379812,5.715074],[73.392833,5.737698]]],[[[72.986827,5.770738],[72.98585,5.76557],[72.982839,5.762559],[72.986827,5.770738]]],[[[73.382335,5.794989],[73.384288,5.789252],[73.380707,5.784125],[73.382335,5.794989]]],[[[72.976573,5.813625],[72.975108,5.804551],[72.970958,5.808417],[72.976573,5.813625]]],[[[73.44988,5.840766],[73.433767,5.830878],[73.438975,5.838284],[73.44988,5.840766]]],[[[72.963634,5.864325],[72.963715,5.86404],[72.962657,5.853461],[72.963634,5.864325]]],[[[73.429047,5.911363],[73.428477,5.908515],[73.42628,5.903266],[73.429047,5.911363]]],[[[72.931651,5.969062],[72.930186,5.956936],[72.925792,5.963284],[72.931651,5.969062]]],[[[73.389822,5.970282],[73.395333,5.957802],[73.386729,5.961982],[73.389822,5.970282]]],[[[72.915701,5.98135],[72.913422,5.977362],[72.909841,5.977932],[72.915701,5.98135]]],[[[73.250743,6.083401],[73.250662,6.083279],[73.249034,6.079535],[73.250743,6.083401]]],[[[73.252126,6.111233],[73.251964,6.111151],[73.246837,6.107733],[73.252126,6.111233]]],[[[73.22047,6.132066],[73.220388,6.131985],[73.219005,6.129299],[73.22047,6.132066]]],[[[73.270274,6.156928],[73.268077,6.152411],[73.265147,6.150621],[73.270274,6.156928]]],[[[73.219086,6.172349],[73.218923,6.172268],[73.214041,6.168769],[73.219086,6.172349]]],[[[73.270844,6.189439],[73.268077,6.178697],[73.265961,6.185004],[73.270844,6.189439]]],[[[73.03419,6.222357],[73.034028,6.222235],[73.028982,6.218817],[73.03419,6.222357]]],[[[73.24171,6.239691],[73.243663,6.234036],[73.236339,6.232123],[73.24171,6.239691]]],[[[73.128429,6.286851],[73.12615,6.284003],[73.123057,6.283352],[73.128429,6.286851]]],[[[73.21518,6.294827],[73.213064,6.289211],[73.208751,6.286444],[73.21518,6.294827]]],[[[73.083344,6.30858],[73.083263,6.308458],[73.078461,6.305121],[73.083344,6.30858]]],[[[73.197032,6.32746],[73.199311,6.324205],[73.195079,6.319648],[73.197032,6.32746]]],[[[73.124522,6.332506],[73.124197,6.332261],[73.119314,6.328925],[73.124522,6.332506]]],[[[73.187266,6.350775],[73.183604,6.347317],[73.181,6.34984],[73.187266,6.350775]]],[[[73.020518,6.368964],[73.023936,6.365871],[73.019298,6.363593],[73.020518,6.368964]]],[[[72.690929,6.411607],[72.687185,6.407416],[72.685883,6.411607],[72.690929,6.411607]]],[[[72.902843,6.440172],[72.906912,6.436428],[72.902029,6.43476],[72.902843,6.440172]]],[[[73.048813,6.441342],[73.046235,6.436265],[73.043305,6.433865],[73.048813,6.441342]]],[[[72.962087,6.559027],[72.958018,6.554348],[72.958344,6.560696],[72.962087,6.559027]]],[[[72.924001,6.565253],[72.927501,6.562079],[72.923106,6.559882],[72.924001,6.565253]]],[[[73.029959,6.582343],[73.030121,6.577541],[73.027354,6.576483],[73.029959,6.582343]]],[[[73.04477,6.621894],[73.040701,6.617174],[73.041026,6.623603],[73.04477,6.621894]]],[[[73.069509,6.667955],[73.061778,6.660956],[73.064138,6.668402],[73.069509,6.667955]]],[[[73.105968,6.709947],[73.102306,6.702338],[73.095876,6.698432],[73.105968,6.709947]]],[[[73.036632,6.759711],[73.036225,6.756781],[73.033865,6.753852],[73.036632,6.759711]]],[[[72.918468,6.763983],[72.914317,6.759223],[72.913259,6.764879],[72.918468,6.763983]]],[[[73.159516,6.786526],[73.165538,6.783149],[73.131847,6.725165],[73.159516,6.786526]]],[[[73.181651,6.830512],[73.197276,6.828111],[73.183767,6.821112],[73.181651,6.830512]]],[[[72.995779,6.841498],[72.992442,6.837877],[72.989431,6.837633],[72.995779,6.841498]]],[[[73.144379,6.843411],[73.141287,6.839911],[73.139008,6.844428],[73.144379,6.843411]]],[[[72.976085,6.852851],[72.976248,6.848049],[72.974132,6.845852],[72.976085,6.852851]]],[[[73.098155,6.8522],[73.095063,6.8487],[73.092947,6.853095],[73.098155,6.8522]]],[[[72.964692,6.860663],[72.960623,6.856065],[72.958344,6.857001],[72.964692,6.860663]]],[[[73.106212,6.896674],[73.106537,6.89053],[73.101736,6.893541],[73.106212,6.896674]]],[[[73.214041,6.918606],[73.208751,6.891099],[73.201915,6.902248],[73.214041,6.918606]]],[[[72.925955,6.957424],[72.925955,6.957017],[72.92628,6.953803],[72.925955,6.957424]]],[[[73.198497,6.97134],[73.19337,6.950995],[73.191905,6.951646],[73.198497,6.97134]]],[[[72.891938,6.991034],[72.891938,6.987698],[72.890554,6.98546],[72.891938,6.991034]]],[[[72.979747,7.027737],[72.981456,7.013983],[72.977224,7.02261],[72.979747,7.027737]]],[[[72.949962,7.056545],[72.949962,7.056423],[72.948497,7.050849],[72.949962,7.056545]]],[[[72.912852,7.092719],[72.911876,7.083197],[72.906586,7.09101],[72.912852,7.092719]]],[[[72.8838,7.107245],[72.884532,7.105699],[72.884532,7.103705],[72.8838,7.107245]]]]}},{"type":"Feature","properties":{"name":"Nauru","ISO3166-1-Alpha-3":"NRU","ISO3166-1-Alpha-2":"NR"},"geometry":{"type":"Polygon","coordinates":[[[166.938813,-0.490411],[166.958263,-0.517673],[166.916352,-0.54754],[166.938813,-0.490411]]]}},{"type":"Feature","properties":{"name":"Federated States of Micronesia","ISO3166-1-Alpha-3":"FSM","ISO3166-1-Alpha-2":"FM"},"geometry":{"type":"MultiPolygon","coordinates":[[[[163.026052,5.340888],[163.019216,5.272691],[162.91212,5.304185],[163.026052,5.340888]]],[[[158.290782,6.937974],[158.244477,6.788275],[158.141856,6.950995],[158.290782,6.937974]]],[[[151.588634,7.383612],[151.622732,7.342678],[151.574229,7.347724],[151.588634,7.383612]]],[[[151.87672,7.458726],[151.917654,7.458726],[151.855642,7.436957],[151.87672,7.458726]]],[[[138.192393,9.575873],[138.156586,9.525784],[138.126231,9.565985],[138.192393,9.575873]]],[[[154.808116,0.927802],[154.817638,0.922187],[154.801768,0.918199],[154.808116,0.927802]]],[[[154.714854,0.965562],[154.721934,0.969184],[154.726817,0.960639],[154.714854,0.965562]]],[[[154.793142,0.972113],[154.792328,0.962877],[154.778168,0.968817],[154.793142,0.972113]]],[[[154.879242,3.751939],[154.87672,3.767971],[154.891856,3.778795],[154.879242,3.751939]]],[[[154.789317,3.791815],[154.791759,3.776557],[154.773692,3.766262],[154.789317,3.791815]]],[[[153.667735,5.286038],[153.685313,5.309719],[153.707693,5.305365],[153.667735,5.286038]]],[[[157.161876,5.773871],[157.158946,5.777899],[157.16391,5.778713],[157.161876,5.773871]]],[[[149.315766,6.696926],[149.316905,6.709906],[149.325694,6.712551],[149.315766,6.696926]]],[[[157.936371,6.71719],[157.942068,6.730536],[157.948253,6.725775],[157.936371,6.71719]]],[[[151.856781,7.316596],[151.854503,7.370063],[151.865571,7.350653],[151.856781,7.316596]]],[[[149.18572,7.371649],[149.180837,7.381171],[149.188243,7.379788],[149.18572,7.371649]]],[[[150.407481,8.575507],[150.404633,8.586005],[150.409841,8.582343],[150.407481,8.575507]]],[[[149.668712,8.574693],[149.667817,8.604234],[149.688813,8.607327],[149.668712,8.574693]]],[[[150.118175,8.976304],[150.127452,8.987494],[150.130544,8.980943],[150.118175,8.976304]]],[[[140.514171,9.767808],[140.531261,9.77558],[140.524669,9.764472],[140.514171,9.767808]]]]}},{"type":"Feature","properties":{"name":"South Georgia and the Islands","ISO3166-1-Alpha-3":"SGS","ISO3166-1-Alpha-2":"GS"},"geometry":{"type":"MultiPolygon","coordinates":[[[[-27.252919,-59.458266],[-27.231313,-59.438246],[-27.148183,-59.462986],[-27.252919,-59.458266]]],[[[-27.328603,-59.437188],[-27.312123,-59.472752],[-27.399241,-59.443617],[-27.328603,-59.437188]]],[[[-26.62975,-59.005955],[-26.499379,-59.033136],[-26.59557,-59.067315],[-26.62975,-59.005955]]],[[[-26.259836,-58.4367],[-26.252553,-58.493585],[-26.441029,-58.403985],[-26.259836,-58.4367]]],[[[-26.424306,-57.812758],[-26.477651,-57.744887],[-26.41686,-57.778741],[-26.424306,-57.812758]]],[[[-26.732818,-57.05934],[-26.650258,-57.079767],[-26.663889,-57.086684],[-26.732818,-57.05934]]],[[[-27.150502,-56.675714],[-27.092437,-56.706476],[-27.20759,-56.713149],[-27.150502,-56.675714]]],[[[-27.609771,-56.292169],[-27.549875,-56.275567],[-27.556467,-56.310805],[-27.609771,-56.292169]]],[[[-37.083079,-54.465916],[-37.029937,-54.504978],[-37.086497,-54.503351],[-37.083079,-54.465916]]],[[[-38.087026,-54.003676],[-38.062367,-53.988051],[-38.065785,-54.002374],[-38.087026,-54.003676]]],[[[-35.908803,-54.68727],[-37.350168,-54.268813],[-36.818227,-54.135349],[-35.908803,-54.68727]]],[[[-28.213287,-56.713962],[-28.171457,-56.704848],[-28.187123,-56.726251],[-28.213287,-56.713962]]]]}},{"type":"Feature","properties":{"name":"Falkland Islands","ISO3166-1-Alpha-3":"FLK","ISO3166-1-Alpha-2":"FK"},"geometry":{"type":"MultiPolygon","coordinates":[[[[-59.694447,-52.208103],[-59.765004,-52.254327],[-59.791005,-52.166681],[-59.694447,-52.208103]]],[[[-61.194,-51.817071],[-61.252268,-51.861993],[-61.246083,-51.829685],[-61.194,-51.817071]]],[[[-60.947621,-51.947361],[-61.065256,-51.824802],[-60.888539,-51.819268],[-60.947621,-51.947361]]],[[[-61.270375,-51.680434],[-61.250478,-51.698337],[-61.302113,-51.747654],[-61.270375,-51.680434]]],[[[-59.632395,-51.741306],[-60.652455,-51.983819],[-60.343577,-51.56878],[-59.632395,-51.741306]]],[[[-59.899281,-51.303643],[-59.91804,-51.338962],[-60.012522,-51.311456],[-59.899281,-51.303643]]],[[[-60.169911,-51.392511],[-60.123443,-51.364841],[-60.2058,-51.302911],[-60.169911,-51.392511]]],[[[-57.816233,-51.693536],[-59.252512,-52.168552],[-59.014272,-51.491795],[-57.816233,-51.693536]]],[[[-59.748402,-51.283298],[-59.579172,-51.256768],[-59.519154,-51.265069],[-59.748402,-51.283298]]],[[[-59.768428,-52.326961],[-59.742495,-52.357973],[-59.723177,-52.398368],[-59.768428,-52.326961]]],[[[-58.415598,-51.994073],[-58.436431,-52.05169],[-58.538401,-52.034275],[-58.415598,-51.994073]]],[[[-59.679921,-51.96559],[-59.697621,-51.985772],[-59.714915,-51.956313],[-59.679921,-51.96559]]],[[[-59.744239,-51.328978],[-59.600481,-51.368977],[-59.728576,-51.372637],[-59.744239,-51.328978]]],[[[-60.533437,-51.28338],[-60.530181,-51.310968],[-60.586293,-51.284601],[-60.533437,-51.28338]]],[[[-61.055572,-51.070977],[-61.116811,-51.067641],[-61.119211,-51.027765],[-61.055572,-51.070977]]]]}},{"type":"Feature","properties":{"name":"Vanuatu","ISO3166-1-Alpha-3":"VUT","ISO3166-1-Alpha-2":"VU"},"geometry":{"type":"MultiPolygon","coordinates":[[[[169.840343,-20.140802],[169.871593,-20.239435],[169.751801,-20.219008],[169.840343,-20.140802]]],[[[169.432791,-19.492852],[169.278331,-19.578302],[169.234711,-19.362481],[169.432791,-19.492852]]],[[[169.336599,-18.934828],[169.002208,-18.80169],[169.2317,-18.73561],[169.336599,-18.934828]]],[[[168.549571,-17.691013],[168.338552,-17.782322],[168.174815,-17.740981],[168.549571,-17.691013]]],[[[168.205414,-17.58115],[168.275645,-17.509373],[168.260427,-17.542901],[168.205414,-17.58115]]],[[[168.322765,-17.447361],[168.338552,-17.414483],[168.372081,-17.479099],[168.322765,-17.447361]]],[[[168.391124,-17.067153],[168.343272,-17.093438],[168.349376,-17.059666],[168.391124,-17.067153]]],[[[168.559255,-16.943617],[168.529796,-16.929457],[168.552745,-16.879083],[168.559255,-16.943617]]],[[[168.192068,-16.813897],[168.175304,-16.573012],[168.353363,-16.738214],[168.192068,-16.813897]]],[[[168.3296,-16.539646],[168.295421,-16.497979],[168.349376,-16.497979],[168.3296,-16.539646]]],[[[168.213145,-16.478123],[168.260997,-16.429783],[168.243826,-16.494561],[168.213145,-16.478123]]],[[[168.182384,-16.347833],[167.96339,-16.282647],[168.120616,-16.134942],[168.182384,-16.347833]]],[[[167.812511,-16.419529],[167.45281,-16.517836],[167.377126,-16.052911],[167.812511,-16.419529]]],[[[167.20574,-15.751235],[167.10141,-15.711196],[167.197765,-15.629978],[167.20574,-15.751235]]],[[[167.1574,-15.538995],[167.188731,-15.548517],[167.171641,-15.601007],[167.1574,-15.538995]]],[[[168.185802,-15.517836],[168.247325,-15.819513],[168.183849,-15.930841],[168.185802,-15.517836]]],[[[167.939464,-15.39186],[167.678722,-15.461033],[167.976899,-15.277765],[167.939464,-15.39186]]],[[[167.12322,-14.963637],[167.114106,-14.933852],[167.148611,-14.96559],[167.12322,-14.963637]]],[[[168.096446,-14.980401],[168.145844,-14.996677],[168.192556,-15.308038],[168.096446,-14.980401]]],[[[167.140636,-15.535577],[166.576671,-14.992283],[166.971934,-14.979913],[167.140636,-15.535577]]],[[[167.514903,-14.140558],[167.53712,-14.318943],[167.411143,-14.267836],[167.514903,-14.140558]]],[[[167.45281,-13.918634],[167.521007,-13.736505],[167.581065,-13.860284],[167.45281,-13.918634]]],[[[167.702647,-13.619806],[167.712901,-13.668227],[167.643565,-13.692804],[167.702647,-13.619806]]],[[[167.329275,-13.510512],[167.368663,-13.54339],[167.297048,-13.520603],[167.329275,-13.510512]]],[[[166.575206,-13.236261],[166.644054,-13.230076],[166.595714,-13.264255],[166.575206,-13.236261]]],[[[166.575206,-13.154392],[166.538422,-13.179946],[166.520518,-13.064874],[166.575206,-13.154392]]],[[[166.672699,-13.455011],[166.658458,-13.41546],[166.673839,-13.407647],[166.672699,-13.455011]]]]}},{"type":"Feature","properties":{"name":"Niue","ISO3166-1-Alpha-3":"NIU","ISO3166-1-Alpha-2":"NU"},"geometry":{"type":"Polygon","coordinates":[[[-169.851145,-18.965102],[-169.898915,-19.142755],[-169.947703,-19.069431],[-169.851145,-18.965102]]]}},{"type":"Feature","properties":{"name":"American Samoa","ISO3166-1-Alpha-3":"ASM","ISO3166-1-Alpha-2":"AS"},"geometry":{"type":"MultiPolygon","coordinates":[[[[-170.591013,-14.264825],[-170.683583,-14.30283],[-170.788645,-14.294529],[-170.591013,-14.264825]]],[[[-169.463857,-14.22324],[-169.476186,-14.262384],[-169.522817,-14.270929],[-169.463857,-14.22324]]],[[[-168.16157,-14.532892],[-168.173085,-14.523696],[-168.163523,-14.519789],[-168.16157,-14.532892]]],[[[-169.676218,-14.1749],[-169.658193,-14.168878],[-169.63561,-14.177016],[-169.676218,-14.1749]]],[[[-171.072825,-11.052504],[-171.073476,-11.062107],[-171.086537,-11.060317],[-171.072825,-11.052504]]]]}},{"type":"Feature","properties":{"name":"Palau","ISO3166-1-Alpha-3":"PLW","ISO3166-1-Alpha-2":"PW"},"geometry":{"type":"MultiPolygon","coordinates":[[[[134.271495,7.07453],[134.280935,7.049628],[134.257823,7.013088],[134.271495,7.07453]]],[[[134.463878,7.294257],[134.392914,7.224514],[134.401703,7.246487],[134.463878,7.294257]]],[[[134.471365,7.362494],[134.511892,7.30858],[134.468028,7.343817],[134.471365,7.362494]]],[[[134.648204,7.719428],[134.5442,7.358547],[134.528331,7.516099],[134.648204,7.719428]]],[[[131.1421,3.047309],[131.183604,3.060289],[131.160492,3.022773],[131.1421,3.047309]]],[[[132.220388,5.292222],[132.213878,5.307115],[132.220225,5.310248],[132.220388,5.292222]]],[[[134.159679,6.884467],[134.136729,6.919094],[134.173188,6.924872],[134.159679,6.884467]]],[[[131.791515,2.977729],[131.812999,2.960435],[131.778819,2.952826],[131.791515,2.977729]]],[[[134.709676,8.096618],[134.727343,8.082879],[134.701245,8.050245],[134.709676,8.096618]]]]}},{"type":"Feature","properties":{"name":"Guam","ISO3166-1-Alpha-3":"GUM","ISO3166-1-Alpha-2":"GU"},"geometry":{"type":"Polygon","coordinates":[[[144.886404,13.640204],[144.680675,13.246772],[144.624197,13.43122],[144.886404,13.640204]]]}},{"type":"Feature","properties":{"name":"Northern Mariana Islands","ISO3166-1-Alpha-3":"MNP","ISO3166-1-Alpha-2":"MP"},"geometry":{"type":"MultiPolygon","coordinates":[[[[145.20574,14.181383],[145.260427,14.15412],[145.189626,14.121772],[145.20574,14.181383]]],[[[145.647309,15.072089],[145.667817,14.982733],[145.592133,14.982733],[145.647309,15.072089]]],[[[145.787852,15.267279],[145.766124,15.155015],[145.683849,15.131293],[145.787852,15.267279]]],[[[145.709483,16.367499],[145.669119,16.339179],[145.629405,16.373684],[145.709483,16.367499]]],[[[145.771118,18.175209],[145.835623,18.128323],[145.743663,18.05329],[145.771118,18.175209]]],[[[145.661632,18.72427],[145.688324,18.807359],[145.709483,18.74844],[145.661632,18.72427]]],[[[145.789236,16.675482],[145.769054,16.69477],[145.785899,16.7001],[145.789236,16.675482]]],[[[145.854991,17.285793],[145.835948,17.305162],[145.851248,17.309394],[145.854991,17.285793]]],[[[145.854259,17.566881],[145.826915,17.593207],[145.862966,17.598538],[145.854259,17.566881]]],[[[145.40561,19.652777],[145.382091,19.672797],[145.409923,19.684475],[145.40561,19.652777]]],[[[145.250743,20.009711],[145.23878,20.050442],[145.261485,20.034613],[145.250743,20.009711]]],[[[144.915701,20.517157],[144.90211,20.540025],[144.931814,20.549221],[144.915701,20.517157]]]]}},{"type":"Feature","properties":{"name":"Bahrain","ISO3166-1-Alpha-3":"BHR","ISO3166-1-Alpha-2":"BH"},"geometry":{"type":"MultiPolygon","coordinates":[[[[50.551606,26.194241],[50.558604,25.81977],[50.481456,26.24258],[50.551606,26.194241]]],[[[50.397704,26.174732],[50.419172,26.14897],[50.405218,26.124282],[50.397704,26.174732]]],[[[50.60165,26.278852],[50.671421,26.227328],[50.653174,26.225181],[50.60165,26.278852]]],[[[50.77431,25.721648],[50.766083,25.671653],[50.759755,25.582422],[50.77431,25.721648]]],[[[50.775576,25.752657],[50.78317,25.755821],[50.791397,25.74886],[50.775576,25.752657]]],[[[50.804687,25.679247],[50.816711,25.669122],[50.804054,25.669755],[50.804687,25.679247]]],[[[50.793296,25.652035],[50.815445,25.636847],[50.790764,25.630518],[50.793296,25.652035]]]]}},{"type":"Feature","properties":{"name":"Coral Sea Islands","ISO3166-1-Alpha-3":"-99","ISO3166-1-Alpha-2":"-99"},"geometry":{"type":"Polygon","coordinates":[[[154.391287,-21.030043],[154.38852,-21.029067],[154.391287,-21.028741],[154.391287,-21.030043]]]}},{"type":"Feature","properties":{"name":"Spratly Islands","ISO3166-1-Alpha-3":"-99","ISO3166-1-Alpha-2":"-99"},"geometry":{"type":"MultiPolygon","coordinates":[[[[115.367198,10.237494],[115.365977,10.239163],[115.367931,10.239163],[115.367198,10.237494]]],[[[114.37322,9.687649],[114.381033,9.692206],[114.376475,9.680121],[114.37322,9.687649]]],[[[114.029633,10.011868],[114.029307,10.017401],[114.04005,10.019477],[114.029633,10.011868]]],[[[114.365408,10.175482],[114.358653,10.179348],[114.365977,10.187201],[114.365408,10.175482]]],[[[114.464203,10.367377],[114.46461,10.377997],[114.469737,10.376654],[114.464203,10.367377]]],[[[114.36378,10.367865],[114.358165,10.377427],[114.366384,10.37401],[114.36378,10.367865]]],[[[114.454845,10.388332],[114.449962,10.394436],[114.454926,10.397203],[114.454845,10.388332]]],[[[115.830577,10.734605],[115.830414,10.727444],[115.812836,10.727688],[115.830577,10.734605]]],[[[115.840343,10.823188],[115.8296,10.831773],[115.845225,10.831204],[115.840343,10.823188]]],[[[114.278575,11.040432],[114.272227,11.045844],[114.282725,11.050686],[114.278575,11.040432]]],[[[115.018403,11.107123],[115.009125,11.113227],[115.020763,11.117987],[115.018403,11.107123]]],[[[114.361339,9.767117],[114.359955,9.770046],[114.362804,9.76911],[114.361339,9.767117]]]]}},{"type":"Feature","properties":{"name":"Clipperton Island","ISO3166-1-Alpha-3":"-99","ISO3166-1-Alpha-2":"-99"},"geometry":{"type":"Polygon","coordinates":[[[-109.212026,10.30268],[-109.218577,10.281562],[-109.234242,10.307929],[-109.212026,10.30268]]]}},{"type":"Feature","properties":{"name":"Macao S.A.R","ISO3166-1-Alpha-3":"MAC","ISO3166-1-Alpha-2":"MO"},"geometry":{"type":"MultiPolygon","coordinates":[[[[113.558604,22.163031],[113.586681,22.129543],[113.552257,22.107693],[113.558604,22.163031]]],[[[113.536469,22.217068],[113.553803,22.195868],[113.519867,22.183743],[113.536469,22.217068]]]]}},{"type":"Feature","properties":{"name":"Ashmore and Cartier Islands","ISO3166-1-Alpha-3":"-99","ISO3166-1-Alpha-2":"-99"},"geometry":{"type":"Polygon","coordinates":[[[123.597016,-12.428318],[123.597748,-12.438572],[123.575613,-12.436782],[123.597016,-12.428318]]]}},{"type":"Feature","properties":{"name":"Bajo Nuevo Bank (Petrel Is.)","ISO3166-1-Alpha-3":"-99","ISO3166-1-Alpha-2":"-99"},"geometry":{"type":"Polygon","coordinates":[[[-79.989288,15.794949],[-79.987823,15.79621],[-79.986399,15.79442],[-79.989288,15.794949]]]}},{"type":"Feature","properties":{"name":"Serranilla Bank","ISO3166-1-Alpha-3":"-99","ISO3166-1-Alpha-2":"-99"},"geometry":{"type":"Polygon","coordinates":[[[-78.637074,15.862087],[-78.640411,15.864],[-78.636871,15.867296],[-78.637074,15.862087]]]}},{"type":"Feature","properties":{"name":"Scarborough Reef","ISO3166-1-Alpha-3":"-99","ISO3166-1-Alpha-2":"-99"},"geometry":{"type":"Polygon","coordinates":[[[117.753887,15.154369],[117.755692,15.151887],[117.753887,15.150082],[117.753887,15.154369]]]}}]}
