{"type":"FeatureCollection","features":[{"type":"Feature","properties":{"name":"Russia","ISO3166-1-Alpha-3":"RUS","ISO3166-1-Alpha-2":"RU"},"geometry":{"type":"MultiPolygon","coordinates":[[[[87.816324,49.165837],[87.506059,49.120879],[87.47557,49.087599],[87.400432,49.071011],[87.323796,49.085274],[87.271758,49.205111],[87.190316,49.237823],[87.024538,49.248933],[87.012549,49.280714],[86.91302,49.338695],[86.905062,49.351924],[86.933071,49.390113],[86.814008,49.450006],[86.824343,49.509227],[86.732566,49.550672],[86.642546,49.547468],[86.591799,49.587207],[86.647093,49.653663],[86.775871,49.695004],[86.740524,49.722754],[86.759593,49.767713],[86.748379,49.782957],[86.610196,49.795515],[86.565134,49.742701],[86.472737,49.708336],[86.475476,49.670819],[86.272129,49.583641],[86.177251,49.463339],[86.111519,49.520183],[86.070488,49.52628],[85.946257,49.481374],[85.931426,49.492846],[85.940573,49.559612],[85.880732,49.563281],[85.809211,49.536512],[85.747406,49.572996],[85.673302,49.560439],[85.614856,49.617128],[85.475692,49.583073],[85.384018,49.615681],[85.263095,49.581523],[85.223614,49.595734],[85.195037,49.625654],[85.185115,49.705029],[85.081711,49.80001],[85.056286,49.873339],[84.954587,49.906929],[84.954793,49.99049],[85.025435,50.004081],[84.986729,50.066971],[84.910248,50.095083],[84.838676,50.08082],[84.790669,50.132755],[84.720286,50.136631],[84.641996,50.184897],[84.535697,50.190943],[84.440768,50.244635],[84.331369,50.213474],[84.304394,50.243239],[84.249978,50.259931],[84.239385,50.344628],[84.176753,50.439145],[84.195615,50.51144],[84.101719,50.62859],[83.975835,50.686365],[83.949738,50.717887],[83.950565,50.780416],[83.820496,50.868007],[83.712802,50.882218],[83.609759,50.932034],[83.498345,50.945419],[83.433956,50.992651],[83.107568,50.992651],[83.057855,50.917152],[82.975896,50.881908],[82.726454,50.900718],[82.699996,50.880978],[82.698032,50.810957],[82.672762,50.789769],[82.475823,50.714012],[82.408282,50.748376],[82.32839,50.752097],[82.255733,50.745224],[82.198786,50.708792],[82.147316,50.701609],[81.945365,50.769202],[81.822426,50.76574],[81.744137,50.784912],[81.674115,50.736026],[81.460226,50.730341],[81.418782,50.762484],[81.466117,50.833746],[81.416095,50.88966],[81.400798,50.959113],[81.277447,50.962679],[81.104382,50.936685],[81.051517,50.955702],[81.14717,51.13595],[81.152028,51.186541],[81.112857,51.195946],[81.070121,51.171994],[81.022113,51.177394],[80.924238,51.216074],[80.905738,51.283563],[80.842538,51.257518],[80.682754,51.302012],[80.632422,51.277956],[80.599245,51.208555],[80.452071,51.207935],[80.421995,51.187574],[80.410523,51.10484],[80.464473,51.043707],[80.439048,50.958131],[80.36019,50.919219],[80.267276,50.915653],[80.181286,50.875655],[80.142736,50.817106],[80.049305,50.852349],[80.015405,50.839482],[80.085995,50.752149],[80.021296,50.766877],[79.966519,50.810181],[79.469805,51.492595],[79.042958,51.992512],[78.476481,52.637925],[77.866802,53.272331],[77.612761,53.442786],[76.525695,53.961307],[76.495206,53.992313],[76.476499,54.042025],[76.376661,54.154267],[76.476499,54.164034],[76.664602,54.134061],[76.762477,54.202636],[76.837718,54.296894],[76.834204,54.345676],[76.752968,54.376682],[76.804748,54.410117],[76.903554,54.432596],[76.895905,54.46386],[76.672767,54.436472],[76.623054,54.355908],[76.561869,54.35627],[76.476499,54.323145],[76.23424,54.347433],[76.177086,54.306764],[76.183804,54.251573],[75.640375,54.09887],[75.429225,54.090085],[75.360702,54.059544],[75.433979,53.986525],[75.027906,53.807931],[74.888483,53.836353],[74.772004,53.830876],[74.7349,53.765195],[74.654492,53.7484],[74.616458,53.680704],[74.438484,53.673417],[74.420811,53.603086],[74.456881,53.569755],[74.388358,53.462216],[74.269606,53.515236],[74.270329,53.553218],[74.223304,53.594611],[74.147959,53.598022],[74.118711,53.569548],[74.076853,53.566189],[74.058042,53.624583],[73.90415,53.639156],[73.787775,53.595076],[73.652899,53.609184],[73.640704,53.563243],[73.582516,53.558644],[73.546549,53.506916],[73.41095,53.430021],[73.347181,53.459374],[73.39121,53.520249],[73.230599,53.572338],[73.258815,53.60629],[73.224915,53.629854],[73.229669,53.66241],[73.306564,53.685665],[73.347388,53.787622],[73.437822,53.8085],[73.39121,53.82824],[73.431827,53.865447],[73.634296,53.857437],[73.682872,53.874129],[73.740646,54.057942],[73.684939,54.048433],[73.670469,54.075925],[73.601533,54.071223],[73.58851,54.066158],[73.604427,54.034687],[73.586857,54.019443],[73.528256,54.01071],[73.518024,53.956036],[73.481644,53.945391],[73.39276,53.974019],[73.360307,53.938414],[73.062754,53.979084],[73.023687,54.033964],[72.976765,54.04771],[72.968393,54.104141],[72.942038,54.121762],[72.624228,54.134991],[72.527387,54.100058],[72.503099,54.050862],[72.656164,54.042542],[72.700193,53.957638],[72.556842,53.977223],[72.476744,53.913403],[72.392201,53.908235],[72.372771,53.936244],[72.418659,54.016032],[72.363572,54.059544],[72.358405,54.092978],[72.407911,54.089568],[72.423207,54.108688],[72.466718,54.109928],[72.482945,54.135611],[72.298563,54.1784],[72.33298,54.223771],[72.324401,54.253485],[72.27872,54.262735],[72.184772,54.356838],[72.043178,54.378026],[72.027055,54.35534],[72.10302,54.31157],[72.066743,54.222376],[72.169992,54.196848],[72.187356,54.179433],[72.17764,54.135973],[72.099506,54.131891],[71.983647,54.231575],[71.762472,54.247646],[71.715446,54.210749],[71.708728,54.132201],[71.647234,54.108585],[71.573543,54.129204],[71.477115,54.10967],[71.453137,54.181345],[71.320587,54.201034],[71.218061,54.116284],[71.161268,54.10197],[71.097448,54.165067],[71.043963,54.185944],[71.052076,54.263201],[70.977145,54.270125],[70.970841,54.305007],[71.003397,54.333119],[71.116258,54.311725],[71.190621,54.318184],[71.19801,54.399523],[71.165919,54.417041],[71.141218,54.563751],[71.147574,54.591449],[71.252322,54.625349],[71.264673,54.661729],[71.200697,54.723999],[71.097241,54.733043],[71.005981,54.774229],[70.989961,54.848643],[70.945933,54.887917],[70.974458,54.946931],[70.956991,54.973493],[70.977145,55.077983],[70.793177,55.233167],[70.78894,55.265465],[70.820359,55.294145],[70.721244,55.313111],[70.561253,55.269599],[70.441157,55.283345],[70.382453,55.206244],[70.284629,55.183196],[70.213678,55.131985],[70.058648,55.18702],[69.940309,55.200249],[69.802282,55.292078],[69.673866,55.33404],[69.477288,55.349439],[69.334558,55.385148],[69.186143,55.325771],[69.122581,55.39786],[68.927296,55.433723],[68.90244,55.412484],[68.917839,55.370937],[68.977267,55.3467],[68.970601,55.278642],[68.9228,55.276369],[68.846009,55.336778],[68.700592,55.360498],[68.676407,55.273216],[68.613672,55.243089],[68.6053,55.195598],[68.305784,55.181387],[68.262376,55.194048],[68.177109,55.170535],[68.206978,55.154154],[68.190545,55.12537],[68.308161,55.072815],[68.304233,55.05261],[68.23478,55.038502],[68.166051,54.95613],[68.009678,54.943004],[67.882244,54.970444],[67.817338,54.952151],[67.698482,54.867918],[67.622725,54.853862],[67.311322,54.859908],[67.213344,54.797173],[66.977338,54.763687],[66.781794,54.758209],[66.7003,54.719245],[66.446517,54.710925],[65.97745,54.611706],[65.951871,54.693665],[65.932802,54.702554],[65.826969,54.672685],[65.743976,54.600854],[65.449782,54.627468],[65.449007,54.556619],[65.341572,54.561477],[65.19817,54.516157],[65.202252,54.472542],[65.181323,54.449132],[65.212949,54.343041],[65.184217,54.310433],[65.085412,54.308572],[64.977718,54.386604],[64.910642,54.402727],[64.720163,54.333842],[64.578518,54.38557],[64.51139,54.365107],[64.467052,54.371979],[64.432532,54.351516],[64.294039,54.353376],[64.17663,54.32051],[64.093741,54.324179],[64.059531,54.303715],[64.004496,54.319735],[63.978968,54.29648],[64.025425,54.255242],[64.007855,54.228681],[63.897474,54.194161],[63.708648,54.250437],[63.477551,54.203979],[63.368307,54.162845],[63.156744,54.180053],[63.110029,54.157987],[63.127443,54.110445],[63.084655,54.08564],[62.902393,54.078457],[62.812062,54.094994],[62.580965,54.053601],[62.550579,54.026833],[62.586546,53.969833],[62.531769,53.930353],[62.545102,53.883689],[62.525258,53.871855],[62.389969,53.941566],[62.399581,53.974484],[62.444023,53.992313],[62.446141,54.014534],[62.412707,54.026626],[62.002603,54.017376],[62.003636,53.932006],[61.85641,53.942703],[61.820547,53.992571],[61.791298,54.000788],[61.742102,53.981564],[61.619939,53.992571],[61.61105,53.95955],[61.581801,53.947664],[61.55617,53.960945],[61.552759,53.992519],[61.478552,54.002906],[61.417677,54.055978],[61.337682,54.063161],[61.249832,54.020735],[61.193505,54.018254],[61.230505,53.943065],[61.210765,53.907667],[61.145239,53.950145],[60.996101,53.941411],[60.971813,53.915832],[60.978014,53.882604],[61.084984,53.875317],[61.20198,53.81961],[61.199086,53.797131],[61.106895,53.712433],[61.052221,53.703286],[61.042713,53.654246],[61.007573,53.635745],[60.904737,53.657088],[60.880242,53.6328],[60.907321,53.613628],[61.096353,53.59921],[61.140381,53.562727],[61.280734,53.542418],[61.316081,53.545208],[61.361246,53.58257],[61.503047,53.588978],[61.528368,53.571667],[61.555343,53.505727],[61.412303,53.435758],[61.353495,53.449814],[61.287659,53.503195],[61.235259,53.50304],[61.200946,53.436223],[61.137177,53.373126],[61.162706,53.299151],[61.20291,53.276439],[61.37985,53.261866],[61.514312,53.208665],[61.64309,53.24334],[61.764219,53.169469],[62.050662,53.124769],[62.083218,53.113297],[62.116032,53.064592],[62.094173,52.992477],[62.034849,52.952712],[61.959246,52.934935],[61.819823,52.97824],[61.675336,52.973615],[61.605573,52.94832],[61.448269,53.021416],[61.349361,52.984907],[61.190301,53.013148],[61.088602,52.978059],[60.974603,52.971238],[61.058422,52.922171],[60.884893,52.825252],[60.829082,52.771638],[60.696171,52.734922],[60.672606,52.672161],[60.724489,52.62622],[60.803141,52.627745],[60.814923,52.521912],[60.936466,52.48858],[60.961374,52.401971],[61.039922,52.334998],[60.896675,52.254693],[60.78123,52.220612],[60.672193,52.144338],[60.506518,52.15165],[60.4258,52.129584],[60.202764,51.992745],[60.00319,51.992512],[59.985723,51.952282],[60.060757,51.85867],[60.117808,51.863554],[60.138065,51.888875],[60.274491,51.832832],[60.452051,51.805469],[60.475512,51.776195],[60.440166,51.753948],[60.437375,51.728394],[60.356036,51.692272],[60.355106,51.671421],[60.37588,51.662532],[60.484711,51.651034],[60.515096,51.61791],[60.937396,51.611166],[60.944631,51.544374],[61.02938,51.482673],[61.356182,51.459651],[61.473798,51.425803],[61.562991,51.295526],[61.663657,51.258397],[61.567332,51.233876],[61.534156,51.206075],[61.426875,50.833074],[61.372098,50.782483],[60.718495,50.652672],[60.300433,50.684659],[60.176719,50.742175],[60.136205,50.844495],[60.021276,50.854055],[59.962159,50.829508],[59.914616,50.745896],[59.915133,50.673807],[59.815708,50.56291],[59.774677,50.533712],[59.622231,50.524101],[59.522806,50.474646],[59.466272,50.507357],[59.451699,50.537278],[59.560426,50.553815],[59.563423,50.57986],[59.437643,50.631123],[59.273312,50.615981],[59.197451,50.662749],[58.925943,50.678148],[58.811531,50.725484],[58.747762,50.795092],[58.664357,50.789924],[58.646683,50.801293],[58.640999,50.863408],[58.571443,50.863511],[58.550152,50.893277],[58.554389,50.92542],[58.596351,50.962472],[58.595007,51.023372],[58.52049,51.061949],[58.377966,51.070656],[58.365977,51.108923],[58.308409,51.150031],[58.223763,51.123134],[58.167643,51.055179],[58.113693,51.065179],[58.077312,51.097942],[57.960214,51.077478],[57.912258,51.103393],[57.768804,51.119672],[57.734388,51.073886],[57.737282,50.938236],[57.722399,50.908728],[57.689222,50.896739],[57.555897,50.918754],[57.467634,50.858499],[57.334309,50.897411],[57.272917,50.997457],[57.19747,51.017352],[57.154475,51.099957],[57.072413,51.069726],[56.865087,51.051769],[56.76008,51.080242],[56.716052,51.072465],[56.680292,51.049779],[56.709644,50.981592],[56.688353,50.969138],[56.596576,50.984021],[56.508003,51.066264],[56.47834,51.073034],[56.421186,51.033527],[56.432038,50.976218],[56.350493,50.948002],[56.335713,50.895861],[56.315456,50.88382],[56.15836,50.905524],[56.078881,50.72476],[55.659992,50.530043],[55.52429,50.600685],[55.467756,50.656961],[55.305389,50.664971],[55.084007,50.796901],[55.04773,50.884234],[54.894251,50.912397],[54.811672,50.972394],[54.638246,51.027687],[54.533756,51.003245],[54.545952,50.953273],[54.502957,50.928262],[54.638246,50.885732],[54.651785,50.846252],[54.626877,50.811577],[54.650235,50.786307],[54.639073,50.706984],[54.67628,50.602545],[54.591427,50.542342],[54.499443,50.523274],[54.435778,50.54751],[54.37976,50.619444],[54.421928,50.768685],[54.485284,50.825426],[54.478566,50.853486],[54.275787,50.904284],[54.145356,50.992651],[54.11156,51.096004],[54.017612,51.119077],[53.93586,51.185611],[53.67386,51.219872],[53.594072,51.289429],[53.593245,51.339115],[53.574435,51.353223],[53.617946,51.372137],[53.610298,51.388415],[53.453409,51.4419],[53.407313,51.484171],[53.346335,51.503033],[53.214147,51.494765],[53.165778,51.514557],[53.148621,51.504764],[53.157199,51.487013],[53.037103,51.489726],[52.944292,51.452881],[52.882797,51.467144],[52.896543,51.485282],[52.820682,51.487013],[52.779755,51.508123],[52.668547,51.455129],[52.545815,51.459522],[52.478843,51.504868],[52.44453,51.580186],[52.37766,51.660104],[52.334872,51.763715],[52.307794,51.774541],[52.258184,51.724208],[52.14801,51.716069],[52.091786,51.658708],[51.869164,51.673074],[51.764726,51.593312],[51.782296,51.492853],[51.693309,51.454096],[51.647369,51.451228],[51.620497,51.518691],[51.584324,51.534918],[51.461851,51.475283],[51.304238,51.47164],[51.236541,51.535899],[51.358963,51.561479],[51.381132,51.587059],[51.371934,51.629589],[51.288425,51.64287],[51.233854,51.685477],[51.169775,51.669483],[50.925449,51.679689],[50.839253,51.745525],[50.767009,51.7594],[50.744168,51.742373],[50.747372,51.709041],[50.794501,51.625971],[50.790677,51.597291],[50.670891,51.567525],[50.658696,51.576181],[50.694197,51.611166],[50.581698,51.635299],[50.575703,51.588428],[50.52537,51.565587],[50.527231,51.470089],[50.457467,51.426888],[50.359592,51.413323],[50.376232,51.397019],[50.337578,51.372033],[50.348947,51.322605],[50.325383,51.303459],[49.98685,51.22982],[49.779059,51.102179],[49.436548,51.112333],[49.347354,50.96428],[49.423732,50.882063],[49.408436,50.848267],[49.36942,50.82677],[49.144059,50.781708],[49.012698,50.683419],[48.830435,50.596034],[48.739588,50.597533],[48.608795,50.647917],[48.56828,50.636549],[48.572931,50.61686],[48.67339,50.579549],[48.701296,50.334603],[48.789042,50.173011],[48.782841,50.111464],[48.851829,50.097253],[48.874102,50.069813],[48.885677,50.019894],[48.784598,49.933387],[48.479087,49.84316],[48.429891,49.809674],[48.30287,49.866725],[48.239308,49.864761],[48.200448,49.925016],[48.142363,49.963773],[48.074564,50.105263],[47.808224,50.319927],[47.599296,50.452684],[47.556921,50.45258],[47.469795,50.411756],[47.392228,50.323234],[47.322878,50.304476],[47.294766,50.275434],[47.32231,50.2374],[47.265104,50.186343],[47.327633,50.109294],[47.308719,50.044802],[47.177358,49.947185],[46.95856,49.88414],[46.899907,49.820319],[46.775108,49.332545],[46.97923,49.244282],[47.028633,49.201494],[47.040002,49.150334],[47.020881,49.096849],[46.930034,49.004038],[46.753818,48.91407],[46.478279,48.41056],[47.098913,48.265375],[47.112142,48.241553],[47.075245,48.205121],[47.116483,48.153858],[47.103564,48.101199],[47.192034,48.071796],[47.044239,47.986219],[47.158651,47.871549],[47.123821,47.808039],[47.359672,47.683344],[47.382926,47.705358],[47.388818,47.811915],[47.412175,47.835867],[47.649732,47.765587],[48.044488,47.769695],[48.174351,47.712851],[48.411081,47.445761],[48.525079,47.410234],[48.697265,47.100976],[49.00629,46.76911],[48.91689,46.702577],[48.764031,46.682836],[48.676594,46.758026],[48.556705,46.761746],[48.505752,46.732601],[48.455109,46.660796],[48.53004,46.638188],[48.563009,46.591317],[48.539393,46.56796],[48.705016,46.550441],[48.819635,46.479257],[48.917975,46.474322],[49.033162,46.404895],[49.227131,46.327879],[49.306,46.263129],[49.281993,46.249905],[49.159679,46.291938],[49.1421,46.309963],[49.168224,46.327541],[49.150157,46.335761],[49.076182,46.2862],[49.05893,46.251776],[49.104747,46.240668],[49.114513,46.151272],[49.042247,46.196234],[48.934825,46.141913],[48.955333,46.107815],[48.931814,46.085273],[48.899262,46.148383],[48.880138,46.156195],[48.886974,46.107815],[48.839203,46.149359],[48.874197,46.078192],[48.791352,46.128241],[48.827647,46.087714],[48.817882,46.05622],[48.781749,46.096666],[48.714122,46.129584],[48.678559,46.120307],[48.664236,46.089789],[48.626964,46.087307],[48.688487,46.066799],[48.729015,46.019965],[48.647309,45.970608],[48.654796,45.956936],[48.752208,45.965562],[48.742442,45.91413],[48.791352,45.840888],[48.765473,45.8522],[48.721446,45.838324],[48.716319,45.813544],[48.686697,45.848578],[48.710134,45.881822],[48.630382,45.909735],[48.593761,45.958197],[48.554942,45.967475],[48.509532,45.940619],[48.465587,45.940172],[48.393565,45.86815],[48.356944,45.869371],[48.407237,45.851874],[48.399425,45.835395],[48.288748,45.837348],[48.277192,45.7862],[48.220876,45.765204],[48.242849,45.709906],[48.179861,45.739691],[48.147797,45.743354],[48.133556,45.724189],[48.078868,45.751532],[48.007498,45.700507],[47.969005,45.731635],[47.896983,45.693793],[47.859141,45.724189],[47.834727,45.659857],[47.852306,45.642279],[47.818207,45.6081],[47.75172,45.690863],[47.665212,45.707506],[47.619477,45.758938],[47.560069,45.771552],[47.555349,45.743598],[47.592296,45.744615],[47.62615,45.709052],[47.608735,45.638821],[47.661143,45.621772],[47.645518,45.59219],[47.653656,45.559068],[47.615001,45.570217],[47.540701,45.665839],[47.432628,45.694485],[47.455089,45.717353],[47.503429,45.717353],[47.384776,45.75019],[47.427745,45.676418],[47.55128,45.627997],[47.572113,45.566962],[47.542328,45.537055],[47.5088,45.571112],[47.509613,45.593899],[47.494314,45.58515],[47.538259,45.506496],[47.501475,45.480455],[47.496755,45.429999],[47.381358,45.411038],[47.460134,45.390815],[47.384044,45.299465],[47.370128,45.185614],[47.29713,45.187445],[47.201182,44.970038],[47.165782,44.966986],[47.146007,44.929104],[47.098806,44.956366],[47.111664,44.869574],[47.078298,44.785102],[47.023611,44.842963],[47.003184,44.921576],[46.988943,44.915432],[47.01002,44.830064],[46.961599,44.765204],[46.923839,44.77204],[46.831309,44.696357],[46.791677,44.706041],[46.746267,44.654039],[46.722016,44.655341],[46.707774,44.569729],[46.723155,44.549465],[46.680431,44.528469],[46.700938,44.446194],[46.758962,44.40058],[47.025645,44.359605],[47.122244,44.222724],[47.180024,44.202867],[47.22169,44.23078],[47.245942,44.211982],[47.289887,44.093004],[47.357921,44.020575],[47.432628,43.876166],[47.461925,43.860297],[47.441417,43.819281],[47.482758,43.824897],[47.502778,43.780992],[47.444591,43.738471],[47.43393,43.716254],[47.455089,43.688951],[47.393565,43.606391],[47.365733,43.620673],[47.404307,43.511379],[47.448497,43.518134],[47.465343,43.552151],[47.544444,43.86522],[47.595714,43.90119],[47.701508,43.874498],[47.643809,43.829901],[47.601573,43.765692],[47.490896,43.462836],[47.493419,43.296332],[47.570323,43.333726],[47.585704,43.299547],[47.48585,43.212836],[47.482432,43.127265],[47.455089,43.099921],[47.461925,43.020819],[47.530121,42.962104],[47.589854,42.942694],[47.621593,42.905097],[47.69809,42.867133],[47.727306,42.662787],[47.867686,42.584662],[47.992931,42.419664],[48.095958,42.349799],[48.222341,42.175116],[48.304047,42.102729],[48.386729,41.937201],[48.552908,41.875556],[48.578949,41.845282],[48.455419,41.714406],[48.370153,41.58015],[48.201843,41.493489],[48.053532,41.461295],[48.001648,41.362076],[47.953228,41.355771],[47.892146,41.283269],[47.898864,41.229061],[47.871114,41.208183],[47.743731,41.192681],[47.622498,41.229061],[47.547309,41.205651],[47.500955,41.246321],[47.375588,41.259447],[47.268411,41.302803],[47.24092,41.338925],[47.239059,41.415716],[47.159323,41.503514],[47.141391,41.5524],[47.107491,41.569919],[47.027031,41.556948],[47.003932,41.60542],[46.902232,41.712752],[46.834795,41.730245],[46.769114,41.77572],[46.740795,41.851245],[46.567576,41.786675],[46.544321,41.814761],[46.543546,41.874293],[46.525511,41.882303],[46.430892,41.890442],[46.382057,41.925246],[46.294156,41.93863],[46.224341,41.993484],[46.099181,41.985061],[46.05846,42.02033],[45.934126,42.028495],[45.881364,42.102031],[45.811601,42.115492],[45.631405,42.201172],[45.62138,42.224478],[45.736412,42.447539],[45.739616,42.471466],[45.698688,42.507587],[45.536838,42.541358],[45.32269,42.530118],[45.184198,42.674838],[45.122961,42.702278],[45.029788,42.688765],[44.85936,42.75951],[44.773473,42.609648],[44.73637,42.677551],[44.679422,42.723672],[44.600977,42.749123],[44.508115,42.750286],[44.360682,42.703751],[44.272005,42.702382],[44.197384,42.629105],[44.055068,42.615307],[43.939726,42.55221],[43.885362,42.579211],[43.751107,42.598745],[43.722581,42.624867],[43.725682,42.6544],[43.811775,42.717265],[43.800613,42.746462],[43.662843,42.779845],[43.517426,42.86046],[43.155588,42.942393],[42.998853,43.042206],[43.000093,43.098662],[42.829768,43.168761],[42.673602,43.165893],[42.615207,43.13698],[42.422867,43.22899],[42.354551,43.236018],[42.185363,43.225476],[42.043356,43.18057],[41.919332,43.205943],[41.577544,43.215296],[41.41311,43.291286],[41.380657,43.334772],[41.278751,43.333196],[41.146666,43.37986],[41.011791,43.375416],[40.874952,43.455643],[40.651916,43.538971],[40.519624,43.505175],[40.23313,43.575765],[40.07283,43.551064],[39.985976,43.38899],[39.962576,43.392646],[39.91033,43.426418],[39.867931,43.495673],[39.718272,43.567776],[39.690766,43.613837],[39.618907,43.644599],[39.329356,43.896226],[39.116384,44.023505],[39.011567,44.100287],[38.978282,44.148261],[38.855642,44.184516],[38.758311,44.273627],[38.595063,44.331936],[38.217296,44.387193],[38.177745,44.405992],[38.108084,44.497056],[38.062836,44.524237],[38.056163,44.558987],[37.984548,44.564276],[37.928071,44.605943],[37.936209,44.634263],[37.874848,44.689399],[37.778494,44.729804],[37.822439,44.668158],[37.800059,44.63524],[37.736501,44.635688],[37.631847,44.669013],[37.577159,44.655341],[37.498709,44.668402],[37.371104,44.74787],[37.292491,44.867621],[37.306,44.909654],[37.191905,44.991034],[36.840099,45.109361],[36.701671,45.103827],[36.641368,45.128363],[36.577322,45.194159],[36.729666,45.206285],[36.961681,45.282945],[36.970388,45.303046],[36.947276,45.320217],[36.788829,45.292182],[36.758067,45.354234],[36.775727,45.364814],[36.802501,45.31269],[36.812185,45.347398],[36.847504,45.367336],[36.781586,45.387641],[36.668142,45.326361],[36.705089,45.391018],[36.833263,45.44302],[37.139415,45.335517],[37.11378,45.31269],[37.106944,45.271674],[37.065929,45.261461],[37.07838,45.238959],[37.236501,45.255316],[37.254405,45.276923],[37.319184,45.271674],[37.274262,45.294135],[37.173676,45.300116],[37.158946,45.326077],[37.347667,45.327704],[37.381358,45.306464],[37.519298,45.369289],[37.504731,45.333808],[37.542654,45.347398],[37.600841,45.331366],[37.607921,45.31269],[37.566742,45.299628],[37.591075,45.289374],[37.635102,45.333808],[37.651622,45.31269],[37.729259,45.301663],[37.738292,45.310696],[37.69988,45.339179],[37.758067,45.402045],[37.717052,45.388983],[37.702891,45.457261],[37.744395,45.450426],[37.686046,45.484036],[37.699718,45.562812],[37.635102,45.6081],[37.623302,45.585883],[37.662446,45.566555],[37.635102,45.552883],[37.65504,45.508205],[37.640798,45.455959],[37.619151,45.418402],[37.586274,45.43244],[37.595063,45.635321],[37.626475,45.66828],[37.631114,45.648993],[37.614594,45.642279],[37.670909,45.609687],[37.682302,45.627997],[37.702891,45.621772],[37.66684,45.669013],[37.829438,45.75316],[37.940115,46.020331],[38.037852,46.056545],[38.097504,46.057807],[38.032481,46.025214],[38.073985,46.025214],[38.04184,45.961086],[38.080333,45.946357],[38.073009,45.908759],[38.001231,45.832587],[38.039561,45.816067],[38.060313,45.826606],[38.049815,45.854885],[38.162771,46.060004],[38.167491,46.12051],[38.24879,46.141547],[38.427419,46.038275],[38.559906,46.03266],[38.570811,46.104682],[38.300059,46.218655],[38.271251,46.274156],[38.122895,46.377509],[38.067882,46.401435],[37.980642,46.400336],[37.977794,46.382148],[38.018728,46.368476],[37.995372,46.354438],[37.90504,46.411038],[37.827322,46.476508],[37.730724,46.670111],[37.852224,46.622504],[37.98227,46.617499],[38.036794,46.629462],[38.123302,46.686469],[38.213878,46.696194],[38.271739,46.732367],[38.31365,46.676337],[38.46225,46.646959],[38.57545,46.653795],[38.598155,46.677924],[38.585785,46.695868],[38.513438,46.732489],[38.427989,46.744859],[38.389334,46.731594],[38.378184,46.708157],[38.368175,46.755439],[38.403005,46.779975],[38.414724,46.833319],[38.47462,46.861884],[38.553071,46.848293],[38.803722,46.893541],[38.865733,46.942939],[38.937348,46.947455],[39.075206,47.03266],[39.114919,47.012763],[39.153087,47.026353],[39.28004,47.012763],[39.303559,47.084703],[39.388682,47.11518],[39.329356,47.128363],[39.28004,47.087836],[39.261974,47.107611],[39.273204,47.135647],[39.249197,47.148139],[39.256033,47.189765],[39.281586,47.205268],[39.264008,47.26081],[39.088145,47.286444],[39.013438,47.254462],[38.944591,47.252753],[38.937755,47.189765],[38.847423,47.16356],[38.553071,47.135647],[38.568044,47.11518],[38.478038,47.142483],[38.559906,47.218207],[38.775645,47.24551],[38.821137,47.276313],[38.810395,47.287828],[38.782888,47.259101],[38.553396,47.229804],[38.427908,47.133531],[38.216645,47.103258],[38.203487,47.192314],[38.284722,47.241149],[38.300949,47.27603],[38.201006,47.290629],[38.190568,47.316906],[38.257954,47.393232],[38.260331,47.492942],[38.319035,47.591308],[38.562225,47.626629],[38.662167,47.683292],[38.734514,47.677143],[38.770997,47.780831],[38.830942,47.848243],[39.039095,47.856925],[39.113509,47.828555],[39.319698,47.846021],[39.391631,47.822612],[39.570018,47.830932],[39.70076,47.811527],[39.759051,47.832947],[39.796154,47.961363],[39.759878,48.014951],[39.842973,48.036397],[39.829021,48.076782],[39.843077,48.119751],[39.89372,48.182977],[39.977642,48.235455],[39.993248,48.27323],[39.957385,48.293384],[39.884831,48.278992],[39.815895,48.308164],[39.924105,48.376118],[39.84473,48.483502],[39.842146,48.499056],[39.869535,48.509908],[39.835325,48.57347],[39.63172,48.586906],[39.70293,48.746586],[39.779411,48.80772],[39.975265,48.789685],[40.038724,48.829992],[40.053813,48.869215],[40.008855,48.887818],[39.950357,48.852781],[39.908189,48.878413],[39.758741,48.895415],[39.673991,48.970139],[39.681123,49.020316],[39.918731,49.047808],[39.952114,49.124548],[40.141663,49.245781],[40.159543,49.333579],[40.061978,49.425821],[40.0349,49.487058],[40.130708,49.579817],[39.998106,49.608239],[39.889379,49.553256],[39.801529,49.542197],[39.622935,49.613459],[39.557513,49.723994],[39.443618,49.749523],[39.327656,49.72632],[39.26089,49.74451],[39.15578,49.873598],[39.04912,49.810552],[38.937395,49.803473],[38.852233,49.865795],[38.687282,49.913802],[38.664647,49.965168],[38.497526,49.948167],[38.356036,49.980568],[38.299915,50.060511],[38.173928,50.06015],[38.166176,49.94057],[38.000398,49.899798],[37.915856,50.003306],[37.72765,50.078701],[37.597116,50.196937],[37.599183,50.290885],[37.480017,50.340029],[37.435265,50.424934],[37.415214,50.431858],[37.285197,50.41527],[37.197037,50.362405],[36.848634,50.323699],[36.682649,50.260654],[36.635831,50.214042],[36.594386,50.20443],[36.534648,50.219933],[36.536405,50.267527],[36.410005,50.304579],[36.31585,50.274865],[36.269031,50.281376],[36.169296,50.383696],[36.105837,50.42111],[35.83743,50.423228],[35.737694,50.381577],[35.69687,50.345145],[35.611397,50.351708],[35.570159,50.376461],[35.540807,50.450048],[35.446446,50.476042],[35.425258,50.500485],[35.377716,50.621821],[35.391565,50.646367],[35.468873,50.668536],[35.445412,50.687502],[35.438488,50.762381],[35.37906,50.797211],[35.377716,50.833746],[35.341439,50.876482],[35.341749,50.91586],[35.284802,50.944333],[35.278084,50.992651],[35.332551,50.999937],[35.355082,51.025595],[35.308676,51.047325],[35.172561,51.040632],[35.143622,51.058487],[35.078716,51.207625],[34.946115,51.214291],[34.817544,51.174733],[34.674917,51.167679],[34.642774,51.180624],[34.608357,51.234006],[34.513479,51.229561],[34.371783,51.256847],[34.281762,51.226435],[34.185954,51.248914],[34.283623,51.301237],[34.308737,51.33462],[34.300159,51.36839],[34.247346,51.363429],[34.185851,51.394151],[34.217063,51.417069],[34.223678,51.514764],[34.152985,51.583984],[34.140066,51.621191],[34.079501,51.643102],[34.089113,51.666615],[34.37633,51.708602],[34.414157,51.736456],[34.41271,51.777693],[34.385735,51.817665],[34.294578,51.873889],[34.23422,51.878282],[34.228432,51.899262],[34.146163,51.95161],[34.096244,51.951817],[34.101102,51.992512],[34.062551,52.050209],[34.065341,52.158626],[33.804065,52.354609],[33.687948,52.355823],[33.510078,52.287533],[33.480519,52.357761],[33.419334,52.338331],[33.182863,52.367296],[33.079613,52.305594],[33.030107,52.303604],[32.908978,52.241102],[32.844176,52.262341],[32.725423,52.252083],[32.528433,52.316213],[32.48058,52.307144],[32.394281,52.326807],[32.35356,52.321588],[32.339504,52.287249],[32.366995,52.2472],[32.328238,52.219165],[32.277699,52.102661],[32.233309,52.080853],[32.095591,52.040726],[31.980559,52.047625],[31.910383,52.029073],[31.858706,52.09987],[31.764345,52.100568],[31.762588,52.149841],[31.682386,52.201931],[31.699439,52.251463],[31.631433,52.26477],[31.567354,52.311382],[31.602753,52.340915],[31.608075,52.372463],[31.582857,52.402772],[31.587922,52.482612],[31.55056,52.511886],[31.575933,52.524728],[31.559293,52.540541],[31.628643,52.54806],[31.480641,52.68247],[31.570248,52.725258],[31.560843,52.787063],[31.505136,52.848894],[31.387934,52.887987],[31.322615,52.977129],[31.247064,53.014388],[31.319204,53.076374],[31.363698,53.088776],[31.378529,53.182026],[31.416356,53.199984],[31.535935,53.194868],[31.593606,53.210681],[31.738558,53.192542],[31.796281,53.112392],[31.930743,53.088337],[32.009911,53.099964],[32.117295,53.081102],[32.201114,53.097561],[32.215687,53.125518],[32.267983,53.124769],[32.423633,53.204402],[32.479133,53.274915],[32.455982,53.277783],[32.454845,53.300443],[32.569154,53.298841],[32.595922,53.308272],[32.579954,53.324369],[32.717465,53.334937],[32.704443,53.366408],[32.719532,53.439478],[32.701239,53.462113],[32.646772,53.457978],[32.650286,53.487641],[32.576802,53.486039],[32.429421,53.56159],[32.399087,53.635384],[32.490192,53.677138],[32.442133,53.713932],[32.371801,53.714397],[32.290411,53.760854],[32.083602,53.809637],[31.873175,53.777132],[31.744656,53.794857],[31.81013,53.882604],[31.837932,53.962134],[31.84651,53.992313],[31.822636,54.053446],[31.77127,54.048537],[31.73675,54.094167],[31.506376,54.143931],[31.324682,54.229249],[31.284788,54.347381],[31.20903,54.448047],[31.064646,54.492282],[31.167947,54.621577],[31.10516,54.668292],[30.999017,54.671341],[30.98062,54.705654],[30.770607,54.786011],[30.768127,54.829936],[30.826108,54.877478],[30.814842,54.928018],[30.917368,54.953959],[30.936075,54.973235],[30.913234,55.024601],[31.005632,55.022999],[30.970285,55.101444],[30.984031,55.1309],[30.959795,55.162577],[30.794275,55.285515],[30.811225,55.323084],[30.918298,55.387783],[30.881298,55.451448],[30.919435,55.492325],[30.899385,55.499146],[30.919745,55.534492],[30.912821,55.571596],[30.847657,55.611025],[30.742185,55.594385],[30.693713,55.65216],[30.596354,55.665286],[30.587466,55.718306],[30.480702,55.753962],[30.468817,55.793521],[30.217773,55.855145],[30.106255,55.821917],[29.988226,55.846799],[29.907817,55.843208],[29.805705,55.771455],[29.684162,55.770602],[29.480867,55.681099],[29.350745,55.766055],[29.348162,55.802848],[29.384128,55.879949],[29.444435,55.906925],[29.377411,55.954028],[29.030765,56.024178],[28.859716,55.976455],[28.833051,55.960978],[28.830881,55.937672],[28.73192,55.946793],[28.620713,56.082986],[28.537824,56.097714],[28.389771,56.088567],[28.333443,56.050249],[28.289828,56.046606],[28.148907,56.142414],[28.217275,56.270727],[28.167148,56.369868],[28.164255,56.437952],[28.093251,56.501591],[28.132215,56.535982],[28.010982,56.587555],[27.98101,56.687006],[27.865461,56.742687],[27.918895,56.805888],[27.913521,56.82015],[27.786397,56.871258],[27.62837,56.844154],[27.715135,56.957403],[27.75074,57.042359],[27.745469,57.067991],[27.682217,57.103699],[27.824327,57.15907],[27.840295,57.290639],[27.640824,57.389005],[27.511323,57.430397],[27.528169,57.528479],[27.352935,57.527601],[27.328027,57.583153],[27.38208,57.602687],[27.391434,57.680201],[27.507757,57.714773],[27.502435,57.772547],[27.553853,57.794768],[27.524604,57.8073],[27.700717,57.824844],[27.799316,57.861069],[27.774408,57.890705],[27.664957,57.918404],[27.675189,57.967806],[27.669091,57.991965],[27.631574,58.004161],[27.630437,58.08829],[27.495355,58.22146],[27.494115,58.319542],[27.554886,58.395248],[27.410606,58.754864],[27.477785,58.875426],[27.713326,58.991904],[27.842414,59.161196],[27.890783,59.258038],[27.882308,59.275659],[27.959719,59.306459],[28.076611,59.30527],[28.096869,59.319429],[28.000647,59.333744],[28.181825,59.356068],[28.186475,59.37493],[28.104827,59.439215],[28.019054,59.481757],[28.072602,59.57803],[28.000173,59.681383],[28.007009,59.758246],[28.086925,59.799384],[28.123871,59.792304],[28.185232,59.758612],[28.223888,59.691107],[28.375255,59.666327],[28.417735,59.708401],[28.427501,59.813422],[28.476085,59.851752],[28.535818,59.859565],[28.718028,59.786811],[28.766775,59.799547],[28.83253,59.786526],[28.8838,59.816596],[28.976329,59.831285],[29.034434,59.886705],[28.980235,59.929877],[29.014415,59.929877],[29.161388,60.002631],[29.80421,59.94009],[30.161957,59.868476],[30.216319,59.907213],[30.224294,59.933254],[30.206798,59.943549],[30.246104,59.974921],[30.209972,60.001125],[29.948253,60.02969],[29.89088,60.101223],[29.899669,60.133612],[29.848969,60.166938],[29.70102,60.200507],[29.525401,60.200873],[29.417898,60.16885],[29.052013,60.184272],[28.986501,60.217231],[28.922374,60.279853],[28.860199,60.295356],[28.79949,60.368842],[28.787852,60.341376],[28.746349,60.342108],[28.616954,60.381985],[28.438975,60.559882],[28.507335,60.559882],[28.543793,60.510403],[28.70281,60.461168],[28.699067,60.499823],[28.661388,60.534613],[28.663829,60.614447],[28.685395,60.615139],[28.644542,60.669745],[28.654633,60.681871],[28.712738,60.669745],[28.734548,60.692816],[28.69044,60.738471],[28.573904,60.682685],[28.400564,60.665269],[28.382986,60.624254],[28.321625,60.621324],[28.343435,60.594062],[28.286469,60.598334],[28.215831,60.547553],[27.900401,60.528469],[27.870942,60.540473],[27.863048,60.567328],[27.816417,60.528225],[27.794119,60.533189],[28.335924,60.859387],[28.526403,60.950234],[28.614563,60.961939],[28.797601,61.09684],[29.203158,61.245901],[29.318396,61.338428],[29.4634,61.413824],[29.51704,61.47506],[29.635121,61.511104],[29.779143,61.593115],[29.84224,61.660165],[29.977684,61.728171],[30.647721,62.192768],[30.925636,62.302116],[30.98062,62.358805],[31.168619,62.476007],[31.243757,62.503344],[31.284064,62.572978],[31.363336,62.651577],[31.441264,62.788701],[31.569525,62.905929],[31.535832,62.91952],[31.480641,62.986337],[31.262773,63.100594],[31.203966,63.21268],[30.974936,63.289161],[30.82094,63.375668],[30.461065,63.472871],[30.38045,63.532454],[30.242474,63.581805],[30.001145,63.715337],[29.980785,63.741537],[30.201546,63.792645],[30.328567,63.895998],[30.552326,64.021726],[30.586432,64.084668],[30.532792,64.162545],[30.558475,64.219699],[30.445976,64.250756],[30.321126,64.317677],[30.093129,64.361241],[30.032461,64.396949],[30.070391,64.47188],[29.9905,64.504178],[29.954843,64.56898],[30.136434,64.615385],[30.180824,64.642774],[30.17054,64.681686],[30.109149,64.720082],[30.118864,64.767934],[29.78028,64.795581],[29.698321,64.839144],[29.633622,64.90715],[29.588147,64.991435],[29.598379,65.034378],[29.667832,65.077941],[29.820484,65.093651],[29.850198,65.121504],[29.808185,65.135302],[29.839294,65.166902],[29.833197,65.205013],[29.626698,65.215219],[29.580085,65.235399],[29.720129,65.329088],[29.72633,65.491507],[29.838571,65.564888],[29.702869,65.62938],[30.003005,65.678137],[30.098503,65.656381],[30.113903,65.665502],[30.111733,65.712011],[30.075146,65.822805],[29.95846,65.973881],[29.900169,66.108059],[29.650882,66.287893],[29.569699,66.378172],[29.524482,66.491214],[29.40945,66.56847],[29.32222,66.680065],[29.089159,66.837549],[29.051539,66.907803],[29.099908,66.991132],[29.519831,67.298167],[29.916241,67.508129],[29.959907,67.571587],[29.977684,67.662228],[30.009413,67.685844],[29.651192,67.823562],[29.33085,68.072694],[28.690321,68.183178],[28.447907,68.52972],[28.716366,68.727951],[28.801477,68.835489],[28.728251,68.865048],[28.444238,68.865823],[28.410234,68.898535],[28.833464,68.984473],[28.973663,69.034237],[29.120269,69.046846],[29.240468,69.115059],[29.334519,69.277375],[29.37679,69.301611],[29.60427,69.315202],[29.751393,69.357163],[29.967142,69.373493],[30.123411,69.441912],[30.154831,69.506094],[30.224697,69.540821],[30.22015,69.600249],[30.119071,69.634562],[30.230692,69.637301],[30.511657,69.536325],[30.852979,69.527437],[30.927032,69.57839],[30.927703,69.672131],[30.884295,69.702362],[30.877061,69.737605],[30.843988,69.766234],[30.840954,69.805842],[31.283458,69.760321],[31.409028,69.715806],[31.361583,69.650458],[31.296723,69.612616],[31.477794,69.697659],[31.810557,69.68773],[31.700857,69.736558],[31.728038,69.77025],[31.710948,69.827379],[31.753673,69.854071],[31.848155,69.852851],[32.029063,69.781968],[32.098888,69.791897],[32.091807,69.815619],[31.981293,69.873277],[31.981293,69.900621],[31.913341,69.936184],[31.962413,69.969916],[32.054454,69.963772],[32.267263,69.876288],[32.358084,69.879543],[32.488292,69.850898],[32.523204,69.832343],[32.503591,69.820868],[32.523204,69.803168],[32.624685,69.782782],[32.919607,69.780015],[33.049083,69.740058],[33.120291,69.744208],[33.133311,69.728664],[33.1067,69.648912],[32.871755,69.582506],[32.437266,69.650092],[32.169688,69.654853],[32.173676,69.728664],[32.111664,69.752875],[32.119151,69.708482],[32.101573,69.673977],[31.968272,69.654202],[32.055919,69.636542],[32.063813,69.619452],[32.016124,69.564195],[32.133311,69.598212],[32.288259,69.574286],[32.399099,69.584215],[32.433849,69.564195],[32.3921,69.536851],[32.501964,69.517035],[32.193614,69.434516],[32.289399,69.430732],[32.420095,69.464586],[32.4546,69.492865],[32.527599,69.489325],[32.536876,69.509589],[32.60377,69.484198],[32.687022,69.502753],[32.899262,69.482245],[32.792491,69.442532],[32.769542,69.414008],[32.893077,69.461819],[33.084972,69.47606],[32.861827,69.36522],[32.803722,69.304145],[32.823497,69.301215],[32.895356,69.314927],[32.989268,69.393541],[33.317638,69.451239],[33.523692,69.42829],[33.505382,69.403551],[33.413829,69.372992],[33.496349,69.379869],[33.375987,69.307563],[33.261241,69.291002],[33.235118,69.270006],[33.447765,69.288398],[33.475922,69.270006],[33.29656,69.229071],[33.406016,69.229682],[33.406423,69.208564],[33.511567,69.225491],[33.5442,69.208564],[33.317638,69.119208],[33.060557,69.083319],[33.016368,69.038723],[33.023448,68.954739],[33.064301,69.057766],[33.426606,69.104682],[33.455414,69.141059],[33.576182,69.199205],[33.571544,69.304145],[33.620453,69.327704],[33.723969,69.336819],[33.740245,69.32274],[33.722341,69.304145],[33.87322,69.310981],[33.852061,69.338935],[34.420584,69.310981],[34.413748,69.29267],[34.447032,69.283677],[34.661794,69.249498],[34.98227,69.229071],[34.955577,69.194892],[34.972667,69.193345],[35.087169,69.225979],[35.140636,69.215399],[35.144054,69.191474],[35.1692,69.181057],[35.264171,69.215399],[35.147472,69.270006],[35.182628,69.279934],[35.330333,69.276068],[35.873546,69.194892],[35.995291,69.166815],[36.054698,69.128079],[36.249522,69.110989],[36.273611,69.098456],[36.264659,69.078192],[36.312348,69.057766],[36.517914,69.029771],[37.043712,68.874457],[37.209972,68.845445],[37.242686,68.80858],[37.355235,68.790229],[37.453868,68.744574],[37.680512,68.713446],[37.9463,68.600816],[38.06658,68.50967],[38.176443,68.495429],[38.217052,68.461249],[38.329845,68.442206],[38.391287,68.399482],[38.388682,68.343166],[38.423513,68.337714],[38.443614,68.358832],[38.765391,68.290595],[38.510102,68.365465],[38.536632,68.377916],[38.588634,68.359931],[38.615245,68.365058],[38.597911,68.381985],[38.639171,68.384955],[38.79363,68.328681],[38.925629,68.311103],[38.951834,68.287055],[38.930512,68.276923],[38.953868,68.266303],[39.358735,68.149644],[39.520763,68.075995],[39.859548,68.046617],[39.79477,68.118354],[39.709809,68.168769],[39.793224,68.16474],[39.912852,68.12287],[39.944591,68.067328],[40.004405,68.019843],[40.410655,67.875067],[40.403575,67.852932],[40.321544,67.844916],[40.466807,67.761176],[40.538341,67.754706],[40.567882,67.782864],[40.564464,67.807034],[40.654633,67.814602],[40.684093,67.781195],[40.800629,67.728217],[40.923188,67.734524],[41.039887,67.677802],[41.052257,67.619127],[40.989431,67.563707],[41.01352,67.535793],[40.999278,67.467475],[41.08725,67.459906],[41.150076,67.423489],[41.108897,67.253811],[41.242849,67.213446],[41.307791,67.234768],[41.339692,67.223822],[41.363048,67.203762],[41.335704,67.159654],[41.390391,67.124905],[41.34254,67.087348],[41.360037,67.013617],[41.267345,66.988349],[41.304698,66.949897],[41.178071,66.809556],[40.744965,66.597357],[40.705089,66.528469],[40.602061,66.496527],[40.565603,66.455756],[40.444347,66.405504],[40.308604,66.381985],[40.084972,66.288764],[39.704438,66.206936],[39.46518,66.179592],[39.343598,66.134711],[39.063975,66.103909],[38.972179,66.111314],[38.554373,66.054999],[37.927094,66.088772],[37.655528,66.123114],[37.273123,66.230455],[36.88738,66.285224],[36.406261,66.294745],[36.274669,66.320868],[35.770274,66.361151],[35.671072,66.387397],[35.557791,66.38703],[35.380626,66.417873],[35.31422,66.456936],[35.181488,66.481269],[34.887706,66.599758],[34.803559,66.613511],[34.564708,66.542711],[34.480154,66.537584],[34.434337,66.547268],[34.355968,66.629788],[34.393321,66.645738],[34.503184,66.638251],[34.521658,66.657172],[34.470225,66.646064],[34.174815,66.686713],[34.092296,66.672431],[34.161143,66.735093],[34.141368,66.77383],[34.069021,66.70185],[33.947276,66.684882],[33.886241,66.714016],[33.832693,66.695543],[33.763845,66.766547],[33.592052,66.830715],[33.605642,66.78974],[33.523692,66.830715],[33.519542,66.802191],[33.62615,66.748114],[33.523692,66.782294],[33.571544,66.741929],[33.488943,66.768622],[33.557872,66.727688],[33.5171,66.724189],[33.100597,66.85814],[32.843272,66.976264],[32.804861,67.010321],[32.817393,67.063422],[32.968761,67.090766],[32.929942,67.100002],[32.772227,67.093004],[32.635509,67.13288],[32.454438,67.134955],[32.382579,67.159654],[32.074067,67.141588],[31.910492,67.16828],[31.850922,67.152818],[31.926606,67.152818],[31.912934,67.124905],[32.261974,67.124986],[32.358084,67.070258],[32.289806,67.077704],[32.314138,67.060248],[32.41863,67.054389],[32.549815,67.000067],[32.551524,66.976508],[32.506684,66.94892],[32.3921,66.953559],[32.49586,66.933092],[32.420177,66.885932],[32.545421,66.883002],[32.676036,66.828355],[32.666515,66.809556],[32.890961,66.781562],[32.934744,66.741929],[32.769542,66.741929],[32.97462,66.691107],[33.183442,66.69245],[33.324474,66.645738],[33.318614,66.62934],[33.120779,66.650214],[33.066173,66.597724],[32.865245,66.597968],[32.901378,66.574774],[33.105317,66.57685],[33.091807,66.584296],[33.105724,66.594428],[33.259613,66.618394],[33.422862,66.592231],[33.468923,66.55565],[33.536794,66.535875],[33.499197,66.522854],[33.192719,66.578803],[33.153087,66.570014],[33.187266,66.556342],[33.073253,66.556871],[32.940929,66.528469],[33.046886,66.506049],[33.228689,66.532864],[33.29713,66.518785],[33.354828,66.480211],[33.508637,66.463813],[33.602224,66.501654],[33.633637,66.474066],[33.585216,66.46015],[33.735362,66.426011],[33.516287,66.405504],[33.674571,66.357123],[33.62908,66.344306],[33.388438,66.344387],[33.310802,66.316799],[33.598806,66.33039],[33.639008,66.314439],[33.619884,66.309312],[33.871104,66.266669],[33.899669,66.228909],[33.972341,66.251044],[34.102794,66.246894],[34.167328,66.221177],[34.149262,66.197008],[34.161388,66.185492],[34.329926,66.164618],[34.552989,66.093695],[34.57016,66.068061],[34.722911,65.987779],[34.660899,65.95303],[34.716075,65.932563],[34.695079,65.909491],[34.777599,65.919582],[34.852387,65.900336],[34.866222,65.877916],[34.825369,65.843207],[34.899669,65.823717],[34.870616,65.774482],[34.968598,65.727729],[34.900401,65.706],[34.688731,65.809719],[34.688731,65.727729],[34.757009,65.713446],[34.694998,65.686184],[34.739919,65.661933],[34.776622,65.596584],[34.736583,65.583157],[34.740082,65.543647],[34.633474,65.487494],[34.668712,65.479397],[34.681895,65.453355],[34.510916,65.455512],[34.492198,65.441148],[34.51059,65.411811],[34.365977,65.418647],[34.393321,65.398139],[34.297048,65.385077],[34.462901,65.364407],[34.479747,65.281073],[34.64031,65.241156],[34.606212,65.226874],[34.681895,65.200141],[34.681977,65.182522],[34.62672,65.172187],[34.674571,65.15176],[34.663097,65.126776],[34.773692,65.100246],[34.754405,65.054877],[34.816091,65.043402],[34.702403,64.980414],[34.778331,64.966783],[34.841319,64.918606],[34.872813,64.917548],[34.8921,64.874905],[34.942068,64.857571],[34.872406,64.802314],[34.757009,64.774359],[34.812022,64.753852],[34.975304,64.770501],[35.009031,64.743184],[34.832286,64.697943],[34.977592,64.611917],[34.846558,64.559917],[34.743337,64.555854],[35.008964,64.493906],[34.955577,64.452216],[35.013989,64.423321],[35.161469,64.380276],[35.307302,64.372219],[35.321544,64.361884],[35.305675,64.342963],[35.348752,64.296073],[35.410504,64.286755],[35.58907,64.322313],[35.618158,64.340429],[35.565684,64.406317],[35.58253,64.411282],[35.810802,64.342027],[35.894867,64.295844],[35.887869,64.26789],[35.949392,64.239936],[35.976736,64.198961],[36.006033,64.193264],[36.05979,64.218133],[36.227211,64.136206],[36.23525,64.124823],[36.209972,64.10342],[36.222139,64.075299],[36.284434,64.04621],[36.264659,64.024237],[36.292166,64.009711],[36.578461,63.96894],[36.703461,63.924628],[36.792247,63.9383],[36.857432,63.910956],[36.93629,63.932074],[37.011404,63.897366],[37.169444,63.895087],[37.291026,63.818183],[37.437811,63.792281],[37.534362,63.800858],[37.608423,63.815586],[37.614346,63.881169],[37.657391,63.898637],[37.828557,63.901991],[37.98463,63.945746],[38.073741,64.017401],[38.085785,64.059027],[38.045665,64.148342],[37.902029,64.239936],[38.005382,64.275377],[38.020193,64.308539],[37.908865,64.342963],[37.956716,64.364081],[37.832525,64.358334],[37.796845,64.37718],[37.806488,64.424872],[37.749027,64.441714],[37.687061,64.430867],[37.629893,64.377021],[37.473155,64.381822],[37.339434,64.340442],[37.121501,64.39474],[36.834634,64.593017],[36.744116,64.681046],[36.644104,64.718943],[36.559761,64.717423],[36.516462,64.769026],[36.528087,64.791734],[36.504242,64.835842],[36.57252,64.829576],[36.494858,64.851032],[36.439952,64.91706],[36.466033,64.934128],[36.53719,64.928133],[36.568604,64.902452],[36.631017,64.904163],[36.654946,64.927826],[36.807444,64.959052],[36.802746,64.993569],[36.867361,65.075995],[36.86378,65.113105],[36.817926,65.131337],[36.820002,65.147141],[37.007677,65.172977],[37.67266,65.035663],[37.705972,65.017382],[37.718317,64.958802],[37.794595,64.920615],[38.046434,64.853672],[38.385021,64.844627],[38.368175,64.809149],[38.403005,64.774359],[38.294119,64.803941],[38.24464,64.781195],[38.06658,64.781195],[38.036306,64.761908],[38.045421,64.74372],[38.125743,64.69595],[38.039887,64.658271],[38.048106,64.645941],[38.162771,64.671942],[38.186371,64.723212],[38.339041,64.758368],[38.472504,64.743476],[38.49171,64.767524],[38.416026,64.802314],[38.418712,64.818549],[38.448031,64.817878],[38.511692,64.787749],[38.922202,64.732742],[39.14216,64.662222],[39.330821,64.639716],[39.566524,64.545268],[39.736095,64.555487],[39.766775,64.581366],[39.923595,64.603013],[39.902843,64.624416],[39.786388,64.596869],[39.809906,64.659329],[39.850352,64.675971],[40.062755,64.621894],[40.181651,64.558661],[40.35906,64.562079],[40.5171,64.541449],[40.528494,64.577948],[40.410899,64.736802],[40.414806,64.755113],[40.451427,64.768134],[40.520193,64.753852],[40.517345,64.774115],[40.43686,64.809149],[40.365896,64.938788],[40.297374,64.983547],[40.273123,65.02143],[40.114024,65.074693],[39.872244,65.276923],[39.740896,65.356513],[39.712087,65.401842],[39.709483,65.447699],[39.749278,65.552069],[39.826915,65.607001],[40.279796,65.729967],[40.47169,65.812812],[40.710134,65.972317],[41.34254,66.062893],[41.643565,66.172756],[41.642751,66.18891],[41.857595,66.296332],[42.119884,66.504828],[42.200938,66.532172],[42.661469,66.443345],[42.660004,66.425727],[42.548595,66.385077],[43.252208,66.436754],[43.302094,66.426011],[43.367198,66.347154],[43.555349,66.323635],[43.654796,66.284857],[43.692638,66.237209],[43.467052,66.170111],[43.389415,66.117377],[43.288341,66.090237],[43.352794,66.04149],[43.450857,66.037055],[43.514903,65.974189],[43.52589,66.018541],[43.500987,66.05268],[43.382335,66.071926],[43.479828,66.131171],[43.635997,66.151842],[43.71461,66.186184],[43.836436,66.185777],[44.045665,66.081041],[44.027843,66.029446],[44.040538,65.993598],[44.179698,65.864325],[44.190766,65.904934],[44.124522,65.987779],[44.158539,66.086819],[44.083507,66.158515],[44.096365,66.261949],[44.151703,66.357123],[44.236095,66.447089],[44.360199,66.508246],[44.394786,66.621812],[44.430431,66.643866],[44.563243,66.666205],[44.487804,66.676174],[44.364024,66.782294],[44.376638,66.804918],[44.466075,66.819729],[44.487559,66.844387],[44.481619,66.893622],[44.521658,66.91942],[44.499278,66.921454],[44.409679,67.011908],[44.302501,67.055976],[44.377696,67.104438],[44.286957,67.087836],[44.095539,67.158662],[43.815329,67.177453],[43.761404,67.221137],[43.766699,67.277689],[43.793036,67.343394],[44.003015,67.576027],[44.04184,67.680406],[44.083507,67.687201],[44.097179,67.666734],[44.144542,67.679429],[44.143321,67.706936],[44.069509,67.714423],[44.130626,67.792182],[44.125011,67.816636],[44.086925,67.841498],[44.087413,67.885077],[44.200206,67.892727],[44.268403,67.926825],[44.124522,67.934272],[44.138031,67.975287],[44.213878,67.988959],[44.138031,67.995103],[44.334727,68.057115],[44.411794,68.063422],[44.307872,68.065863],[44.180837,68.036078],[44.174653,68.086005],[44.244395,68.255683],[44.22755,68.29678],[44.160167,68.336249],[43.325694,68.613674],[43.273673,68.658176],[43.317154,68.666612],[43.477293,68.669066],[43.984548,68.551337],[44.239024,68.537177],[44.510265,68.554023],[45.306373,68.545291],[45.582137,68.514198],[45.943858,68.446234],[45.971528,68.389228],[46.015798,68.365058],[46.029307,68.324042],[46.276378,68.21426],[46.366222,68.210435],[46.534923,68.132554],[46.461436,68.111802],[46.540212,68.108385],[46.557628,68.016181],[46.638845,67.968411],[46.702647,67.891669],[46.722016,67.844916],[46.698253,67.816474],[46.375433,67.819075],[46.004117,67.767746],[45.350434,67.730414],[45.303071,67.694037],[45.34669,67.685004],[45.350922,67.663031],[45.314626,67.592108],[45.165863,67.584215],[45.028168,67.531928],[44.918956,67.440863],[44.91212,67.371975],[44.951687,67.320717],[45.055048,67.283797],[45.309349,67.211624],[45.593893,67.15824],[45.665863,67.062649],[45.784679,66.968004],[45.824474,66.899075],[45.964366,66.866523],[46.025157,66.833401],[46.301036,66.840155],[46.489024,66.878485],[46.597911,66.857978],[46.598888,66.837714],[46.533539,66.826972],[46.481293,66.784329],[46.379405,66.748114],[46.406749,66.746161],[46.583344,66.815497],[46.926931,66.844957],[47.409841,66.929267],[47.558767,66.904975],[47.581391,66.869859],[47.606619,66.892157],[47.590668,66.919379],[47.606619,66.946112],[47.725597,67.000922],[47.742035,67.030707],[47.749766,67.121324],[47.689464,67.196438],[47.78712,67.251532],[47.770356,67.337836],[47.907563,67.40233],[47.947927,67.444322],[47.920665,67.488674],[47.824718,67.560289],[47.814626,67.581366],[47.845714,67.600898],[48.052257,67.651923],[48.099376,67.639472],[48.071462,67.590399],[48.092947,67.592231],[48.255707,67.682685],[48.35963,67.688544],[48.486501,67.664293],[48.699962,67.715888],[48.743663,67.700263],[48.701996,67.694037],[48.924978,67.68769],[48.996837,67.666734],[48.962169,67.653144],[48.994314,67.642768],[49.1067,67.639472],[49.044688,67.653144],[49.05893,67.67357],[48.85963,67.735053],[48.777843,67.727362],[48.770844,67.741889],[48.805431,67.773993],[48.79363,67.831244],[48.585948,67.934272],[48.669281,67.935248],[48.842784,67.865058],[48.970714,67.850775],[49.133311,67.862616],[49.654633,67.981024],[49.794607,68.036689],[50.017833,68.091295],[49.982758,68.061428],[49.846528,68.016181],[50.00115,68.058051],[50.200531,68.168891],[50.434744,68.220526],[50.641775,68.300482],[50.778819,68.379299],[50.895763,68.341986],[51.058849,68.351386],[51.423106,68.430854],[51.568858,68.435858],[51.586925,68.447577],[51.5324,68.454413],[51.560557,68.483059],[52.060069,68.543769],[52.177094,68.582424],[52.217052,68.584784],[52.181814,68.542426],[52.059581,68.515611],[52.051768,68.492418],[52.294281,68.499701],[52.361013,68.474921],[52.299571,68.474026],[52.286469,68.461249],[52.296153,68.424018],[52.158865,68.398627],[52.13559,68.379299],[52.248546,68.317694],[52.402029,68.337714],[52.573904,68.409735],[52.677419,68.423163],[52.731293,68.474189],[52.703624,68.502875],[52.567068,68.537014],[52.534679,68.575873],[52.491384,68.591539],[52.49879,68.619534],[52.623871,68.629055],[52.647716,68.647935],[52.634451,68.658515],[52.495453,68.640082],[52.410655,68.586493],[52.279063,68.597805],[52.328461,68.63345],[53.250011,68.878404],[53.878591,68.974107],[54.347667,69.012274],[54.56129,68.999701],[54.528982,68.978461],[54.355968,68.95897],[53.5949,68.906928],[53.665538,68.866278],[53.732107,68.865912],[53.691173,68.88581],[53.728038,68.897447],[53.957693,68.876614],[54.026215,68.845445],[53.865001,68.797919],[53.828949,68.763617],[53.838064,68.713284],[53.817719,68.689154],[53.72047,68.656928],[53.755138,68.610419],[53.90447,68.50731],[53.944347,68.405992],[53.863048,68.385565],[53.803722,68.34455],[53.608897,68.413479],[53.574474,68.399807],[53.691173,68.34455],[53.661469,68.33218],[53.44044,68.372504],[53.375499,68.341132],[53.319102,68.348049],[53.210704,68.269355],[53.327403,68.242133],[53.471528,68.260321],[53.808442,68.250678],[53.875173,68.224066],[53.992524,68.221381],[54.08839,68.245836],[54.184906,68.320543],[54.218761,68.317857],[54.173106,68.261786],[54.203298,68.20954],[54.504405,68.312201],[54.563324,68.288153],[54.650157,68.194322],[54.691091,68.175971],[54.831879,68.173285],[54.92449,68.252672],[54.917166,68.28266],[54.85613,68.324042],[54.908051,68.329495],[54.936697,68.398424],[54.996755,68.439154],[55.067556,68.446194],[55.109386,68.482367],[55.189464,68.491034],[55.229259,68.524359],[55.392914,68.564276],[55.699555,68.576565],[55.997081,68.660468],[56.201996,68.619534],[56.504405,68.627834],[56.520844,68.619086],[56.4935,68.584784],[56.569347,68.635688],[56.629649,68.642035],[56.848399,68.571601],[57.092459,68.548],[57.329845,68.564765],[57.414073,68.597154],[57.44809,68.644477],[57.604015,68.742418],[57.929535,68.751044],[57.980724,68.793647],[57.94988,68.817572],[57.956716,68.845526],[58.171153,68.88935],[58.245128,68.888414],[58.203624,68.832099],[58.264171,68.781195],[58.37794,68.756049],[58.336925,68.735582],[58.424083,68.742743],[58.439301,68.762885],[58.285411,68.800482],[58.286876,68.824652],[58.25408,68.842027],[58.275564,68.865912],[58.270518,68.893704],[58.878754,69.003119],[59.223888,68.999701],[59.241954,68.988837],[58.969981,68.965155],[58.891856,68.934231],[59.105479,68.903306],[59.423025,68.757025],[59.419444,68.718492],[59.398448,68.701117],[59.201508,68.705959],[59.118419,68.642483],[59.056407,68.619534],[59.069509,68.569281],[59.118826,68.531684],[59.072113,68.459377],[59.087087,68.416897],[59.674815,68.336168],[59.857432,68.381293],[59.963878,68.46601],[59.929047,68.537787],[59.762706,68.638739],[59.773611,68.668199],[59.811209,68.687934],[59.910981,68.720282],[60.084239,68.687201],[60.466645,68.722317],[60.556326,68.744696],[60.701508,68.815009],[60.755219,68.8664],[60.818858,68.894355],[60.968761,68.906928],[60.907237,68.927395],[60.948253,69.003119],[60.93393,69.078192],[60.90268,69.12226],[60.776703,69.177191],[60.72169,69.174465],[60.72169,69.132799],[60.742198,69.119208],[60.710948,69.106269],[60.591319,69.132799],[60.589692,69.256415],[60.542491,69.315579],[60.434337,69.366197],[60.414236,69.407904],[60.311371,69.454332],[60.21461,69.530707],[60.214854,69.554592],[60.138845,69.577867],[60.152599,69.626288],[60.232595,69.664781],[60.653575,69.672756],[60.667003,69.694525],[60.633474,69.724921],[60.72169,69.742987],[60.684093,69.783881],[60.705577,69.823676],[60.770274,69.849107],[60.926606,69.867499],[61.043793,69.845404],[61.105235,69.865871],[61.158702,69.832913],[61.301931,69.825426],[61.409353,69.791246],[61.770518,69.76203],[62.631196,69.742133],[63.410492,69.671291],[64.127615,69.550116],[64.548025,69.451728],[65.004405,69.304145],[64.962413,69.283108],[64.831065,69.29442],[64.833751,69.276801],[64.785981,69.237209],[64.806407,69.222154],[64.765636,69.183092],[64.761729,69.162991],[64.785899,69.147121],[64.931814,69.197089],[64.942882,69.208564],[64.91627,69.242662],[64.923188,69.260688],[65.068207,69.268052],[65.419444,69.177069],[65.817231,69.142646],[65.902599,69.112982],[65.753673,69.106635],[65.734223,69.112698],[65.744884,69.126654],[65.63502,69.126654],[65.689708,69.085028],[66.114268,69.037258],[66.328787,68.963813],[66.678477,68.895941],[67.090099,68.855658],[67.12908,68.838609],[67.046153,68.818305],[67.039724,68.797065],[67.143321,68.756049],[67.1963,68.707343],[67.330333,68.696763],[67.583507,68.603339],[67.808116,68.502875],[67.705089,68.515855],[67.793224,68.478583],[68.134939,68.423407],[68.258637,68.333889],[68.203136,68.294745],[68.184255,68.242133],[68.262543,68.249091],[68.282237,68.224189],[68.259939,68.201158],[68.288097,68.1883],[68.480642,68.249498],[68.48585,68.269477],[68.547862,68.304185],[68.65089,68.317857],[68.589366,68.332343],[68.561046,68.372504],[68.923513,68.637274],[69.009776,68.766588],[69.01295,68.806464],[69.069347,68.823065],[69.10906,68.878974],[68.999766,68.878974],[68.951427,68.903225],[69.087576,68.916449],[69.130707,68.927395],[69.06129,68.927395],[69.218923,68.962144],[69.012869,68.947903],[69.02711,68.962144],[68.99879,68.964911],[68.788422,68.915676],[68.686046,68.918443],[68.458018,68.984565],[68.375662,69.067694],[68.125336,69.222357],[68.026215,69.319403],[68.039724,69.359442],[68.104991,69.39704],[68.087901,69.420844],[68.106619,69.548733],[68.03061,69.540595],[68.014008,69.514228],[68.040212,69.489691],[67.824392,69.510728],[67.62908,69.590766],[67.458832,69.627143],[67.314952,69.630357],[67.017263,69.70307],[66.971365,69.68773],[67.001638,69.673651],[66.999685,69.653225],[66.855235,69.636868],[66.957693,69.536851],[66.886892,69.537258],[66.795746,69.586168],[66.795177,69.711371],[66.768809,69.761623],[66.884776,70.012885],[66.978201,70.057603],[67.005544,70.030341],[66.965099,69.996243],[66.985037,69.96955],[67.143321,69.98314],[67.25172,70.021226],[67.327647,70.106024],[67.279145,70.106024],[67.271739,70.18887],[67.251964,70.195461],[67.264903,70.145087],[67.2435,70.14525],[67.094249,70.220893],[67.163829,70.304674],[67.193207,70.381578],[67.219249,70.409329],[67.266287,70.414537],[67.255056,70.456244],[67.292817,70.47663],[67.215099,70.523912],[67.334483,70.757799],[67.257009,70.825588],[67.138438,70.841783],[66.688731,70.769843],[66.667735,70.827948],[66.608246,70.880683],[66.771332,70.959621],[66.833181,71.013088],[66.841075,71.059475],[66.889496,71.078681],[66.819509,71.100979],[66.800059,71.092963],[66.805512,71.075181],[66.737966,71.051988],[66.772227,71.024115],[66.690278,71.00137],[66.642751,71.008857],[66.615733,71.031562],[66.620453,71.057847],[66.81129,71.1612],[66.845063,71.226142],[66.91212,71.294745],[67.033458,71.298407],[67.58839,71.415107],[67.604991,71.441962],[67.947276,71.527574],[68.255056,71.6883],[68.305431,71.696112],[68.348806,71.675198],[68.307791,71.716742],[68.468516,71.825995],[68.513194,71.901679],[68.556326,71.923285],[68.561046,71.976264],[68.643728,72.033189],[68.684581,72.151842],[68.773774,72.277899],[68.767914,72.292873],[68.821625,72.326321],[68.852306,72.466864],[68.917247,72.483954],[68.869395,72.532375],[68.916352,72.565375],[68.976817,72.655707],[69.054454,72.662055],[68.993419,72.675198],[68.975759,72.69599],[69.231781,72.804511],[69.305024,72.883694],[69.302013,72.929633],[69.35377,72.952582],[69.465343,72.975165],[69.794932,72.96369],[69.798106,72.943671],[69.773936,72.935981],[69.556651,72.913764],[69.561534,72.888617],[69.588227,72.878485],[70.17213,72.900133],[71.267426,72.895494],[71.563243,72.915961],[72.008311,72.83397],[71.81658,72.812323],[71.886485,72.796617],[72.131033,72.83161],[72.297374,72.794257],[72.496104,72.787665],[72.836925,72.709906],[72.721446,72.70303],[72.741954,72.675727],[72.809581,72.655219],[72.730724,72.617377],[72.731456,72.597235],[72.781505,72.544013],[72.844981,72.520413],[72.799327,72.480536],[72.798513,72.413275],[72.850352,72.324123],[72.883962,72.307196],[72.874278,72.281073],[72.742686,72.206041],[72.707774,72.113959],[72.576996,72.044501],[72.522227,71.922268],[72.350841,71.864203],[72.32016,71.823188],[72.363048,71.73607],[72.344981,71.708157],[72.233897,71.68537],[72.209321,71.614732],[72.167328,71.598863],[72.028656,71.57217],[71.974132,71.579535],[71.838145,71.532416],[71.803396,71.480292],[71.839122,71.43122],[72.105724,71.290351],[72.636485,71.131659],[72.676443,71.089545],[72.633556,71.052476],[72.632091,71.011054],[72.827403,70.887641],[72.836925,70.859605],[72.781261,70.756496],[72.775401,70.695136],[72.683279,70.616604],[72.775401,70.538072],[72.758474,70.472317],[72.771332,70.425238],[72.612478,70.384345],[72.435557,70.285875],[72.434093,70.265692],[72.46697,70.24018],[72.599132,70.193305],[72.621593,70.161689],[72.573741,70.095526],[72.491954,70.041205],[72.518809,70.020453],[72.525238,69.986274],[72.648774,69.904853],[72.691661,69.836859],[72.649587,69.748114],[72.559581,69.688625],[72.553233,69.663886],[72.50172,69.646715],[72.56186,69.604071],[72.627289,69.511298],[72.638357,69.441352],[72.488048,69.414008],[72.613292,69.359361],[72.647716,69.292222],[72.528494,69.235256],[72.477875,69.176947],[72.480154,69.12995],[72.528494,69.072008],[72.577403,68.940375],[72.692393,68.863511],[72.851817,68.797756],[73.074555,68.747301],[73.539073,68.581],[73.634613,68.517035],[73.646251,68.457831],[73.604991,68.432196],[73.58961,68.452379],[73.604666,68.482367],[73.533702,68.481513],[73.453868,68.444159],[73.397716,68.3605],[73.090831,68.21426],[73.137055,68.166246],[73.131684,68.145941],[73.081065,68.119778],[73.072765,68.090399],[73.19044,67.992011],[73.204438,67.957221],[73.195486,67.849514],[73.071544,67.815579],[73.083995,67.782864],[73.151378,67.731879],[73.114268,67.690375],[73.083995,67.721991],[73.039399,67.728583],[72.892345,67.684556],[72.898936,67.659369],[72.852061,67.635321],[72.581309,67.620185],[72.547048,67.591457],[72.552745,67.537177],[72.532888,67.520087],[72.391856,67.467475],[72.454275,67.400621],[72.402599,67.32807],[72.254649,67.310492],[72.190603,67.333319],[72.04835,67.302883],[72.051768,67.267524],[72.214203,67.223782],[72.225922,67.159491],[72.175304,67.161566],[72.12794,67.206773],[72.118663,67.190904],[72.13852,67.159654],[71.913259,67.13231],[72.014985,67.111274],[71.994395,67.107001],[72.007172,67.07685],[71.99464,67.055976],[71.944347,67.043402],[71.872813,66.991278],[71.795258,66.974066],[71.747569,66.916083],[71.624766,66.946112],[71.521658,66.91942],[71.393891,66.975287],[71.301931,66.953559],[71.428477,66.926947],[71.45338,66.905748],[71.391368,66.905748],[71.514903,66.878485],[71.480724,66.826972],[71.549571,66.782294],[71.518321,66.763088],[71.584239,66.731635],[71.596528,66.697211],[71.555837,66.679877],[71.576915,66.658759],[71.459646,66.638739],[71.34962,66.658759],[71.385102,66.686713],[71.295421,66.638251],[71.165375,66.658759],[71.233653,66.62523],[71.056814,66.62519],[71.042491,66.604804],[71.12379,66.584296],[71.079845,66.569037],[70.939464,66.584296],[70.993988,66.556342],[70.980317,66.535875],[70.68865,66.515367],[70.413259,66.563178],[70.319021,66.593695],[70.295177,66.638251],[70.59962,66.693183],[70.635916,66.720608],[70.679942,66.71601],[70.741059,66.757758],[70.723399,66.761786],[70.57545,66.759996],[70.534679,66.741929],[70.61671,66.741929],[70.466482,66.720852],[70.541515,66.700385],[70.315684,66.679877],[70.172537,66.707099],[70.15268,66.727281],[70.178477,66.741929],[70.067068,66.759833],[69.993175,66.799709],[69.936209,66.863023],[69.897797,66.871649],[69.884044,66.837388],[69.836599,66.816311],[69.739594,66.809556],[69.60255,66.837551],[69.577485,66.829576],[69.637218,66.796576],[69.597992,66.789049],[69.397716,66.830227],[69.302013,66.817084],[69.130707,66.830715],[68.965017,66.809556],[68.997325,66.787055],[69.10377,66.771308],[69.1185,66.733222],[69.102794,66.669338],[69.112641,66.618842],[69.205577,66.569403],[69.386485,66.513373],[69.72934,66.484076],[69.902843,66.415473],[70.362641,66.334418],[71.145518,66.365627],[71.428884,66.355943],[71.678722,66.323635],[71.832856,66.234524],[71.9192,66.251044],[71.990082,66.23078],[72.042735,66.246894],[72.075694,66.235826],[72.347341,66.306383],[72.398204,66.413479],[72.36671,66.471177],[72.412364,66.508531],[72.288829,66.501125],[72.317556,66.527533],[72.450206,66.566881],[72.473806,66.610989],[72.942393,66.656684],[72.995128,66.707221],[73.003103,66.739447],[73.492361,66.823432],[73.657074,66.941962],[73.79713,66.964097],[73.869151,67.00141],[73.874034,67.053046],[73.919932,67.077704],[73.8921,67.11872],[73.950857,67.210598],[73.952891,67.230943],[73.899587,67.29621],[74.098318,67.431871],[74.730317,67.686265],[74.792247,67.797187],[74.824962,67.940497],[74.756684,68.057196],[74.725434,68.152411],[74.580333,68.261908],[74.370128,68.351264],[74.331554,68.385565],[74.457774,68.506293],[74.468272,68.535386],[74.413422,68.619534],[74.454356,68.693996],[74.514008,68.735989],[74.62794,68.774604],[75.190684,68.874823],[75.621104,68.899644],[75.819591,68.944159],[76.113129,68.977729],[76.375743,68.993964],[76.582367,68.975165],[76.690603,68.873277],[76.6963,68.857733],[76.618826,68.805365],[76.662608,68.762641],[77.006684,68.653144],[77.11378,68.567125],[77.148204,68.578559],[77.099864,68.591539],[77.127452,68.605862],[77.325694,68.523342],[77.247813,68.456936],[77.285411,68.42772],[77.295095,68.381741],[77.245779,68.338935],[77.178477,68.320461],[77.161876,68.293647],[77.19516,68.266995],[77.356619,68.232896],[77.293956,68.150092],[77.216563,68.104967],[77.241222,68.044013],[77.192556,67.985175],[77.305186,67.910102],[77.216563,67.831244],[77.141124,67.851142],[77.083263,67.833075],[77.079845,67.790351],[77.675548,67.617174],[77.703136,67.597886],[77.693044,67.545315],[77.860118,67.577338],[78.047048,67.543524],[78.233572,67.584662],[78.366466,67.555406],[78.740733,67.591946],[78.959972,67.556871],[79.052501,67.570543],[78.980479,67.610663],[78.806,67.62519],[78.868012,67.653144],[78.751475,67.653144],[78.622569,67.605129],[78.564708,67.604071],[78.46339,67.632636],[78.573253,67.632636],[78.615733,67.650377],[78.610362,67.662543],[78.483897,67.666734],[78.438487,67.702541],[78.421723,67.700263],[78.400157,67.637397],[78.326834,67.679755],[78.25172,67.659369],[78.113455,67.656968],[78.012218,67.694485],[77.874278,67.685289],[77.860118,67.690619],[77.872244,67.704576],[77.948904,67.728217],[77.851573,67.731024],[77.775727,67.778388],[77.738048,67.739814],[77.494151,67.751288],[77.459483,67.786282],[77.47877,67.907294],[77.586436,67.947943],[77.525157,67.945299],[77.469737,67.995103],[77.504242,68.027899],[77.503754,68.08511],[77.536957,68.128607],[77.708507,68.221869],[78.103282,68.248358],[78.172618,68.274359],[78.111827,68.312323],[78.090099,68.360012],[77.958507,68.398383],[77.908539,68.468695],[77.956309,68.495429],[77.927908,68.519029],[77.786876,68.514594],[77.768321,68.571112],[77.715099,68.621039],[77.743988,68.715074],[77.692231,68.817084],[77.682628,68.88581],[77.646983,68.911119],[77.409434,68.926011],[77.232921,68.989936],[76.929047,69.009345],[76.731212,69.131252],[76.621593,69.154039],[76.548188,69.130113],[76.427582,69.144273],[76.042003,69.239081],[75.801117,69.233832],[75.508556,69.26142],[75.129242,69.157294],[75.09197,69.132799],[75.153982,69.119208],[75.107107,69.103949],[74.940929,69.105536],[74.772797,69.081244],[74.508962,69.132799],[74.313731,69.146389],[73.961274,69.083808],[73.835216,69.117377],[73.7588,69.169379],[73.756602,69.199042],[73.84962,69.315131],[73.899587,69.420844],[73.858572,69.482245],[73.563243,69.683743],[73.515961,69.746405],[73.659923,69.859687],[73.656261,69.893256],[73.705251,69.955308],[73.711436,70.018948],[73.764822,70.079047],[73.755544,70.109524],[73.692231,70.138129],[73.707693,70.161322],[74.006602,70.304511],[74.077403,70.38349],[74.196544,70.435004],[74.316173,70.520331],[74.339041,70.58218],[74.317882,70.667792],[74.260753,70.716295],[73.927501,70.855373],[73.895763,70.972602],[73.703624,71.071438],[73.655284,71.153469],[73.556163,71.255113],[73.339366,71.338813],[73.033376,71.405707],[73.022472,71.428778],[73.364757,71.582994],[73.498546,71.664944],[73.524913,71.706244],[73.470225,71.773424],[73.52589,71.822211],[73.939301,71.913723],[74.250499,71.960028],[74.331554,71.955715],[74.928396,72.098131],[74.994884,72.137844],[75.075694,72.21015],[75.111095,72.346422],[75.058849,72.595038],[74.999522,72.673896],[74.75115,72.820014],[75.036632,72.881659],[75.191417,72.833726],[75.318858,72.819159],[75.502126,72.767279],[75.530772,72.741156],[75.455577,72.709906],[75.407481,72.723822],[75.338227,72.683173],[75.420909,72.696845],[75.486501,72.645087],[75.652517,72.599107],[75.708181,72.565863],[75.701996,72.547024],[75.596853,72.547105],[75.561697,72.525336],[75.556488,72.497504],[75.622813,72.411933],[75.626231,72.381537],[75.682872,72.339911],[75.667247,72.333075],[75.754731,72.306383],[75.742442,72.26553],[75.594086,72.214545],[75.517833,72.153225],[75.516938,72.076402],[75.414073,72.03144],[75.438975,71.985338],[75.253673,71.942206],[75.283539,71.894232],[75.224132,71.842231],[75.22755,71.777411],[75.286957,71.728949],[75.49171,71.666083],[75.506358,71.652167],[75.491222,71.63939],[75.392426,71.617865],[75.532888,71.542304],[75.433767,71.501654],[75.441905,71.462226],[75.241547,71.453559],[75.228363,71.404527],[75.263031,71.365546],[75.342621,71.334947],[75.733653,71.264879],[76.017345,71.237006],[76.108409,71.204495],[76.150401,71.229478],[76.888927,71.190416],[76.914236,71.182318],[76.881684,71.15998],[76.918305,71.112982],[76.914236,71.072455],[76.962576,71.113471],[76.929047,71.16059],[77.005138,71.184475],[77.382091,71.158922],[77.558116,71.173651],[77.837738,71.124579],[77.885509,71.08926],[77.899913,71.010484],[77.948904,70.976264],[78.279063,70.942125],[78.411388,70.895453],[78.59783,70.928046],[78.768809,70.914252],[78.881358,70.921698],[78.929454,70.947659],[78.96461,70.928697],[79.039561,70.937323],[79.054373,70.962104],[79.018321,70.968817],[79.114513,71.004218],[79.074474,71.023505],[78.967784,70.987006],[78.844981,71.013251],[78.785655,70.990546],[78.901622,70.976264],[78.757579,70.935004],[78.564708,70.962551],[78.442393,70.914252],[78.435395,70.949612],[78.488048,71.011664],[78.46339,71.024115],[78.559744,71.045152],[78.497569,71.078681],[78.525401,71.092963],[78.497325,71.115058],[78.346202,71.099799],[78.375987,71.075995],[78.497569,71.045152],[78.363943,71.057196],[78.237559,71.109687],[78.311046,71.208441],[78.278982,71.258938],[78.021983,71.278713],[77.928477,71.257473],[77.901134,71.31269],[77.990489,71.346381],[78.010997,71.367336],[77.988292,71.374742],[77.734141,71.311184],[77.750824,71.292182],[77.711925,71.281317],[77.435557,71.333197],[77.524913,71.305243],[77.492198,71.301337],[77.2317,71.36225],[77.103526,71.423977],[76.712657,71.463446],[76.581065,71.528754],[76.272309,71.572903],[76.24936,71.596666],[76.26352,71.653144],[76.161876,71.735175],[76.079763,71.86343],[75.996837,71.907904],[76.35377,71.999091],[76.878184,72.050035],[77.026866,72.02143],[77.584646,71.831122],[77.727224,71.82685],[78.109548,71.880439],[78.197113,71.922268],[78.225759,71.982571],[77.985606,72.109524],[77.712576,72.11518],[77.51059,72.062079],[77.38738,72.092231],[77.377208,72.110175],[77.490733,72.175442],[77.441742,72.209621],[77.473888,72.222357],[77.668224,72.192816],[77.741384,72.216213],[77.879242,72.300482],[78.087576,72.358791],[78.124522,72.384589],[78.231619,72.363837],[78.425792,72.393378],[78.504405,72.381537],[78.497569,72.408189],[79.017426,72.377183],[79.391449,72.385565],[80.010102,72.20775],[80.473969,72.152045],[80.834646,72.083319],[80.851573,72.069281],[80.820811,72.024604],[80.732107,72.045111],[80.813975,72.079901],[80.685883,72.078762],[80.632335,72.046088],[81.249766,71.859198],[81.27947,71.796047],[81.342296,71.764228],[81.736664,71.699897],[82.194347,71.70775],[82.867361,71.786444],[83.019216,71.729438],[83.153331,71.739814],[83.25172,71.725653],[83.320486,71.683295],[83.305186,71.658393],[83.13559,71.571845],[83.050141,71.561591],[83.011974,71.528957],[82.985362,71.462836],[83.047862,71.415107],[82.820079,71.391303],[82.272634,71.278795],[82.259288,71.252672],[82.279307,71.188056],[82.331554,71.144192],[82.352794,71.096259],[82.31422,71.059475],[82.203136,71.016262],[82.208344,70.986802],[82.307384,70.908026],[82.348888,70.81802],[82.417247,70.777045],[82.235362,70.696112],[82.192393,70.65705],[82.187266,70.621772],[82.100108,70.589301],[82.082042,70.565375],[82.153331,70.518134],[82.153494,70.475898],[82.239594,70.27733],[82.348888,70.202297],[82.251801,70.375922],[82.225352,70.47956],[82.239594,70.497056],[82.157237,70.571601],[82.297374,70.603949],[82.46461,70.613186],[82.472423,70.62995],[82.43393,70.666653],[82.430919,70.695136],[82.483409,70.707587],[82.502126,70.753363],[82.55421,70.761542],[82.478689,70.804999],[82.568614,70.853176],[82.578624,70.911119],[82.734548,70.965522],[82.843028,70.952216],[82.876638,70.916978],[82.896658,70.939765],[82.875824,70.996772],[82.901622,71.001044],[82.966645,70.933987],[83.1338,70.882392],[83.137218,70.763983],[83.064952,70.692532],[83.05714,70.597113],[82.993175,70.571601],[83.052501,70.499905],[83.010509,70.426581],[82.664073,70.260159],[82.650645,70.22956],[82.671397,70.188666],[82.643809,70.18122],[82.883067,70.089016],[83.111095,70.069485],[83.176768,70.083075],[83.18572,70.092434],[83.157725,70.098578],[83.181651,70.109524],[83.182953,70.138861],[83.129731,70.208564],[83.065278,70.23314],[82.951671,70.325141],[83.337413,70.313178],[83.534434,70.331977],[83.534434,70.353095],[83.774669,70.47663],[83.745128,70.502997],[83.757335,70.568508],[83.602712,70.702582],[83.601573,70.769843],[83.541026,70.791327],[83.476085,70.917914],[83.383067,70.976264],[83.399425,71.003363],[83.381847,71.03266],[83.315684,71.06566],[83.16863,71.082017],[83.116059,71.113471],[83.257009,71.116523],[83.147634,71.244818],[83.266287,71.285712],[83.375824,71.369818],[83.382172,71.465033],[83.562836,71.509914],[83.630626,71.575873],[83.618907,71.631171],[83.547862,71.668524],[83.526703,71.70303],[83.410899,71.750922],[83.415538,71.807766],[83.360525,71.840644],[83.161794,71.884345],[82.969981,71.897935],[82.786957,71.905463],[82.678071,71.879462],[82.641368,71.902248],[82.62379,71.941596],[82.470551,72.020819],[82.185069,72.093492],[82.299571,72.134467],[82.307384,72.182847],[82.286306,72.233344],[82.19809,72.281562],[81.944021,72.293036],[81.586192,72.350653],[81.208181,72.354926],[80.834483,72.4737],[80.704112,72.545356],[80.834483,72.62051],[80.685883,72.646308],[80.634125,72.703925],[80.632091,72.733791],[80.77296,72.806098],[80.84197,72.922105],[80.814301,72.97427],[80.750499,73.037746],[80.437185,73.100898],[80.594981,73.114569],[80.568614,73.141547],[80.327322,73.182807],[80.23113,73.175971],[80.322439,73.202623],[80.563487,73.221503],[80.528331,73.28148],[80.272716,73.30976],[80.254893,73.329739],[80.349864,73.382554],[80.428722,73.371812],[80.485037,73.419135],[80.587413,73.436103],[80.622813,73.485745],[80.677419,73.50495],[80.6338,73.514106],[80.540294,73.48725],[80.505544,73.498114],[80.51295,73.567043],[80.574474,73.584174],[80.832205,73.571763],[81.253591,73.604804],[81.529796,73.647773],[81.956879,73.662665],[83.483653,73.655463],[83.728038,73.695461],[84.365977,73.710273],[84.571788,73.752997],[84.793224,73.764716],[85.007986,73.710395],[85.427013,73.7119],[85.472423,73.719794],[85.494477,73.737738],[85.480642,73.769029],[85.58546,73.818671],[85.868419,73.824042],[86.016124,73.866523],[86.783214,73.902248],[87.080089,73.871527],[87.103526,73.844875],[87.010753,73.778713],[86.863292,73.764838],[86.723481,73.705552],[86.519786,73.672309],[86.396169,73.624823],[86.116222,73.587836],[85.786794,73.48078],[85.797211,73.364814],[85.833181,73.331773],[86.233735,73.254869],[86.247406,73.223822],[86.328624,73.180609],[86.522797,73.163479],[86.663341,73.122138],[86.713145,73.083686],[86.734141,73.03266],[86.782481,73.000881],[86.765473,73.083564],[86.659679,73.151801],[86.489757,73.184638],[86.377778,73.244289],[86.250255,73.27733],[85.93393,73.32392],[85.852306,73.37519],[85.858409,73.423041],[85.844005,73.439846],[85.882335,73.496243],[86.203624,73.557847],[86.772634,73.583808],[86.8449,73.606269],[87.164806,73.611396],[87.344249,73.704169],[87.248709,73.690579],[87.280528,73.729926],[87.617361,73.823554],[87.664073,73.890855],[87.544932,73.914293],[87.5171,73.850287],[87.454275,73.824693],[87.296397,73.841376],[87.166677,73.896552],[87.144542,73.930609],[87.043224,73.992174],[86.940196,74.033149],[86.997406,74.049791],[87.257335,74.03913],[87.419932,74.012112],[87.362315,74.047756],[86.895763,74.070217],[86.850759,74.087795],[86.864513,74.108303],[86.723888,74.132148],[86.802989,74.184027],[86.711436,74.224351],[86.505626,74.255276],[86.02003,74.262519],[85.948741,74.292629],[85.960134,74.320543],[85.905528,74.354682],[85.936697,74.368109],[86.158539,74.357652],[86.29713,74.313056],[86.308442,74.339057],[86.254893,74.388861],[86.04949,74.416164],[86.201182,74.431342],[86.253917,74.419501],[86.475271,74.458197],[86.590668,74.437242],[86.639171,74.409898],[86.597504,74.395697],[86.623546,74.387519],[86.953868,74.388861],[86.886241,74.350531],[86.700531,74.320543],[86.715831,74.301825],[86.833018,74.301581],[86.948904,74.342597],[86.991059,74.296088],[86.968028,74.279608],[86.992931,74.27025],[87.042817,74.285834],[87.050059,74.306301],[87.002208,74.354682],[87.015961,74.367255],[87.26238,74.354682],[87.080089,74.38996],[87.060313,74.402167],[87.087901,74.426215],[87.079112,74.442043],[86.795909,74.42357],[86.706798,74.450873],[86.68686,74.478217],[86.535492,74.512356],[86.782481,74.560736],[86.491466,74.566962],[86.193858,74.621975],[85.740408,74.635891],[85.864513,74.6706],[85.834321,74.686916],[85.842459,74.701158],[85.900157,74.723293],[86.016124,74.714789],[86.101085,74.735785],[86.125255,74.773017],[86.028331,74.813951],[86.090587,74.820787],[86.367035,74.775051],[86.377778,74.758734],[86.21339,74.76557],[86.321462,74.707668],[86.473969,74.725287],[86.639171,74.697333],[86.604991,74.663153],[86.68686,74.656317],[86.666515,74.642646],[86.691661,74.621894],[86.842133,74.630276],[86.95753,74.608832],[86.96518,74.625067],[86.902599,74.65412],[86.953868,74.683661],[86.794688,74.685045],[86.762055,74.704088],[86.914236,74.757717],[87.063731,74.725287],[87.081716,74.773017],[87.036388,74.79975],[87.06129,74.839667],[87.385753,74.944322],[87.172862,74.985297],[87.269542,75.011623],[87.42628,75.005805],[87.479991,74.98725],[87.433604,74.96483],[87.445486,74.953274],[87.574067,74.929674],[87.598155,74.936916],[87.563731,74.96483],[87.666352,74.978095],[87.706065,75.004828],[87.680024,75.012641],[87.789887,75.026272],[87.364757,75.039944],[87.267833,75.072943],[86.898611,75.087714],[86.937185,75.126614],[87.024587,75.164211],[87.587901,75.143012],[87.952647,75.100043],[88.083263,75.143988],[88.139415,75.12873],[88.169281,75.150051],[88.306651,75.176011],[88.326182,75.234565],[88.371349,75.255316],[88.517914,75.28266],[88.625987,75.266506],[88.550304,75.314276],[88.611664,75.344224],[88.81837,75.362047],[88.769867,75.375678],[88.924571,75.412258],[89.085216,75.403022],[89.007172,75.433539],[88.73585,75.409857],[88.757172,75.416653],[89.132335,75.452826],[89.245779,75.506741],[89.393809,75.465074],[89.395193,75.448961],[89.703624,75.443508],[89.722667,75.451483],[89.612804,75.492377],[90.057872,75.519721],[90.035981,75.54328],[89.914561,75.560696],[89.954112,75.577623],[90.598888,75.611884],[90.886729,75.670559],[90.978038,75.620429],[91.128184,75.665717],[91.194998,75.663723],[91.186209,75.642808],[91.217296,75.632148],[91.450938,75.650092],[91.580251,75.637763],[91.6421,75.654364],[91.641449,75.684149],[91.62086,75.698472],[91.700206,75.736396],[91.812022,75.71662],[92.225597,75.75373],[92.371349,75.740465],[92.516287,75.772935],[93.549815,75.853013],[94.052989,75.915432],[94.163097,75.944281],[94.144216,75.955146],[94.052989,75.930609],[93.740489,75.900214],[93.594005,75.916938],[93.603038,75.93891],[93.546072,75.953437],[93.447927,75.908596],[93.494395,75.895331],[93.418956,75.87287],[93.32016,75.937445],[93.258149,75.951728],[93.32016,75.972235],[93.277354,75.982123],[92.964041,75.930609],[93.107921,75.910793],[93.071462,75.88939],[93.007009,75.886664],[92.888194,75.89647],[92.901703,75.912909],[92.884288,75.934027],[92.826834,75.965399],[92.92921,75.992662],[92.914073,76.029039],[92.952485,76.06684],[93.040701,76.071479],[93.101085,76.023749],[93.230805,76.054145],[93.120942,76.095689],[93.430349,76.106879],[93.333832,76.067776],[93.422048,76.047309],[93.38795,76.020657],[93.427013,76.01203],[93.531912,76.047309],[93.703949,76.061591],[93.76531,76.040473],[93.998709,76.054145],[93.783539,76.102973],[93.689789,76.095689],[93.635509,76.122992],[93.685802,76.13227],[94.102306,76.122504],[94.201345,76.104804],[94.374197,76.120795],[94.394786,76.10871],[94.382335,76.095689],[94.471528,76.075263],[94.436778,76.061591],[94.459483,76.051703],[94.59547,76.06391],[94.615001,76.075263],[94.587169,76.084621],[94.60434,76.099555],[94.738536,76.115627],[94.709809,76.139472],[94.539887,76.149726],[94.572765,76.15998],[94.834727,76.149726],[94.93214,76.111762],[95.055431,76.112006],[95.153331,76.132229],[95.255056,76.123196],[95.389822,76.164008],[95.872895,76.138129],[96.196462,76.087551],[96.037608,76.081366],[95.992931,76.061591],[96.074962,76.047309],[95.978689,76.033637],[96.004893,75.993354],[95.851329,75.974311],[95.711436,75.90705],[95.575206,75.888983],[95.739513,75.856431],[95.820974,75.916938],[95.937266,75.949164],[96.173106,75.949897],[96.341807,75.972235],[96.265961,75.992662],[96.301117,75.999335],[96.518565,76.015774],[96.547862,76.006334],[96.500011,75.97842],[96.638682,75.984687],[96.664561,75.965399],[96.437999,75.875963],[96.461436,75.871894],[96.686371,75.906724],[96.835216,75.888983],[96.830577,75.915432],[96.862966,75.928046],[96.937836,75.935696],[97.002615,75.975246],[97.250987,76.043402],[97.396821,76.047309],[97.199229,75.993109],[97.198741,75.975816],[97.246755,75.957953],[97.185313,75.930609],[97.312266,75.934516],[97.342296,75.944281],[97.317149,75.965277],[97.394379,75.988715],[97.823904,75.988105],[97.84254,75.992377],[97.820567,76.018785],[97.700938,76.0515],[97.54835,76.054145],[97.712169,76.096096],[97.798595,76.09455],[97.912852,76.059312],[98.161388,76.090806],[98.219981,76.102525],[97.917735,76.122992],[98.027599,76.157172],[98.118419,76.148098],[98.165375,76.17829],[98.404307,76.184272],[98.576182,76.231635],[98.816417,76.267035],[98.78297,76.231635],[98.712738,76.204983],[98.836925,76.198147],[98.932872,76.225409],[99.235037,76.223578],[99.295584,76.204983],[99.200043,76.17768],[99.234141,76.164008],[99.09018,76.164008],[99.214366,76.12995],[99.574229,76.155097],[99.599783,76.130561],[99.46754,76.10871],[99.576182,76.081488],[99.555675,76.067776],[99.571056,76.064399],[99.663097,76.082913],[99.754893,76.049018],[99.74464,76.009752],[99.681814,75.96601],[99.67921,75.875963],[99.614757,75.837226],[99.424001,75.793443],[99.570649,75.779731],[99.612641,75.789293],[99.71339,75.862372],[99.859874,75.899482],[99.902354,75.927191],[99.913341,75.953274],[99.899913,75.975735],[99.825206,76.024359],[99.868907,76.069973],[99.865733,76.107652],[99.809581,76.129218],[99.79835,76.156195],[99.643077,76.196275],[99.590668,76.272406],[99.394867,76.280015],[99.315196,76.341295],[99.264985,76.35224],[99.020193,76.362372],[99.020193,76.399482],[98.924083,76.449774],[98.828136,76.473334],[98.817882,76.494208],[98.874766,76.520941],[99.508556,76.468736],[100.229503,76.492255],[100.304454,76.461859],[100.851085,76.540107],[101.05714,76.486151],[101.015636,76.458808],[101.316173,76.483954],[101.738292,76.450263],[101.859711,76.40058],[102.249522,76.383124],[102.173839,76.415473],[101.753103,76.470201],[101.56365,76.47309],[101.522634,76.486151],[101.550548,76.492336],[101.375255,76.514065],[101.035981,76.520209],[100.878266,76.554999],[101.036794,76.58161],[101.104828,76.616441],[101.091156,76.630072],[101.136241,76.704983],[101.125987,76.732611],[101.187999,76.737372],[101.23463,76.767279],[100.981293,76.787177],[100.864106,76.838039],[100.8921,76.869086],[100.857677,76.873236],[100.933604,76.952297],[100.919281,76.975898],[101.050304,76.992621],[101.206309,76.986029],[101.23463,77.006293],[101.238048,77.050971],[101.166352,77.061469],[101.207042,77.098538],[101.431977,77.159003],[101.583669,77.222317],[101.788097,77.268866],[102.075694,77.391181],[102.194021,77.400621],[102.270763,77.380561],[102.569347,77.501207],[102.889008,77.546332],[102.920421,77.554918],[102.899262,77.582261],[103.196625,77.658922],[103.256847,77.663764],[103.355968,77.619534],[103.59254,77.631578],[104.023285,77.7331],[104.290294,77.737535],[104.325694,77.729967],[104.257498,77.685289],[104.28891,77.673041],[104.751638,77.706204],[104.807628,77.635403],[104.866873,77.612982],[105.233165,77.569648],[105.334239,77.541002],[105.873709,77.56859],[105.833344,77.540717],[105.901622,77.522366],[105.922618,77.499701],[105.910004,77.47602],[105.983572,77.4383],[105.977306,77.425238],[106.292003,77.370022],[106.219737,77.35635],[105.758149,77.369452],[105.614268,77.301703],[105.435395,77.2744],[105.538422,77.266995],[105.455821,77.240465],[104.878673,77.167426],[104.607677,77.159654],[104.483409,77.129788],[104.345714,77.135484],[104.11964,77.095649],[104.141938,77.088853],[104.771983,77.121731],[104.872569,77.090725],[105.066742,77.088813],[105.194509,77.111233],[105.340668,77.088813],[105.797048,77.112616],[105.928477,77.14411],[105.943207,77.129788],[105.88795,77.095649],[105.737071,77.061469],[105.784923,77.041002],[105.486664,77.034573],[105.435395,77.000067],[105.450531,76.983588],[105.661388,76.980536],[105.895356,76.995063],[106.205577,77.061957],[106.755382,77.001166],[106.778575,77.006293],[106.648936,77.034247],[106.733084,77.030585],[106.829845,77.054674],[107.011404,77.027411],[106.97047,77.013658],[107.00294,77.003119],[107.285818,77.020575],[107.237966,77.006293],[107.371918,76.946275],[107.499766,76.924506],[107.469574,76.90644],[107.26588,76.890815],[107.354666,76.869086],[107.225352,76.857856],[107.190196,76.842353],[107.285818,76.835598],[107.190196,76.801459],[107.080333,76.808295],[107.059825,76.763617],[106.925548,76.712795],[106.724132,76.718899],[106.799083,76.674506],[106.612315,76.559638],[106.546397,76.56269],[106.552745,76.588568],[106.510753,76.600287],[106.396658,76.604315],[106.367035,76.574897],[106.400157,76.534613],[106.388927,76.520209],[106.417003,76.509223],[106.705333,76.498725],[106.819835,76.46894],[106.912852,76.508979],[107.27003,76.534613],[107.591563,76.505032],[107.84547,76.534817],[107.98463,76.622707],[107.990977,76.648627],[107.90211,76.671088],[107.941173,76.712307],[107.91627,76.718899],[107.946056,76.737291],[108.320486,76.725084],[108.286306,76.705268],[108.499278,76.726955],[109.198497,76.730902],[109.397797,76.759996],[109.430919,76.739407],[109.605235,76.739407],[109.636485,76.723456],[110.061371,76.691596],[110.358572,76.755683],[110.566661,76.764228],[110.704845,76.726508],[110.906098,76.730129],[110.944672,76.739407],[110.896983,76.753079],[110.945567,76.765041],[111.090343,76.762274],[111.137055,76.746812],[111.068858,76.718899],[111.119395,76.682115],[111.21046,76.708889],[111.555431,76.684149],[111.487153,76.671088],[111.541759,76.650621],[111.445567,76.630072],[111.48878,76.610419],[111.66505,76.621039],[111.826427,76.596381],[112.199067,76.471869],[111.829112,76.341498],[112.256847,76.454413],[112.747813,76.335273],[112.658376,76.322252],[112.731619,76.289008],[112.740408,76.267035],[112.672699,76.245917],[112.692638,76.231635],[112.614431,76.222357],[112.500743,76.239081],[112.633474,76.192694],[112.779633,76.191962],[112.857677,76.1435],[112.761485,76.075263],[112.569672,76.047309],[112.962169,76.06509],[113.028656,76.086168],[113.042003,76.115627],[112.987315,76.1435],[113.059337,76.163764],[113.147472,76.162543],[113.302745,76.115627],[113.256114,76.159247],[113.289073,76.170844],[113.025076,76.21015],[112.97169,76.2237],[112.93214,76.259589],[113.259288,76.266425],[113.295909,76.245917],[113.226899,76.225409],[113.241222,76.204983],[113.358897,76.21133],[113.459727,76.148383],[113.440196,76.087388],[113.45281,76.041327],[113.549083,76.020657],[113.500743,75.985826],[113.555919,75.972235],[113.531993,75.954047],[113.439789,75.944281],[113.521169,75.930609],[113.562755,75.89647],[113.555919,75.875963],[113.480805,75.855536],[113.65211,75.875963],[113.617442,75.923774],[113.759776,75.918158],[113.780935,75.939276],[113.858165,75.910793],[113.82838,75.894965],[113.890147,75.85399],[113.837169,75.797512],[113.837169,75.773586],[113.72047,75.670559],[113.72047,75.61933],[113.691661,75.593492],[113.572113,75.565741],[113.555919,75.540229],[113.426117,75.540229],[113.617442,75.656236],[113.261241,75.693549],[113.067556,75.683498],[113.128917,75.694322],[113.137543,75.711493],[112.559093,75.851304],[112.336925,75.84809],[112.459483,75.822943],[112.517751,75.773749],[112.665375,75.771674],[112.822927,75.738837],[112.870616,75.711493],[112.825206,75.686225],[112.747813,75.698472],[112.878103,75.646674],[112.858897,75.615424],[112.788829,75.588609],[112.81365,75.557318],[113.035492,75.553046],[112.9935,75.588609],[112.993012,75.609849],[113.267426,75.651109],[113.295177,75.644965],[113.309418,75.615912],[113.254893,75.574368],[113.290538,75.550523],[113.536388,75.506578],[113.637706,75.524075],[113.70338,75.47134],[113.72047,75.409857],[113.634288,75.421698],[113.549083,75.40644],[113.535655,75.390123],[113.653656,75.384345],[113.670665,75.368883],[113.605235,75.28498],[113.011567,75.067613],[112.993175,75.039496],[112.879649,74.992906],[112.513845,74.921536],[112.146821,74.878363],[112.09197,74.857001],[112.09669,74.827623],[112.056488,74.789496],[111.953461,74.771796],[111.911143,74.738267],[111.952647,74.731431],[111.772309,74.668524],[111.402843,74.691107],[111.11671,74.607896],[110.986176,74.594224],[111.052094,74.579169],[110.960216,74.548489],[110.814952,74.539008],[110.55714,74.481106],[110.331554,74.496161],[110.280528,74.478217],[110.389822,74.450873],[110.362559,74.41828],[110.212087,74.372382],[109.999522,74.373725],[109.951182,74.336982],[109.797618,74.314399],[109.780284,74.32803],[109.561209,74.313707],[109.642345,74.289211],[109.942638,74.307766],[109.979503,74.296332],[109.912852,74.211615],[109.796886,74.161689],[109.481456,74.077216],[109.179535,74.05744],[108.996104,74.01557],[108.901052,73.964911],[108.822276,73.955512],[108.624278,73.872504],[108.550792,73.811835],[108.437755,73.820258],[108.49171,73.772528],[108.06658,73.635321],[108.094493,73.662665],[108.036794,73.677232],[107.748709,73.612047],[107.374522,73.635321],[107.146821,73.617662],[107.101329,73.573879],[107.169688,73.553412],[106.881602,73.443549],[106.785411,73.340522],[106.64796,73.306708],[106.498057,73.326239],[106.232432,73.322821],[106.062755,73.273017],[106.045584,73.254828],[106.048106,73.202623],[106.009288,73.155097],[105.853282,73.094794],[105.833832,73.002265],[105.751475,72.976508],[105.62794,72.901679],[105.29005,72.800279],[105.066742,72.78559],[105.073009,72.765082],[105.482595,72.768134],[105.67628,72.815375],[105.787446,72.86994],[105.930675,72.888577],[106.002289,72.946967],[106.036368,72.952522],[106.117871,72.941154],[106.137049,72.910854],[106.558442,72.867112],[106.657135,72.831953],[106.823294,72.825614],[107.103263,72.856406],[106.97108,72.883283],[106.620498,72.896026],[106.25464,72.9672],[106.216563,72.985745],[106.175629,73.094387],[106.216807,73.14411],[106.282481,73.153225],[106.359874,73.194281],[106.775564,73.141018],[106.899913,73.14468],[107.035899,73.182196],[107.327403,73.158393],[107.722341,73.168524],[108.091645,73.246405],[108.316661,73.221584],[108.374848,73.232408],[108.396169,73.25788],[108.365245,73.275621],[108.19752,73.279039],[108.241222,73.300727],[108.393321,73.317328],[108.53891,73.310696],[108.684825,73.33983],[109.221202,73.387112],[109.254893,73.420233],[109.204926,73.443549],[109.209239,73.468817],[109.396169,73.413642],[109.434906,73.426703],[109.430837,73.452216],[109.334646,73.484442],[109.180186,73.510199],[109.170177,73.5397],[109.193614,73.551663],[109.512055,73.457506],[109.713878,73.452582],[110.10377,73.516059],[110.156993,73.545885],[110.089366,73.559556],[110.124278,73.580308],[110.424571,73.607367],[110.397227,73.614814],[110.470551,73.649359],[110.898611,73.685858],[110.924815,73.704169],[110.876475,73.734605],[110.917979,73.765611],[110.663748,73.787258],[110.286876,73.705756],[109.799571,73.705064],[109.752289,73.683092],[109.78712,73.66885],[109.737478,73.661689],[109.612804,73.708075],[109.531098,73.775295],[109.535655,73.821234],[109.557628,73.83397],[109.819835,73.877265],[109.886729,73.960883],[110.021495,74.014472],[110.300059,74.01911],[110.580821,73.9914],[110.958995,73.908637],[111.103038,73.950019],[111.067638,73.979926],[111.126231,74.030463],[111.536469,74.051174],[111.582205,74.025702],[111.56129,74.008857],[111.381602,73.988227],[111.254405,74.000678],[111.198497,73.977932],[111.295177,73.869127],[111.435557,73.812567],[111.803722,73.744208],[112.147227,73.707953],[112.371837,73.705308],[112.821462,73.746812],[112.945323,73.790473],[112.959483,73.806586],[112.934581,73.88231],[112.822927,73.957465],[112.822927,73.99844],[112.846934,73.994534],[112.946056,73.94009],[113.131358,73.88231],[113.276703,73.753974],[113.395518,73.685777],[113.427908,73.633979],[113.422699,73.590644],[113.292654,73.56977],[113.131358,73.449693],[113.206391,73.426459],[113.272309,73.37519],[113.498302,73.335883],[113.508067,73.244289],[113.487071,73.169827],[113.521169,73.10399],[113.455251,72.993109],[113.487071,72.96369],[113.311534,72.893704],[113.117686,72.860663],[113.097179,72.840806],[113.104503,72.821967],[113.170421,72.780341],[113.177257,72.732978],[113.263682,72.689032],[113.497244,72.64525],[114.090343,72.600653],[114.042166,72.620673],[113.390961,72.680609],[113.238048,72.735419],[113.158214,72.822699],[113.180431,72.849066],[113.353526,72.891262],[113.542247,72.977362],[113.519216,73.017035],[113.530935,73.048407],[113.600597,73.10399],[113.599132,73.127875],[113.529307,73.182685],[113.562348,73.253404],[113.724132,73.320624],[113.85255,73.314114],[114.035818,73.347317],[113.775076,73.356147],[113.535411,73.439846],[113.466563,73.50495],[113.91505,73.535834],[114.109141,73.599555],[114.674653,73.592597],[114.853526,73.608873],[115.111583,73.675116],[115.413097,73.710395],[116.602875,73.674791],[117.059825,73.61522],[117.443858,73.588772],[118.450206,73.588772],[118.790538,73.555976],[118.997569,73.49136],[118.882579,73.45189],[118.737966,73.459947],[118.706554,73.443915],[118.626313,73.45718],[118.576182,73.486274],[118.467133,73.478095],[118.346446,73.402533],[118.428396,73.374661],[118.373057,73.340237],[118.379405,73.314154],[118.353282,73.282416],[118.394216,73.238023],[118.462413,73.209418],[118.917654,73.119534],[119.534516,73.055243],[119.592947,73.002875],[119.685395,72.994696],[119.722504,72.95893],[120.533702,72.874213],[120.573497,72.888617],[119.841563,72.956855],[119.763845,73.008287],[120.656016,72.977362],[121.054698,72.931789],[121.388194,72.97606],[121.734874,72.958319],[121.791352,72.976874],[121.963715,72.96369],[121.923513,72.925849],[122.043305,72.891547],[122.423106,72.874986],[122.53419,72.839016],[122.732188,72.826565],[122.308279,72.941352],[122.359874,72.950181],[122.84311,72.872504],[122.95338,72.891547],[122.430431,72.984809],[122.505056,72.991034],[122.464692,73.018988],[122.61378,73.030951],[122.859141,72.998481],[122.889985,72.958686],[123.13795,72.918036],[123.234548,72.934719],[123.348643,72.987982],[123.314301,73.025784],[123.400401,73.093207],[123.467947,73.079576],[123.469412,73.106269],[123.397309,73.121649],[123.375824,73.155504],[123.40089,73.174302],[123.54713,73.197089],[123.51295,73.175971],[123.585297,73.160346],[123.663829,73.169827],[123.609223,73.182807],[123.670665,73.203315],[123.538585,73.220404],[123.479503,73.25788],[123.500987,73.25788],[123.502615,73.274644],[123.396251,73.29267],[123.331798,73.350735],[123.413341,73.390937],[123.250336,73.392971],[123.21811,73.408759],[123.307465,73.426459],[123.259776,73.45718],[123.281912,73.464179],[123.333344,73.463853],[123.397227,73.432359],[123.417328,73.443549],[123.361095,73.483588],[123.286388,73.50495],[123.293956,73.518622],[123.246104,73.545885],[123.266449,73.56391],[123.36964,73.559556],[123.314301,73.594387],[123.424164,73.580715],[123.375824,73.621649],[123.387706,73.642727],[123.36964,73.662665],[123.591319,73.716986],[123.62908,73.696723],[123.574474,73.676256],[123.594981,73.66885],[123.561697,73.643378],[123.656993,73.635321],[123.601817,73.614814],[123.645518,73.602973],[123.889659,73.635321],[123.973806,73.627021],[123.999522,73.641506],[123.921397,73.668769],[123.905284,73.700426],[123.931407,73.745185],[123.87672,73.772528],[123.986013,73.758857],[124.054942,73.724066],[123.992849,73.690579],[124.059581,73.684801],[124.094493,73.688178],[124.129649,73.71898],[124.219005,73.72427],[124.239268,73.734605],[124.239513,73.759589],[124.306407,73.774726],[124.336192,73.804836],[124.383067,73.806383],[124.404307,73.792385],[124.370291,73.786119],[124.486339,73.778713],[124.611583,73.737454],[124.695486,73.742133],[124.691742,73.717231],[124.725922,73.708401],[124.856212,73.724066],[124.835704,73.704169],[124.907725,73.690579],[124.929942,73.667182],[124.979747,73.676256],[124.986583,73.627875],[125.043305,73.641018],[125.059093,73.659654],[125.048025,73.683092],[125.127208,73.688178],[125.137462,73.704169],[125.165294,73.66885],[125.151052,73.655748],[125.212413,73.648912],[125.177745,73.621649],[125.213878,73.616156],[125.17156,73.577297],[125.19752,73.55093],[125.232921,73.567043],[125.246267,73.544013],[125.286794,73.53913],[125.364919,73.582709],[125.398936,73.555609],[125.439626,73.573879],[125.475841,73.559475],[125.452647,73.545885],[125.651866,73.525458],[125.623302,73.50495],[125.644379,73.498114],[125.521007,73.45718],[125.574962,73.423],[125.562511,73.408759],[125.62322,73.419989],[125.630382,73.434231],[125.603526,73.449693],[125.638682,73.458197],[125.876638,73.460598],[125.815766,73.49136],[125.904552,73.518622],[125.918468,73.5397],[125.97283,73.532294],[125.956798,73.46894],[125.911876,73.436103],[125.941173,73.42829],[126.004405,73.454047],[126.014008,73.508694],[126.288097,73.557278],[126.404796,73.512397],[126.381196,73.490302],[126.391124,73.464016],[126.329112,73.429877],[126.295746,73.451809],[126.239106,73.442613],[126.170746,73.459296],[126.151622,73.436103],[126.254568,73.402533],[126.158458,73.381496],[126.419688,73.409491],[126.453136,73.395087],[126.43214,73.374661],[126.548839,73.347317],[126.589692,73.295803],[126.561046,73.269436],[126.565196,73.233466],[126.658702,73.302639],[126.562999,73.381496],[126.639903,73.381171],[126.658702,73.388902],[126.665538,73.426459],[126.730154,73.444159],[126.761729,73.438707],[126.784679,73.391425],[126.828787,73.388617],[126.843028,73.408759],[126.833181,73.440131],[126.932384,73.429877],[126.90504,73.45718],[126.917735,73.504299],[126.830089,73.518622],[127.050466,73.549018],[127.450857,73.490709],[127.987559,73.470852],[127.899425,73.436103],[128.076915,73.405666],[127.960216,73.347317],[128.340343,73.361029],[128.364919,73.354153],[128.302745,73.315904],[128.309744,73.298896],[128.23463,73.265367],[128.325531,73.267564],[128.439301,73.236274],[128.570323,73.265367],[128.659434,73.261298],[128.892589,73.216986],[128.844737,73.189643],[128.935313,73.195868],[128.969249,73.177395],[128.956798,73.153876],[128.850922,73.155504],[128.864268,73.116156],[128.777354,73.070787],[129.066173,73.127672],[129.443508,73.028944],[129.478931,72.97924],[129.441315,72.949442],[129.359618,72.940012],[128.927519,72.980158],[128.290782,72.908637],[128.213552,72.860663],[128.242931,72.836615],[128.228038,72.819485],[128.129242,72.786078],[128.355642,72.793931],[129.358084,72.70303],[129.227794,72.687893],[129.193614,72.668891],[129.221446,72.662055],[129.198416,72.655178],[128.662608,72.709906],[128.519786,72.704413],[128.479177,72.724555],[128.396007,72.673163],[127.905447,72.667141],[128.188324,72.567816],[128.611339,72.482733],[128.839366,72.465074],[129.117361,72.481513],[129.258311,72.463935],[129.274181,72.446967],[129.241954,72.415676],[129.3685,72.397366],[129.489024,72.354193],[129.467947,72.346747],[129.500743,72.332465],[129.485199,72.317206],[129.340099,72.30508],[129.333751,72.285549],[129.357595,72.262885],[129.564138,72.230658],[129.467947,72.217027],[129.241954,72.134467],[129.458751,72.141588],[129.489024,72.127631],[129.333263,72.091051],[129.127696,72.100531],[129.048025,72.07685],[128.934093,72.072984],[128.774913,72.148139],[128.494314,72.202786],[128.494151,72.22016],[128.569509,72.24372],[128.528819,72.259345],[128.14975,72.316636],[127.858897,72.429145],[127.665782,72.43008],[127.864431,72.332465],[127.747081,72.325629],[127.780121,72.306301],[128.192149,72.228339],[128.309825,72.151435],[128.441661,72.100287],[128.45338,72.023993],[128.48878,72.02147],[128.528087,71.979804],[128.623546,71.962592],[128.66977,71.8935],[128.66391,71.862982],[128.783702,71.827053],[128.926606,71.738756],[129.139496,71.783922],[129.18393,71.809272],[129.189301,71.83275],[129.096934,71.907904],[129.067231,71.96662],[129.022797,72.004096],[129.041189,72.018785],[129.286876,71.88349],[129.309906,71.804185],[129.543712,71.722968],[129.486339,71.719428],[129.305431,71.760891],[129.094981,71.712144],[128.907725,71.708157],[128.830333,71.679145],[128.820486,71.658108],[128.875255,71.596747],[129.145763,71.613105],[129.248709,71.549872],[129.235688,71.497016],[129.314301,71.46601],[129.3921,71.346829],[129.463145,71.307034],[129.652599,71.260891],[129.711762,71.217231],[129.718598,71.170966],[129.762706,71.14761],[129.707774,71.109687],[129.626231,71.086127],[129.865733,71.110419],[129.940766,71.092963],[129.920421,71.06566],[130.080414,71.083441],[130.160492,71.051988],[130.162364,71.022162],[130.22169,70.993638],[130.167328,70.968817],[130.467784,70.926703],[130.496349,70.886908],[130.619884,70.8664],[130.699474,70.887885],[130.722341,70.962592],[130.768891,70.977525],[130.890798,70.845282],[130.888438,70.762763],[131.042003,70.738756],[131.226329,70.75023],[131.394298,70.807318],[131.546153,70.887112],[131.770763,71.099799],[131.761404,71.135199],[131.865896,71.148871],[131.867849,71.172553],[131.826508,71.182318],[131.850922,71.208197],[131.989513,71.229478],[132.188324,71.215888],[131.941905,71.267401],[132.039887,71.388902],[132.106456,71.517524],[132.264171,71.682034],[132.539317,71.883612],[132.717784,71.946234],[132.913864,71.94757],[133.066274,71.971291],[133.179183,71.958123],[133.341361,71.886265],[133.354003,71.83396],[133.302719,71.880392],[133.156415,71.940171],[133.031345,71.955099],[132.939248,71.934681],[132.932322,71.911212],[132.796395,71.910922],[132.775305,71.879815],[132.813128,71.83147],[132.715099,71.810696],[132.729666,71.769232],[132.985216,71.719717],[133.100108,71.606879],[133.151622,71.579169],[133.650076,71.43651],[133.908702,71.3994],[134.167654,71.370795],[134.489106,71.376858],[134.585297,71.405829],[134.739024,71.367987],[134.737559,71.346829],[134.650645,71.297309],[134.66863,71.264309],[134.695567,71.308661],[134.77003,71.366929],[134.696544,71.421332],[134.778494,71.428778],[134.779796,71.460761],[134.810232,71.481838],[135.03297,71.53913],[135.118663,71.515774],[135.207367,71.552232],[135.42335,71.531195],[135.340831,71.565904],[135.621593,71.623114],[135.985118,71.634833],[136.443858,71.575873],[136.516368,71.558498],[136.512706,71.517524],[136.555675,71.509223],[136.546886,71.476549],[136.66212,71.528754],[136.774587,71.523424],[136.889415,71.462226],[137.274669,71.38524],[137.238943,71.367336],[137.355642,71.374172],[137.492198,71.346829],[137.444998,71.312934],[137.485362,71.298407],[137.403494,71.284735],[137.532481,71.245673],[137.615733,71.24726],[137.704926,71.284735],[137.670909,71.250637],[137.739268,71.250637],[137.692393,71.220933],[137.526134,71.220282],[137.766449,71.168036],[137.764334,71.142239],[137.812999,71.119615],[137.909516,71.149115],[137.972667,71.140774],[137.944672,71.127102],[137.977387,71.118964],[138.074392,71.133979],[137.994151,71.190619],[137.917979,71.202826],[137.842296,71.182318],[137.847504,71.204739],[137.739268,71.229478],[137.831391,71.253892],[138.067231,71.224921],[138.10377,71.248765],[138.184093,71.245429],[138.239513,71.277899],[137.996104,71.302191],[138.150076,71.332709],[138.266856,71.312974],[138.362966,71.318915],[138.304698,71.339342],[138.009532,71.339342],[137.930919,71.3605],[137.965831,71.380316],[137.886567,71.367336],[137.828624,71.387152],[138.014985,71.473619],[138.038585,71.558743],[138.098643,71.581448],[138.500255,71.613105],[138.403982,71.579535],[138.438162,71.538642],[138.577159,71.551947],[138.594981,71.583197],[138.554861,71.606879],[138.677013,71.643866],[138.756033,71.643012],[139.045095,71.569037],[139.089203,71.49018],[139.158051,71.448635],[139.116466,71.428778],[139.192231,71.415107],[139.346365,71.42182],[139.44337,71.495103],[139.587657,71.495103],[139.717784,71.457343],[139.8567,71.493598],[140.033214,71.472113],[140.025564,71.491889],[139.979828,71.503852],[140.000987,71.52497],[139.836192,71.589545],[139.734548,71.672187],[139.691905,71.791815],[139.743419,71.844875],[139.809255,71.860785],[139.710297,71.870917],[139.573904,71.932929],[139.336192,71.94953],[139.428477,71.963202],[139.634532,71.954535],[139.71225,71.997952],[139.701508,72.059312],[139.715668,72.082953],[139.831554,72.137641],[139.874197,72.178168],[140.027599,72.148749],[140.132091,72.153876],[140.219493,72.186347],[140.197113,72.213813],[139.56072,72.232001],[139.432384,72.182847],[139.555919,72.175442],[139.53297,72.164293],[139.256684,72.179023],[139.280447,72.152533],[139.349864,72.134467],[139.19158,72.162665],[139.096365,72.226549],[139.094005,72.248236],[139.166759,72.327786],[139.328787,72.422512],[139.384044,72.428697],[139.541759,72.497626],[139.844737,72.502997],[140.072765,72.479234],[140.576508,72.496324],[141.11085,72.586982],[140.932628,72.600653],[141.010997,72.668402],[140.991547,72.709418],[140.664236,72.809027],[140.658946,72.83397],[140.583181,72.867499],[140.594249,72.89289],[140.725841,72.898627],[141.272716,72.86636],[141.389903,72.843329],[141.550629,72.774319],[142.2317,72.701565],[142.542817,72.717841],[143.090668,72.689399],[143.486827,72.7001],[143.707205,72.666653],[144.303884,72.641995],[144.568614,72.608873],[145.409516,72.555894],[145.714122,72.496324],[146.124685,72.469875],[146.854015,72.354193],[146.792003,72.330715],[145.687673,72.363959],[145.352875,72.346747],[145.276866,72.395168],[145.170258,72.4206],[145.092296,72.400214],[145.035655,72.427069],[144.943207,72.438178],[144.708263,72.374091],[144.520763,72.225002],[144.342459,72.293769],[144.263194,72.292141],[144.206798,72.267483],[144.105479,72.277899],[144.194347,72.24433],[144.210704,72.221747],[144.415538,72.175035],[144.599132,72.175442],[144.751638,72.2331],[145.068696,72.26435],[146.92921,72.312649],[146.892833,72.27147],[146.775727,72.228461],[146.495372,72.065985],[146.243826,71.986558],[145.972504,71.856269],[145.939789,71.857245],[145.941661,71.888088],[145.999034,71.938707],[145.993012,72.029731],[146.1067,72.038886],[146.346934,72.127631],[146.237071,72.154975],[146.234711,72.172431],[146.078949,72.170396],[146.046886,72.156928],[146.065603,72.122707],[145.968028,72.070502],[145.934825,72.100328],[145.96225,72.126776],[145.941661,72.154975],[145.849376,72.162177],[145.839122,72.182847],[145.907481,72.203355],[145.880056,72.219062],[145.692068,72.25727],[145.613292,72.24433],[145.750336,72.209621],[145.723399,72.162177],[145.621104,72.080268],[145.674001,72.032864],[145.79127,72.028306],[145.818126,71.963202],[145.805675,71.929023],[145.329356,71.870998],[145.256114,71.907457],[145.022146,71.954088],[144.970958,71.980292],[144.956228,71.934516],[144.974376,71.913723],[145.215994,71.843329],[145.196462,71.813056],[145.029063,71.770657],[144.886404,71.771389],[144.920665,71.743476],[144.901134,71.732571],[144.89324,71.675198],[144.953461,71.701728],[144.985606,71.700181],[145.003103,71.675198],[145.078136,71.696275],[145.181326,71.675198],[145.250743,71.686713],[145.333263,71.661078],[145.569998,71.740953],[145.729991,71.729804],[146.036306,71.786363],[146.365408,71.905951],[146.3838,71.939276],[146.469249,71.970038],[146.619477,72.074856],[147.104666,72.305569],[147.195567,72.329901],[147.746755,72.338813],[148.402029,72.31094],[148.964854,72.25137],[149.611339,72.148383],[149.724783,72.120795],[149.951345,71.999945],[150.066905,71.921942],[150.074229,71.894232],[150.02003,71.848578],[149.709483,71.772895],[149.631358,71.78144],[149.368988,71.903795],[149.286469,71.881252],[149.326834,71.874457],[149.210704,71.825995],[149.148692,71.771389],[148.833995,71.812323],[148.891368,71.775336],[149.039399,71.757758],[149.01002,71.734198],[149.005219,71.703111],[148.866059,71.69538],[148.827159,71.675198],[149.003103,71.66767],[149.101573,71.703111],[149.772472,71.647895],[149.953298,71.669867],[150.102061,71.594713],[150.00587,71.57217],[150.012055,71.600043],[149.951671,71.59162],[149.938813,71.574123],[149.96461,71.529364],[149.868012,71.497016],[149.868012,71.462226],[150.117198,71.515692],[150.27711,71.521226],[150.327159,71.498521],[150.579926,71.518541],[150.63502,71.51496],[150.670665,71.49018],[150.651622,71.445217],[150.554047,71.402655],[150.515147,71.346422],[150.026866,71.222642],[150.046723,71.209662],[150.144542,71.221381],[150.280121,71.277899],[150.408702,71.28498],[150.656993,71.390286],[150.738943,71.393988],[150.660411,71.356757],[150.5949,71.277899],[150.825206,71.366604],[151.033051,71.393988],[151.591156,71.310248],[151.767345,71.223334],[151.753184,71.209662],[151.799164,71.181383],[152.103526,71.050116],[152.136729,71.017279],[152.133962,70.998114],[152.060883,70.9831],[151.657481,70.990546],[151.681488,70.975898],[151.969086,70.94481],[152.210948,70.880561],[152.504893,70.847846],[152.549083,70.827094],[152.540782,70.791327],[152.613048,70.834621],[152.990245,70.834621],[153.310883,70.857611],[153.348155,70.882514],[153.617849,70.883246],[153.663748,70.861029],[153.930431,70.89411],[154.23878,70.964993],[155.479828,71.061591],[155.521983,71.045152],[155.49464,71.004218],[155.529796,70.976223],[155.546397,71.019232],[155.604503,71.06566],[155.936371,71.099351],[157.585785,71.074856],[157.989106,71.047512],[158.523611,70.968817],[159.237804,70.829291],[159.689464,70.670966],[159.84311,70.581529],[160.024913,70.41942],[160.094249,70.309882],[160.106293,70.263739],[160.088145,70.238349],[159.993663,70.192084],[159.938243,70.128485],[159.737559,70.145941],[159.68865,70.133979],[159.914561,70.098578],[159.851329,70.054918],[159.863048,69.992825],[159.760997,69.961859],[159.692068,69.910875],[159.688975,69.890774],[159.763031,69.838568],[159.729666,69.838568],[159.801117,69.807034],[159.769054,69.76203],[159.861827,69.789862],[160.169444,69.703274],[160.188975,69.701972],[160.141124,69.728664],[160.25587,69.718695],[160.31186,69.700019],[160.318614,69.654202],[160.515961,69.687201],[160.848399,69.635077],[160.91505,69.646715],[161.006358,69.577338],[160.958995,69.540229],[160.921235,69.461819],[161.022716,69.2956],[161.003917,69.24608],[161.038585,69.194892],[161.035981,69.162665],[160.962901,69.105536],[161.059093,69.069566],[161.287283,69.043891],[161.415375,68.982001],[161.394054,68.943427],[161.299327,68.872748],[161.278819,68.831204],[161.219412,68.792182],[161.209646,68.692084],[161.106944,68.605211],[161.031749,68.560492],[160.758067,68.564276],[160.821056,68.527411],[161.046886,68.53441],[161.134125,68.561428],[161.256602,68.666083],[161.347016,68.701402],[161.290294,68.75373],[161.319102,68.790229],[161.574067,68.921129],[161.558767,69.029771],[161.483653,69.091864],[161.480479,69.122952],[161.448904,69.153957],[161.465587,69.181952],[161.399262,69.221259],[161.463145,69.287055],[161.415375,69.331448],[161.483653,69.34512],[161.435802,69.379869],[161.600352,69.42829],[161.702647,69.495917],[161.823741,69.534654],[161.945649,69.527981],[162.025564,69.551174],[162.014659,69.573432],[162.030284,69.58397],[162.1963,69.626288],[162.172211,69.633368],[162.189708,69.650458],[162.298513,69.651679],[162.327159,69.701972],[162.40797,69.676581],[162.621349,69.681545],[162.768809,69.654202],[163.16505,69.720893],[163.584809,69.684068],[163.77303,69.694402],[164.027029,69.77383],[164.108246,69.759345],[164.136078,69.725572],[164.237071,69.682603],[164.439138,69.620754],[164.834258,69.567404],[165.269471,69.597954],[165.674729,69.595978],[166.075206,69.523261],[166.629649,69.533677],[166.692556,69.514797],[166.678233,69.495917],[166.893809,69.495917],[167.509532,69.695258],[167.674083,69.771877],[167.802013,69.775214],[167.938243,69.722235],[168.083344,69.708808],[167.926443,69.654202],[168.25408,69.544338],[168.240408,69.461819],[168.192068,69.379869],[168.232677,69.336371],[168.243663,69.275946],[168.288259,69.242662],[168.371837,69.221137],[168.658051,69.213568],[168.850597,69.188056],[169.152354,69.105536],[169.30421,69.097724],[169.371267,69.076565],[169.41977,69.023627],[169.453868,68.845445],[169.625499,68.777248],[170.351085,68.82807],[170.493907,68.800198],[170.625173,68.748603],[170.549327,68.793036],[170.536388,68.811265],[170.563731,68.824937],[170.458669,68.831732],[170.440196,68.845445],[170.449229,68.863471],[170.633067,68.918158],[170.659841,68.913764],[170.652517,68.88581],[170.728038,68.821967],[170.714529,68.910346],[170.680431,68.940375],[170.894379,68.993232],[170.979259,69.055854],[171.050304,69.027737],[171.159434,69.044094],[171.027599,69.054755],[170.980235,69.144355],[170.900076,69.17121],[170.896658,69.194037],[170.929861,69.234036],[170.913097,69.304145],[170.858653,69.346829],[170.748546,69.391181],[170.731781,69.456529],[170.687185,69.47606],[170.667654,69.540432],[170.60613,69.589789],[170.510269,69.602088],[170.180414,69.584636],[170.160733,69.613367],[170.231553,69.688589],[170.591776,69.764725],[170.550059,69.804389],[170.560313,69.890367],[170.522716,69.938463],[170.528982,70.030341],[170.556814,70.092434],[170.406749,70.11286],[170.481619,70.142035],[171.038097,70.080756],[171.316254,70.073188],[171.994477,69.993069],[172.725352,69.980862],[172.790782,69.962714],[172.798513,69.928534],[172.860688,69.903469],[173.179373,69.84516],[173.236339,69.818671],[173.181407,69.801988],[173.198009,69.783433],[173.41863,69.797756],[173.479259,69.835761],[173.253673,69.918687],[173.164073,69.886664],[173.175548,69.914496],[173.278575,69.94184],[173.460785,69.948554],[173.701915,69.886949],[173.674571,69.879543],[173.737804,69.851996],[173.777599,69.852851],[173.743419,69.873277],[173.787852,69.884467],[173.928477,69.845404],[174.070811,69.886908],[175.088384,69.845749],[175.715542,69.881453],[175.724789,69.87079],[175.529737,69.856304],[175.997177,69.769363],[176.143482,69.78209],[176.15767,69.821482],[176.099744,69.85845],[175.843802,69.861274],[175.781566,69.885283],[176.127615,69.893785],[176.272146,69.818671],[176.282237,69.8015],[176.243012,69.799018],[176.242035,69.774359],[176.503917,69.754096],[176.734548,69.67475],[177.162283,69.61636],[177.357921,69.617174],[177.682953,69.551174],[177.608572,69.544338],[177.771251,69.531399],[178.212169,69.443427],[178.299978,69.461819],[178.277354,69.479926],[178.299815,69.487372],[178.364919,69.486802],[178.772634,69.415229],[179.067719,69.325263],[178.897472,69.321031],[178.837901,69.364895],[178.70045,69.36579],[178.666189,69.383287],[178.653982,69.31745],[178.745616,69.283677],[179.067719,69.297919],[179.261485,69.272162],[179.958507,68.995673],[179.847992,69.010159],[179.548106,69.112982],[179.650564,69.064602],[179.692149,69.016099],[179.774099,68.988837],[180,68.98105],[180,65.06619],[179.779552,65.018215],[179.712657,64.953111],[179.478689,64.82274],[179.171153,64.79267],[178.911794,64.715399],[178.757986,64.640937],[178.561534,64.591539],[178.514171,64.590318],[178.485606,64.6105],[178.718761,64.648139],[178.75587,64.682196],[178.667735,64.699286],[178.217947,64.658271],[178.273448,64.669338],[178.240571,64.688788],[177.978363,64.671942],[177.926768,64.707343],[177.625011,64.72016],[177.601736,64.725898],[177.642589,64.747707],[177.491873,64.788642],[177.503429,64.802965],[177.488455,64.820461],[177.389415,64.835842],[177.491873,64.850084],[177.432953,64.929023],[177.238292,64.945624],[177.169688,65.027574],[176.93686,65.082831],[176.812999,65.076402],[176.608409,65.031806],[176.41863,65.090237],[176.381358,65.090277],[176.394786,65.064358],[176.371104,65.054674],[176.306326,65.055487],[176.335704,65.038153],[176.443858,65.041897],[176.546153,65.000922],[176.958507,65.046576],[176.991873,65.010565],[177.221528,64.914618],[177.245372,64.884223],[177.224294,64.863715],[177.297699,64.838446],[177.300059,64.82274],[177.039806,64.772773],[176.88559,64.842108],[176.62615,64.867906],[176.535655,64.82274],[176.435802,64.81094],[176.397146,64.859931],[176.188731,64.927965],[176.111095,64.925198],[176.045665,64.962795],[175.954845,64.924954],[175.867686,64.845038],[175.71461,64.793647],[175.562755,64.811957],[175.289236,64.775377],[175.040782,64.778062],[174.750336,64.68891],[174.441742,64.69245],[174.519054,64.670396],[174.771739,64.68065],[175.107188,64.764797],[175.278494,64.750556],[175.590505,64.789374],[175.657481,64.767646],[175.711681,64.774726],[175.924653,64.848293],[176.004649,64.915351],[176.082367,64.918931],[176.210134,64.873969],[176.316742,64.767483],[176.423676,64.709621],[176.326671,64.665717],[176.145274,64.62759],[176.114513,64.590033],[176.100841,64.548407],[176.114268,64.541938],[176.121349,64.569525],[176.209972,64.620063],[176.368419,64.634263],[176.45753,64.69245],[176.582286,64.673733],[176.689952,64.62759],[176.742931,64.571234],[176.819347,64.59748],[176.854666,64.642646],[176.98585,64.711127],[177.169444,64.726549],[177.33839,64.78148],[177.491873,64.767524],[177.452403,64.685492],[177.455251,64.652167],[177.361501,64.548407],[177.38738,64.491889],[177.453624,64.42064],[177.669932,64.305121],[177.813324,64.254218],[178.000011,64.210354],[178.183849,64.205797],[178.074555,64.254218],[178.216645,64.303534],[178.282563,64.35399],[178.217947,64.426825],[178.183849,64.411282],[178.200043,64.440172],[178.399913,64.243354],[178.440766,64.165188],[178.588634,64.035102],[178.48406,64.070868],[178.399913,64.035102],[178.382579,64.000963],[178.492442,63.986721],[178.382579,63.973049],[178.533214,63.970364],[178.639415,63.946357],[178.659841,63.963121],[178.64324,64.000963],[178.698416,63.897366],[178.691091,63.856391],[178.740245,63.737128],[178.759288,63.622992],[178.72283,63.650865],[178.608572,63.6765],[178.588634,63.671373],[178.649099,63.628607],[178.733084,63.608344],[178.641449,63.587714],[178.590099,63.632717],[178.531098,63.643622],[178.506033,63.636664],[178.5324,63.631659],[178.526866,63.613715],[178.471934,63.595649],[178.459972,63.622992],[178.355235,63.630439],[178.259613,63.581977],[178.268809,63.565416],[178.372325,63.522366],[178.509532,63.578518],[178.711274,63.570014],[178.729015,63.531195],[178.717621,63.521186],[178.735118,63.513007],[178.720225,63.476467],[178.59547,63.411322],[178.698985,63.385688],[178.83839,63.434882],[178.754242,63.538275],[178.777029,63.59516],[178.815603,63.491156],[179.005544,63.321357],[178.848155,63.404202],[178.80714,63.390204],[178.809337,63.350491],[178.918305,63.325181],[178.931163,63.294013],[179.054698,63.280992],[179.132009,63.238349],[179.232758,63.239407],[179.386485,63.1612],[179.413341,63.132392],[179.417817,63.068061],[179.311209,63.060777],[179.241954,63.006496],[179.316173,62.906155],[179.470876,62.884711],[179.540701,62.848944],[179.55128,62.797797],[179.584483,62.777167],[179.60906,62.705634],[179.558604,62.658149],[179.562999,62.624742],[179.433442,62.616116],[179.410411,62.547309],[179.349132,62.506496],[179.148774,62.496039],[179.112641,62.44831],[179.149587,62.417792],[179.134939,62.380276],[179.150401,62.341864],[179.073578,62.287177],[179.034516,62.326158],[178.938162,62.366034],[178.489431,62.436835],[178.061046,62.541083],[177.680349,62.575263],[177.306814,62.582099],[177.341075,62.588324],[177.26588,62.615627],[177.334158,62.688178],[177.319835,62.745917],[177.344412,62.767035],[177.429698,62.770453],[177.424327,62.792222],[177.457774,62.814846],[177.33253,62.806789],[177.251638,62.732896],[177.26588,62.71247],[177.188975,62.709662],[177.128184,62.745917],[177.14796,62.795844],[176.992198,62.869452],[176.975271,62.862006],[176.998302,62.794379],[177.042247,62.768704],[176.931,62.694403],[176.927908,62.672919],[177.050059,62.584215],[177.26588,62.588324],[177.239268,62.56977],[176.708995,62.499213],[176.683116,62.51317],[176.723969,62.541083],[176.661876,62.534613],[176.635916,62.522162],[176.635265,62.499579],[176.594249,62.485826],[176.6421,62.472235],[176.393403,62.395087],[176.279307,62.317084],[175.633474,62.191311],[175.306407,62.074937],[175.395193,62.122748],[175.31837,62.110012],[175.258067,62.168769],[175.250987,62.065741],[175.17449,62.021918],[174.815115,61.947008],[174.765147,61.916693],[174.804861,61.944037],[174.599946,61.985012],[174.726899,61.886298],[174.690115,61.861274],[174.489757,61.814643],[174.359874,61.821112],[174.380382,61.839911],[174.353038,61.848456],[174.285004,61.813544],[174.15504,61.800605],[174.19337,61.816799],[174.138031,61.844631],[174.073009,61.84162],[174.086192,61.827948],[174.01352,61.817328],[174.020681,61.796861],[174.060557,61.776068],[174.106619,61.780178],[174.03891,61.761298],[173.990977,61.714545],[173.924001,61.704169],[173.804942,61.649848],[173.801931,61.691799],[173.599946,61.753892],[173.544607,61.749091],[173.473888,61.642808],[173.49586,61.589179],[173.48113,61.555243],[173.331228,61.547309],[173.291026,61.519477],[173.309093,61.491645],[173.285899,61.465074],[173.128429,61.396959],[173.002126,61.415229],[172.897146,61.472317],[172.826427,61.468817],[172.715587,61.430732],[172.899181,61.37226],[172.955089,61.314032],[172.894542,61.277899],[172.667817,61.334459],[172.768809,61.28559],[172.766775,61.262519],[172.699718,61.247992],[172.646739,61.191107],[172.573741,61.187201],[172.386078,61.227444],[172.338227,61.211005],[172.434418,61.142727],[172.336762,61.122301],[172.242686,61.142727],[172.263031,61.114732],[172.403494,61.097886],[172.437348,61.070787],[172.489594,61.081244],[172.476085,61.055732],[172.372569,61.012885],[172.242686,61.019843],[172.009288,61.101142],[172.160899,61.027493],[172.200857,60.975775],[172.180675,60.944729],[172.115408,60.940985],[172.04713,60.860663],[172.006847,60.855211],[171.989431,60.889472],[172.004405,60.936469],[171.957774,60.953111],[171.95753,60.918606],[171.940929,60.90998],[171.961599,60.854682],[171.949392,60.848293],[171.825043,60.832221],[171.745942,60.853583],[171.663341,60.816718],[171.536876,60.806952],[171.620453,60.774115],[171.632579,60.744818],[171.502778,60.731147],[171.413422,60.690172],[171.467947,60.731147],[171.415212,60.785061],[171.396332,60.782945],[171.407237,60.714748],[171.37908,60.697699],[171.372406,60.643052],[171.179454,60.558905],[171.055675,60.555854],[170.959809,60.521308],[170.81072,60.512112],[170.750743,60.529486],[170.735037,60.518948],[170.750499,60.501166],[170.81072,60.49844],[170.787771,60.476386],[170.790212,60.450629],[170.717296,60.428168],[170.639415,60.423326],[170.587576,60.450629],[170.51588,60.450629],[170.526215,60.43476],[170.58074,60.433905],[170.618419,60.388577],[170.598888,60.376695],[170.652517,60.361274],[170.66212,60.332017],[170.618907,60.302436],[170.502289,60.272528],[170.457286,60.18244],[170.400645,59.965644],[170.265147,59.920356],[170.118907,59.968004],[170.101248,59.989447],[170.118663,60.019273],[169.955821,60.059231],[169.848806,60.181627],[169.843761,60.210761],[169.862478,60.219184],[169.97462,60.232164],[169.919932,60.249986],[169.836925,60.243354],[169.755219,60.27558],[169.707774,60.347602],[169.69337,60.41649],[169.568614,60.468695],[169.264171,60.550482],[169.247813,60.567328],[169.371349,60.567328],[169.285492,60.620592],[169.214366,60.62873],[169.214366,60.601467],[169.188813,60.583197],[169.132579,60.587226],[169.166515,60.567328],[168.748302,60.569729],[168.650401,60.55268],[168.531505,60.593085],[168.280121,60.596422],[167.837657,60.510565],[167.768077,60.553046],[167.750173,60.534613],[167.771983,60.496731],[167.592296,60.445461],[167.480154,60.468004],[167.463145,60.427069],[167.433604,60.420396],[167.336111,60.471137],[167.374034,60.405951],[167.281505,60.41649],[167.306407,60.393012],[167.192149,60.355048],[167.116384,60.377997],[167.07545,60.423326],[167.024913,60.42768],[167.048106,60.328437],[166.897797,60.299791],[166.933279,60.279853],[166.931814,60.259019],[166.837657,60.220201],[166.361176,59.883857],[166.245128,59.830634],[166.109548,59.82746],[166.102794,59.90941],[166.144054,59.966457],[166.145763,60.042141],[166.175304,60.120307],[166.285411,60.197252],[166.258067,60.285956],[166.276052,60.331285],[166.232595,60.395982],[166.312673,60.392727],[166.362966,60.450629],[166.349864,60.457465],[166.392833,60.480414],[166.373302,60.499457],[166.321951,60.471137],[166.253673,60.485419],[166.013438,60.440375],[165.924083,60.382392],[165.940603,60.365627],[165.979747,60.375718],[166.080577,60.437405],[166.212087,60.457465],[166.052745,60.423977],[165.967296,60.365058],[165.85613,60.34219],[165.670909,60.252021],[165.461274,60.219468],[165.444998,60.258857],[165.431651,60.227851],[165.444998,60.196763],[165.229259,60.097235],[165.185069,60.099026],[165.160004,60.129096],[165.191661,60.170111],[165.162283,60.168769],[165.082286,60.113105],[164.999278,60.135321],[165.024099,60.072211],[165.043956,60.067857],[165.063975,60.09101],[165.129649,60.084174],[165.150076,60.032294],[165.212087,59.99136],[165.161794,59.973944],[165.01352,59.847968],[164.930349,59.833686],[164.838634,59.787421],[164.785981,59.81269],[164.772716,59.841132],[164.786388,59.861029],[164.701671,59.981106],[164.488536,60.111029],[164.411632,60.110297],[164.37672,60.075385],[164.320567,60.088609],[164.336111,60.036038],[164.368663,60.025458],[164.339122,59.991523],[164.117931,59.941392],[164.109141,59.902533],[164.19044,59.854193],[164.063975,59.874986],[164.041677,59.907538],[164.089203,59.916693],[164.204845,59.997504],[164.109141,59.99136],[164.017345,60.035793],[163.855235,60.025458],[163.875255,60.046576],[163.833832,60.059149],[163.796886,60.044827],[163.628673,60.046576],[163.638438,60.004218],[163.683116,59.97427],[163.793793,59.99136],[163.688487,59.898342],[163.534516,59.905422],[163.361827,59.82746],[163.378184,59.814358],[163.361827,59.741523],[163.390147,59.631537],[163.3213,59.587104],[163.247406,59.587388],[163.180186,59.558254],[163.21046,59.559963],[163.170909,59.505683],[163.321462,59.411038],[163.312511,59.287543],[163.295095,59.259019],[163.244477,59.23786],[163.230154,59.249579],[163.286143,59.299262],[163.133474,59.291083],[163.080577,59.271308],[163.066905,59.234076],[163.074718,59.193101],[163.218616,59.150678],[163.261869,59.08083],[163.164317,59.033677],[163.146007,59.047065],[163.17628,59.07331],[163.16505,59.096666],[163.066905,59.120551],[163.074474,59.142239],[162.958018,59.161933],[162.943533,59.134752],[162.88266,59.132799],[162.968516,59.052314],[163.077758,59.007594],[163.068549,58.968053],[162.87819,58.906477],[162.919607,58.971625],[162.889903,58.978746],[162.816195,58.887224],[162.676606,58.874091],[162.714122,58.846991],[162.785899,58.874091],[162.787687,58.831921],[162.5134,58.7212],[162.405294,58.654445],[162.169868,58.405917],[161.993228,58.087392],[162.025564,57.928778],[162.082042,57.882473],[162.21461,57.821723],[162.37006,57.784829],[162.455539,57.784351],[162.466298,57.764418],[162.354503,57.688544],[162.521789,57.754156],[162.491155,57.88732],[162.529796,57.93651],[162.689952,57.969713],[162.765391,57.928778],[162.850922,57.918199],[163.00387,57.837528],[163.218942,57.813458],[163.32951,57.708945],[163.242469,57.670345],[163.242885,57.594992],[163.16391,57.562229],[163.074834,57.461],[162.908517,57.416934],[162.833119,57.383312],[162.800196,57.346434],[162.776385,57.255147],[162.79544,57.183505],[162.785899,57.145453],[162.859851,57.051443],[162.789561,56.921861],[162.7835,56.763029],[162.83463,56.722352],[162.967187,56.70356],[163.068517,56.741309],[163.238969,56.733021],[163.225841,56.720933],[163.280572,56.688012],[163.238713,56.623415],[163.240977,56.593166],[163.278471,56.563521],[163.246987,56.531537],[163.278889,56.462177],[163.250255,56.451117],[163.353284,56.321979],[163.336895,56.277524],[163.366069,56.180659],[163.117931,56.106431],[163.051208,56.005404],[162.930784,56.017904],[162.821618,56.056199],[162.754253,56.108308],[162.738269,56.149522],[162.638025,56.220794],[162.556814,56.228502],[162.706877,56.271155],[162.753632,56.347036],[162.939921,56.38169],[162.943918,56.406044],[163.000187,56.438354],[163.058202,56.44585],[163.116052,56.500504],[163.020133,56.537641],[162.989949,56.533434],[162.94261,56.449028],[162.909902,56.425691],[162.682944,56.483867],[162.628115,56.439562],[162.573009,56.426825],[162.511729,56.440619],[162.414042,56.38387],[162.401189,56.369765],[162.526467,56.325674],[162.59254,56.26849],[162.495861,56.242058],[162.488218,56.216861],[162.1421,56.129055],[162.056752,56.069135],[162.040212,56.045478],[162.076929,56.022472],[162.018077,55.976142],[162.019334,55.93125],[161.968894,55.895181],[161.920965,55.825491],[161.925338,55.794017],[161.840634,55.70264],[161.777081,55.608327],[161.764131,55.554846],[161.747686,55.375954],[161.812981,55.179184],[161.874766,55.078599],[161.960134,55.034613],[162.046898,54.956488],[162.049487,54.924283],[162.151703,54.862616],[162.107432,54.824693],[162.127609,54.760405],[162.045095,54.725775],[161.976573,54.662502],[161.816905,54.590522],[161.723806,54.509426],[161.636974,54.525702],[161.31186,54.490139],[161.237559,54.51789],[161.209972,54.570787],[161.15089,54.597317],[160.891856,54.570787],[160.741222,54.535224],[160.420421,54.378363],[160.237315,54.248725],[160.160899,54.235053],[160.052989,54.175727],[160.000743,54.13109],[159.901541,53.981879],[159.844086,53.796942],[159.84254,53.739814],[159.86671,53.694485],[159.818207,53.659654],[159.914561,53.590766],[159.918712,53.610745],[159.872895,53.66649],[159.903087,53.673041],[159.930675,53.645087],[159.969249,53.570299],[159.96046,53.496772],[159.948741,53.474758],[159.920177,53.475572],[159.825043,53.5362],[159.791026,53.516303],[159.81544,53.501166],[159.796641,53.481513],[159.859386,53.474758],[159.875824,53.400133],[159.935557,53.392768],[159.928071,53.337592],[159.975352,53.33161],[159.914561,53.268622],[159.969249,53.214667],[159.962169,53.244371],[159.980479,53.265611],[160.017589,53.265204],[160.058604,53.097357],[159.963064,53.113227],[159.931163,53.145941],[159.771495,53.203599],[159.763194,53.242418],[159.825043,53.282945],[159.730154,53.239],[159.632498,53.257148],[159.477712,53.229438],[159.381521,53.16177],[159.290782,53.173733],[159.163829,53.134914],[159.003266,53.07685],[158.708669,52.891791],[158.659028,52.972968],[158.673676,52.99494],[158.591563,53.062161],[158.539724,53.068752],[158.437836,53.025336],[158.41505,52.992743],[158.453868,52.983466],[158.427419,52.946519],[158.435557,52.919745],[158.530447,52.905585],[158.482677,52.940334],[158.506196,52.947455],[158.608165,52.932278],[158.647146,52.899359],[158.606212,52.878241],[158.628429,52.856879],[158.592133,52.82331],[158.544688,52.837307],[158.565196,52.795722],[158.499766,52.778957],[158.495128,52.758734],[158.5713,52.741034],[158.599376,52.713772],[158.59783,52.69245],[158.5713,52.687079],[158.564708,52.647366],[158.500439,52.621315],[158.421153,52.659125],[158.448497,52.61758],[158.427334,52.593768],[158.523611,52.57038],[158.503184,52.501532],[158.530447,52.48786],[158.462087,52.460517],[158.462087,52.432563],[158.421153,52.412095],[158.503184,52.432563],[158.543468,52.420722],[158.5713,52.391669],[158.503184,52.3581],[158.557872,52.313056],[158.489513,52.268134],[158.427419,52.268134],[158.438487,52.243313],[158.390147,52.226223],[158.386485,52.206692],[158.427013,52.184272],[158.372081,52.129584],[158.319021,52.130316],[158.331228,52.073188],[158.286388,52.034247],[158.286876,51.967515],[158.131107,51.85146],[158.118907,51.81623],[158.014822,51.766018],[157.999278,51.728013],[157.918468,51.660834],[157.913341,51.631293],[157.853689,51.622382],[157.759192,51.543983],[157.606456,51.526068],[157.536876,51.48607],[157.473114,51.411112],[157.488048,51.39053],[157.475738,51.361474],[157.351736,51.329657],[157.263031,51.237738],[156.876731,51.018724],[156.669988,50.863917],[156.658235,50.882606],[156.761937,50.984431],[156.761545,51.077974],[156.708094,51.087704],[156.721874,51.195482],[156.6421,51.258368],[156.546886,51.279446],[156.523611,51.31151],[156.519542,51.422919],[156.481619,51.46369],[156.501231,51.775051],[156.439192,52.216031],[156.372775,52.404624],[156.282237,52.529446],[156.37086,52.490058],[156.372325,52.446845],[156.419688,52.471747],[156.446625,52.51142],[156.331309,52.5362],[156.265726,52.598171],[156.111196,52.93542],[155.954683,53.786105],[155.884451,53.981838],[155.871349,54.071234],[155.728038,54.426825],[155.63852,54.769477],[155.644542,54.831529],[155.610037,54.894924],[155.551177,55.284205],[155.686209,56.03913],[155.762055,56.119452],[155.742849,56.145901],[155.78004,56.247504],[155.946544,56.621894],[156.047616,56.765091],[156.125255,56.832017],[156.174001,56.845852],[156.08253,56.767076],[156.063731,56.715969],[156.207774,56.825832],[156.205821,56.854315],[156.461275,56.948406],[156.530361,57.021163],[156.552094,57.108954],[156.656261,57.075914],[156.683849,57.048326],[157.001288,57.425505],[156.977712,57.546088],[156.930675,57.658433],[156.820079,57.735989],[156.749034,57.72956],[156.801036,57.773383],[156.981456,57.857123],[157.051036,57.80508],[157.241873,57.770494],[157.4699,57.803941],[157.557384,57.87641],[157.586681,57.951117],[157.653331,58.003892],[157.639659,58.02497],[157.947032,57.9831],[158.22462,58.025458],[158.338227,57.95303],[158.345551,57.967353],[158.290782,58.003892],[158.295258,58.024848],[158.22877,58.038642],[158.654796,58.269436],[159.023774,58.414781],[159.152517,58.50788],[159.23699,58.467841],[159.232677,58.487372],[159.187511,58.508043],[159.193696,58.541978],[159.401622,58.678046],[159.503673,58.696601],[159.496837,58.716457],[159.609141,58.798651],[159.619802,58.826321],[159.727794,58.883043],[159.75294,58.958197],[159.729666,59.011298],[159.803477,59.096381],[160.21461,59.332465],[160.336274,59.36107],[160.446462,59.455268],[160.466075,59.521064],[160.497325,59.552476],[160.846853,59.617987],[161.038585,59.751776],[161.098318,59.762885],[161.283896,59.870534],[161.337901,59.945299],[161.417724,59.982204],[161.466655,60.032239],[161.532849,60.067615],[161.654186,60.089464],[161.897215,60.202961],[161.94805,60.270098],[161.922374,60.313463],[161.893144,60.303106],[161.938555,60.416788],[162.165212,60.501858],[162.206228,60.538031],[162.402517,60.560614],[162.501801,60.620795],[162.625499,60.610582],[162.753673,60.645941],[162.869133,60.710092],[162.888983,60.752484],[162.916688,60.760006],[163.021398,60.779511],[163.09905,60.754688],[163.122965,60.765549],[163.102306,60.777123],[163.17085,60.781785],[163.193658,60.805211],[163.324821,60.804665],[163.345659,60.799292],[163.295421,60.728461],[163.314789,60.721747],[163.333995,60.725002],[163.394806,60.815134],[163.436234,60.831512],[163.615409,60.869157],[163.69981,60.855588],[163.75104,60.883058],[163.774263,60.91852],[163.734141,60.938544],[163.487303,61.001664],[163.559207,61.047044],[163.618205,61.059158],[163.631338,61.081979],[163.615733,61.104885],[163.666257,61.14486],[163.932791,61.235297],[163.950857,61.300971],[164.028819,61.346625],[164.02296,61.372382],[163.952322,61.434516],[163.84783,61.452867],[163.775693,61.413207],[163.751475,61.443305],[163.759494,61.479001],[163.846202,61.579779],[163.866057,61.646524],[164.044815,61.683433],[164.067882,61.785875],[164.042491,61.842963],[164.089957,61.894704],[164.072705,61.995703],[164.106404,62.023294],[164.079599,62.090505],[164.126776,62.128657],[164.105383,62.167846],[164.125669,62.194046],[164.127194,62.262379],[164.243578,62.327977],[164.418061,62.353483],[164.455454,62.404693],[164.502544,62.412682],[164.538313,62.45111],[164.73903,62.460367],[164.947704,62.40928],[165.225434,62.38288],[165.296886,62.322577],[165.316173,62.324205],[165.287283,62.366116],[165.110875,62.429416],[165.123782,62.450614],[165.387298,62.46592],[165.595063,62.443508],[165.65089,62.459174],[165.353717,62.486968],[165.110029,62.485326],[164.928262,62.536382],[164.765658,62.558323],[164.597937,62.673065],[164.446919,62.689419],[164.374631,62.690866],[164.308268,62.661008],[164.055126,62.656096],[163.908406,62.584374],[163.859362,62.604499],[163.763869,62.602201],[163.625739,62.588707],[163.475536,62.54507],[163.398934,62.575902],[163.387584,62.548449],[163.26705,62.521995],[163.249823,62.507735],[163.268808,62.465642],[163.244099,62.447746],[163.167731,62.432055],[163.234814,62.417599],[163.228589,62.384894],[163.302146,62.375296],[163.368918,62.32767],[163.231523,62.311399],[163.224777,62.293521],[163.241336,62.285331],[163.091487,62.226638],[163.108084,62.153795],[163.150407,62.113302],[163.101079,62.092076],[163.105023,62.079971],[163.193124,62.066623],[163.147789,62.037638],[163.119261,61.988714],[163.068658,61.966621],[163.080176,61.954659],[163.067097,61.936019],[163.026243,61.920971],[163.064055,61.917322],[163.058382,61.898199],[162.976734,61.79957],[163.343387,61.705686],[163.321973,61.693387],[163.326549,61.657856],[163.207899,61.63677],[163.230212,61.611115],[163.165538,61.62995],[163.112097,61.615926],[163.075938,61.58515],[163.107617,61.570855],[163.112069,61.548097],[163.017284,61.516585],[162.9817,61.536851],[162.967636,61.571826],[162.907917,61.57991],[162.908822,61.608737],[162.859798,61.602536],[162.860145,61.616676],[162.943188,61.650097],[162.930675,61.675482],[162.838817,61.707571],[162.765579,61.705107],[162.622667,61.659069],[162.631494,61.637246],[162.746109,61.624102],[162.77484,61.593885],[162.672076,61.604551],[162.417247,61.675849],[162.35061,61.615042],[162.292003,61.617621],[162.327823,61.590455],[162.251958,61.552564],[162.216482,61.557847],[162.228422,61.524512],[162.215449,61.512911],[162.139373,61.496249],[162.095317,61.436383],[162.040782,61.436103],[162.060739,61.417204],[161.98639,61.372619],[161.93939,61.376556],[161.888357,61.430732],[161.889334,61.384589],[161.913018,61.357294],[161.890231,61.335519],[161.807293,61.372207],[161.8021,61.317112],[161.595627,61.255178],[161.603056,61.225919],[161.567145,61.183744],[161.471195,61.195591],[161.460337,61.171433],[161.411906,61.15176],[161.454411,61.136406],[161.445836,61.120964],[161.297566,61.055961],[161.212242,61.05419],[161.183574,60.992607],[160.915149,60.899645],[160.901967,60.860364],[160.847195,60.813603],[160.828489,60.754661],[160.796475,60.74689],[160.791624,60.7177],[160.686757,60.760112],[160.635879,60.715577],[160.559064,60.740607],[160.470185,60.699047],[160.410319,60.706086],[160.442939,60.742745],[160.431016,60.749204],[160.371617,60.722692],[160.381794,60.701606],[160.357586,60.65862],[160.288992,60.639493],[160.281823,60.609231],[160.185933,60.578406],[160.154393,60.576336],[160.136078,60.602118],[160.159693,60.640832],[160.146999,60.662011],[160.219627,60.665108],[160.201863,60.69711],[160.244814,60.71392],[160.233769,60.725022],[160.25141,60.734812],[160.251685,60.772418],[160.170095,60.824897],[160.217763,60.845686],[160.253712,60.82455],[160.241489,60.874577],[160.281543,60.905555],[160.357526,60.910755],[160.353485,60.945156],[160.424876,60.983678],[160.407675,61.005051],[160.444215,61.03622],[160.371824,61.04321],[160.280637,61.018696],[160.201973,61.03822],[159.966353,60.966187],[159.950628,60.940912],[159.885349,60.941389],[159.898667,60.915527],[159.797539,60.931103],[159.828499,60.941519],[159.830488,60.97846],[159.968111,61.058779],[159.952184,61.071255],[160.000141,61.106118],[159.963388,61.18186],[159.918198,61.213638],[159.956233,61.227247],[159.943293,61.243774],[159.907725,61.259426],[159.855497,61.257572],[159.822731,61.23252],[159.775618,61.242206],[159.827616,61.278786],[159.818522,61.289178],[159.908632,61.29352],[159.963657,61.272809],[159.996383,61.284324],[159.910167,61.31391],[159.972472,61.338909],[159.965225,61.378036],[160.052543,61.378876],[160.05092,61.39541],[160.106853,61.429963],[160.088057,61.453158],[160.034989,61.459046],[160.11323,61.499679],[160.217476,61.511884],[160.28514,61.554107],[160.251228,61.575195],[160.284821,61.606311],[160.259832,61.62507],[160.312951,61.644861],[160.318794,61.66677],[160.259055,61.690378],[160.413958,61.764781],[160.361978,61.813544],[160.400255,61.831354],[160.371336,61.871862],[160.391288,61.881377],[160.345958,61.916693],[160.345714,61.944729],[160.039012,61.846246],[159.966724,61.758828],[159.880744,61.705208],[159.805515,61.722103],[159.787644,61.700063],[159.726204,61.701985],[159.707729,61.720992],[159.707987,61.685159],[159.577213,61.652771],[159.519415,61.674648],[159.511656,61.700354],[159.539852,61.73503],[159.536511,61.785284],[159.565586,61.816648],[159.530251,61.819377],[159.526067,61.796117],[159.485485,61.792535],[159.477569,61.763559],[159.356068,61.816506],[159.40249,61.853085],[159.359874,61.893012],[159.117796,61.91666],[158.894867,61.894355],[158.844981,61.85871],[158.853038,61.826321],[158.837169,61.821112],[158.548492,61.830419],[158.520599,61.798275],[158.484988,61.789698],[158.402915,61.822219],[158.260227,61.825934],[158.080164,61.734],[157.793657,61.781177],[157.537341,61.791946],[157.464509,61.782105],[157.393295,61.74583],[157.35654,61.714753],[157.364644,61.685394],[157.256605,61.693135],[157.027599,61.65058],[156.923833,61.551813],[156.797855,61.515999],[156.670423,61.516027],[156.693293,61.512058],[156.631684,61.423896],[156.623794,61.370591],[156.648543,61.327985],[156.619877,61.275328],[156.651451,61.250707],[156.654971,61.19676],[156.546888,61.209226],[156.373897,61.148768],[156.091173,61.001567],[156.029922,60.944727],[155.94306,60.922629],[155.972621,60.904677],[155.916779,60.859378],[155.90339,60.795962],[155.920739,60.754794],[155.913621,60.703583],[155.829845,60.72899],[155.724824,60.6551],[155.570962,60.625549],[155.540652,60.592149],[155.492073,60.581982],[155.479773,60.533924],[155.431511,60.515222],[155.340281,60.524582],[155.240599,60.484278],[155.137593,60.41141],[154.952403,60.367418],[154.813691,60.271658],[154.833258,60.303173],[154.804235,60.288853],[154.761078,60.228176],[154.69212,60.201314],[154.509729,60.024956],[154.48759,59.946307],[154.479157,59.973307],[154.498975,60.028848],[154.563698,60.093705],[154.407835,60.062928],[154.40669,60.036173],[154.466715,59.967587],[154.487804,59.896308],[154.473481,59.87934],[154.397797,59.847968],[154.432628,59.896308],[154.28072,59.891683],[154.22077,59.86962],[154.22877,59.730373],[154.368251,59.574686],[154.285809,59.623627],[154.276159,59.650074],[154.220074,59.663976],[154.195811,59.626939],[154.196601,59.583167],[154.149287,59.53642],[154.109463,59.539747],[154.075043,59.509182],[154.138438,59.456977],[154.297877,59.442553],[154.353881,59.489884],[154.356944,59.525824],[154.402311,59.535015],[154.409907,59.506508],[154.379893,59.470038],[154.42685,59.420882],[154.515856,59.410386],[154.536779,59.422841],[154.436046,59.484198],[154.428762,59.547034],[154.554124,59.513399],[154.644287,59.543434],[154.782954,59.471286],[154.877596,59.46081],[154.962901,59.49608],[155.014945,59.476413],[155.023353,59.436657],[155.166759,59.37934],[155.209713,59.34388],[155.193372,59.32961],[155.215758,59.305493],[155.157625,59.296358],[155.197176,59.237229],[155.149608,59.221569],[155.194102,59.175767],[154.813301,59.194172],[154.785141,59.156062],[154.804879,59.132226],[154.790698,59.131347],[154.677516,59.145639],[154.501565,59.217887],[154.438021,59.215521],[154.332723,59.191753],[154.35771,59.110587],[154.340822,59.118433],[154.278943,59.085928],[154.192393,59.101264],[154.048676,59.052802],[153.90504,59.086982],[153.802013,59.172309],[153.691975,59.185061],[153.768557,59.246583],[153.648024,59.190771],[153.495242,59.233716],[153.369151,59.241278],[153.34839,59.153625],[153.283539,59.148993],[153.284233,59.131324],[153.35022,59.13402],[153.337275,59.089887],[153.0901,59.083094],[153.006708,59.060565],[152.988607,59.02931],[152.943316,59.007021],[152.899913,58.903632],[152.816789,58.926275],[152.731502,58.909132],[152.664813,58.940422],[152.55674,58.949981],[152.363292,59.059719],[152.339366,59.055487],[152.356456,59.032375],[152.342296,59.01968],[152.166129,58.984063],[152.156652,58.926503],[152.110262,58.895286],[152.020298,58.875037],[151.811889,58.870507],[151.71728,58.848956],[151.452841,58.864754],[151.353665,58.832562],[151.337277,58.838867],[151.359093,58.855993],[151.238068,58.962506],[151.236028,58.998267],[151.183604,59.01675],[151.08805,59.10202],[151.102061,59.114325],[151.216528,59.091682],[151.343374,59.119548],[151.437731,59.170317],[151.657481,59.161444],[151.766041,59.133628],[151.837998,59.152703],[151.924342,59.137779],[152.109357,59.155798],[152.225229,59.202169],[152.322238,59.207409],[152.311827,59.226649],[152.136729,59.29621],[151.979015,59.265082],[151.901353,59.303016],[151.734298,59.307264],[151.727593,59.322196],[151.770278,59.349664],[151.70524,59.389542],[151.665509,59.45944],[151.580253,59.503255],[151.51588,59.509101],[151.491009,59.541936],[151.429408,59.56456],[151.460579,59.569392],[151.450911,59.577145],[151.396057,59.604163],[151.3221,59.555888],[151.063069,59.579334],[150.906743,59.559352],[150.90438,59.531866],[150.938357,59.518795],[150.910167,59.491034],[150.937185,59.484198],[150.941833,59.461225],[150.779912,59.432263],[150.74012,59.439773],[150.774396,59.465413],[150.765622,59.484321],[150.503741,59.488666],[150.77156,59.536958],[150.774348,59.561915],[150.601303,59.54096],[150.516368,59.557034],[150.51876,59.57224],[150.468272,59.580878],[150.456806,59.61259],[150.306,59.646186],[150.167735,59.652777],[150.00449,59.700363],[149.597725,59.758205],[149.438006,59.73645],[149.380138,59.753811],[149.375255,59.772203],[149.326834,59.758612],[149.378593,59.724654],[149.132907,59.640736],[149.040701,59.64289],[149.042247,59.614488],[149.104019,59.592341],[149.081065,59.559963],[149.201345,59.524888],[149.212087,59.469143],[149.114594,59.493354],[148.968435,59.452216],[148.953868,59.470608],[148.892263,59.466783],[148.84018,59.501288],[148.88795,59.546291],[148.845958,59.55272],[148.743429,59.471578],[148.720245,59.420864],[148.735705,59.368391],[148.814009,59.363535],[148.865408,59.404853],[148.861339,59.353909],[148.915863,59.395453],[148.989906,59.375377],[148.992492,59.356102],[148.933744,59.317273],[148.930333,59.29678],[148.96419,59.27327],[148.934522,59.233273],[148.841563,59.276557],[148.799035,59.271311],[148.787937,59.236484],[148.739022,59.237032],[148.728038,59.259546],[148.685716,59.265684],[148.58978,59.241584],[148.437466,59.262317],[148.393728,59.379299],[148.219436,59.40887],[147.845463,59.376615],[147.788748,59.34394],[147.846569,59.296919],[147.825501,59.269605],[147.738536,59.262397],[147.656098,59.301947],[147.591075,59.304145],[147.565278,59.293036],[147.545999,59.237547],[147.437673,59.260891],[147.374522,59.302965],[147.271495,59.332099],[147.198939,59.312919],[147.055837,59.362982],[146.860525,59.361314],[146.719574,59.381903],[146.697276,59.394355],[146.693477,59.423616],[146.503917,59.463121],[146.439642,59.460409],[146.319141,59.401694],[146.312185,59.278754],[146.333263,59.259345],[146.319021,59.23786],[146.363108,59.212811],[146.322957,59.179952],[146.204619,59.20462],[146.135788,59.169389],[146.099132,59.174384],[146.050292,59.138873],[145.976199,59.143316],[145.989906,59.172418],[145.93214,59.213202],[145.824962,59.241278],[145.843909,59.292736],[145.946496,59.355321],[145.975797,59.398749],[145.957006,59.416723],[145.889428,59.401967],[145.818126,59.415961],[145.808898,59.366828],[145.692638,59.411689],[145.674653,59.436428],[145.353689,59.392727],[145.228718,59.407976],[145.000759,59.369583],[144.76295,59.381171],[144.804454,59.395453],[144.613292,59.395453],[144.694591,59.374945],[144.454845,59.374945],[144.365733,59.381171],[144.448253,59.381171],[144.379649,59.402289],[144.281098,59.387641],[143.93801,59.405078],[143.903911,59.42271],[143.493617,59.318518],[143.164806,59.381008],[143.139171,59.361314],[143.159679,59.353909],[142.581798,59.226102],[142.26238,59.124579],[142.01531,58.99726],[141.781912,58.764716],[141.583734,58.617749],[141.248509,58.476892],[141.185633,58.456356],[141.105425,58.459215],[140.904307,58.382758],[140.740001,58.271308],[140.666759,58.191107],[140.518728,57.932522],[140.495728,57.844774],[140.345776,57.786836],[140.302446,57.747788],[140.223318,57.76024],[140.034841,57.71308],[139.93487,57.653298],[139.789678,57.482731],[139.712087,57.491767],[139.620572,57.467344],[139.563068,57.430056],[139.522202,57.359637],[139.418459,57.297194],[139.380023,57.308162],[139.317068,57.277608],[139.196544,57.27265],[139.068733,57.207021],[139.025624,57.140003],[138.989897,57.154255],[138.932957,57.135025],[138.922476,57.058116],[138.88511,57.019113],[138.806057,57.031614],[138.787305,57.006157],[138.661615,56.977943],[138.605628,56.945224],[138.56152,56.826548],[138.581736,56.784509],[138.543363,56.793859],[138.549835,56.859518],[138.454448,56.839337],[138.466609,56.816607],[138.396007,56.731269],[138.290205,56.692131],[138.261875,56.654305],[138.260511,56.615821],[138.23099,56.624487],[138.129649,56.585639],[138.125126,56.506933],[138.174698,56.471758],[138.257773,56.46605],[138.223477,56.42416],[138.163081,56.451136],[138.069428,56.437755],[138.053683,56.387851],[137.914067,56.359526],[137.834428,56.225476],[137.776287,56.211273],[137.723096,56.158949],[137.723597,56.136324],[137.571951,56.116523],[137.500255,56.062812],[137.443661,56.048512],[137.390831,55.945607],[137.331075,55.968905],[137.295634,55.961322],[137.0467,55.81909],[137.049797,55.793116],[136.90992,55.771267],[136.773285,55.660549],[136.670964,55.646398],[136.623072,55.616037],[136.565515,55.623199],[136.529477,55.580403],[136.430161,55.565246],[136.319021,55.486558],[136.307671,55.424624],[136.268708,55.41494],[136.219779,55.354589],[136.17806,55.343119],[136.161627,55.318284],[135.981079,55.244811],[135.868943,55.173886],[135.81085,55.171362],[135.706348,55.115413],[135.670469,55.121306],[135.469064,55.056664],[135.455424,55.028827],[135.339218,54.980713],[135.219571,54.894121],[135.17335,54.821275],[135.265147,54.721666],[135.244151,54.701239],[135.340831,54.71483],[135.654145,54.665961],[135.680186,54.649604],[135.698578,54.599026],[135.750173,54.57095],[135.979991,54.580797],[136.206716,54.620673],[136.534923,54.595526],[136.598399,54.622707],[136.662446,54.685248],[136.677094,54.673896],[136.658946,54.637437],[136.681407,54.614691],[136.720225,54.614447],[136.775564,54.650824],[136.823497,54.647528],[136.814464,54.626125],[136.883311,54.591376],[136.807465,54.516262],[136.841645,54.488267],[136.818044,54.473456],[136.840831,54.432318],[136.758637,54.436957],[136.738617,54.413804],[136.752289,54.365424],[136.820649,54.316107],[136.752289,54.283515],[136.814464,54.248725],[136.762869,54.204047],[136.814464,54.159329],[136.768809,54.080227],[136.780284,54.063788],[136.689138,54.012274],[136.692068,53.98017],[136.65919,53.935045],[136.684744,53.808498],[136.775157,53.773098],[136.821788,53.788398],[136.842052,53.828762],[136.898692,53.846991],[137.019786,53.851508],[137.107921,53.807929],[137.18572,53.85106],[137.290863,54.035712],[137.271658,54.050238],[137.156993,54.044013],[137.138194,54.083441],[137.061371,54.145697],[137.177501,54.20775],[137.260509,54.227444],[137.300141,54.271918],[137.394786,54.308295],[137.643321,54.297187],[137.711681,54.330471],[137.73585,54.32099],[137.726248,54.295478],[137.504242,54.136542],[137.483897,54.084662],[137.450206,54.089057],[137.460704,54.124172],[137.43686,54.145697],[137.307872,54.118354],[137.29363,54.07746],[137.320079,54.049465],[137.438162,54.037014],[137.590505,53.956122],[137.636241,53.967597],[137.771332,53.943549],[137.862804,53.967597],[137.773936,53.899319],[137.678966,53.877834],[137.609141,53.834418],[137.565929,53.770941],[137.563975,53.726874],[137.500255,53.698188],[137.487966,53.670559],[137.345388,53.66474],[137.27768,53.6164],[137.217621,53.600572],[137.228201,53.566799],[137.335134,53.529364],[137.678071,53.550116],[137.918224,53.586615],[138.047211,53.650458],[138.150076,53.672756],[138.28419,53.738511],[138.366384,53.909491],[138.578624,53.999335],[138.564952,53.942084],[138.588878,53.879381],[138.579926,53.828315],[138.378754,53.684149],[138.353282,53.660102],[138.345063,53.607123],[138.246104,53.566352],[138.246837,53.532782],[138.215587,53.491767],[138.284434,53.524848],[138.43922,53.513658],[138.527843,53.564154],[138.655772,53.731757],[138.696788,53.818671],[138.682465,53.875434],[138.76059,53.975246],[138.771821,54.01557],[138.7671,54.104682],[138.664724,54.07746],[138.725434,54.159329],[138.746593,54.242499],[138.734386,54.266343],[138.643565,54.297187],[138.738536,54.315985],[138.934418,54.253079],[139.302257,54.190619],[139.767589,54.303941],[139.803559,54.286811],[139.794932,54.238837],[139.815929,54.215155],[139.883637,54.187323],[139.918468,54.200344],[139.920421,54.175686],[140.00172,54.122992],[140.240571,54.056952],[140.235688,54.001288],[140.330821,53.970282],[140.251964,53.89057],[140.257335,53.868557],[140.3567,53.790025],[140.521739,53.727037],[140.539806,53.671698],[140.581228,53.639309],[140.713145,53.58161],[141.09783,53.474758],[140.949718,53.488959],[140.930919,53.436347],[140.995372,53.448432],[141.035411,53.409735],[141.12436,53.392768],[141.117686,53.37523],[141.229259,53.315985],[141.407481,53.303778],[141.398123,53.255601],[141.357758,53.220893],[141.424001,53.217841],[141.412446,53.194973],[141.432953,53.148871],[141.375499,53.12344],[141.349783,53.091132],[141.364431,53.073391],[141.253673,53.087836],[141.186371,53.050198],[141.261567,53.035875],[141.188813,52.987494],[141.131847,52.987494],[140.894786,53.07685],[140.860688,53.118476],[140.729991,53.126939],[140.706716,53.111029],[140.876231,53.038479],[140.933442,53.031562],[140.966075,52.944648],[141.044932,52.924262],[141.08253,52.883979],[141.197765,52.848822],[141.26059,52.85224],[141.20102,52.777411],[141.270274,52.735256],[141.316254,52.659125],[141.235118,52.526313],[141.117686,52.448961],[141.128184,52.422919],[141.186371,52.350653],[141.258311,52.323717],[141.278982,52.293443],[141.349783,52.268134],[141.40211,52.225531],[141.54005,52.220771],[141.555837,52.162299],[141.550629,52.149848],[141.493663,52.172309],[141.354991,52.105902],[141.342784,52.093817],[141.364024,52.083726],[141.302582,52.021674],[141.417817,51.954739],[141.425548,51.925482],[141.280121,51.880316],[141.200206,51.823676],[141.169119,51.751044],[141.109223,51.678778],[140.987966,51.659247],[140.915294,51.623847],[140.901378,51.494086],[140.822765,51.480414],[140.800059,51.454169],[140.818858,51.416734],[140.896007,51.428778],[140.87379,51.371772],[140.8296,51.343248],[140.70574,51.334784],[140.68629,51.312812],[140.713552,51.261379],[140.658946,51.223822],[140.679454,51.199286],[140.667328,51.131415],[140.704356,51.092353],[140.706716,51.031684],[140.665212,51.008124],[140.673595,50.94831],[140.599864,50.928453],[140.529796,50.862372],[140.542247,50.805121],[140.480724,50.747382],[140.46339,50.698961],[140.514903,50.617092],[140.483897,50.607164],[140.442149,50.530097],[140.514903,50.445746],[140.545421,50.344062],[140.514903,50.294908],[140.536957,50.23607],[140.52296,50.151068],[140.600597,50.075181],[140.68629,50.103176],[140.690929,50.080268],[140.48227,49.975287],[140.446056,49.890855],[140.415212,49.874579],[140.458507,49.805609],[140.535004,49.777411],[140.542247,49.756781],[140.507498,49.691636],[140.560802,49.575385],[140.521169,49.527167],[140.518321,49.4914],[140.454275,49.420844],[140.435557,49.294379],[140.335948,49.287543],[140.390229,49.275051],[140.345714,49.229193],[140.35019,49.198188],[140.376801,49.205634],[140.356456,49.095771],[140.294932,49.088324],[140.343598,49.047065],[140.219249,49.013861],[140.264496,49.012274],[140.274425,49.00019],[140.248383,48.976304],[140.281261,48.965399],[140.359141,49.021308],[140.39796,48.992743],[140.352306,48.910224],[140.253917,48.848049],[140.212983,48.767401],[140.185802,48.650092],[140.193451,48.581122],[140.171967,48.568183],[140.192638,48.530341],[140.177013,48.461819],[140.072113,48.398627],[140.034923,48.327948],[139.951264,48.304877],[139.767345,48.18769],[139.651866,48.068752],[139.507335,47.961493],[139.390473,47.904242],[139.261729,47.787909],[139.205658,47.663804],[139.15089,47.621772],[139.065196,47.496324],[139.037364,47.401068],[138.990489,47.363227],[138.969493,47.317532],[138.890717,47.305162],[138.562755,47.029934],[138.513276,46.940823],[138.501557,46.866156],[138.40976,46.780951],[138.349132,46.664252],[138.344574,46.548733],[138.202403,46.454332],[138.113048,46.289496],[138.100352,46.227973],[138.034028,46.155951],[137.944428,46.107815],[137.938243,46.073635],[137.782074,45.94599],[137.671479,45.794623],[137.396739,45.623928],[137.144542,45.374661],[137.082774,45.355211],[136.810802,45.193183],[136.78004,45.107856],[136.690522,45.038967],[136.663341,45.038967],[136.558197,44.94831],[136.553477,44.894965],[136.450287,44.826646],[136.443614,44.785102],[136.426117,44.77265],[136.354584,44.788804],[136.341075,44.757758],[136.306977,44.744086],[136.328868,44.707343],[136.274506,44.692939],[136.235362,44.651679],[136.228119,44.569729],[136.200531,44.560533],[136.165294,44.496527],[136.046397,44.449897],[135.998546,44.456122],[135.837901,44.362698],[135.819428,44.290595],[135.786225,44.258124],[135.720958,44.236558],[135.704845,44.198391],[135.655854,44.168687],[135.659679,44.116441],[135.624034,44.038479],[135.54127,44.003974],[135.511974,43.921698],[135.463634,43.949652],[135.463634,43.894436],[135.518809,43.880764],[135.425792,43.76317],[135.275401,43.688951],[135.235606,43.734076],[135.182221,43.710639],[135.230724,43.682115],[135.223888,43.644599],[135.13795,43.539496],[135.139903,43.508368],[134.974701,43.45954],[134.835704,43.379706],[134.770274,43.315253],[134.702891,43.304185],[134.430431,43.157904],[134.193696,43.079779],[134.10849,42.995673],[134.049571,42.973293],[133.926768,42.882717],[133.83961,42.89761],[133.729991,42.845445],[133.717296,42.816636],[133.671641,42.852851],[133.593354,42.852851],[133.572276,42.826239],[133.524425,42.826239],[133.420177,42.77143],[133.237397,42.743964],[133.157725,42.688422],[133.024425,42.699368],[132.996349,42.722561],[133.078868,42.749823],[132.996349,42.804429],[133.010509,42.818752],[132.989757,42.826972],[132.900483,42.815579],[132.887706,42.763495],[132.865001,42.748114],[132.815929,42.756415],[132.791108,42.820502],[132.757335,42.832424],[132.773692,42.875067],[132.763438,42.908149],[132.681651,42.873358],[132.695323,42.859687],[132.577891,42.840399],[132.510509,42.871405],[132.502696,42.924302],[132.404389,42.942288],[132.345795,42.900702],[132.360118,42.859687],[132.311534,42.845445],[132.28769,42.890448],[132.304942,43.064032],[132.291108,43.085639],[132.320567,43.094184],[132.31837,43.120429],[132.33961,43.134019],[132.329112,43.174994],[132.381684,43.19123],[132.307709,43.238186],[132.345795,43.267157],[132.345795,43.297919],[132.289561,43.312567],[132.281993,43.27851],[132.226654,43.229804],[132.095958,43.180976],[132.029633,43.116523],[131.929942,43.069566],[131.886485,43.085639],[131.920665,43.120429],[131.859141,43.085639],[131.849864,43.100491],[131.911713,43.197577],[131.996837,43.238715],[132.052013,43.314765],[132.031016,43.325141],[131.992035,43.273098],[131.968354,43.270575],[131.978119,43.29206],[131.956798,43.305854],[131.895274,43.31863],[131.846039,43.305365],[131.826671,43.337958],[131.764252,43.291693],[131.750499,43.225287],[131.722667,43.209784],[131.763927,43.185858],[131.730724,43.17414],[131.694672,43.202338],[131.646983,43.16885],[131.666759,43.156887],[131.694672,43.174994],[131.664887,43.12519],[131.562999,43.038316],[131.564952,42.996283],[131.499522,42.999986],[131.496104,42.942288],[131.393891,42.945014],[131.386241,42.914293],[131.410737,42.900946],[131.400401,42.873358],[131.47169,42.873236],[131.378917,42.831122],[131.352017,42.774328],[131.300134,42.793277],[131.273127,42.777331],[131.236447,42.706644],[131.262299,42.681098],[131.224213,42.66059],[131.201182,42.614025],[131.23409,42.588854],[131.212751,42.583939],[131.219547,42.554712],[131.167003,42.575629],[131.18065,42.605205],[131.126903,42.617256],[131.120347,42.66719],[131.087027,42.640375],[130.994884,42.640692],[130.889659,42.599595],[130.815478,42.634172],[130.889481,42.638612],[130.93214,42.618354],[130.949714,42.653123],[130.786981,42.653764],[130.832042,42.674058],[130.825457,42.699322],[130.745349,42.681096],[130.720758,42.700025],[130.65667,42.66408],[130.660789,42.643185],[130.732921,42.615546],[130.729503,42.579169],[130.774181,42.596829],[130.872895,42.527655],[130.843028,42.519761],[130.838715,42.472357],[130.786632,42.461859],[130.703603,42.295241],[130.662753,42.32057],[130.645803,42.400876],[130.587408,42.432011],[130.530771,42.53048],[130.584515,42.568901],[130.571906,42.621818],[130.503899,42.67781],[130.40375,42.677551],[130.379669,42.696671],[130.407161,42.735377],[130.586478,42.817258],[130.734893,42.824493],[130.769516,42.865808],[130.794321,42.869064],[130.856229,42.849763],[130.992448,42.848729],[131.023868,42.896272],[131.103036,42.910431],[131.078335,43.031819],[131.183961,43.120806],[131.169078,43.201705],[131.237705,43.265836],[131.247937,43.344203],[131.280906,43.380221],[131.274292,43.451199],[131.160707,43.53277],[131.192023,43.588633],[131.170319,43.781101],[131.217344,43.908484],[131.206699,43.974785],[131.217758,44.016074],[131.264473,44.054211],[131.065829,44.682028],[131.021387,44.746882],[130.930127,44.824965],[130.933434,44.841708],[131.024798,44.862431],[131.051566,44.909043],[131.110064,44.919533],[131.17652,44.90341],[131.329482,44.967644],[131.433765,44.961288],[131.609052,45.089704],[131.622384,45.123655],[131.605227,45.164635],[131.627758,45.198483],[131.723153,45.215329],[131.785268,45.304729],[131.853068,45.337596],[131.914563,45.260133],[131.968823,45.233984],[132.839777,45.059163],[132.92122,45.027899],[132.966178,45.028881],[133.09878,45.10779],[133.127202,45.155384],[133.09754,45.243544],[133.10188,45.287211],[133.133196,45.419606],[133.179808,45.493813],[133.374835,45.573085],[133.413489,45.573343],[133.427649,45.615253],[133.477258,45.627707],[133.456691,45.648791],[133.4878,45.68667],[133.443048,45.709666],[133.511364,45.778551],[133.477258,45.820098],[133.514362,45.879268],[133.585882,45.876322],[133.617611,45.936267],[133.658125,45.93451],[133.720034,46.063753],[133.687374,46.141836],[133.741014,46.159044],[133.793518,46.214286],[133.830105,46.196871],[133.855323,46.236559],[133.902452,46.258986],[133.89377,46.301878],[133.915991,46.312988],[133.874443,46.319784],[133.863384,46.339291],[133.933871,46.390761],[133.854393,46.44466],[133.845814,46.470653],[133.89191,46.52897],[133.902452,46.573644],[133.988028,46.625166],[134.014796,46.665034],[134.044665,46.772004],[134.016657,46.819469],[134.062752,46.906854],[134.06916,46.981242],[134.124247,47.070513],[134.197111,47.085163],[134.22729,47.117745],[134.189773,47.172936],[134.197214,47.205337],[134.154116,47.257892],[134.183571,47.3275],[134.245066,47.355095],[134.312866,47.42013],[134.414978,47.439224],[134.484638,47.430181],[134.556882,47.471186],[134.682662,47.587846],[134.692894,47.648901],[134.772579,47.710732],[134.769789,47.741015],[134.676461,47.824317],[134.657754,47.886691],[134.587681,47.925913],[134.601324,47.944129],[134.559362,48.009525],[134.586441,48.06115],[134.682972,48.135513],[134.687417,48.219849],[134.718733,48.263412],[134.611349,48.285426],[134.542619,48.357308],[134.471306,48.339893],[134.38635,48.381337],[134.057171,48.32718],[133.966427,48.278656],[133.737914,48.251087],[133.670218,48.18998],[133.59384,48.164193],[133.55994,48.113292],[133.524387,48.095438],[133.301455,48.101277],[133.223733,48.125978],[133.091958,48.10678],[133.032841,48.056758],[132.940753,48.026708],[132.805878,47.936197],[132.722472,47.958934],[132.67462,47.950614],[132.660357,47.931339],[132.668005,47.881316],[132.576434,47.794241],[132.574161,47.739594],[132.524655,47.707528],[132.332418,47.736519],[132.161679,47.69001],[132.025357,47.697865],[131.914046,47.667634],[131.702999,47.69616],[131.603264,47.661536],[131.440896,47.74117],[131.210109,47.709208],[131.103863,47.676548],[130.96568,47.703937],[130.941805,47.717967],[130.941702,47.820596],[130.906976,47.884262],[130.674742,48.063941],[130.674742,48.135926],[130.752773,48.189618],[130.773857,48.244188],[130.823983,48.294159],[130.822123,48.333769],[130.779645,48.356378],[130.743265,48.411594],[130.758974,48.485724],[130.715876,48.499056],[130.626373,48.482261],[130.620171,48.5605],[130.529738,48.616258],[130.674328,48.870817],[130.5409,48.853453],[130.439717,48.8965],[130.249341,48.864512],[130.201799,48.882599],[129.974216,49.015149],[129.926467,49.025691],[129.920679,49.081863],[129.841511,49.1092],[129.841511,49.167181],[129.741775,49.195706],[129.711183,49.274151],[129.551813,49.290481],[129.527732,49.384842],[129.480603,49.421274],[129.378697,49.425046],[129.373219,49.369856],[129.340973,49.341175],[129.21788,49.390785],[129.115354,49.348772],[129.066881,49.361639],[128.998151,49.441273],[128.879192,49.47972],[128.76013,49.470883],[128.754135,49.502458],[128.799507,49.531861],[128.801678,49.565141],[128.671866,49.611443],[128.628665,49.575321],[128.383512,49.579352],[128.344755,49.547985],[128.26786,49.558785],[128.198304,49.538993],[128.067149,49.546693],[127.96793,49.603227],[127.920698,49.581109],[127.854655,49.584881],[127.703605,49.660639],[127.679989,49.739187],[127.644281,49.767144],[127.538654,49.789934],[127.506718,49.844297],[127.534003,49.922484],[127.494419,49.973178],[127.486668,50.02563],[127.570177,50.130223],[127.590641,50.208719],[127.354634,50.298636],[127.330656,50.328195],[127.35851,50.415115],[127.288953,50.466016],[127.367088,50.577792],[127.343989,50.627764],[127.288953,50.675151],[127.287352,50.751012],[127.220741,50.788167],[127.144259,50.903509],[127.032328,50.972445],[126.931766,51.063783],[126.905153,51.208116],[126.977758,51.29656],[126.972177,51.324],[126.899365,51.316507],[126.869909,51.251731],[126.84588,51.251472],[126.808983,51.289067],[126.827018,51.338986],[126.897505,51.361956],[126.909442,51.391102],[126.800301,51.418956],[126.792705,51.459056],[126.830377,51.508123],[126.807432,51.53422],[126.676898,51.576595],[126.723717,51.635893],[126.707335,51.685632],[126.725577,51.708731],[126.647907,51.741261],[126.43929,51.997861],[126.467092,52.031657],[126.514427,52.042535],[126.555975,52.130643],[126.53117,52.152658],[126.316713,52.199761],[126.312217,52.22795],[126.43929,52.275286],[126.315731,52.316213],[126.350716,52.376907],[126.275992,52.463285],[126.200338,52.467083],[126.212327,52.533048],[126.082774,52.593354],[126.028049,52.566379],[125.990842,52.58643],[125.973168,52.631569],[125.98278,52.65304],[126.068615,52.679886],[126.035128,52.727119],[126.104065,52.754455],[126.088045,52.77541],[126.017817,52.782387],[125.976941,52.764997],[125.867438,52.849359],[125.863717,52.888582],[125.837363,52.90672],[125.64647,52.884887],[125.660939,52.919355],[125.71985,52.946304],[125.733545,52.981651],[125.65019,53.02338],[125.621355,53.062137],[125.521309,53.042422],[125.476506,53.083505],[125.073688,53.212205],[124.897678,53.185514],[124.879178,53.153863],[124.896231,53.117663],[124.870135,53.108],[124.801353,53.155155],[124.72017,53.148824],[124.688285,53.193602],[124.651595,53.208769],[124.500493,53.213678],[124.383704,53.246131],[124.253066,53.375503],[124.182218,53.378552],[124.121808,53.352688],[124.01737,53.407025],[123.970551,53.455188],[123.850197,53.494979],[123.701782,53.510068],[123.614294,53.563347],[123.541895,53.514099],[123.519571,53.51999],[123.547476,53.540506],[123.514404,53.562416],[123.494766,53.560091],[123.481537,53.518078],[123.340254,53.561435],[123.252559,53.567791],[123.153599,53.513117],[123.002548,53.507329],[122.859663,53.473946],[122.401603,53.45095],[122.316751,53.496012],[122.168698,53.469141],[122.081623,53.429505],[121.888973,53.43059],[121.64103,53.384908],[121.512148,53.329821],[121.340996,53.323646],[121.203485,53.276749],[120.874255,53.28016],[120.825989,53.261866],[120.82387,53.235227],[120.714058,53.185049],[120.614787,53.09707],[120.450301,53.008342],[120.280182,52.865922],[120.032962,52.760657],[120.052909,52.693012],[120.033789,52.625368],[120.079368,52.589969],[120.175951,52.583742],[120.454022,52.639036],[120.72398,52.542169],[120.69039,52.439126],[120.626156,52.346806],[120.65494,52.299109],[120.758086,52.237407],[120.753745,52.194464],[120.784079,52.158006],[120.77917,52.117595],[120.697314,52.04871],[120.705789,51.979955],[120.647602,51.911019],[120.566315,51.905334],[120.493141,51.875724],[120.464822,51.840196],[120.319301,51.77604],[120.165616,51.668553],[120.100452,51.659949],[120.056733,51.596387],[120.052909,51.552203],[119.977203,51.487013],[119.982733,51.442158],[119.952864,51.397665],[119.895296,51.383971],[119.915657,51.330744],[119.819642,51.274727],[119.814991,51.215893],[119.762178,51.21504],[119.785432,51.171658],[119.758147,51.158015],[119.740835,51.071535],[119.517955,50.904801],[119.52798,50.866767],[119.497491,50.835916],[119.514854,50.79194],[119.496664,50.737059],[119.442817,50.685073],[119.391658,50.67205],[119.373726,50.64275],[119.293576,50.599238],[119.243656,50.445501],[119.137565,50.392532],[119.141234,50.376616],[119.180508,50.369795],[119.17534,50.356101],[119.356621,50.340753],[119.365509,50.310832],[119.33378,50.27626],[119.34396,50.142419],[119.31621,50.092654],[119.208516,50.015139],[119.091676,49.986562],[118.923779,49.991627],[118.741465,49.953076],[118.644365,49.954575],[118.521272,49.894062],[118.477037,49.835977],[118.393734,49.820009],[118.37296,49.786316],[118.229403,49.729214],[118.188475,49.681258],[117.893816,49.546641],[117.873766,49.513206],[117.758838,49.512741],[117.47286,49.614285],[117.252925,49.62245],[117.057588,49.672886],[116.722312,49.801664],[116.575447,49.92176],[116.21764,50.013848],[116.053619,49.998448],[115.716275,49.877784],[115.387819,49.891064],[115.210156,49.97168],[114.997352,50.144331],[114.75375,50.236211],[114.659699,50.251404],[114.473043,50.234041],[114.286285,50.276881],[113.973125,50.160505],[113.849825,50.080717],[113.75226,50.078598],[113.579661,50.019945],[113.182683,49.801974],[113.087495,49.687408],[113.06083,49.595992],[112.947348,49.576096],[112.777126,49.501372],[112.701472,49.491295],[112.58427,49.526332],[112.473269,49.534135],[112.030195,49.411869],[111.661019,49.396366],[111.479117,49.343346],[111.338454,49.36474],[111.273549,49.32283],[111.13857,49.291566],[110.965557,49.207385],[110.731359,49.137674],[110.603615,49.145322],[110.451273,49.194569],[110.371175,49.24175],[110.268339,49.177051],[110.181419,49.161962],[109.81772,49.227746],[109.728527,49.266451],[109.51624,49.255909],[109.474382,49.269138],[109.450714,49.305932],[109.286693,49.33854],[109.160603,49.346653],[109.032962,49.327895],[108.930488,49.348824],[108.538057,49.32743],[108.334865,49.436363],[108.23637,49.532482],[108.106197,49.554341],[108.015711,49.602245],[108.015815,49.65573],[107.927448,49.670044],[107.955767,49.745544],[107.930032,49.851429],[107.952614,49.897472],[107.946517,49.933491],[107.80792,49.943878],[107.729321,49.971938],[107.364071,49.976124],[107.30485,50.010023],[107.192196,50.006044],[107.057113,50.074102],[106.973656,50.196369],[106.788293,50.291505],[106.656518,50.327007],[106.439787,50.327937],[106.222281,50.292384],[106.135309,50.32711],[106.055934,50.33357],[106.038933,50.371397],[105.984879,50.399767],[105.779259,50.428913],[105.639371,50.421936],[105.32864,50.476455],[105.240739,50.458006],[105.10576,50.390052],[104.901586,50.389794],[104.789552,50.352638],[104.671884,50.348297],[104.610441,50.314191],[104.405802,50.300548],[104.268963,50.228873],[104.198115,50.170014],[104.121685,50.148258],[104.03952,50.141178],[103.785272,50.186137],[103.66807,50.131205],[103.601407,50.13353],[103.43873,50.192596],[103.276776,50.197557],[103.20169,50.296983],[102.927391,50.302977],[102.762595,50.374807],[102.617798,50.399302],[102.513101,50.503688],[102.302933,50.563892],[102.271566,50.620942],[102.275907,50.650191],[102.329392,50.718817],[102.216789,50.798864],[102.203043,50.829353],[102.239475,50.912294],[102.215238,50.938184],[102.229656,50.979267],[102.146509,51.097632],[102.135295,51.240284],[102.193379,51.307205],[102.074679,51.374824],[101.526392,51.475826],[101.350175,51.450452],[101.241551,51.515177],[101.117011,51.527838],[100.510898,51.726895],[100.005968,51.731727],[99.917911,51.749478],[99.709655,51.880581],[99.32389,51.934221],[99.232837,51.994243],[98.994712,52.058296],[98.962465,52.112557],[98.927636,52.129584],[98.855599,52.106691],[98.838545,52.025275],[98.682689,51.819474],[98.618714,51.780665],[98.33222,51.718317],[98.228247,51.583416],[98.220392,51.475205],[98.111355,51.484714],[98.039731,51.4573],[97.922839,51.318471],[97.92904,51.21504],[97.870129,51.086805],[97.80636,51.001126],[97.835713,50.940716],[97.984644,50.846923],[97.944026,50.774473],[98.038491,50.622958],[98.135953,50.570971],[98.251294,50.550559],[98.293462,50.518623],[98.298217,50.460125],[98.266281,50.400697],[98.262457,50.283805],[98.105567,50.06387],[98.047999,50.023046],[97.906199,49.973075],[97.829925,49.92331],[97.756338,49.961499],[97.566582,49.916799],[97.57361,49.847501],[97.343339,49.734175],[97.262311,49.726113],[97.152964,49.750246],[97.119891,49.793654],[97.057259,49.812723],[96.969202,49.886672],[96.701932,49.91375],[96.585143,49.857526],[96.503287,49.922122],[96.346294,49.888584],[96.235603,49.9492],[96.055976,49.99881],[95.946319,49.938503],[95.922651,49.944601],[95.867047,50.014984],[95.827876,50.020152],[95.787672,50.011729],[95.721423,49.958502],[95.583964,49.936695],[95.500661,49.886724],[95.354727,49.947702],[95.076398,49.945531],[95.028339,49.963411],[94.98059,50.024751],[94.921575,50.045887],[94.603455,50.019739],[94.509094,50.109862],[94.491731,50.152289],[94.391788,50.185568],[94.354478,50.223602],[94.327503,50.404366],[94.25867,50.557535],[93.536337,50.584717],[93.421512,50.609367],[93.104942,50.598825],[93.011408,50.623319],[92.973374,50.694374],[92.961695,50.777884],[92.921077,50.792456],[92.796123,50.788012],[92.76026,50.770752],[92.735249,50.705227],[92.649776,50.674066],[92.554588,50.743002],[92.443277,50.786307],[92.399869,50.850592],[92.360905,50.868369],[92.301683,50.843358],[92.294449,50.791268],[92.242772,50.720006],[92.15885,50.689103],[91.899951,50.707242],[91.749779,50.684091],[91.653144,50.640063],[91.575733,50.561979],[91.475067,50.535986],[91.415743,50.461365],[91.260093,50.466585],[91.129765,50.426174],[91.012046,50.425295],[90.839964,50.320806],[90.726586,50.291867],[90.712633,50.237968],[90.683901,50.216212],[90.475232,50.21461],[90.222947,50.11441],[90.020531,50.070743],[89.996243,49.992764],[89.969423,49.96708],[89.667684,49.92729],[89.623862,49.902692],[89.615336,49.84192],[89.643551,49.818872],[89.626446,49.788022],[89.701532,49.75314],[89.702411,49.719964],[89.4416,49.643586],[89.37194,49.581678],[89.216445,49.634491],[89.178205,49.598472],[89.215619,49.545452],[89.195258,49.521526],[88.975323,49.455845],[88.90835,49.535944],[88.868198,49.538114],[88.854865,49.473881],[88.870627,49.436002],[88.69565,49.446957],[88.615759,49.492949],[88.538761,49.466542],[88.37877,49.475793],[88.19997,49.454347],[88.161729,49.430111],[88.115531,49.356575],[88.148397,49.296579],[88.143953,49.27074],[87.956781,49.168886],[87.816324,49.165837]]],[[[22.76722,54.35627],[22.698387,54.342937],[19.680276,54.436678],[19.609548,54.456732],[19.73406,54.525702],[19.900157,54.66706],[19.961681,54.773179],[19.920665,54.889594],[19.976736,54.964586],[20.033702,54.948188],[20.365571,54.946194],[20.482432,54.975531],[20.634044,55.048774],[20.822276,55.180976],[20.924569,55.282658],[20.989513,55.270413],[20.913097,55.233222],[20.834809,55.152045],[20.687836,55.050686],[20.530935,54.964667],[20.558116,54.940823],[20.763682,54.947699],[20.860362,54.911322],[21.090668,54.901557],[21.230154,54.93891],[21.243419,54.961249],[21.183442,55.201728],[21.259044,55.204983],[21.267589,55.248684],[21.37485,55.28996],[21.503938,55.19441],[21.60512,55.192498],[21.750641,55.127954],[21.942774,55.078293],[22.003442,55.093486],[22.049951,55.033541],[22.09987,55.029924],[22.142658,55.054625],[22.251282,55.070852],[22.436284,55.057777],[22.541084,55.075761],[22.580668,55.057622],[22.633481,54.957939],[22.75213,54.931118],[22.749236,54.909879],[22.821273,54.885488],[22.844321,54.832261],[22.832849,54.778673],[22.724845,54.723379],[22.681747,54.5699],[22.680403,54.453215],[22.76722,54.35627]]],[[[33.628517,46.124935],[33.660449,46.148184],[33.67028,46.218106],[33.715726,46.195743],[33.801878,46.202706],[34.105243,46.095361],[34.235923,46.097695],[34.333934,46.069692],[34.464614,45.955347],[34.504285,45.95068],[34.529954,45.981016],[34.688637,45.974015],[34.763312,45.932011],[34.784314,45.899341],[34.788981,45.803664],[34.809983,45.784996],[34.870656,45.773328],[34.952331,45.721989],[35.001891,45.729003],[35.332205,45.371243],[35.480724,45.297797],[35.715994,45.340562],[35.833263,45.470893],[35.857677,45.469428],[35.854015,45.414008],[35.986013,45.362738],[36.022309,45.368109],[36.068858,45.429999],[36.117931,45.457099],[36.284028,45.47663],[36.307384,45.460924],[36.298839,45.44302],[36.340505,45.457261],[36.411794,45.436225],[36.490571,45.44302],[36.53297,45.408922],[36.583263,45.427395],[36.613536,45.408881],[36.638357,45.351264],[36.586192,45.333808],[36.502452,45.346869],[36.490571,45.292182],[36.437266,45.27204],[36.408865,45.149482],[36.455333,45.09162],[36.440115,45.06745],[36.267751,45.043687],[36.22462,45.007514],[36.047862,45.048774],[35.993419,44.997992],[35.847992,44.992418],[35.783214,45.057522],[35.706391,45.094672],[35.590587,45.119859],[35.506196,45.113511],[35.408051,45.062486],[35.400645,45.024644],[35.435395,45.004828],[35.374034,44.997992],[35.367198,44.943345],[35.319347,44.970038],[35.256033,44.958686],[35.215099,44.914374],[35.154307,44.901109],[35.080821,44.793769],[35.037608,44.798774],[34.986013,44.840277],[34.720958,44.810981],[34.469005,44.729804],[34.380219,44.631334],[34.331309,44.545478],[34.271007,44.545478],[34.242931,44.507473],[34.182465,44.492825],[34.10255,44.425116],[33.937755,44.381049],[33.852061,44.401516],[33.720958,44.399644],[33.631684,44.434312],[33.57838,44.497056],[33.517589,44.490546],[33.372325,44.576483],[33.435883,44.605292],[33.571544,44.620551],[33.516287,44.634263],[33.54835,44.698676],[33.516287,44.785102],[33.559581,44.849758],[33.609223,44.871731],[33.61964,44.931464],[33.562511,45.09394],[33.537446,45.117377],[33.396495,45.189765],[33.259613,45.156073],[33.240082,45.179633],[33.173595,45.196601],[33.078624,45.271674],[32.899262,45.354234],[32.728526,45.36107],[32.663097,45.320136],[32.591482,45.320136],[32.512869,45.340562],[32.481619,45.408881],[32.525157,45.458157],[32.643565,45.521674],[32.704845,45.531073],[32.757823,45.564643],[32.827891,45.562405],[32.826996,45.595526],[32.868175,45.630072],[33.176117,45.743109],[33.15919,45.7685],[33.1692,45.78441],[33.230154,45.750922],[33.265391,45.753811],[33.482188,45.854478],[33.530121,45.841864],[33.619884,45.881822],[33.691661,45.860745],[33.693533,45.914496],[33.777029,45.929633],[33.682465,45.958441],[33.619884,45.950751],[33.646821,45.979722],[33.632009,45.988267],[33.643565,46.01496],[33.62794,46.067816],[33.648448,46.090033],[33.628517,46.124935]]],[[[-180,65.066229],[-180,68.98237],[-179.712717,68.917914],[-179.579905,68.908637],[-179.514027,68.921129],[-179.547556,68.947903],[-179.522776,68.964545],[-179.333779,68.858441],[-179.363429,68.855101],[-179.357367,68.827811],[-179.31953,68.811952],[-179.172694,68.808546],[-179.128303,68.787309],[-178.844813,68.752361],[-178.484934,68.591539],[-178.546457,68.592108],[-178.724618,68.675686],[-178.736158,68.670396],[-178.699928,68.543189],[-178.338124,68.474921],[-178.248402,68.47602],[-178.021352,68.415961],[-177.990712,68.352851],[-177.95051,68.337714],[-178.073679,68.259263],[-177.99706,68.256537],[-177.964792,68.269477],[-177.9558,68.295478],[-177.822377,68.327704],[-177.732371,68.326117],[-177.704701,68.34455],[-178.355824,68.537014],[-178.375071,68.55744],[-177.492258,68.291734],[-177.601796,68.308051],[-177.636464,68.304185],[-177.629018,68.283149],[-177.765574,68.262641],[-177.63915,68.225491],[-177.622182,68.21426],[-177.634714,68.195299],[-177.461537,68.246283],[-177.338083,68.244574],[-177.173533,68.198676],[-177.259104,68.211127],[-177.218739,68.139553],[-177.06725,68.152777],[-177.108225,68.16706],[-177.075429,68.164252],[-176.564538,68.010316],[-176.725045,68.037852],[-176.717986,68.026266],[-176.779142,68.001902],[-176.789336,67.978618],[-176.555384,67.916603],[-176.539371,67.895097],[-176.208795,67.90177],[-176.533319,68.002962],[-175.920725,67.85102],[-176.048582,67.852151],[-176.11591,67.806537],[-176.13738,67.777359],[-176.04806,67.735529],[-176.069659,67.727314],[-176.300463,67.724244],[-176.340873,67.695902],[-176.283157,67.692388],[-176.268423,67.668728],[-176.205792,67.645152],[-176.121792,67.627046],[-175.882423,67.628954],[-175.913596,67.587966],[-175.724991,67.569602],[-175.681789,67.589579],[-175.671894,67.618718],[-175.767351,67.651647],[-175.896742,67.649913],[-175.848602,67.704556],[-176.011966,67.727348],[-175.853156,67.768335],[-175.824029,67.81296],[-175.265529,67.658555],[-175.260989,67.645958],[-175.312362,67.634652],[-175.290774,67.605617],[-175.240158,67.574299],[-175.247958,67.55929],[-175.12677,67.49989],[-175.22653,67.532588],[-175.190417,67.494132],[-175.189073,67.444504],[-175.172398,67.435114],[-175.233741,67.426989],[-175.249224,67.395408],[-175.350453,67.382514],[-175.366883,67.357789],[-175.159589,67.337477],[-175.023338,67.374182],[-174.968948,67.424748],[-175.079823,67.481147],[-174.929026,67.4265],[-174.91492,67.380996],[-174.847117,67.385565],[-174.806109,67.364671],[-174.756436,67.303237],[-174.860255,67.275458],[-174.85384,67.252617],[-174.889932,67.211563],[-174.877496,67.195044],[-174.912427,67.087813],[-174.907608,67.037385],[-174.790395,66.939683],[-174.700021,66.91652],[-174.762856,66.899404],[-174.707795,66.822027],[-174.68782,66.732417],[-174.707103,66.717914],[-174.711752,66.746043],[-174.763698,66.753656],[-174.855613,66.698931],[-174.97411,66.682115],[-174.971335,66.665413],[-174.806444,66.592517],[-174.699302,66.600353],[-174.435663,66.531545],[-174.395242,66.474523],[-174.461314,66.459231],[-174.465679,66.401357],[-174.456044,66.371405],[-174.391433,66.355384],[-174.389376,66.337511],[-174.438079,66.343516],[-174.4635,66.279748],[-174.353676,66.27702],[-174.304827,66.302525],[-174.296058,66.342528],[-174.368191,66.337486],[-174.165974,66.399375],[-174.163251,66.447013],[-174.22289,66.444565],[-174.205556,66.47261],[-174.133296,66.458008],[-174.015907,66.472171],[-173.95251,66.445594],[-173.978871,66.405705],[-173.932891,66.366373],[-173.929187,66.340818],[-174.018907,66.305365],[-174.030687,66.236389],[-173.999313,66.21925],[-173.928704,66.263309],[-173.796539,66.307993],[-173.887288,66.317668],[-173.89536,66.336442],[-173.772221,66.345334],[-173.705256,66.370524],[-173.71895,66.39852],[-173.69113,66.439099],[-173.811403,66.470597],[-173.807928,66.488385],[-173.833141,66.506251],[-174.126452,66.546125],[-174.158441,66.53279],[-174.26395,66.565876],[-173.930551,66.667627],[-173.934592,66.780438],[-173.965593,66.846051],[-174.022999,66.900679],[-174.026214,66.961111],[-174.160761,66.981002],[-174.239192,66.971785],[-174.184358,67.009118],[-174.190691,67.02702],[-174.282127,67.046761],[-174.496053,67.021387],[-174.356309,67.061358],[-174.557211,67.035016],[-174.61621,67.040955],[-174.612,67.061414],[-174.574931,67.076773],[-173.750839,67.073432],[-173.654046,67.088351],[-173.646469,67.115615],[-173.446594,67.074606],[-173.495285,67.062995],[-173.463582,67.029487],[-173.430586,67.033523],[-173.431684,67.06255],[-173.389396,67.078459],[-173.07126,67.044233],[-173.150484,67.033847],[-173.272159,67.051951],[-173.257883,67.021877],[-173.14337,66.999645],[-173.170375,66.982829],[-173.294955,66.981328],[-173.309471,66.950769],[-173.290852,66.930184],[-173.307342,66.903905],[-173.267293,66.878049],[-173.320171,66.862265],[-173.302542,66.822105],[-173.142047,66.824241],[-173.086576,66.846747],[-173.161537,66.864419],[-173.174706,66.901988],[-173.226479,66.910935],[-173.160907,66.915489],[-173.153544,66.969894],[-173.073963,66.993073],[-173.077546,66.967549],[-173.051185,66.934109],[-172.782329,66.894004],[-172.66583,66.885043],[-172.615495,66.891268],[-172.615343,66.921917],[-172.503844,66.904391],[-172.362487,66.933213],[-172.497848,66.978416],[-173.035235,67.023415],[-172.986344,67.039175],[-172.056375,66.950211],[-171.92841,66.966134],[-171.933542,66.979013],[-171.821063,66.950774],[-171.718517,66.950777],[-171.640215,66.929815],[-171.629669,66.908306],[-171.694169,66.879572],[-171.630033,66.830058],[-171.42627,66.774852],[-171.353401,66.771853],[-171.330901,66.744982],[-171.388079,66.715183],[-171.363359,66.674829],[-171.078236,66.567206],[-170.859731,66.511054],[-170.728383,66.454779],[-170.565256,66.353583],[-170.385193,66.316532],[-170.514032,66.283436],[-170.538232,66.234405],[-170.653066,66.248481],[-170.625681,66.234809],[-170.510936,66.225434],[-170.390353,66.285207],[-170.274257,66.290404],[-170.153858,66.249024],[-170.106204,66.193047],[-170.203833,66.17423],[-170.338368,66.185777],[-170.136267,66.139244],[-170.085832,66.16929],[-169.922678,66.150295],[-169.932566,66.171536],[-170.043568,66.193305],[-169.952097,66.183783],[-169.707468,66.131171],[-169.641384,66.068327],[-169.71861,66.006133],[-169.825007,66.004432],[-169.891447,66.042853],[-169.981516,66.039008],[-170.143031,66.003829],[-170.236565,65.955172],[-170.375298,65.925891],[-170.509748,65.869943],[-170.606313,65.861314],[-170.625803,65.850653],[-170.532419,65.852729],[-170.51594,65.830146],[-170.571156,65.761217],[-170.530222,65.720282],[-170.543202,65.699856],[-170.530222,65.679348],[-170.488773,65.670758],[-170.535277,65.618147],[-170.588166,65.604566],[-170.875437,65.623358],[-170.899485,65.648261],[-171.14731,65.695],[-171.208377,65.750943],[-171.463265,65.83259],[-171.38915,65.74608],[-171.31786,65.733954],[-171.371816,65.727729],[-171.3603,65.709662],[-171.263865,65.655585],[-171.082838,65.634127],[-171.044968,65.622205],[-171.02363,65.583157],[-170.981812,65.592054],[-170.975326,65.511144],[-171.038654,65.466987],[-171.159983,65.479397],[-171.250893,65.521991],[-171.555663,65.51008],[-171.903742,65.460771],[-172.034203,65.474438],[-171.743619,65.499661],[-171.957621,65.516548],[-172.093332,65.56802],[-172.170934,65.527411],[-172.260081,65.545233],[-172.206029,65.580766],[-172.322352,65.622113],[-172.272051,65.64775],[-172.290482,65.666174],[-172.339676,65.653716],[-172.351918,65.672512],[-172.401562,65.681017],[-172.859609,65.699856],[-172.824574,65.671536],[-172.661,65.672512],[-172.683787,65.653225],[-172.674418,65.623518],[-172.389722,65.581817],[-172.379236,65.563508],[-172.398117,65.527453],[-172.325185,65.487494],[-172.319687,65.465255],[-172.428027,65.470459],[-172.388609,65.432236],[-172.264104,65.418213],[-172.093403,65.483571],[-172.162487,65.420692],[-172.20295,65.324537],[-172.185211,65.298677],[-172.188539,65.24245],[-172.249501,65.233629],[-172.307932,65.26732],[-172.37678,65.275214],[-172.577463,65.247707],[-172.668162,65.275214],[-172.701975,65.247626],[-172.550643,65.206027],[-172.201531,65.216874],[-172.165518,65.177974],[-172.170864,65.152329],[-172.203725,65.132229],[-172.256296,65.137437],[-172.226755,65.099758],[-172.19518,65.083726],[-172.15392,65.103949],[-172.086614,65.093638],[-172.080093,65.075905],[-172.093091,65.050359],[-172.218631,64.984247],[-172.323004,64.948345],[-172.496327,64.917385],[-172.557973,64.925198],[-172.700904,64.877598],[-172.762846,64.837868],[-173.000133,64.855268],[-173.057211,64.837883],[-173.081167,64.781834],[-173.164116,64.764603],[-173.058923,64.768887],[-172.921659,64.821234],[-172.805735,64.803371],[-172.750467,64.762366],[-172.755309,64.733468],[-173.042872,64.659685],[-173.039482,64.646809],[-172.892848,64.66523],[-172.844633,64.64887],[-172.967193,64.561137],[-172.899824,64.563968],[-172.815906,64.611735],[-172.465077,64.558417],[-172.410634,64.489163],[-172.220244,64.407338],[-172.387658,64.407364],[-172.590073,64.370424],[-172.711539,64.40035],[-172.713599,64.443904],[-172.768544,64.458482],[-172.769724,64.480943],[-172.815256,64.504055],[-172.883346,64.494711],[-173.013051,64.461575],[-172.97823,64.438886],[-172.836205,64.454207],[-172.788324,64.437861],[-172.815797,64.397709],[-172.822171,64.320362],[-172.874735,64.301308],[-172.918053,64.338664],[-172.951455,64.338843],[-172.924104,64.264429],[-173.106265,64.24098],[-173.270579,64.288398],[-173.368253,64.285478],[-173.379037,64.314425],[-173.363376,64.365953],[-173.307078,64.39006],[-173.263661,64.44599],[-173.312123,64.452216],[-173.284169,64.521145],[-173.33491,64.551093],[-173.354115,64.591498],[-173.41454,64.616645],[-173.416982,64.59634],[-173.353098,64.507473],[-173.385178,64.395041],[-173.505079,64.343531],[-173.635434,64.332231],[-173.98933,64.412348],[-174.023221,64.442846],[-174.042293,64.528258],[-174.346791,64.643988],[-174.284739,64.651435],[-174.305898,64.666164],[-174.466624,64.670478],[-174.652292,64.725328],[-174.638313,64.784428],[-174.591974,64.817405],[-174.653223,64.897901],[-174.682626,64.900817],[-174.703512,64.871133],[-174.691239,64.835435],[-174.723082,64.80721],[-174.897983,64.798138],[-174.918748,64.855543],[-174.951935,64.861497],[-174.987799,64.766256],[-175.364879,64.787394],[-175.411452,64.771264],[-175.456841,64.797215],[-175.352526,64.826459],[-175.368355,64.846508],[-175.481794,64.843586],[-175.494798,64.87613],[-175.540232,64.876125],[-175.631296,64.9206],[-175.774793,64.939365],[-175.788331,64.971857],[-175.864735,64.999213],[-175.767461,65.037504],[-175.773204,65.063875],[-175.810496,65.087226],[-175.740677,65.123435],[-175.735041,65.146845],[-175.881554,65.258455],[-175.86251,65.299189],[-175.908839,65.402953],[-176.044057,65.452094],[-176.976552,65.608059],[-177.245994,65.538863],[-177.415925,65.440748],[-178.283987,65.444346],[-178.461101,65.472741],[-178.53228,65.522986],[-178.493882,65.561385],[-178.493988,65.603678],[-178.458247,65.62024],[-178.461287,65.641919],[-178.411089,65.681765],[-178.424235,65.712879],[-178.513539,65.762641],[-178.628217,65.7295],[-178.650461,65.769721],[-178.635732,65.774888],[-178.692372,65.784491],[-178.766713,65.846869],[-178.903269,65.919582],[-178.868845,65.938178],[-178.978383,66.049262],[-178.798899,65.994086],[-178.725334,65.991926],[-178.684256,66.012572],[-178.669419,66.04729],[-178.69872,66.076402],[-178.682444,66.101874],[-178.559288,66.103073],[-178.495675,66.140127],[-178.528378,66.171061],[-178.493287,66.21122],[-178.529368,66.224677],[-178.522165,66.24608],[-178.540151,66.268378],[-178.49828,66.308905],[-178.512888,66.333808],[-178.462302,66.367891],[-178.477124,66.382762],[-178.539168,66.352153],[-178.603719,66.360756],[-178.622398,66.295777],[-178.785135,66.167243],[-178.895781,66.149711],[-178.982439,66.158947],[-179.117665,66.242662],[-179.121816,66.270453],[-179.082021,66.30622],[-179.126169,66.389065],[-179.164296,66.414374],[-179.19811,66.399319],[-179.171457,66.289455],[-179.289296,66.299709],[-179.323598,66.324652],[-179.424021,66.344062],[-179.390492,66.29564],[-179.336049,66.283026],[-179.217948,66.182196],[-179.251955,66.14517],[-179.309302,66.125532],[-179.574583,66.111297],[-179.691355,66.141669],[-179.591176,66.144436],[-179.581654,66.158515],[-179.692983,66.183905],[-179.768259,66.102932],[-179.828725,65.946845],[-179.766672,65.81981],[-179.723256,65.78148],[-179.457265,65.674506],[-179.277044,65.630256],[-179.321266,65.574525],[-179.26051,65.532179],[-179.499003,65.395711],[-179.486159,65.349723],[-179.521418,65.33043],[-179.52421,65.235361],[-179.66309,65.141263],[-179.740003,65.14276],[-179.831013,65.091432],[-180,65.066229]]],[[[180,71.53642],[180,70.992423],[179.874869,70.960346],[179.80698,70.913097],[179.666993,70.874779],[179.131033,70.87873],[178.793305,70.804999],[178.783458,70.842841],[178.622732,71.037746],[178.667654,71.099026],[178.847667,71.183783],[178.869151,71.209662],[178.848643,71.209662],[178.905447,71.237006],[179.182953,71.303534],[179.563487,71.451483],[179.766612,71.469713],[179.75294,71.484036],[179.865408,71.498847],[179.848643,71.517524],[180,71.53642]]],[[[-180,70.99201],[-180,71.536688],[-179.862864,71.538642],[-179.912221,71.555854],[-179.735951,71.586412],[-179.326772,71.555487],[-179.074574,71.600043],[-178.394846,71.540717],[-178.259633,71.510688],[-178.341542,71.517524],[-178.215321,71.478013],[-178.147776,71.485175],[-178.005727,71.448635],[-178.054189,71.428778],[-178.026235,71.415107],[-178.039906,71.40766],[-177.718373,71.305243],[-177.514109,71.293402],[-177.498647,71.284735],[-177.506215,71.268622],[-177.44343,71.237006],[-177.507802,71.173774],[-177.637644,71.117011],[-177.819285,71.084662],[-177.930491,71.041449],[-178.206614,71.038398],[-178.310129,71.013617],[-178.875925,70.981024],[-178.980295,70.95067],[-179.342112,70.908026],[-179.322255,70.921698],[-179.50121,70.919664],[-179.666005,70.965481],[-179.907541,70.996772],[-180,70.99201]]],[[[131.920095,43.019517],[131.91505,42.98428],[131.883311,42.960761],[131.757009,42.990058],[131.791189,42.996283],[131.769379,43.015367],[131.791189,43.017401],[131.777517,43.044623],[131.859386,43.037258],[131.826508,43.065172],[131.920095,43.019517]]],[[[142.529063,54.297187],[142.521169,54.276597],[142.543224,54.237209],[142.586925,54.247056],[142.570079,54.276597],[142.635102,54.266059],[142.649099,54.283393],[142.625499,54.327297],[142.686778,54.369127],[142.681488,54.415961],[142.723155,54.425605],[142.819672,54.301907],[143.01295,54.119086],[142.999848,54.067572],[142.927094,53.975328],[142.900401,53.901597],[142.851817,53.871975],[142.916515,53.874091],[142.933767,53.857652],[143.002126,53.700629],[142.926768,53.829779],[142.890147,53.813137],[142.906505,53.766791],[142.939708,53.749742],[142.964366,53.69953],[142.988455,53.694485],[142.967784,53.66649],[143.029307,53.646064],[142.99586,53.625556],[143.070811,53.598212],[143.016368,53.590766],[142.988455,53.562893],[143.042735,53.5362],[143.090668,53.55976],[143.121104,53.518052],[143.125499,53.467922],[143.070811,53.461086],[143.110606,53.419745],[143.094086,53.381903],[143.182872,53.398993],[143.210623,53.363227],[143.29005,53.151923],[143.326996,52.936347],[143.360525,52.871405],[143.32488,52.809312],[143.331065,52.603909],[143.296886,52.453681],[143.193696,52.336982],[143.197765,52.425849],[143.272309,52.463324],[143.235362,52.480943],[143.293468,52.591864],[143.261404,52.597602],[143.118663,52.337795],[143.146495,52.327867],[143.166515,52.344428],[143.177501,52.313788],[143.151378,52.120063],[143.115571,52.153022],[143.097667,52.104234],[143.139171,52.089911],[143.136974,52.030341],[143.159353,51.995673],[143.149099,51.967597],[143.125499,51.967027],[143.164806,51.913642],[143.163097,51.873969],[143.213064,51.854804],[143.238455,51.891547],[143.310395,51.75434],[143.317882,51.706366],[143.29656,51.71308],[143.261078,51.678209],[143.224132,51.522162],[143.24171,51.507636],[143.273204,51.520738],[143.337901,51.508368],[143.344005,51.548651],[143.325206,51.592841],[143.365082,51.644965],[143.394216,51.564643],[143.447765,51.508368],[143.474946,51.343248],[143.427094,51.370551],[143.379405,51.350084],[143.474946,51.289252],[143.474946,51.240871],[143.495453,51.233385],[143.483084,51.213568],[143.5171,51.22012],[143.521251,51.246772],[143.495453,51.309149],[143.521658,51.285102],[143.790294,50.309231],[144.002696,50.012844],[144.12615,49.746894],[144.137218,49.639594],[144.228526,49.517157],[144.22169,49.438381],[144.282725,49.25019],[144.38502,49.072699],[144.441417,49.013861],[144.684744,48.873236],[144.708263,48.794135],[144.687836,48.756537],[144.702891,48.688666],[144.756602,48.643256],[144.677257,48.65644],[144.632579,48.808295],[144.503673,48.948717],[144.290294,49.069648],[144.245942,49.131741],[144.057872,49.253404],[143.689708,49.312405],[143.728282,49.335354],[143.479747,49.353095],[143.403494,49.400458],[143.258637,49.393378],[143.249766,49.373277],[143.3296,49.341132],[143.331309,49.31391],[143.666759,49.314887],[143.371104,49.299221],[143.174164,49.245998],[143.070323,49.184882],[143.0088,49.123033],[142.97462,49.045885],[142.988455,48.916693],[142.792735,48.562567],[142.537446,48.010077],[142.545258,47.766669],[142.592133,47.642076],[142.748057,47.44477],[142.714041,47.437242],[142.878591,47.38935],[143.016368,47.253607],[143.042979,47.149237],[143.032481,47.070746],[143.119965,46.887112],[143.097667,46.875556],[143.122813,46.857367],[143.151378,46.873847],[143.174083,46.862738],[143.151215,46.839586],[143.090017,46.838568],[143.083832,46.813463],[143.135509,46.779975],[143.172862,46.707831],[143.241547,46.717271],[143.341319,46.683783],[143.389659,46.708075],[143.348969,46.749213],[143.193696,46.779975],[143.173025,46.813544],[143.197113,46.840806],[143.320974,46.795722],[143.418712,46.799709],[143.4546,46.848293],[143.478201,46.828437],[143.511485,46.770209],[143.536957,46.617133],[143.52589,46.585517],[143.576508,46.447496],[143.579926,46.418199],[143.557628,46.39643],[143.625743,46.374701],[143.581798,46.34455],[143.570567,46.299547],[143.475841,46.190009],[143.474946,46.087307],[143.430512,46.025214],[143.413097,46.085354],[143.428966,46.127427],[143.421397,46.223131],[143.337901,46.40941],[143.350841,46.432685],[143.331065,46.488227],[143.37322,46.492011],[143.393077,46.532945],[143.368663,46.555487],[143.276378,46.560248],[143.303233,46.51439],[143.159516,46.598293],[143.067149,46.587592],[142.933767,46.614895],[142.796641,46.594387],[142.754893,46.638251],[142.72462,46.74079],[142.618419,46.718573],[142.529063,46.683783],[142.457205,46.630805],[142.406505,46.553656],[142.281912,46.32746],[142.201671,46.030666],[142.119965,45.992174],[142.085297,45.900824],[142.039806,45.924302],[141.932628,46.035793],[141.936046,46.099555],[141.899099,46.27912],[141.837576,46.415595],[141.81422,46.538398],[141.822276,46.602281],[142.056651,47.053697],[142.056651,47.169745],[141.975108,47.297593],[141.991222,47.369574],[141.951671,47.481147],[141.965831,47.612494],[142.093028,47.855618],[142.177419,47.930406],[142.191091,47.966742],[142.133149,48.333686],[141.919607,48.609117],[141.873057,48.688544],[141.857432,48.774237],[141.967296,48.862372],[141.96046,48.903998],[141.99643,48.942939],[142.036143,49.061672],[142.023936,49.099311],[142.077159,49.198188],[142.062836,49.314887],[142.125011,49.462307],[142.159679,49.677965],[142.151866,49.825507],[142.125011,49.89765],[142.145518,49.921576],[142.173839,50.086412],[142.135265,50.291205],[142.145518,50.363837],[142.041352,50.550971],[142.092784,50.714097],[142.097016,50.821926],[142.128429,50.856635],[142.128429,50.894517],[142.249848,51.030829],[142.269216,51.112413],[142.255138,51.159125],[142.173025,51.25849],[142.178559,51.314154],[142.077159,51.419013],[142.09783,51.443305],[142.078949,51.471381],[141.942719,51.559272],[141.93922,51.611884],[141.86671,51.612454],[141.817149,51.672268],[141.686778,51.747301],[141.808116,51.720852],[141.823009,51.744208],[141.809581,51.80622],[141.639008,51.884508],[141.675548,51.912421],[141.64503,52.084784],[141.69988,52.165717],[141.658946,52.21662],[141.673106,52.27558],[141.641856,52.318183],[141.660981,52.382473],[141.78297,52.467353],[141.843761,52.590806],[141.809744,52.603909],[141.843028,52.668769],[141.871837,52.888821],[141.928396,53.020657],[141.913341,53.073432],[141.837576,53.15941],[141.836681,53.209784],[141.803396,53.271389],[141.809744,53.337592],[141.768809,53.371649],[141.957042,53.456285],[142.241059,53.529364],[142.229747,53.520819],[142.255382,53.488349],[142.242361,53.453559],[142.255382,53.439927],[142.237071,53.419989],[142.263927,53.380072],[142.327403,53.364895],[142.455333,53.380276],[142.521169,53.420356],[142.576671,53.500067],[142.625255,53.525946],[142.687266,53.529364],[142.66627,53.552639],[142.586192,53.575832],[142.514008,53.5456],[142.497732,53.658271],[142.641368,53.681789],[142.718516,53.640204],[142.804454,53.706977],[142.78533,53.805813],[142.739106,53.845689],[142.673106,53.714301],[142.604177,53.697577],[142.706065,53.864325],[142.708263,53.948228],[142.46754,54.145697],[142.409516,54.231635],[142.282563,54.303941],[142.44337,54.269192],[142.529063,54.297187]]],[[[28.634613,60.601386],[28.575531,60.58039],[28.561046,60.629462],[28.604503,60.645006],[28.634613,60.601386]]],[[[-172.243096,64.815942],[-172.112563,64.790498],[-172.043356,64.751183],[-172.384725,64.698481],[-172.500897,64.704288],[-172.633193,64.684439],[-172.577449,64.7595],[-172.461344,64.827595],[-172.40052,64.836696],[-172.243096,64.815942]]],[[[70.130626,66.556342],[70.04127,66.550116],[70.09669,66.538967],[70.04363,66.501288],[69.897797,66.49494],[69.870616,66.477851],[69.545421,66.59101],[69.537608,66.601386],[69.575206,66.610989],[69.575206,66.638251],[69.424571,66.768378],[69.374034,66.778144],[69.257091,66.746283],[69.15089,66.775377],[69.130707,66.796576],[69.177582,66.811428],[69.279796,66.794501],[69.472992,66.797675],[69.516775,66.738959],[69.635509,66.693834],[69.664561,66.693549],[69.540375,66.763658],[69.727387,66.76557],[69.781261,66.748114],[69.753917,66.741929],[69.774669,66.735256],[69.891124,66.727688],[69.925304,66.707221],[70.049815,66.70893],[70.085704,66.690131],[70.079845,66.639106],[70.02711,66.62523],[70.130626,66.556342]]],[[[51.299571,68.495429],[51.498302,68.488593],[51.172374,68.457099],[51.097423,68.425238],[50.99879,68.42536],[50.937266,68.39647],[50.792491,68.379299],[50.871837,68.42829],[51.171723,68.501451],[51.299571,68.495429]]],[[[55.369477,68.947903],[55.506602,68.913764],[55.36671,68.927395],[55.225434,68.913764],[55.369477,68.947903]]],[[[54.643321,69.009345],[54.679942,69.00552],[54.697927,68.982001],[54.640147,68.956488],[54.570811,68.964057],[54.643321,69.009345]]],[[[161.487071,69.026679],[161.517589,68.979885],[161.514985,68.934638],[161.482107,68.902167],[161.40919,68.893256],[161.477387,68.975165],[161.455577,69.000963],[161.305512,69.060248],[161.134776,69.091864],[161.127289,69.235256],[161.168956,69.325263],[161.065929,69.417426],[161.092459,69.464789],[161.278494,69.538153],[161.374522,69.545885],[161.388682,69.461819],[161.292491,69.414008],[161.350841,69.380439],[161.351085,69.332099],[161.37436,69.296047],[161.319102,69.242662],[161.388682,69.188056],[161.391775,69.102118],[161.487071,69.026679]]],[[[161.631114,69.561103],[161.607677,69.517035],[161.62672,69.482856],[161.607188,69.468655],[161.615733,69.450385],[161.54835,69.426215],[161.360688,69.414008],[161.425629,69.464993],[161.427582,69.521308],[161.394786,69.592108],[161.454275,69.602362],[161.475108,69.638007],[161.590099,69.618394],[161.631114,69.561103]]],[[[71.353363,73.385199],[71.329845,73.367825],[71.34254,73.331366],[71.214122,73.285061],[71.137462,73.29267],[71.143809,73.347317],[71.249522,73.417873],[71.34254,73.402289],[71.353363,73.385199]]],[[[51.409516,71.806138],[51.401378,71.87051],[51.439626,71.942206],[51.610037,72.091702],[51.865733,72.158677],[51.97283,72.109442],[52.053071,72.107815],[52.048676,72.084662],[52.066742,72.074286],[52.187755,72.129218],[52.210785,72.127631],[52.191254,72.101711],[52.200369,72.08275],[52.368419,72.075344],[52.409434,72.086086],[52.382579,72.105211],[52.409434,72.127631],[52.368419,72.162421],[52.490082,72.164211],[52.402029,72.223212],[52.444835,72.228583],[52.484548,72.209621],[52.46461,72.230658],[52.491384,72.24433],[52.413585,72.269517],[52.416515,72.289293],[52.587576,72.264228],[52.567068,72.277899],[52.684337,72.322577],[52.669281,72.345364],[52.58074,72.374091],[52.722911,72.34516],[52.868175,72.346747],[52.689952,72.367174],[52.703624,72.386176],[52.663341,72.428697],[52.684093,72.446926],[52.820323,72.450385],[52.680024,72.478746],[52.730154,72.510932],[52.868907,72.518744],[52.881847,72.548245],[52.930186,72.559027],[52.909679,72.57331],[53.102061,72.600653],[52.914236,72.596991],[52.723969,72.559027],[52.752126,72.592597],[52.811778,72.613918],[52.738455,72.62051],[52.754893,72.638373],[52.980235,72.675849],[53.21811,72.648424],[53.00587,72.683173],[52.575043,72.67064],[52.375255,72.730373],[52.394054,72.752021],[52.467784,72.761705],[52.484548,72.79857],[52.61671,72.863227],[53.026866,72.924994],[53.308442,72.877631],[53.382009,72.888617],[53.293305,72.908433],[53.389415,72.908433],[53.395681,72.929633],[53.231781,72.936428],[53.141938,72.96247],[53.136892,73.003485],[53.152843,73.014228],[53.382009,73.011542],[53.121918,73.100898],[53.161306,73.112006],[53.154796,73.146796],[53.170258,73.16234],[53.32252,73.220852],[53.433849,73.244289],[53.532725,73.22956],[53.753184,73.298896],[54.190766,73.272203],[54.396983,73.315619],[54.531993,73.37641],[54.934825,73.42536],[55.125499,73.393785],[55.30421,73.339342],[55.489757,73.320624],[55.758067,73.327948],[55.80836,73.313178],[55.818044,73.290351],[56.435232,73.230129],[56.559906,73.166205],[56.582042,73.129584],[55.80836,73.066107],[56.387055,73.068549],[56.466156,73.052476],[56.377208,73.006659],[55.616466,72.96369],[55.972667,72.941107],[56.115977,72.96955],[56.251801,72.972357],[56.2199,72.908433],[56.238129,72.898017],[56.2199,72.826565],[56.13795,72.782294],[56.062673,72.777777],[55.867361,72.802069],[55.738536,72.784247],[55.480724,72.805813],[55.431651,72.78559],[55.602794,72.78559],[55.716807,72.753648],[55.81072,72.758368],[55.946056,72.668891],[55.616466,72.696845],[55.723481,72.638332],[55.622732,72.62051],[55.684825,72.57331],[55.618175,72.542182],[55.551606,72.54267],[55.456879,72.582221],[55.2671,72.586982],[55.448985,72.5633],[55.465668,72.53856],[55.542735,72.526842],[55.536143,72.47248],[55.115571,72.450385],[55.465668,72.436184],[55.469493,72.400865],[55.486827,72.395168],[55.475597,72.370551],[55.376964,72.30268],[55.512462,72.259345],[55.574962,72.199652],[55.389659,72.107733],[55.342784,72.065579],[55.452647,72.058783],[55.34962,71.976264],[55.390473,71.942694],[55.246593,71.955715],[55.260265,71.942694],[55.225434,71.929023],[55.397634,71.922268],[55.506358,71.898017],[55.528005,71.863715],[55.528656,71.785142],[55.67213,71.611029],[55.80836,71.531195],[55.916026,71.431708],[56.014415,71.387152],[56.070567,71.280219],[56.105724,71.258979],[56.648204,71.012885],[56.86378,70.952704],[57.038748,70.869818],[57.311534,70.80976],[57.466807,70.81802],[57.479747,70.789252],[57.638682,70.729885],[57.432628,70.743557],[57.539317,70.704779],[57.458344,70.637437],[57.397797,70.626207],[57.452485,70.60635],[57.069672,70.672838],[56.969574,70.659166],[56.776378,70.710639],[56.740489,70.702582],[56.853526,70.647935],[57.038829,70.626207],[57.139822,70.640041],[57.171886,70.613186],[57.343272,70.571601],[57.295746,70.564683],[56.720876,70.64057],[56.596528,70.674628],[56.698985,70.633694],[56.585297,70.64232],[56.4935,70.695136],[56.520763,70.729885],[56.581309,70.737738],[56.552094,70.753974],[56.459239,70.745795],[56.411632,70.713609],[56.224132,70.741604],[56.23878,70.721137],[56.322276,70.702582],[56.199229,70.709377],[56.301768,70.681464],[56.2199,70.667792],[56.237966,70.653144],[56.361827,70.647203],[56.383637,70.660956],[56.329112,70.681464],[56.433604,70.676215],[56.527599,70.64053],[56.453298,70.626207],[56.654552,70.589993],[56.514008,70.544867],[56.400645,70.56387],[56.500987,70.558539],[56.466156,70.579047],[56.562511,70.579047],[56.534923,70.596869],[56.354259,70.597968],[56.090017,70.668524],[56.041026,70.647935],[56.159353,70.629136],[56.178233,70.609768],[56.131521,70.595893],[55.965994,70.660956],[55.80836,70.695136],[55.85141,70.650946],[55.993826,70.617865],[56.047862,70.585273],[56.020518,70.573798],[55.946056,70.599514],[55.884044,70.585273],[55.817556,70.613349],[55.719249,70.611396],[55.602794,70.647935],[55.698741,70.62051],[55.726329,70.626207],[55.698741,70.647162],[55.791515,70.633694],[55.783458,70.668769],[55.738048,70.707587],[55.630138,70.73725],[55.599376,70.721422],[55.693696,70.698676],[55.746837,70.647935],[55.662852,70.689154],[55.495291,70.712877],[55.404796,70.750393],[55.34962,70.702582],[55.420665,70.696234],[55.472504,70.65412],[55.404796,70.68891],[55.250011,70.678534],[55.236339,70.651068],[55.295584,70.60635],[55.275157,70.612047],[55.2671,70.585273],[55.207367,70.580634],[55.213145,70.565375],[55.162608,70.553127],[54.99464,70.616034],[54.986013,70.633694],[54.76059,70.680609],[54.707286,70.722154],[54.712169,70.757799],[54.590099,70.778998],[54.513438,70.825426],[54.568126,70.777045],[54.492442,70.784491],[54.47877,70.736029],[54.767426,70.647935],[54.570811,70.674791],[54.544444,70.68651],[54.547699,70.702582],[54.286957,70.777045],[54.269542,70.763617],[54.294444,70.743557],[54.225108,70.72956],[54.140961,70.756903],[54.045095,70.74787],[53.854828,70.822211],[53.834483,70.815172],[53.889822,70.784491],[53.797537,70.806098],[53.719005,70.798774],[53.544607,70.854315],[53.539724,70.804999],[53.300141,70.8664],[53.520518,70.869574],[53.576834,70.888739],[53.669444,70.837348],[53.704763,70.845933],[53.673595,70.890367],[53.738129,70.947943],[53.72462,70.968817],[53.491873,71.072455],[53.50172,71.094428],[53.677501,71.078681],[53.663829,71.092963],[53.695486,71.098619],[53.904307,71.054633],[53.93686,71.059475],[53.80714,71.133979],[54.0088,71.140204],[54.067882,71.119696],[53.938975,71.130316],[53.917003,71.106024],[53.935883,71.101304],[54.243988,71.12287],[54.211925,71.140774],[54.063243,71.136176],[53.992198,71.16059],[54.033458,71.185452],[54.095225,71.188544],[54.056651,71.20893],[54.164073,71.209662],[54.064464,71.237006],[53.943044,71.176418],[53.801036,71.209662],[53.832286,71.170111],[53.795909,71.155341],[53.704763,71.174872],[53.72462,71.188544],[53.708018,71.19538],[53.576996,71.199286],[53.450938,71.264309],[53.5949,71.301825],[53.682384,71.398342],[53.888682,71.422309],[53.951182,71.462226],[53.89975,71.471015],[53.830821,71.435696],[53.576345,71.390815],[53.539724,71.3605],[53.54363,71.31684],[53.413341,71.311754],[53.361583,71.333197],[53.347911,71.367336],[53.25172,71.456041],[53.320567,71.473131],[53.358165,71.514879],[53.444102,71.545478],[53.34783,71.567532],[53.20574,71.509833],[53.142426,71.462226],[53.150076,71.440375],[53.113048,71.422431],[53.046886,71.484036],[53.05714,71.498236],[53.029633,71.499579],[53.007009,71.483466],[53.046886,71.456041],[53.038748,71.442776],[52.971853,71.442369],[52.96811,71.405219],[52.882335,71.393988],[52.860362,71.413886],[52.855479,71.456977],[52.8213,71.469916],[52.797699,71.464789],[52.820323,71.428778],[52.739919,71.442125],[52.71811,71.489732],[52.609874,71.468695],[52.649669,71.52497],[52.643809,71.546088],[52.573904,71.575873],[52.547211,71.634833],[52.520681,71.62816],[52.49879,71.565904],[52.368419,71.534898],[52.41627,71.476549],[52.280447,71.513739],[52.258556,71.538642],[52.268809,71.587958],[52.141856,71.545478],[52.163259,71.518378],[52.279063,71.476549],[51.962087,71.479641],[51.840343,71.456041],[51.709809,71.517524],[51.5324,71.565904],[51.549653,71.613511],[51.46754,71.692532],[51.471853,71.710598],[51.42449,71.736762],[51.409516,71.806138]]],[[[127.404796,73.518622],[127.392345,73.525458],[127.520274,73.54564],[127.690929,73.542873],[128.063324,73.49136],[127.404796,73.518622]]],[[[86.892345,73.696723],[86.792491,73.645209],[86.783946,73.608222],[86.398936,73.594387],[86.509613,73.641832],[86.906016,73.704169],[86.892345,73.696723]]],[[[97.158051,76.088284],[97.334809,76.10871],[97.304861,76.083401],[97.047374,76.006334],[96.748057,75.981024],[96.698578,75.995795],[96.713145,76.021633],[96.747732,76.030992],[97.158051,76.088284]]],[[[95.177419,76.170844],[95.197276,76.164008],[95.101573,76.154975],[95.006033,76.17768],[95.101573,76.225409],[95.181814,76.185533],[95.177419,76.170844]]],[[[94.999197,76.273261],[94.855235,76.239081],[94.903575,76.212388],[94.848888,76.186103],[94.557628,76.204413],[94.500255,76.189643],[94.410167,76.212388],[94.492198,76.239081],[94.778656,76.210924],[94.799978,76.218573],[94.745372,76.259589],[94.914073,76.292792],[94.999197,76.273261]]],[[[96.57488,76.341498],[96.766938,76.335273],[96.684744,76.294338],[96.610606,76.323228],[96.383311,76.335273],[96.57488,76.341498]]],[[[96.896658,76.256496],[97.04127,76.239081],[96.760916,76.176418],[96.72934,76.181098],[96.715994,76.208686],[96.740245,76.252021],[96.725841,76.259589],[96.876801,76.322252],[96.82838,76.341498],[96.854015,76.355658],[97.031423,76.341864],[97.07545,76.30801],[96.859548,76.272162],[96.787364,76.212388],[96.896658,76.256496]]],[[[94.163097,76.596015],[94.362315,76.574897],[93.868337,76.588568],[93.944102,76.616441],[94.163097,76.596015]]],[[[95.266124,76.671088],[95.327485,76.664252],[95.227794,76.63996],[94.84669,76.637844],[94.817638,76.653998],[94.867849,76.673977],[95.065929,76.681383],[95.122081,76.718899],[95.266124,76.671088]]],[[[56.98699,74.690497],[56.893077,74.712714],[56.778819,74.693508],[56.602794,74.697333],[56.531261,74.746283],[56.41684,74.753119],[56.500987,74.793524],[56.465994,74.799262],[55.937755,74.780707],[55.832693,74.800035],[55.815684,74.817206],[55.884939,74.846177],[56.678477,74.948676],[56.637462,74.972235],[56.366384,74.94009],[56.383637,74.96483],[56.294932,74.96483],[56.466482,75.012763],[56.420584,75.037258],[55.903331,74.991278],[55.865001,75.003607],[55.946056,75.074042],[55.904145,75.087714],[55.726329,75.081488],[55.80836,75.156643],[55.870372,75.163398],[55.918224,75.197577],[56.071137,75.21894],[56.103201,75.211249],[56.082042,75.197577],[56.114106,75.1883],[56.233572,75.197577],[56.137218,75.156643],[56.173595,75.150214],[56.371349,75.188178],[56.45338,75.118964],[56.471202,75.087836],[56.445811,75.067288],[56.530447,75.078437],[56.907074,75.24018],[56.8921,75.280463],[56.733246,75.296576],[56.757986,75.318427],[56.836192,75.355211],[57.046235,75.398139],[57.148448,75.379096],[57.425792,75.375678],[57.434825,75.356879],[57.556163,75.334174],[57.741059,75.327867],[57.719981,75.341539],[57.733653,75.355211],[57.672211,75.379096],[57.666677,75.416693],[57.640391,75.439399],[57.542491,75.451483],[57.500824,75.499213],[57.56365,75.51968],[58.164724,75.578355],[58.195649,75.603217],[58.146821,75.628852],[57.925548,75.628974],[57.944347,75.654853],[58.019298,75.681342],[58.604503,75.732611],[58.536143,75.759955],[58.723399,75.792141],[58.750011,75.832994],[58.931,75.867621],[59.136892,75.865424],[59.333507,75.891669],[59.358084,75.903266],[59.358084,75.923774],[59.398692,75.937445],[59.74879,75.930609],[60.048188,75.992662],[60.347667,76.005683],[60.298676,76.028876],[60.084483,76.036363],[60.042735,76.054145],[60.268077,76.110093],[60.83839,76.122992],[60.468435,76.013129],[60.734711,76.005357],[60.81837,76.060126],[61.08546,76.08454],[61.145763,76.116116],[61.146739,76.1435],[61.119314,76.15119],[60.947602,76.140611],[60.89975,76.157172],[61.023285,76.218573],[60.993663,76.23078],[60.995779,76.246405],[61.076915,76.279975],[61.560069,76.283637],[61.675141,76.315172],[61.756684,76.294338],[61.927582,76.297431],[61.978363,76.263373],[62.093761,76.253404],[62.382498,76.271186],[62.406261,76.251166],[62.373302,76.221991],[62.388927,76.197089],[62.503673,76.17768],[62.554454,76.219062],[62.651052,76.209784],[62.647716,76.231635],[62.77947,76.270697],[62.866873,76.245917],[62.846365,76.231635],[62.921397,76.231635],[62.901541,76.218573],[62.956798,76.206936],[63.220388,76.262681],[63.462657,76.286851],[63.529552,76.316799],[63.719249,76.349677],[63.859874,76.341498],[63.956065,76.363227],[64.034516,76.315253],[64.090831,76.312812],[64.312999,76.363227],[64.435883,76.363227],[64.475271,76.398668],[64.626475,76.374905],[64.676036,76.383124],[64.654063,76.393541],[64.66977,76.418606],[64.719981,76.445014],[64.806407,76.451361],[64.785899,76.471869],[64.825938,76.484198],[65.031261,76.501044],[65.102061,76.46955],[65.168956,76.475287],[65.338634,76.513129],[65.403168,76.558539],[65.484874,76.574897],[65.610688,76.58039],[65.99879,76.533352],[66.032888,76.547553],[65.941661,76.579169],[65.888031,76.636786],[65.753429,76.682847],[65.888927,76.739407],[66.108084,76.753079],[66.235037,76.794623],[66.351573,76.80565],[66.409679,76.849189],[66.622569,76.876532],[66.654063,76.900702],[66.879568,76.923082],[66.943533,76.948961],[67.210948,76.952297],[67.588064,77.013373],[68.034434,76.998481],[68.294119,76.959133],[68.462901,76.966702],[68.513194,76.952297],[68.488292,76.926215],[68.569347,76.925482],[68.67335,76.880194],[68.808604,76.869086],[68.759125,76.827379],[68.930919,76.787177],[68.893565,76.748358],[68.930675,76.719387],[69.033946,76.712063],[68.893891,76.679145],[68.787608,76.588568],[68.938324,76.568061],[68.549653,76.429389],[68.417003,76.417222],[68.40919,76.400946],[68.437348,76.396715],[68.391368,76.367133],[68.177745,76.314602],[68.327485,76.294338],[68.287934,76.281317],[67.912364,76.25849],[67.366059,76.167304],[67.146495,76.104641],[66.68629,76.060248],[66.430186,75.998847],[66.29184,75.996487],[66.178559,75.961982],[65.216645,75.854193],[65.078298,75.80744],[64.889171,75.808783],[64.310557,75.72248],[64.10377,75.71894],[63.761729,75.641588],[63.709646,75.63581],[63.725922,75.666571],[63.66212,75.688178],[63.675548,75.704657],[63.648448,75.71955],[63.552013,75.711493],[63.620372,75.691067],[63.521332,75.632717],[63.304373,75.588609],[63.029959,75.587714],[62.272797,75.44009],[62.028819,75.448798],[61.855642,75.381008],[61.845714,75.362047],[61.694184,75.375678],[61.712657,75.360785],[61.660167,75.327867],[61.687999,75.314276],[61.632823,75.299994],[61.653982,75.279527],[61.579112,75.275051],[61.4817,75.223456],[61.405121,75.236314],[61.379649,75.25967],[61.387055,75.299994],[61.366222,75.322089],[61.379649,75.334174],[61.276622,75.327867],[61.295584,75.300727],[61.271658,75.263495],[61.107432,75.197659],[60.812755,75.146145],[60.798025,75.120836],[60.749685,75.108222],[60.803722,75.085924],[60.724783,75.027655],[60.591482,75.034166],[60.569591,75.061998],[60.611827,75.101386],[60.571056,75.117906],[60.493826,75.110256],[60.502615,75.09516],[60.441091,75.067288],[60.454763,75.054185],[60.434337,75.04678],[60.468435,75.032457],[60.416026,75.010932],[60.264659,74.991604],[60.235037,74.991523],[60.262462,75.005805],[60.233409,75.019355],[60.111827,74.991523],[59.927257,75.005805],[60.011241,74.979804],[60.621267,74.968411],[60.687511,74.923814],[60.560557,74.866278],[60.194102,74.854967],[60.372325,74.793524],[60.276378,74.749661],[59.933767,74.725287],[59.723318,74.741604],[59.5088,74.79975],[59.641938,74.726996],[59.77003,74.725816],[59.872569,74.676825],[59.874766,74.628485],[59.755219,74.58747],[59.601899,74.597235],[59.157481,74.737942],[59.090505,74.738267],[59.289806,74.642646],[59.206065,74.646186],[59.162283,74.667304],[59.083669,74.648871],[59.221446,74.615424],[59.133311,74.550482],[59.145763,74.526028],[59.091156,74.49494],[59.143321,74.464016],[59.145763,74.444037],[58.864513,74.457099],[58.744802,74.478217],[58.719981,74.503323],[58.186778,74.581244],[58.173106,74.560736],[58.42628,74.512356],[58.473481,74.473822],[58.638682,74.42357],[58.570486,74.388861],[58.656586,74.340481],[58.652192,74.313707],[58.728038,74.300035],[58.706879,74.286444],[58.740977,74.272773],[58.680349,74.251654],[58.728038,74.238593],[58.536143,74.238593],[58.659028,74.217475],[58.508311,74.217475],[58.590831,74.184027],[58.52947,74.17178],[58.39975,74.202948],[58.342052,74.190131],[58.31837,74.226874],[58.292247,74.221625],[58.248302,74.190172],[58.300629,74.160631],[58.521983,74.149237],[58.483246,74.131903],[58.343272,74.12873],[58.336925,74.09398],[58.307953,74.087633],[58.269705,74.126044],[58.16212,74.150377],[58.139008,74.138983],[58.173106,74.101386],[58.097423,74.059882],[58.198497,74.046129],[58.21339,74.008368],[58.123302,73.986721],[57.739268,74.05093],[57.531749,74.19184],[57.41212,74.184027],[57.535655,74.09398],[57.475108,74.073676],[57.326996,74.092719],[57.260753,74.080308],[57.547699,74.060777],[57.911876,73.915839],[57.809418,73.895413],[57.90504,73.875474],[57.909923,73.843207],[57.932872,73.841376],[57.945974,73.806586],[57.748709,73.72602],[57.627696,73.745185],[57.592296,73.778957],[57.395356,73.845526],[56.555675,73.888577],[56.634613,73.863349],[57.349864,73.827582],[57.383067,73.794989],[57.489919,73.75434],[57.508149,73.727688],[57.590587,73.703843],[57.586436,73.685452],[57.617524,73.66885],[57.585785,73.613674],[57.3296,73.573879],[57.350108,73.553412],[57.020193,73.584215],[56.788341,73.676256],[56.735118,73.680243],[56.719493,73.66885],[56.74643,73.648383],[56.850352,73.614814],[56.746755,73.607367],[56.920258,73.595933],[57.080251,73.536566],[57.237559,73.509589],[57.253917,73.45718],[57.200206,73.45307],[57.178722,73.423041],[56.908458,73.314683],[56.814138,73.357367],[56.749278,73.361518],[56.746267,73.333808],[56.795177,73.320624],[56.723155,73.282416],[56.760997,73.251695],[56.729828,73.244534],[56.12086,73.290025],[56.046235,73.330268],[56.015798,73.412299],[55.917491,73.448391],[55.870372,73.436103],[55.986501,73.385199],[55.980235,73.329657],[55.924001,73.311998],[55.772309,73.348049],[55.434906,73.332099],[55.020681,73.443549],[54.900076,73.448391],[54.659434,73.406806],[54.568126,73.408759],[54.250011,73.328274],[54.033051,73.374661],[54.130219,73.410102],[54.29363,73.417711],[54.314952,73.449693],[54.417328,73.477688],[54.314952,73.468817],[54.184581,73.49136],[54.541515,73.610989],[54.784923,73.659329],[54.940766,73.665473],[55.088634,73.705512],[55.34962,73.717231],[54.964529,73.717108],[54.856456,73.683539],[54.828298,73.690579],[54.869884,73.731513],[54.53004,73.704169],[54.403575,73.641506],[54.260265,73.614814],[54.280772,73.600531],[53.966482,73.626654],[53.930675,73.641506],[53.958018,73.648912],[53.631114,73.759589],[53.653575,73.812486],[53.758962,73.77969],[53.868663,73.778713],[54.081554,73.83393],[54.062755,73.848619],[54.078136,73.862006],[54.315929,73.930976],[54.627778,73.951483],[54.725841,73.977932],[54.801524,73.970445],[54.769379,73.996283],[54.588634,74.018866],[54.677989,74.068183],[55.018891,74.173],[55.181651,74.187079],[55.393728,74.140692],[55.486827,74.149237],[55.864431,74.105943],[55.8567,74.12934],[55.632498,74.162909],[55.622732,74.190172],[55.237641,74.245673],[55.147716,74.242092],[55.075857,74.265937],[55.228363,74.30744],[55.286143,74.274359],[55.528575,74.28205],[55.657888,74.304999],[55.682872,74.27265],[55.708995,74.270819],[55.746837,74.296332],[55.636974,74.334215],[55.298106,74.354722],[55.232921,74.3758],[55.388357,74.445054],[55.618419,74.465766],[56.039806,74.465399],[56.287364,74.491685],[56.254405,74.50495],[56.014415,74.491889],[56.082042,74.519761],[55.866547,74.55329],[55.656912,74.519761],[55.705821,74.549872],[55.657237,74.574408],[55.499766,74.566962],[55.561046,74.614488],[55.522472,74.638861],[55.529552,74.654853],[55.755544,74.691718],[55.870372,74.683661],[55.862966,74.6706],[55.896007,74.660631],[56.387055,74.721381],[56.555675,74.683661],[56.98699,74.690497]]],[[[93.8684,78.14709],[93.592914,78.172398],[93.646473,78.197674],[93.792723,78.203025],[93.920874,78.157024],[93.8684,78.14709]]],[[[92.456798,79.110419],[92.724376,79.07685],[92.516612,79.08039],[92.175629,79.130845],[92.456798,79.110419]]],[[[92.990571,79.419501],[92.79184,79.383246],[92.668956,79.3876],[92.58725,79.415107],[92.79127,79.440009],[92.990571,79.419501]]],[[[92.305431,79.45303],[92.470551,79.432563],[92.265147,79.412665],[92.305431,79.391588],[92.243826,79.38231],[91.784679,79.419501],[92.070567,79.413886],[92.181814,79.447821],[92.305431,79.45303]]],[[[91.372244,79.485541],[91.531261,79.449286],[91.38502,79.460883],[91.194835,79.515082],[90.793793,79.563544],[91.144216,79.53734],[91.372244,79.485541]]],[[[100.199962,79.678941],[100.309825,79.665961],[100.07016,79.638617],[99.944102,79.590766],[99.905772,79.603827],[99.935069,79.631903],[99.936046,79.674302],[99.982921,79.697903],[100.096934,79.700629],[100.083263,79.686428],[100.199962,79.678941]]],[[[94.327647,80.028998],[94.169444,80.008531],[94.182953,79.994859],[94.154145,79.983344],[93.993988,79.964789],[93.929861,79.974433],[93.984386,80.015367],[94.250255,80.040107],[94.327647,80.028998]]],[[[146.175059,43.538153],[146.229503,43.531317],[146.209158,43.483466],[146.151866,43.462795],[146.079356,43.517646],[146.175059,43.538153]]],[[[146.881684,43.859198],[146.942149,43.846625],[146.914561,43.80272],[146.709483,43.743598],[146.716319,43.729926],[146.681895,43.711371],[146.602224,43.73607],[146.604666,43.80858],[146.846202,43.878323],[146.881684,43.859198]]],[[[146.469249,44.428778],[146.572113,44.449897],[146.513927,44.363959],[146.448009,44.37873],[146.303722,44.282131],[146.116547,44.254381],[146.056407,44.194322],[145.923025,44.113715],[145.886974,44.069403],[145.8838,44.026597],[145.813243,44.006537],[145.778168,43.932563],[145.66212,43.898179],[145.588715,43.847561],[145.556163,43.652655],[145.551768,43.716254],[145.514171,43.735745],[145.443126,43.724514],[145.410899,43.836005],[145.72877,44.043769],[145.79127,44.151353],[145.85963,44.189276],[145.897227,44.254381],[145.969493,44.285386],[146.019786,44.382636],[146.119314,44.506049],[146.183116,44.51081],[146.333832,44.428534],[146.469249,44.428778]]],[[[148.799164,45.415676],[148.844005,45.371039],[148.816661,45.333482],[148.758311,45.31269],[148.584321,45.315497],[148.438243,45.248521],[148.27768,45.222561],[148.215831,45.195746],[147.990309,45.005798],[147.913024,44.963002],[147.809255,44.963813],[147.768321,44.943345],[147.700777,45.007986],[147.653801,44.994851],[147.620918,44.950686],[147.645449,44.908096],[147.555431,44.823554],[147.388377,44.736659],[147.28891,44.66059],[147.226027,44.581002],[147.153267,44.559119],[147.113257,44.570387],[147.054699,44.53717],[146.958344,44.421047],[146.861796,44.445337],[146.873383,44.489895],[146.949855,44.548943],[146.931308,44.586009],[146.937027,44.624822],[146.961937,44.583936],[147.000743,44.565985],[147.037825,44.599012],[146.998623,44.662612],[147.031101,44.668953],[147.091427,44.637358],[147.12916,44.64711],[147.19658,44.713682],[147.203931,44.755435],[147.121886,44.776301],[147.096528,44.795803],[147.109199,44.827148],[147.151578,44.834477],[147.21654,44.799007],[147.249878,44.820876],[147.240571,44.850898],[147.264415,44.867621],[147.360525,44.901109],[147.466563,44.966946],[147.494884,45.00495],[147.511404,45.087348],[147.61964,45.065334],[147.757009,45.185736],[147.894867,45.223944],[147.867524,45.268297],[147.860688,45.354234],[147.871593,45.380357],[147.939952,45.426256],[147.958263,45.423407],[148.004649,45.281195],[148.069591,45.251166],[148.31186,45.275295],[148.560313,45.463446],[148.726573,45.525214],[148.799164,45.518134],[148.851329,45.481513],[148.856212,45.464342],[148.801443,45.435004],[148.799164,45.415676]]],[[[150.334239,46.210842],[150.397406,46.231102],[150.478229,46.209981],[150.56935,46.231758],[150.363292,46.081529],[150.245369,46.037032],[150.189974,45.983829],[150.179612,45.948703],[150.197602,45.929633],[150.156965,45.921621],[150.022951,45.823797],[149.922874,45.810712],[149.921397,45.793769],[149.842133,45.760199],[149.637766,45.610946],[149.603745,45.605365],[149.577159,45.637274],[149.549978,45.590399],[149.436697,45.586982],[149.482309,45.669377],[149.553396,45.709906],[149.597992,45.789008],[149.625743,45.796129],[149.667328,45.853217],[149.811046,45.879828],[150.020169,46.073024],[150.180675,46.105414],[150.211436,46.134752],[150.181905,46.159733],[150.334239,46.210842]]],[[[152.205577,47.128811],[152.277843,47.161851],[152.294932,47.142483],[152.184418,47.071479],[152.157074,47.018948],[152.075206,46.968004],[152.02003,46.902899],[151.920258,46.855536],[151.850601,46.790473],[151.801415,46.766032],[151.712169,46.806627],[151.705333,46.848293],[151.873302,46.871812],[152.225434,47.176581],[152.205577,47.128811]]],[[[152.503429,47.383246],[152.536632,47.348822],[152.524444,47.298646],[152.429731,47.319191],[152.413154,47.340671],[152.42628,47.38349],[152.503429,47.383246]]],[[[153.021271,47.799597],[153.049286,47.807891],[153.061606,47.793556],[153.068819,47.743296],[153.047112,47.707023],[152.978254,47.684333],[152.970189,47.75157],[153.021271,47.799597]]],[[[153.288422,48.07746],[153.29363,48.042182],[153.233301,48.039809],[153.159069,48.09218],[153.164556,48.121415],[153.214727,48.125725],[153.288422,48.07746]]],[[[154.212901,48.91767],[154.230805,48.897162],[154.221365,48.87287],[154.062673,48.774237],[154.056407,48.737779],[153.973318,48.739488],[153.993663,48.779364],[154.100352,48.838813],[154.119477,48.899604],[154.212901,48.91767]]],[[[153.98699,48.965399],[154.014334,48.944525],[153.960704,48.926703],[153.918712,48.931301],[153.90211,48.956488],[153.91505,48.982489],[153.98699,48.965399]]],[[[154.562999,49.157172],[154.601329,49.11107],[154.511729,49.080227],[154.472341,49.104438],[154.439464,49.157172],[154.457042,49.171454],[154.562999,49.157172]]],[[[154.447558,49.816984],[154.480063,49.811035],[154.491338,49.783252],[154.447928,49.72951],[154.411917,49.733096],[154.373904,49.778467],[154.394992,49.804186],[154.447558,49.816984]]],[[[156.125255,50.637519],[156.159434,50.596625],[156.152517,50.519029],[156.049327,50.479315],[156.037608,50.409898],[155.988292,50.378404],[155.884939,50.25373],[155.821544,50.235053],[155.773204,50.186591],[155.622813,50.179389],[155.501475,50.137274],[155.395763,49.995795],[155.364268,50.000067],[155.37672,50.046861],[155.216563,50.067084],[155.220876,50.109931],[155.255056,50.15469],[155.249848,50.215766],[155.187348,50.261542],[155.201915,50.293524],[155.267833,50.306708],[155.32016,50.288886],[155.441742,50.370551],[155.549164,50.376899],[155.570323,50.397366],[155.631847,50.383694],[155.689626,50.403713],[155.775727,50.479315],[155.889496,50.690863],[156.041189,50.772773],[156.073253,50.781562],[156.117198,50.749091],[156.125255,50.637519]]],[[[156.46046,50.873725],[156.483572,50.85692],[156.51099,50.765849],[156.405772,50.654202],[156.405772,50.630113],[156.272443,50.633406],[156.180024,50.688422],[156.168468,50.73664],[156.199392,50.780504],[156.254405,50.793199],[156.357432,50.856187],[156.46046,50.873725]]],[[[155.563487,50.808254],[155.523285,50.813422],[155.467621,50.852484],[155.446788,50.884589],[155.474132,50.92182],[155.543791,50.92982],[155.631265,50.912284],[155.672862,50.870307],[155.669941,50.811954],[155.563487,50.808254]]],[[[142.549653,54.302232],[142.587169,54.3133],[142.588064,54.3039],[142.549653,54.302232]]],[[[137.821788,54.457831],[137.832286,54.491034],[137.917979,54.509426],[137.921723,54.464097],[137.848318,54.43773],[137.819672,54.384955],[137.715099,54.367174],[137.716482,54.392157],[137.748302,54.394599],[137.821788,54.457831]]],[[[137.622569,54.570787],[137.650401,54.482123],[137.608897,54.441107],[137.641124,54.400458],[137.568126,54.396633],[137.546723,54.413804],[137.572032,54.448635],[137.546723,54.516262],[137.622569,54.570787]]],[[[168.059255,54.546617],[168.110362,54.503485],[168.042491,54.521552],[167.820079,54.647366],[167.734874,54.663398],[167.50115,54.785102],[167.448904,54.820461],[167.439138,54.866278],[167.557791,54.839179],[167.577403,54.797553],[167.73406,54.762641],[167.784028,54.701728],[167.924327,54.644477],[168.059255,54.546617]]],[[[137.171235,55.119534],[137.180675,55.093207],[137.065115,55.00023],[137.088145,54.954413],[137.074962,54.933173],[136.943044,54.922838],[136.92335,54.957831],[136.895844,54.96015],[136.748871,54.931098],[136.738617,54.920315],[136.759776,54.893012],[136.738129,54.885077],[136.670421,54.907294],[136.700938,54.964789],[136.809255,55.018052],[137.046072,55.106431],[137.088145,55.085395],[137.122081,55.121283],[137.171235,55.119534]]],[[[138.046723,55.058051],[138.183604,55.057603],[138.212169,55.036363],[138.112804,55.006293],[138.047699,54.940823],[138.010916,54.933254],[137.986176,54.882758],[138.004731,54.819525],[137.986176,54.797431],[137.87908,54.759711],[137.84311,54.715074],[137.742686,54.660224],[137.718923,54.624335],[137.646251,54.661322],[137.485362,54.87934],[137.225922,54.777818],[137.274913,54.898261],[137.390147,55.006293],[137.461436,55.026801],[137.490896,55.070502],[137.492198,55.119534],[137.567882,55.194648],[137.638845,55.192532],[137.704926,55.167914],[137.702159,55.151272],[137.786388,55.1376],[137.952159,55.146877],[137.986176,55.099066],[137.883149,55.002875],[138.046723,55.058051]]],[[[166.664399,54.756415],[166.664399,54.68008],[166.501964,54.780463],[166.48585,54.801337],[166.500011,54.824693],[166.356456,54.839545],[166.281912,54.908271],[166.195323,54.944525],[166.162608,54.999701],[166.082856,55.060614],[166.080577,55.120429],[165.969574,55.205512],[165.992931,55.22191],[165.74643,55.297065],[165.858409,55.308783],[165.94044,55.364976],[166.179942,55.319403],[166.253673,55.331855],[166.287771,55.3039],[166.226329,55.250067],[166.250255,55.152289],[166.44809,54.961127],[166.573253,54.912421],[166.64975,54.84455],[166.637218,54.811103],[166.664399,54.756415]]],[[[150.725271,59.127997],[150.779159,59.109516],[150.7828,59.090864],[150.6107,59.00572],[150.472076,59.004153],[150.548281,59.061896],[150.663093,59.095018],[150.69853,59.140446],[150.725271,59.127997]]],[[[164.7069,58.976828],[164.680837,58.905178],[164.631874,58.865366],[164.407725,58.864895],[164.25601,58.798604],[164.170177,58.824286],[164.121247,58.780718],[163.954849,58.707527],[163.846035,58.690515],[163.78994,58.642871],[163.585462,58.55789],[163.515,58.497147],[163.490019,58.444503],[163.445649,58.475572],[163.445183,58.505495],[163.412854,58.535369],[163.444996,58.561391],[163.555287,58.573029],[163.610543,58.607463],[163.654378,58.690505],[163.779552,58.810402],[163.766327,58.872124],[163.781758,58.893873],[163.913191,58.994291],[163.789806,59.018134],[163.696386,58.991945],[163.749283,59.01896],[163.966698,59.028561],[164.283051,59.113715],[164.395193,59.183905],[164.558116,59.239691],[164.580821,59.234076],[164.580821,59.183173],[164.616222,59.183173],[164.637218,59.099351],[164.687673,59.077094],[164.734072,59.023253],[164.709541,59.006175],[164.7069,58.976828]]],[[[155.507711,59.328127],[155.566932,59.340424],[155.60015,59.335147],[155.600049,59.319429],[155.507711,59.328127]]],[[[29.791352,59.994859],[29.786876,59.975084],[29.6574,60.025458],[29.791352,59.994859]]],[[[27.88502,60.011054],[27.892345,59.995022],[27.820486,59.982733],[27.802582,59.999335],[27.820079,60.030829],[27.88502,60.011054]]],[[[27.022227,60.042182],[27.020681,60.017564],[26.984711,60.017727],[26.950043,60.099555],[27.022227,60.042182]]],[[[28.711762,60.294989],[28.694591,60.261135],[28.624197,60.270209],[28.551036,60.30272],[28.541352,60.347357],[28.580333,60.348944],[28.711762,60.294989]]],[[[28.516856,60.337714],[28.518321,60.312934],[28.503673,60.311021],[28.425548,60.360785],[28.484874,60.361884],[28.516856,60.337714]]],[[[35.943126,64.405097],[36.044932,64.360338],[36.033214,64.342515],[35.975108,64.332587],[35.856781,64.387356],[35.883149,64.412665],[35.943126,64.405097]]],[[[35.866873,65.031317],[35.836681,64.990383],[35.74466,64.961551],[35.723318,65.026353],[35.563261,65.052138],[35.505162,65.095552],[35.506113,65.121288],[35.524099,65.144477],[35.663354,65.16793],[35.78645,65.165106],[35.815307,65.154211],[35.866873,65.075995],[35.84311,65.068305],[35.796641,65.114407],[35.781261,65.07274],[35.866873,65.031317]]],[[[-169.083363,65.815863],[-169.063222,65.828192],[-168.994618,65.815863],[-169.027537,65.773912],[-169.076527,65.755072],[-169.098093,65.778876],[-169.083363,65.815863]]],[[[42.645838,66.742345],[42.680973,66.681886],[42.668029,66.666691],[42.483422,66.707326],[42.4265,66.752009],[42.504491,66.777906],[42.584757,66.770294],[42.645838,66.742345]]],[[[32.385997,67.13231],[32.407563,67.120429],[32.393728,67.100328],[32.337657,67.124905],[32.385997,67.13231]]],[[[59.241954,69.177558],[59.24464,69.145697],[59.161957,69.174547],[59.060232,69.242621],[58.762055,69.338935],[58.81544,69.340766],[59.150727,69.254625],[59.200369,69.229071],[59.179942,69.215399],[59.241954,69.177558]]],[[[34.030121,69.393541],[34.215831,69.407782],[34.406912,69.352525],[34.026622,69.353909],[33.975597,69.369615],[34.030121,69.393541]]],[[[50.323009,69.150539],[50.311697,69.109809],[50.169281,69.011623],[50.113455,68.995673],[50.139334,69.063381],[50.223318,69.153957],[50.132986,69.141588],[49.954926,69.074693],[49.854015,69.009345],[49.911388,69.009996],[49.908539,68.995673],[49.826182,68.965277],[49.719737,68.88996],[49.421397,68.811265],[49.305349,68.811265],[49.248546,68.779975],[48.797618,68.729397],[48.720225,68.757025],[48.68572,68.734442],[48.592052,68.730862],[48.290538,68.865912],[48.332042,68.88581],[48.219412,68.895657],[48.23878,68.963772],[48.26588,68.982856],[48.211681,69.001654],[48.256358,69.044094],[48.21697,69.064439],[48.27003,69.132799],[48.263194,69.197455],[48.30421,69.276801],[48.446951,69.371894],[48.565684,69.419989],[48.906261,69.507961],[49.271739,69.507961],[50.164399,69.260891],[50.323009,69.150539]]],[[[169.446462,69.849107],[169.451427,69.818671],[169.408458,69.784817],[169.412283,69.763414],[169.277599,69.759508],[169.302501,69.742987],[169.278494,69.719957],[169.309906,69.664455],[169.234711,69.592108],[169.189464,69.575181],[168.874522,69.567857],[168.172537,69.695217],[168.059906,69.763658],[167.790863,69.808336],[167.753754,69.832343],[167.991059,69.957099],[168.264659,70.024115],[168.637869,69.986029],[168.829845,69.939887],[169.227712,69.907294],[169.423839,69.872992],[169.446462,69.849107]]],[[[60.539806,69.818671],[60.538341,69.80093],[60.448497,69.765937],[60.443696,69.750434],[60.475922,69.72248],[60.373709,69.730902],[60.25408,69.689439],[60.20102,69.685126],[60.032725,69.72248],[59.920421,69.68773],[59.934093,69.667873],[59.854015,69.698676],[59.563487,69.715033],[59.580089,69.73078],[59.535492,69.759711],[59.546886,69.778998],[59.622081,69.78734],[59.623709,69.804348],[59.431488,69.889472],[59.304861,69.884345],[59.178477,69.919013],[58.939708,69.942206],[59.132091,69.873277],[59.015961,69.859687],[59.022227,69.873277],[58.957205,69.888007],[58.898774,69.928656],[58.695567,70.002834],[58.570486,70.078803],[58.604503,70.11286],[58.549164,70.133979],[58.611339,70.140204],[58.576671,70.153876],[58.590831,70.18122],[58.521983,70.174954],[58.452973,70.195461],[58.501475,70.22956],[58.423513,70.239569],[58.41212,70.260321],[58.467621,70.271145],[58.824229,70.215888],[58.777192,70.258246],[58.49464,70.331977],[58.519705,70.347602],[58.638682,70.331977],[58.631847,70.345649],[58.755219,70.386908],[58.730642,70.418199],[58.740977,70.428209],[58.872813,70.434556],[59.023611,70.479804],[59.059825,70.444281],[59.315115,70.371649],[59.439952,70.287055],[59.533214,70.264879],[59.535492,70.208482],[59.553966,70.199612],[59.639171,70.202297],[59.766287,70.171373],[59.782888,70.131496],[59.927257,70.098578],[60.036469,70.098578],[60.328461,69.957261],[60.413829,69.962714],[60.475922,69.920478],[60.454438,69.89704],[60.461599,69.865871],[60.539806,69.818671]]],[[[57.117361,70.558539],[57.22169,70.526068],[57.189301,70.511217],[57.035411,70.544867],[57.138438,70.497056],[57.06365,70.502427],[56.929047,70.532172],[56.898204,70.558539],[56.932384,70.565375],[56.859711,70.585273],[56.843028,70.60635],[57.117361,70.558539]]],[[[162.381684,70.681464],[162.484141,70.65412],[162.350759,70.64053],[162.237804,70.65412],[162.345551,70.662055],[162.381684,70.681464]]],[[[161.662283,70.791327],[161.694591,70.750434],[161.463145,70.804999],[161.48699,70.817369],[161.483653,70.839748],[161.530528,70.84162],[161.656261,70.813381],[161.676036,70.798774],[161.662283,70.791327]]],[[[160.723481,70.838446],[160.763974,70.804045],[160.504066,70.805012],[160.552811,70.884788],[160.450746,70.872186],[160.40797,70.914252],[160.517833,70.935289],[160.674385,70.914211],[160.723481,70.838446]]],[[[53.231781,71.215888],[53.2046,71.191962],[53.21811,71.168036],[53.2046,71.151679],[53.149913,71.127102],[53.151052,71.095526],[53.062022,71.088365],[53.046886,71.072455],[53.041352,71.034329],[53.139334,70.993638],[53.120453,70.977118],[53.009776,70.968207],[53.015147,71.004381],[52.956309,71.057074],[52.799815,71.092963],[52.756358,71.176703],[52.684337,71.188544],[52.642833,71.223334],[52.55836,71.24901],[52.351817,71.245795],[52.254893,71.273261],[52.211762,71.308092],[52.217052,71.333197],[52.257823,71.348944],[52.529552,71.387844],[52.646658,71.38052],[52.720876,71.349311],[52.738455,71.353664],[52.687185,71.397691],[52.741059,71.405829],[52.909679,71.367336],[53.019542,71.281317],[52.916515,71.308987],[52.86199,71.353664],[52.74464,71.374172],[52.875499,71.333197],[52.779307,71.318915],[53.061046,71.238186],[53.156749,71.243801],[53.081716,71.257473],[53.160899,71.268988],[53.211274,71.257473],[53.196056,71.226467],[53.231781,71.215888]]],[[[137.914236,71.558498],[137.965831,71.510688],[137.767426,71.430732],[137.69337,71.419379],[137.586192,71.437405],[137.482188,71.484036],[137.266856,71.49018],[137.410899,71.456041],[137.344086,71.427558],[136.991873,71.517524],[137.218272,71.576239],[137.580089,71.57685],[137.706065,71.596422],[137.85377,71.583645],[137.914236,71.558498]]],[[[78.279063,72.552191],[78.394542,72.4914],[78.180186,72.42178],[77.983897,72.389106],[77.770763,72.304999],[77.127126,72.277899],[76.917979,72.293036],[76.869884,72.30744],[76.852712,72.333075],[76.912608,72.372138],[77.24879,72.469387],[77.312999,72.545233],[77.610199,72.634711],[77.794688,72.628607],[78.279063,72.552191]]],[[[128.831065,72.655219],[128.910167,72.640082],[128.974457,72.593817],[128.872244,72.591864],[128.769054,72.552191],[128.782725,72.545356],[128.653331,72.527493],[128.339366,72.561021],[128.103689,72.634711],[128.652517,72.675767],[128.831065,72.655219]]],[[[128.317149,72.812323],[128.321544,72.828559],[128.419007,72.869262],[128.735661,72.884148],[128.994083,72.932471],[129.21966,72.926406],[129.398613,72.866023],[129.417139,72.812596],[129.334061,72.773703],[129.207043,72.761895],[128.317149,72.812323]]],[[[79.562999,72.768256],[79.572032,72.740546],[79.536876,72.726467],[79.395274,72.704047],[78.909923,72.741278],[78.67156,72.803534],[78.638682,72.849433],[78.614268,72.840237],[78.609141,72.806342],[78.584646,72.841864],[78.639903,72.891669],[79.173106,73.101386],[79.3685,73.034735],[79.40211,72.988186],[79.541352,72.925523],[79.559581,72.908433],[79.490733,72.908433],[79.520681,72.883734],[79.519216,72.846991],[79.545909,72.812323],[79.532237,72.792426],[79.562999,72.768256]]],[[[74.725352,73.107123],[74.961599,73.059963],[74.76824,73.091783],[74.702647,73.078762],[74.685395,73.054999],[74.694591,73.025784],[74.639415,72.960273],[74.66391,72.921576],[74.708263,72.901679],[74.656261,72.858629],[74.584727,72.874986],[74.598399,72.895453],[74.465017,72.899604],[74.344086,72.92768],[74.324718,72.947455],[74.200531,72.966132],[74.093272,73.027777],[74.211681,73.114569],[74.47462,73.134426],[74.725352,73.107123]]],[[[120.278575,73.100898],[120.209727,73.052476],[120.230235,73.039496],[119.720714,73.03384],[119.702647,73.046291],[119.764659,73.072943],[119.634451,73.12816],[119.792003,73.16234],[120.021983,73.168118],[120.278575,73.100898]]],[[[76.695079,73.186225],[76.732188,73.16592],[76.728852,73.143988],[76.632579,73.131252],[76.31837,73.148098],[76.170909,73.181627],[76.133311,73.208319],[76.695079,73.186225]]],[[[71.669119,73.227484],[71.750126,73.042112],[71.730236,73.034409],[71.494677,73.150117],[71.374501,73.178934],[71.279307,73.143134],[70.661957,73.102851],[70.461925,73.051174],[70.256602,73.038275],[70.203868,73.046576],[70.109548,73.100898],[69.99936,73.060981],[70.100841,73.017971],[69.874848,73.038275],[69.911632,73.114569],[70.020844,73.182807],[70.064952,73.237128],[70.057953,73.279242],[69.959321,73.39883],[70.469574,73.499213],[70.563243,73.481024],[70.948741,73.517483],[71.229177,73.464748],[71.267833,73.443549],[71.111501,73.447333],[71.136485,73.392524],[71.086762,73.357571],[71.096446,73.313178],[70.997081,73.288398],[70.980317,73.265367],[71.211925,73.2744],[71.28891,73.251695],[71.276866,73.277981],[71.296397,73.29564],[71.402354,73.319159],[71.43572,73.352973],[71.607921,73.275336],[71.669119,73.227484]]],[[[76.756602,73.449693],[76.754405,73.429877],[76.562755,73.486314],[76.071951,73.525458],[76.16212,73.562567],[76.250743,73.554185],[76.731212,73.469794],[76.756602,73.449693]]],[[[75.922618,73.523668],[75.865896,73.501532],[75.900645,73.470852],[75.49643,73.449693],[75.535004,73.469184],[75.544281,73.498114],[75.379731,73.449693],[75.360037,73.396959],[75.30421,73.408759],[75.335297,73.450914],[75.420909,73.498114],[75.619395,73.553412],[76.033865,73.579047],[76.079356,73.559556],[75.922618,73.523668]]],[[[143.474946,73.320624],[143.565113,73.23115],[143.526287,73.207807],[143.406557,73.188394],[143.174945,73.17658],[142.757181,73.220866],[142.538282,73.213832],[141.512435,73.299352],[140.788621,73.410005],[140.502654,73.405442],[139.9651,73.326567],[139.816696,73.339069],[139.767088,73.418345],[139.906518,73.471029],[140.234874,73.452297],[140.493302,73.485044],[140.659923,73.579983],[140.899181,73.801459],[141.127208,73.881659],[141.368012,73.863837],[141.594737,73.906073],[142.045177,73.916571],[142.582774,73.825344],[143.009125,73.665717],[143.153331,73.642401],[143.407237,73.542792],[143.536957,73.443549],[143.440929,73.408759],[143.474946,73.320624]]],[[[124.585948,73.915839],[124.660655,73.891995],[124.514171,73.841376],[124.462738,73.856635],[124.390473,73.846625],[124.287852,73.880927],[124.312511,73.904242],[124.376475,73.915839],[124.321788,73.923285],[124.381033,73.939399],[124.575694,73.950019],[124.458832,73.923285],[124.585948,73.915839]]],[[[84.355235,74.018866],[84.328136,74.012519],[84.418305,73.970445],[84.334239,73.955471],[84.178722,73.984768],[83.91212,73.993598],[83.884532,74.018866],[84.418305,74.039984],[84.355235,74.018866]]],[[[83.513438,74.121283],[83.620128,74.090888],[83.527599,74.067328],[83.534841,74.082506],[83.503103,74.085598],[83.395518,74.07453],[83.465587,74.04682],[83.392345,74.035793],[83.081309,74.087104],[82.828136,74.080308],[82.814464,74.09398],[82.917491,74.130927],[83.180024,74.155178],[83.513438,74.121283]]],[[[82.568044,74.162909],[82.740001,74.101386],[82.61964,74.054999],[82.551768,74.07392],[82.352875,74.080878],[82.317556,74.116848],[82.398692,74.152899],[82.568044,74.162909]]],[[[136.258962,73.957465],[136.269786,73.931627],[136.248302,73.912095],[136.135265,73.879218],[136.066173,73.907294],[136.041677,73.938056],[135.732677,74.041205],[135.660167,74.110175],[135.552989,74.151028],[135.439301,74.161119],[135.40919,74.184027],[135.391287,74.234565],[135.354015,74.259101],[135.589529,74.235053],[135.745128,74.170396],[136.010753,74.103461],[136.262706,73.989],[136.258962,73.957465]]],[[[141.09783,74.149237],[141.071137,74.125067],[141.081065,74.064602],[141.037771,74.003852],[140.940766,73.976752],[140.624766,73.943183],[140.545095,73.915839],[140.437755,73.908433],[140.326671,73.938625],[140.198362,74.025582],[140.164716,74.070638],[140.177975,74.154365],[140.221889,74.220082],[140.3499,74.254216],[140.891449,74.276516],[141.05836,74.234442],[141.112641,74.166083],[141.09783,74.149237]]],[[[116.098318,74.354682],[116.124848,74.323228],[116.118175,74.30744],[116.052989,74.285224],[115.889985,74.303697],[115.885753,74.323635],[115.920665,74.359036],[115.980724,74.377509],[116.098318,74.354682]]],[[[84.87086,74.505561],[84.934825,74.482001],[84.850841,74.468004],[84.673595,74.477607],[84.54184,74.457099],[84.767833,74.409898],[84.732758,74.395697],[84.43922,74.425523],[84.386567,74.457668],[84.591807,74.498928],[84.87086,74.505561]]],[[[113.405772,74.444037],[113.429454,74.394192],[113.364757,74.382636],[113.366384,74.351223],[113.241222,74.300035],[113.281586,74.279608],[113.223481,74.263902],[113.207042,74.251654],[113.220063,74.244818],[112.966563,74.19359],[112.845714,74.108344],[112.774913,74.08808],[112.162852,74.138577],[111.938731,74.217108],[111.581309,74.260159],[111.459239,74.313707],[111.468516,74.344794],[111.510997,74.360053],[111.647716,74.37995],[111.851573,74.350531],[111.951345,74.370795],[111.986827,74.395697],[111.972911,74.4206],[112.004161,74.447699],[111.973155,74.478217],[112.007335,74.538153],[112.110118,74.551215],[112.749766,74.495795],[113.314464,74.479804],[113.405772,74.444037]]],[[[85.53891,74.574408],[85.644786,74.546454],[85.630707,74.511298],[85.495372,74.499416],[85.501313,74.464545],[85.31186,74.465644],[85.208507,74.489814],[85.148123,74.537177],[85.237478,74.575263],[85.53891,74.574408]]],[[[86.078461,74.555243],[86.202159,74.533881],[86.207205,74.512356],[86.113048,74.48725],[86.079926,74.508694],[85.968272,74.512356],[86.008556,74.491889],[85.977875,74.469428],[85.858409,74.444037],[85.658458,74.471381],[85.727306,74.501776],[85.802989,74.574408],[85.939138,74.582465],[86.078461,74.555243]]],[[[79.614106,74.601752],[79.521251,74.550035],[79.532237,74.526028],[79.490001,74.516913],[79.148692,74.607896],[79.283214,74.579495],[79.316905,74.590806],[79.31072,74.60871],[79.182791,74.629055],[79.244314,74.658637],[79.320567,74.656317],[79.292735,74.635891],[79.333751,74.625312],[79.614106,74.601752]]],[[[85.227061,74.745103],[85.09669,74.755601],[85.346202,74.777899],[85.49586,74.81387],[85.658458,74.793524],[85.661957,74.753852],[85.706228,74.731431],[85.60377,74.738267],[85.506033,74.716254],[85.365733,74.752509],[85.227061,74.745103]]],[[[87.028982,74.991523],[87.138845,74.936916],[87.077647,74.899644],[86.994151,74.883734],[86.855235,74.912828],[86.726573,74.916205],[86.68686,74.895941],[86.826182,74.851264],[86.947032,74.840725],[86.919607,74.81981],[86.732432,74.849514],[86.319835,74.850898],[86.21339,74.903388],[86.25115,74.918647],[86.509451,74.890326],[86.597504,74.91706],[86.501313,74.93065],[86.529307,74.950588],[86.495128,74.978461],[86.523936,74.986965],[86.639171,74.972235],[86.618663,74.950588],[87.028982,74.991523]]],[[[82.136567,75.14232],[82.150401,75.09516],[82.026703,75.12873],[82.08253,75.158026],[82.136567,75.14232]]],[[[82.239594,75.375678],[82.294281,75.334174],[82.041189,75.337836],[82.045421,75.255805],[81.992686,75.232367],[82.013031,75.177151],[81.906586,75.208157],[81.870779,75.315904],[81.817638,75.323717],[81.802013,75.316148],[81.813975,75.293158],[81.711599,75.314276],[81.725108,75.287014],[81.688487,75.277045],[81.553884,75.320502],[81.581716,75.348456],[81.492442,75.362047],[81.751801,75.463284],[81.793305,75.465074],[81.741222,75.424262],[81.731944,75.406928],[81.77296,75.396796],[81.73878,75.382514],[81.939626,75.3935],[81.965343,75.403022],[81.869151,75.444037],[81.95102,75.465074],[81.95102,75.478746],[81.896983,75.492377],[82.170746,75.519721],[82.130138,75.457221],[82.134288,75.440823],[82.164561,75.43773],[82.131358,75.424302],[82.013031,75.444037],[82.052908,75.419623],[82.203949,75.414944],[82.239594,75.375678]]],[[[150.827647,75.163398],[150.958018,75.14232],[150.858653,75.125678],[150.77003,75.052965],[150.654063,75.00788],[150.651378,74.990709],[150.690684,74.959784],[150.680512,74.933783],[150.609223,74.8935],[149.795909,74.805121],[149.71754,74.76557],[149.293712,74.77204],[149.208995,74.758002],[148.17213,74.803534],[147.663829,74.953437],[147.087901,75.005194],[146.648448,75.128404],[146.218028,75.176337],[146.11964,75.205024],[146.071788,75.240302],[146.172862,75.290717],[146.183767,75.34398],[146.16863,75.396186],[146.263927,75.391343],[146.284923,75.403022],[146.256358,75.41474],[146.263845,75.436672],[146.407074,75.47134],[146.341482,75.52265],[146.389171,75.58515],[146.436209,75.596747],[146.663097,75.555609],[146.694184,75.525214],[146.770763,75.506741],[146.681977,75.484931],[146.688813,75.47134],[146.634288,75.43773],[146.796723,75.36636],[147.15504,75.336371],[147.32545,75.34984],[147.347423,75.355211],[147.311697,75.374823],[147.168142,75.362047],[147.271658,75.406317],[147.436209,75.38935],[147.333181,75.430365],[147.373871,75.440375],[147.686209,75.442084],[147.838552,75.419094],[148.407725,75.421088],[148.580089,75.382514],[148.552745,75.346747],[148.457286,75.310858],[148.444509,75.287299],[148.560313,75.238593],[148.557628,75.222357],[148.610362,75.215522],[148.899913,75.222724],[149.126801,75.268622],[150.129405,75.225531],[150.214692,75.186998],[150.163422,75.156643],[150.266449,75.165717],[150.417491,75.134589],[150.560802,75.12873],[150.471365,75.101386],[150.500255,75.094468],[150.632823,75.116523],[150.673676,75.15998],[150.827647,75.163398]]],[[[136.975108,75.591742],[136.969819,75.609036],[137.081309,75.568183],[136.975108,75.591742]]],[[[137.059906,75.640774],[137.139903,75.652818],[136.970225,75.609687],[137.059906,75.640774]]],[[[135.991384,75.527167],[135.959321,75.502021],[135.967133,75.479478],[136.03297,75.444037],[135.983409,75.417182],[135.844493,75.382636],[135.450043,75.375678],[135.461599,75.462063],[135.515798,75.484036],[135.594086,75.568183],[135.539399,75.677965],[135.587901,75.704657],[135.573497,75.725775],[135.607758,75.752509],[135.604747,75.769843],[135.671072,75.801663],[135.693126,75.86933],[135.816417,75.780585],[135.8213,75.745673],[135.864757,75.704657],[136.184337,75.615912],[135.991384,75.527167]]],[[[82.109548,75.888983],[82.259044,75.875963],[82.223155,75.860419],[81.761404,75.893866],[81.553884,75.930609],[82.109548,75.888983]]],[[[83.27947,75.956285],[83.29713,75.943101],[83.212901,75.916938],[83.061534,75.930609],[82.862315,75.917182],[82.843272,75.924872],[82.85613,75.944281],[82.823985,75.954779],[82.389415,75.944281],[82.277843,75.95539],[82.259044,75.972235],[82.415294,75.965074],[82.561209,75.998847],[82.657481,75.998847],[83.27947,75.956285]]],[[[145.366222,75.540229],[145.390391,75.516832],[145.071951,75.500637],[144.72934,75.431586],[144.697927,75.404771],[144.702159,75.379096],[144.667247,75.341539],[144.677745,75.327826],[144.941091,75.273342],[144.721365,75.246039],[144.720876,75.200507],[144.688162,75.15998],[144.496349,75.111965],[144.376313,75.053046],[143.998546,75.02497],[143.750743,75.081773],[143.360606,75.071112],[142.884451,75.146796],[142.837576,75.225531],[142.707774,75.238593],[142.6421,75.319973],[142.535004,75.345526],[142.494314,75.375678],[142.535899,75.427232],[142.510753,75.45189],[142.534516,75.476549],[142.619884,75.490465],[142.63738,75.516059],[142.724376,75.550686],[143.01352,75.602444],[143.042979,75.646674],[143.00115,75.707953],[142.904063,75.724555],[142.714854,75.711493],[142.660167,75.732978],[142.337901,75.725653],[142.29005,75.711493],[142.366466,75.706488],[142.434093,75.677965],[142.381358,75.661811],[142.008311,75.663723],[142.206879,75.63581],[142.008311,75.622748],[142.139659,75.59516],[142.080577,75.534735],[142.187022,75.47134],[142.162852,75.379096],[142.19988,75.348822],[142.410167,75.26675],[142.439464,75.203111],[142.580333,75.159735],[142.604177,75.115627],[142.668712,75.087958],[143.01295,75.065131],[143.448009,75.005805],[143.614513,75.011135],[143.707774,74.947455],[143.464529,74.900051],[143.003429,74.882148],[142.924164,74.89411],[142.8213,74.87641],[142.715099,74.895168],[142.650401,74.875678],[142.625255,74.848131],[142.714041,74.848131],[142.677989,74.83397],[142.514008,74.817369],[142.355642,74.82453],[141.974132,74.933783],[142.080577,74.96483],[142.295421,74.922797],[142.364513,74.93065],[142.198741,75.004218],[141.843761,74.998969],[141.371104,74.919501],[140.549164,74.877631],[140.351329,74.840074],[140.068696,74.827948],[139.973643,74.903388],[139.869965,74.923814],[139.84962,74.96483],[139.652029,74.98078],[139.458507,74.93065],[139.483165,74.922838],[139.480235,74.868598],[139.516612,74.855943],[139.644786,74.889106],[139.562022,74.845526],[139.496267,74.767564],[139.343435,74.687405],[139.127208,74.652289],[139.015961,74.657538],[138.815603,74.714057],[138.165701,74.77619],[137.895274,74.846177],[137.847341,74.882066],[137.793793,74.975409],[137.651378,75.022773],[137.432791,75.050442],[137.134125,75.141547],[136.909923,75.273342],[136.924327,75.320502],[136.862153,75.362047],[137.039317,75.388007],[137.117686,75.343207],[137.253754,75.336371],[137.422374,75.369818],[137.430675,75.38935],[137.397309,75.417182],[137.143321,75.410224],[137.12908,75.430365],[137.148692,75.46483],[137.301036,75.47134],[137.180675,75.550727],[137.204845,75.588609],[137.29363,75.60163],[137.140147,75.652818],[137.156993,75.691067],[137.067638,75.725775],[137.198497,75.789618],[137.58839,75.773586],[137.742686,75.749091],[137.709727,75.788398],[137.60141,75.809312],[137.431977,75.887274],[137.414317,75.940863],[137.432953,75.953192],[137.711925,76.013129],[138.027517,76.031928],[138.115977,76.075263],[138.081309,76.086493],[137.972667,76.054145],[138.138031,76.118842],[138.376638,76.157172],[138.328298,76.136054],[138.378184,76.106594],[138.391612,76.073879],[138.43214,76.063381],[138.479666,76.10871],[138.459239,76.122992],[138.532725,76.186103],[139.048839,76.239081],[138.897309,76.218736],[138.960785,76.206936],[138.975352,76.157782],[139.10963,76.096869],[139.624278,75.985826],[139.82545,75.970038],[139.911632,75.937445],[139.835785,75.930609],[139.798595,75.886176],[139.956065,75.835842],[140.150401,75.800523],[140.259939,75.831122],[140.509532,75.790473],[140.545909,75.75552],[140.456309,75.704657],[140.432953,75.656562],[140.475841,75.640326],[140.901866,75.615912],[140.986501,75.620673],[141.062266,75.650092],[140.974294,75.677965],[141.007823,75.691067],[140.864431,75.738837],[140.905284,75.808905],[140.878754,75.896918],[140.908946,75.984117],[141.000987,76.047431],[141.230968,76.057074],[141.624685,76.013129],[141.514822,76.054145],[141.310069,76.184475],[141.702159,76.120998],[142.145681,76.011908],[142.546886,75.862982],[143.058849,75.80683],[143.38559,75.807074],[143.358897,75.834418],[143.584809,75.869818],[143.802257,75.829047],[143.947113,75.834784],[144.191417,75.766995],[144.724132,75.695014],[144.809825,75.644232],[145.174164,75.608222],[145.366222,75.540229]]],[[[96.644054,76.267035],[96.646332,76.24787],[96.57838,76.194648],[96.595551,76.157172],[96.54949,76.163153],[96.519867,76.19066],[96.561534,76.231635],[96.446788,76.271633],[96.346853,76.254706],[96.424327,76.212388],[96.278494,76.222235],[96.246104,76.204983],[96.396495,76.17768],[96.400564,76.155178],[96.3213,76.136054],[96.36964,76.115627],[96.344737,76.105048],[96.181407,76.15469],[95.891368,76.153632],[95.704112,76.176093],[95.670177,76.198147],[95.310557,76.201158],[95.266124,76.218573],[95.3213,76.239081],[95.313975,76.276597],[95.349946,76.288764],[95.469493,76.285834],[95.57016,76.238186],[95.812266,76.302924],[95.872325,76.279527],[96.068126,76.280015],[96.072276,76.235785],[96.104177,76.231635],[96.219574,76.301215],[96.28297,76.309272],[96.644054,76.267035]]],[[[113.292491,76.363227],[113.117686,76.376899],[113.208263,76.433051],[113.264334,76.444322],[113.309418,76.423489],[113.261729,76.396715],[113.446625,76.369452],[113.292491,76.363227]]],[[[111.958832,76.6022],[112.021007,76.609605],[111.966319,76.630072],[112.145844,76.636949],[112.272227,76.615546],[112.30893,76.622707],[112.329356,76.657416],[112.367198,76.658149],[112.528087,76.622707],[112.486501,76.6022],[112.548513,76.581732],[112.520681,76.568061],[112.569672,76.554999],[112.507579,76.540717],[112.714122,76.520453],[112.575938,76.499742],[112.618012,76.458808],[112.567882,76.443508],[112.423106,76.465725],[112.310069,76.534003],[112.119395,76.549221],[112.045665,76.587958],[111.958832,76.6022]]],[[[96.472016,76.691596],[96.394216,76.679877],[96.361339,76.665473],[96.36964,76.643215],[96.313487,76.622545],[95.889903,76.616441],[95.889903,76.650621],[95.925629,76.66592],[96.004161,76.679633],[96.080089,76.668158],[96.232432,76.712063],[96.465831,76.712063],[96.472016,76.691596]]],[[[95.650238,76.677924],[95.733653,76.698432],[95.834727,76.691596],[95.684418,76.651068],[95.528656,76.648749],[95.437348,76.671088],[95.417003,76.705268],[95.520844,76.716783],[95.59547,76.676418],[95.650238,76.677924]]],[[[97.476329,76.650336],[97.484874,76.630276],[97.596202,76.6022],[97.525401,76.582221],[97.34311,76.599311],[97.314952,76.609605],[97.391368,76.634955],[97.386974,76.653998],[97.288259,76.691596],[97.4463,76.714748],[97.476329,76.650336]]],[[[149.374713,76.738202],[149.263218,76.710583],[149.238218,76.667958],[149.255801,76.633768],[149.20009,76.626806],[148.431789,76.629326],[148.468756,76.656938],[148.866735,76.733998],[149.453497,76.768779],[149.443976,76.750495],[149.374713,76.738202]]],[[[96.527354,77.205512],[96.589366,77.14411],[96.477224,77.082221],[96.265961,77.034247],[96.307628,77.013658],[96.235037,76.990465],[96.119802,77.006741],[95.684418,76.952297],[95.79713,76.992621],[95.951427,77.013658],[95.869884,77.030463],[95.257091,76.991604],[95.231944,77.006293],[95.420665,77.055487],[95.704845,77.075141],[96.302013,77.160631],[96.462169,77.210273],[96.527354,77.205512]]],[[[105.784923,77.280585],[105.90268,77.304023],[106.011485,77.287421],[105.861827,77.254869],[105.784923,77.280585]]],[[[89.68922,77.280585],[89.727551,77.244077],[89.81702,77.21059],[89.746795,77.164424],[89.49279,77.140757],[89.301216,77.147222],[89.134613,77.217719],[89.213064,77.277899],[89.304373,77.307929],[89.604015,77.312567],[89.68922,77.280585]]],[[[106.361176,77.321926],[106.456554,77.321601],[106.390391,77.304755],[106.333018,77.321601],[106.361176,77.321926]]],[[[107.745128,77.329047],[107.704112,77.294257],[107.72169,77.269721],[107.204845,77.23432],[107.237966,77.253323],[107.457042,77.280585],[107.279552,77.301703],[107.395356,77.360256],[107.605805,77.328599],[107.745128,77.329047]]],[[[106.861176,77.445746],[106.881114,77.424547],[106.766124,77.426459],[106.700938,77.383612],[106.52475,77.390448],[106.562348,77.421536],[106.559581,77.4383],[106.730317,77.470445],[106.943126,77.458726],[106.861176,77.445746]]],[[[107.704112,78.137152],[107.61964,78.081855],[107.45102,78.053168],[107.42156,78.074123],[107.434581,78.090806],[107.390636,78.102484],[107.203868,78.082506],[106.39503,78.130927],[106.477061,78.162502],[106.929861,78.183295],[107.259044,78.164496],[107.337901,78.190741],[107.565115,78.187567],[107.704112,78.137152]]],[[[106.532237,78.253852],[106.193858,78.193061],[105.990977,78.219143],[106.025645,78.257025],[106.068858,78.270575],[106.337901,78.265855],[106.388927,78.288642],[106.417247,78.328192],[106.470063,78.342597],[106.605235,78.341498],[106.765636,78.308498],[106.747895,78.275702],[106.71339,78.261908],[106.620942,78.286038],[106.450206,78.261298],[106.532237,78.253852]]],[[[105.415538,78.583441],[105.367686,78.543199],[105.380219,78.535061],[105.357432,78.506252],[104.787364,78.336371],[104.630382,78.356757],[104.353282,78.341457],[103.712576,78.256293],[103.121104,78.244127],[103.015961,78.256496],[102.865733,78.219143],[102.893077,78.206732],[102.837413,78.185736],[102.66033,78.164496],[102.681488,78.212877],[102.607107,78.225531],[102.238536,78.219794],[102.025401,78.185289],[101.974864,78.212063],[101.61378,78.190131],[101.209809,78.193508],[101.01238,78.130357],[100.582774,78.061469],[100.483165,78.029975],[99.871267,77.952216],[99.658702,77.965888],[99.514659,77.943549],[99.371349,77.959662],[99.426036,77.987006],[99.268321,78.041571],[99.426036,78.07567],[99.535818,78.144599],[99.522146,78.165269],[99.543142,78.179674],[99.755138,78.264553],[99.968761,78.334418],[100.049653,78.343207],[99.998057,78.384833],[100.015636,78.40469],[100.000743,78.417711],[100.096934,78.449042],[100.150401,78.486762],[100.131114,78.500922],[100.142345,78.510565],[100.275645,78.579739],[100.288585,78.592678],[100.254649,78.623765],[100.254649,78.665351],[100.331309,78.69359],[100.385265,78.751614],[100.601573,78.798163],[100.993988,78.764065],[101.030935,78.743394],[101.166352,78.760972],[101.082205,78.785956],[100.904307,78.788398],[100.823741,78.808783],[100.832774,78.831529],[100.782237,78.863349],[100.784923,78.895087],[100.878266,78.94595],[100.907237,78.985093],[101.070079,79.034654],[101.591645,78.976996],[101.625662,78.986884],[100.988129,79.062649],[101.042654,79.133002],[101.195649,79.147162],[101.125987,79.165025],[101.194184,79.202867],[101.309906,79.238756],[101.557384,79.254381],[101.541026,79.273993],[101.56365,79.295966],[101.52947,79.302191],[101.543712,79.340766],[101.646739,79.364244],[101.817556,79.371039],[101.951996,79.302314],[101.960785,79.261217],[102.246267,79.241645],[102.263194,79.254381],[102.167817,79.292385],[102.139659,79.356838],[102.197032,79.408189],[102.302908,79.432807],[102.893728,79.381334],[102.944347,79.341213],[103.138357,79.325141],[103.153168,79.309638],[103.063975,79.281724],[102.929942,79.275702],[102.82545,79.227118],[102.85963,79.220282],[102.742931,79.15884],[102.797618,79.138332],[102.674001,79.07685],[102.700043,79.051825],[102.691417,79.032213],[102.440278,78.88581],[102.379161,78.822455],[102.53004,78.843492],[102.665782,78.892401],[102.687755,78.918443],[102.79005,78.956041],[102.921153,79.058417],[103.144298,79.057766],[103.27768,79.083197],[103.349132,79.11636],[103.462657,79.113918],[103.516856,79.127427],[103.531016,79.159369],[103.624278,79.17121],[103.646658,79.165025],[103.606293,79.138332],[103.807953,79.15351],[104.001313,79.127672],[104.023285,79.096747],[103.976248,79.062649],[104.073741,79.032782],[104.073497,79.004828],[104.383149,78.988593],[104.455333,78.966742],[104.503754,78.925442],[104.483409,78.890692],[104.524913,78.885077],[104.499197,78.863756],[104.36671,78.857123],[104.654552,78.829901],[104.638357,78.790513],[104.578868,78.775214],[104.725108,78.790839],[104.757091,78.819281],[104.722911,78.843492],[104.759044,78.853339],[105.058767,78.843492],[105.175059,78.809272],[105.257335,78.740465],[105.239594,78.725002],[105.249766,78.713324],[105.343761,78.64232],[105.333507,78.604804],[105.415538,78.583441]]],[[[77.613617,79.521918],[77.582856,79.49551],[76.696056,79.477607],[76.640961,79.487128],[76.698741,79.518215],[76.620616,79.54857],[76.552013,79.5362],[76.174327,79.569078],[76.052013,79.629299],[76.051443,79.648505],[76.224376,79.657375],[76.277354,79.645453],[76.140147,79.638617],[76.199474,79.608588],[76.268809,79.604315],[76.406993,79.617499],[76.423025,79.63703],[76.48227,79.643744],[77.613617,79.521918]]],[[[93.628184,79.933417],[93.813731,79.898668],[93.669932,79.831732],[93.052094,79.715277],[92.624766,79.672797],[91.921886,79.678941],[91.970225,79.693264],[91.915701,79.706936],[91.944509,79.715888],[92.148123,79.734198],[92.283214,79.711819],[92.353282,79.734198],[92.280772,79.771064],[92.099457,79.809882],[91.07252,79.850979],[91.059093,79.860785],[91.082774,79.883979],[91.298595,79.919135],[91.017589,79.966986],[91.181895,79.994859],[91.161469,80.026842],[91.113617,80.048896],[90.866547,80.062567],[90.90211,80.073635],[91.596446,80.037828],[91.782074,80.063788],[92.040294,80.037299],[92.424327,80.030707],[92.648774,79.983791],[93.628184,79.933417]]],[[[51.346853,79.953315],[51.505138,79.933417],[51.420095,79.916449],[50.045258,79.974433],[50.230154,79.994859],[50.552501,79.988023],[50.653819,80.044338],[51.000987,80.102525],[51.086681,80.062567],[51.264822,80.056342],[51.199718,80.032416],[51.201182,80.010891],[51.256114,79.982856],[51.388438,79.966986],[51.346853,79.953315]]],[[[36.593598,80.158759],[36.652599,80.174872],[36.853689,80.151923],[36.785899,80.139838],[36.593598,80.158759]]],[[[99.885997,79.04149],[99.863048,79.024359],[99.946625,78.97012],[99.925548,78.94599],[99.40561,78.822455],[98.602712,78.815863],[98.555186,78.802558],[98.602712,78.792548],[98.5796,78.782172],[98.327403,78.784735],[98.240489,78.808783],[98.08961,78.808783],[98.116954,78.81623],[98.082774,78.824205],[97.945567,78.808783],[97.760753,78.808783],[97.673513,78.828111],[97.442231,78.817206],[97.40447,78.829901],[97.603038,78.843492],[97.263927,78.853013],[96.918712,78.941352],[96.842052,78.94595],[96.869395,78.966986],[96.798513,78.989203],[96.280284,78.99433],[96.36964,79.021674],[95.932465,78.992906],[95.672537,79.000963],[95.642833,79.048977],[95.670177,79.069403],[95.523774,79.109076],[95.42213,79.106269],[95.06658,79.038153],[95.01824,79.03852],[94.957286,79.069525],[94.826671,79.066636],[94.632335,79.127427],[94.622813,79.137641],[94.64975,79.179267],[94.617361,79.201321],[94.333995,79.248603],[94.323253,79.282538],[94.354828,79.315863],[94.313324,79.350002],[94.320811,79.391588],[94.362315,79.440009],[94.312266,79.479193],[94.053233,79.473538],[94.080577,79.446845],[93.988048,79.427151],[93.696951,79.459866],[93.924571,79.470526],[93.991222,79.494045],[93.690196,79.542426],[93.800059,79.562934],[93.882009,79.603827],[93.720958,79.595404],[93.685395,79.563178],[93.558279,79.549384],[93.443126,79.501451],[93.539317,79.487128],[93.23585,79.438951],[93.114106,79.467271],[93.32016,79.501451],[93.17628,79.528754],[93.054454,79.518541],[93.018565,79.528754],[93.041759,79.534329],[92.854177,79.556098],[92.903331,79.574693],[93.157074,79.54267],[93.280284,79.552476],[93.761485,79.650702],[93.785655,79.658515],[93.794444,79.688178],[93.847911,79.709662],[94.169444,79.775214],[94.690115,79.816107],[94.359874,79.867906],[94.322765,79.893988],[94.22462,79.898668],[94.382335,79.933417],[94.320811,79.966986],[94.351248,79.976996],[94.451182,79.966986],[94.749766,80.007473],[94.799978,80.028998],[94.793712,80.04267],[94.935557,80.071275],[94.909841,80.097317],[94.951996,80.104478],[95.107758,80.073432],[95.107758,80.056342],[95.241873,80.021552],[95.349294,80.032538],[95.363048,80.079169],[95.502126,80.111477],[96.10963,80.110989],[96.102794,80.090481],[96.174083,80.091498],[96.27003,80.117825],[96.360037,80.0987],[96.501475,80.106635],[96.607921,80.138251],[96.715668,80.117825],[97.592133,80.174872],[97.829438,80.131415],[97.943696,80.078599],[98.08961,80.056342],[98.007172,80.014594],[97.84783,79.996527],[97.856212,79.977484],[97.768077,79.946479],[97.829438,79.933417],[97.81422,79.916327],[97.751964,79.886176],[97.58253,79.857123],[97.658214,79.829779],[97.520518,79.809272],[97.630382,79.788804],[97.608735,79.776597],[97.19158,79.706936],[97.277843,79.702867],[97.705821,79.76317],[97.723155,79.805365],[97.917735,79.857123],[97.884044,79.877183],[97.926117,79.902167],[98.087901,79.905504],[98.255626,79.87287],[98.377208,79.877875],[98.45281,79.905504],[98.41863,79.919135],[98.486827,79.939643],[98.473155,79.946479],[98.487315,79.955552],[98.582367,79.975979],[98.439138,80.015367],[98.556977,80.058539],[98.756196,80.037787],[99.198985,80.049994],[99.247813,80.035834],[99.158458,80.015367],[99.331716,80.019761],[99.375824,80.000434],[99.350271,79.988023],[99.375824,79.97956],[99.563162,79.966986],[99.50172,79.953315],[99.535818,79.935736],[99.734874,79.923163],[99.880626,79.85928],[100.022472,79.823554],[100.00172,79.805487],[100.076996,79.78266],[100.013927,79.756334],[99.817068,79.741645],[99.881114,79.711412],[99.885997,79.693264],[99.767914,79.645453],[99.778168,79.624945],[99.707205,79.569078],[99.789073,79.521918],[99.686046,79.473538],[99.733735,79.419501],[99.6963,79.38817],[99.748057,79.364244],[99.666677,79.312242],[99.583018,79.274888],[99.470063,79.266303],[99.460134,79.247545],[99.146983,79.310696],[99.034923,79.295966],[99.583181,79.172797],[99.61085,79.15884],[99.488048,79.145168],[99.527029,79.123765],[99.821056,79.101467],[99.854503,79.089911],[99.885997,79.04149]]],[[[50.081309,80.068061],[50.000173,80.056342],[49.883149,80.069892],[49.531261,80.158759],[49.898611,80.233954],[50.228526,80.22602],[50.335623,80.181586],[50.125987,80.142157],[50.052013,80.083645],[50.081309,80.068061]]],[[[55.794932,80.642279],[55.602794,80.665839],[55.705821,80.700019],[55.431651,80.71426],[55.60963,80.741604],[55.723888,80.732611],[55.7824,80.761135],[56.530447,80.787095],[56.57602,80.775702],[56.558442,80.763414],[56.570323,80.757392],[56.8449,80.727525],[56.946056,80.693793],[56.927908,80.662991],[56.329112,80.624905],[56.34962,80.639146],[56.312022,80.655097],[55.794932,80.642279]]],[[[46.687266,80.529283],[46.519216,80.518622],[46.495453,80.508246],[46.530121,80.474066],[46.480479,80.459703],[46.083995,80.439887],[46.030447,80.465074],[46.021251,80.488593],[46.029307,80.515041],[46.083995,80.555976],[46.043712,80.573554],[45.835948,80.551256],[45.750255,80.561469],[45.51531,80.519761],[45.377208,80.573188],[45.271169,80.589504],[44.857432,80.617418],[45.094737,80.649156],[46.516612,80.721137],[46.399262,80.734768],[46.44158,80.745347],[46.920746,80.748684],[47.201182,80.809882],[47.09197,80.830959],[47.138194,80.842231],[47.536306,80.856676],[47.865489,80.812079],[48.038585,80.807196],[48.275157,80.830512],[48.496349,80.798082],[48.654796,80.755194],[48.499766,80.749416],[48.455577,80.727281],[48.764008,80.659613],[48.750499,80.617418],[48.726817,80.610745],[48.434418,80.652777],[48.063731,80.662421],[47.989513,80.680121],[48.000011,80.708726],[47.920909,80.711249],[47.74879,80.770494],[47.558116,80.74844],[47.612641,80.727281],[47.475597,80.734768],[47.571788,80.680121],[47.358653,80.688178],[47.30421,80.652777],[47.433279,80.610663],[47.430675,80.593817],[47.200043,80.625556],[47.061209,80.595689],[46.992442,80.55272],[46.632579,80.555976],[46.687266,80.529283]]],[[[62.221934,80.813218],[62.275238,80.783881],[62.259451,80.741441],[62.037446,80.665839],[62.147309,80.639146],[62.115977,80.622382],[61.706228,80.59748],[61.687999,80.577094],[61.587657,80.555976],[61.606212,80.529283],[61.310802,80.510728],[61.276622,80.50137],[61.383067,80.49079],[61.327403,80.457465],[61.044607,80.405178],[60.560802,80.446479],[60.307384,80.495551],[60.180431,80.488349],[60.157563,80.469062],[59.963227,80.443101],[59.636404,80.43122],[59.495942,80.482611],[59.241954,80.529283],[59.372325,80.570258],[59.286143,80.581977],[59.261485,80.597886],[59.289806,80.617418],[59.221446,80.652777],[59.310232,80.686957],[59.282237,80.700019],[59.365489,80.721137],[59.404633,80.750312],[59.533865,80.763414],[59.570811,80.789984],[59.5088,80.803656],[59.693858,80.837144],[60.170909,80.853949],[60.256196,80.830959],[59.96811,80.809882],[60.312022,80.810777],[60.36199,80.789984],[60.563975,80.822821],[61.544688,80.865058],[61.530447,80.87873],[61.60255,80.895657],[62.067719,80.879869],[62.221934,80.813218]]],[[[58.130056,80.780748],[57.882498,80.787299],[57.815684,80.809882],[58.1574,80.871243],[58.74586,80.902737],[58.928884,80.882148],[59.029063,80.824123],[58.895518,80.773749],[58.696056,80.778876],[58.542735,80.754299],[58.421235,80.748765],[58.130056,80.780748]]],[[[55.76588,80.783677],[54.87672,80.721137],[54.663829,80.741604],[54.689952,80.768988],[54.656993,80.788031],[54.011729,80.79621],[53.980317,80.81623],[54.100841,80.851711],[54.323416,80.864447],[54.406749,80.851467],[54.722423,80.871894],[54.764822,80.864447],[54.753184,80.844631],[54.822927,80.835924],[54.983165,80.892401],[55.097016,80.902818],[55.986501,80.803656],[55.76588,80.783677]]],[[[51.689301,80.727281],[51.743988,80.71426],[51.700938,80.676947],[51.174571,80.61815],[50.949555,80.53677],[50.121349,80.527086],[50.046641,80.498603],[49.675304,80.481513],[49.798106,80.452094],[49.798676,80.426907],[49.830251,80.416449],[49.816173,80.401028],[49.490408,80.363511],[48.839529,80.387844],[48.791352,80.364203],[48.818126,80.350531],[48.65447,80.317043],[48.626964,80.295315],[48.942638,80.273017],[49.037852,80.241278],[48.975759,80.213365],[49.107188,80.189521],[48.969086,80.151923],[48.733897,80.159084],[48.528331,80.209133],[48.496593,80.192857],[48.551768,80.158759],[48.51059,80.124213],[48.372406,80.091783],[48.223155,80.13467],[48.116059,80.136786],[48.044688,80.117825],[48.048839,80.099555],[48.019216,80.089057],[47.627696,80.072211],[47.605317,80.088853],[47.637462,80.102607],[47.633149,80.117825],[47.736501,80.162014],[48.046641,80.189032],[48.085134,80.20718],[47.84547,80.213365],[47.969005,80.235093],[47.929373,80.247138],[47.451345,80.239814],[47.33839,80.213365],[47.386892,80.186713],[47.212087,80.19009],[47.101817,80.170315],[46.894542,80.191799],[46.906423,80.227688],[46.890147,80.23664],[46.659516,80.274156],[46.618419,80.295315],[46.64975,80.31387],[47.088552,80.371649],[47.163097,80.358547],[47.190196,80.343248],[47.173839,80.323188],[47.223888,80.308987],[47.427989,80.322699],[47.556163,80.3039],[48.016856,80.309556],[47.970958,80.321845],[48.132986,80.326483],[48.188731,80.337551],[47.689301,80.372952],[47.619477,80.405178],[48.23585,80.426907],[48.099376,80.446112],[48.140391,80.467841],[48.100108,80.476304],[47.819835,80.476386],[47.42335,80.442939],[47.379405,80.453559],[48.013357,80.546576],[48.19516,80.535468],[48.375499,80.571112],[48.56544,80.542914],[48.530772,80.515041],[48.569021,80.505601],[48.701996,80.515041],[48.827403,80.497748],[48.960948,80.530748],[49.188243,80.52143],[49.229666,80.53677],[49.175059,80.555976],[49.355724,80.587226],[49.407074,80.617418],[49.284923,80.645331],[49.631033,80.639594],[49.668468,80.652777],[49.634288,80.665839],[49.654796,80.680121],[49.613292,80.686957],[49.681977,80.721137],[49.62794,80.730902],[49.202891,80.693793],[49.263194,80.727973],[49.339529,80.734768],[49.242931,80.744778],[49.045909,80.714586],[48.955333,80.734768],[49.113536,80.769477],[49.003673,80.775702],[49.677257,80.853502],[49.801768,80.893378],[50.237153,80.933498],[50.443044,80.906073],[50.131358,80.889716],[49.997325,80.865058],[50.724294,80.895453],[50.855968,80.918524],[51.045177,80.851467],[50.982107,80.831244],[50.470388,80.809882],[50.545421,80.789984],[50.312673,80.764879],[50.251231,80.741604],[50.372406,80.713446],[50.652599,80.765815],[50.764903,80.741767],[50.882986,80.774237],[51.008556,80.777737],[51.101573,80.748196],[51.161876,80.755194],[51.144054,80.767524],[51.156505,80.775702],[51.312673,80.789984],[51.306407,80.775702],[51.451345,80.741889],[51.689301,80.727281]]],[[[79.806651,80.974311],[80.437185,80.940172],[80.399913,80.885932],[80.326427,80.860541],[79.127615,80.806708],[78.97462,80.842597],[79.121104,80.929918],[79.210704,80.96133],[79.806651,80.974311]]],[[[58.653656,81.043769],[58.696625,81.024726],[58.6067,80.994859],[58.604503,80.974311],[58.56129,80.957017],[58.366954,80.94595],[58.253591,80.955146],[57.840994,81.047675],[58.069509,81.111518],[58.653656,81.043769]]],[[[57.336436,80.891791],[57.198578,80.906073],[57.23406,80.933336],[57.201427,80.953925],[56.932384,80.974311],[56.897309,80.992825],[56.918712,81.00845],[56.896739,81.016099],[56.095551,81.09101],[56.147146,81.123196],[56.224864,81.107856],[56.702891,81.113105],[56.944347,81.072455],[57.256358,81.064765],[57.644542,81.024359],[57.750011,80.970689],[58.2824,80.9265],[57.965668,80.888332],[57.838145,80.853339],[57.534353,80.862698],[57.336436,80.891791]]],[[[54.564138,80.995429],[54.417328,81.00845],[54.454926,81.04857],[54.553966,81.063707],[54.544281,81.083808],[54.670909,81.12519],[54.863048,81.084174],[55.321625,81.050035],[55.520274,81.00845],[56.019216,81.043606],[56.623302,80.981757],[56.652354,80.943549],[57.681326,80.816799],[57.716075,80.793158],[57.562348,80.74844],[57.058767,80.69184],[56.843028,80.76203],[56.705821,80.782538],[56.668468,80.809231],[55.798839,80.854438],[55.757335,80.888739],[55.547211,80.897691],[55.376964,80.933336],[55.404796,80.957587],[55.380626,80.968573],[54.998302,80.951158],[54.883556,80.978013],[54.859548,81.001654],[54.564138,80.995429]]],[[[50.476573,81.069973],[50.347423,81.09101],[50.387869,81.105292],[50.367361,81.12519],[50.519054,81.128974],[50.538585,81.138821],[50.490896,81.159247],[50.529633,81.167873],[50.819835,81.166164],[50.976817,81.105902],[50.765961,81.088365],[50.744802,81.077379],[50.779145,81.062445],[50.774425,81.044013],[50.574555,81.046373],[50.451508,81.016547],[50.374278,81.022773],[50.476573,81.069973]]],[[[91.547211,81.153795],[91.573904,81.135565],[91.186209,81.05683],[89.996349,81.105292],[89.914561,81.132636],[89.923025,81.158026],[89.893891,81.17357],[90.071544,81.214545],[91.454845,81.192613],[91.547211,81.153795]]],[[[97.747081,80.741604],[97.926524,80.740953],[97.972911,80.721137],[97.944102,80.700141],[97.780284,80.691067],[97.719005,80.663642],[97.555349,80.674262],[97.37322,80.652777],[97.2942,80.670722],[97.130626,80.665839],[97.19158,80.645331],[97.047374,80.58393],[97.059418,80.572252],[97.019786,80.548041],[97.020763,80.525865],[97.148774,80.487006],[97.146983,80.453681],[97.208507,80.430854],[97.19158,80.391547],[97.205821,80.355618],[97.422862,80.326972],[97.389985,80.295722],[97.219493,80.261786],[97.233084,80.248114],[97.187999,80.233588],[95.033946,80.138251],[94.863048,80.151557],[94.718028,80.117825],[94.53004,80.131008],[94.457774,80.094428],[94.172537,80.041571],[93.850597,80.020209],[93.749848,79.996772],[92.965017,80.111029],[92.504893,80.15766],[92.065766,80.172431],[92.195323,80.208157],[92.837413,80.160142],[92.888194,80.172431],[92.699962,80.203681],[92.281016,80.230414],[92.217621,80.265326],[92.107432,80.28974],[92.692068,80.29914],[93.32016,80.276068],[93.244395,80.309556],[91.531993,80.28974],[91.641287,80.317043],[91.42213,80.309556],[91.472423,80.350409],[91.688975,80.371649],[91.662364,80.38524],[92.120942,80.398993],[92.100108,80.404364],[92.562266,80.379462],[92.627615,80.391547],[92.096853,80.418891],[91.887706,80.460395],[92.276622,80.509467],[92.769298,80.51675],[92.820567,80.58393],[92.778982,80.59691],[92.813243,80.617418],[92.825206,80.650621],[93.239594,80.769436],[93.272472,80.782538],[93.270274,80.797105],[92.898448,80.76203],[92.755138,80.775702],[92.682384,80.755194],[92.534679,80.753079],[92.497244,80.775702],[92.731212,80.851467],[92.676524,80.87873],[93.106944,80.920722],[93.162608,80.946967],[93.052745,80.995429],[93.471365,81.043891],[93.654959,81.032294],[93.699718,81.054023],[94.058849,81.069037],[94.385997,81.114081],[94.55714,81.10399],[94.889659,81.144355],[95.187022,81.217597],[95.547211,81.220771],[95.033946,81.248684],[95.103526,81.271308],[95.776622,81.288804],[96.020274,81.234442],[95.965587,81.222805],[95.96754,81.205024],[96.135265,81.20246],[96.184581,81.171454],[96.274913,81.161078],[96.293956,81.138821],[96.554698,81.077379],[96.532888,81.064643],[96.544119,81.029853],[96.732758,81.00845],[96.644054,80.987982],[96.766368,80.949937],[96.910899,80.933336],[96.972992,80.906073],[97.424815,80.851467],[97.410655,80.837144],[97.754649,80.829291],[97.788585,80.816636],[97.747081,80.79621],[97.883556,80.769477],[97.747081,80.741604]]],[[[57.266124,81.426825],[56.740489,81.453518],[56.981781,81.493232],[57.007498,81.508734],[56.946056,81.522406],[57.013031,81.536811],[57.48227,81.533352],[57.514496,81.542914],[57.484548,81.551418],[57.514171,81.560004],[57.784028,81.564765],[57.823009,81.550279],[57.795746,81.536078],[57.864024,81.516181],[57.843516,81.495063],[57.888845,81.485582],[58.399913,81.474189],[58.570486,81.413153],[58.305675,81.376899],[57.797618,81.378892],[57.576671,81.398871],[57.562348,81.419989],[57.438731,81.43773],[57.266124,81.426825]]],[[[62.503673,81.652777],[62.517345,81.660142],[62.106456,81.68008],[62.461274,81.716498],[62.804698,81.721625],[62.765961,81.70661],[63.677582,81.694973],[63.805919,81.660142],[63.712169,81.614732],[63.467459,81.589057],[62.690929,81.614163],[62.503673,81.652777]]],[[[58.295421,81.714179],[57.989431,81.690131],[57.891287,81.707953],[57.945974,81.755194],[58.145274,81.776842],[57.939708,81.803616],[58.156098,81.830268],[59.214692,81.85871],[59.439952,81.817816],[59.331309,81.789862],[59.372325,81.773749],[59.355642,81.753323],[58.295421,81.714179]]],[[[150.843331,46.448224],[150.780077,46.457159],[150.808481,46.486438],[150.843331,46.448224]]],[[[154.836681,49.650051],[154.90504,49.630805],[154.875987,49.543524],[154.802745,49.478664],[154.80128,49.43301],[154.834646,49.352729],[154.815115,49.310207],[154.719981,49.267035],[154.605968,49.29267],[154.603852,49.35928],[154.638357,49.424262],[154.686534,49.458889],[154.760997,49.558498],[154.750987,49.595649],[154.836681,49.650051]]],[[[59.034353,75.959866],[59.234141,75.990668],[59.26002,75.984076],[59.262462,75.965399],[59.198904,75.943793],[58.693207,75.903266],[59.034353,75.959866]]],[[[59.00172,79.980618],[58.768728,80.021064],[58.796397,80.043647],[59.529145,80.120917],[59.809581,80.088935],[59.841563,80.070746],[59.836111,80.027289],[59.927257,79.994859],[59.542979,79.939643],[59.440684,79.948065],[59.372081,79.919664],[59.206798,79.9289],[59.173676,79.939643],[59.200369,79.953315],[59.00172,79.980618]]],[[[55.712087,80.103461],[56.019054,80.18183],[56.047862,80.200344],[55.993907,80.213365],[56.007579,80.235093],[55.952322,80.261786],[55.993907,80.30272],[55.97283,80.323188],[56.129893,80.351223],[56.642751,80.32453],[56.71225,80.368354],[57.021983,80.364],[57.097667,80.34516],[57.131033,80.306138],[57.083669,80.258124],[57.098888,80.220893],[57.153575,80.198961],[57.046886,80.154364],[57.138438,80.117825],[57.117931,80.096015],[56.956798,80.066311],[55.948578,80.078437],[55.712087,80.103461]]],[[[52.622895,80.183295],[52.601329,80.199408],[52.356619,80.208686],[52.182872,80.276068],[52.305512,80.292914],[52.568858,80.289496],[52.595551,80.295315],[52.600434,80.315131],[52.730968,80.323188],[52.684337,80.357978],[52.859548,80.405463],[53.149587,80.412584],[53.341075,80.398993],[53.322927,80.37873],[53.348806,80.360541],[53.531993,80.309556],[53.869477,80.270941],[53.733409,80.217678],[53.66391,80.24494],[53.589854,80.242377],[53.489919,80.17182],[52.622895,80.183295]]],[[[57.528819,80.131415],[57.42628,80.127753],[57.27768,80.178371],[57.302257,80.20718],[57.219737,80.241278],[57.265391,80.268866],[57.265961,80.286038],[57.240245,80.295315],[57.258962,80.325873],[57.192393,80.364203],[57.274425,80.391547],[57.242849,80.411526],[56.946056,80.481513],[58.452403,80.468085],[58.898692,80.426907],[59.19337,80.378485],[59.276134,80.330024],[58.590831,80.337551],[58.557872,80.315253],[58.390961,80.320217],[58.076915,80.261786],[58.123302,80.242133],[58.429373,80.241889],[58.474864,80.222357],[58.42628,80.186713],[58.446788,80.179877],[58.406505,80.165595],[58.251313,80.186713],[58.086192,80.183295],[58.041352,80.205756],[57.933604,80.192206],[57.90504,80.172431],[58.014903,80.110989],[57.97047,80.098944],[57.713064,80.098822],[57.528819,80.131415]]],[[[53.798025,80.472886],[53.853852,80.482123],[53.847504,80.510199],[53.972911,80.529283],[53.858735,80.554429],[53.841319,80.573676],[53.883311,80.610745],[54.269054,80.58869],[54.314952,80.577094],[54.170421,80.572577],[54.136078,80.555976],[54.409841,80.542914],[54.387055,80.52497],[54.458263,80.50137],[54.465099,80.481513],[54.288259,80.420356],[53.798025,80.472886]]],[[[60.256196,81.036363],[60.612804,81.092475],[61.701671,81.105292],[61.606212,81.077379],[61.628266,81.055121],[61.599783,81.031399],[60.987804,80.922024],[60.343272,80.948554],[60.022716,80.995429],[60.256196,81.036363]]],[[[62.770518,80.885565],[62.938162,80.910224],[63.142263,80.971381],[64.036469,80.986884],[64.186046,81.019029],[64.216807,81.056871],[64.120372,81.093573],[64.27475,81.169135],[64.422862,81.193834],[64.704845,81.205268],[65.229828,81.136705],[65.43629,81.037055],[65.450043,81.022773],[65.306163,80.995429],[65.388682,80.986151],[65.465668,80.934882],[64.999766,80.808824],[64.586681,80.755194],[63.775157,80.713568],[63.685802,80.727281],[63.130707,80.683092],[62.530772,80.804755],[62.503673,80.824123],[62.529796,80.843817],[62.770518,80.885565]]],[[[57.336192,81.205268],[57.887869,81.245551],[58.083751,81.214545],[57.851817,81.190131],[57.770763,81.148017],[57.70045,81.137152],[57.389822,81.123765],[56.994395,81.166164],[57.336192,81.205268]]],[[[55.646821,81.200263],[55.560557,81.22309],[55.60906,81.275946],[55.431651,81.283433],[55.540782,81.297105],[55.465668,81.324408],[55.712087,81.330552],[56.54477,81.254788],[56.602794,81.26911],[56.472992,81.2897],[56.391124,81.324408],[56.418305,81.33808],[56.335948,81.385199],[56.726248,81.397162],[56.789073,81.368476],[56.898204,81.379055],[57.408702,81.341132],[57.49879,81.312323],[57.688731,81.331122],[57.90504,81.297105],[57.810802,81.274644],[57.047537,81.253241],[56.614513,81.178534],[56.383637,81.179836],[56.389985,81.203762],[56.240408,81.228217],[55.824392,81.186469],[55.646821,81.200263]]],[[[58.563487,81.324408],[58.464122,81.334947],[58.6692,81.381578],[59.017914,81.403388],[59.245942,81.376532],[59.385427,81.330552],[59.342459,81.304267],[59.054373,81.287055],[58.563487,81.324408]]],[[[61.903656,81.604926],[62.141124,81.586086],[62.1963,81.564846],[62.068044,81.547309],[61.828136,81.564399],[61.653982,81.604926],[61.903656,81.604926]]],[[[40.454926,64.581855],[40.435557,64.564154],[40.194835,64.574164],[40.054698,64.652533],[39.824229,64.679755],[39.984223,64.719224],[40.043224,64.700873],[40.188487,64.708238],[40.253591,64.68887],[40.302257,64.635484],[40.431407,64.612698],[40.454926,64.581855]]],[[[40.001964,64.737372],[39.943696,64.727973],[39.949718,64.741929],[40.001964,64.737372]]],[[[40.145193,64.73428],[40.034841,64.760565],[40.110688,64.781195],[40.333507,64.772406],[40.387869,64.735745],[40.406749,64.642483],[40.396007,64.629136],[40.325694,64.637641],[40.252208,64.69892],[40.145193,64.73428]]],[[[36.01295,65.051703],[36.025645,65.036566],[36.005138,65.026516],[35.906016,65.021796],[35.891856,65.040717],[36.01295,65.051703]]],[[[36.211436,65.158271],[36.260997,65.154527],[36.066091,65.125149],[35.942231,65.154608],[35.94988,65.180976],[35.990408,65.19123],[36.058849,65.158677],[36.211436,65.158271]]],[[[54.329763,68.311469],[54.343761,68.292792],[54.316905,68.259101],[54.199474,68.256496],[54.200938,68.27851],[54.239431,68.303778],[54.329763,68.331244],[54.29656,68.31391],[54.329763,68.311469]]],[[[53.912283,68.361965],[53.991466,68.345852],[53.957693,68.293362],[53.865733,68.306952],[53.857921,68.345526],[53.912283,68.361965]]],[[[49.049083,68.678412],[49.124278,68.66767],[48.765961,68.696601],[49.049083,68.678412]]],[[[49.579275,68.819281],[49.598481,68.814765],[49.491954,68.792426],[49.579275,68.819281]]],[[[54.266775,68.81684],[54.395356,68.782538],[54.192719,68.813707],[54.266775,68.81684]]],[[[49.814301,68.899482],[49.841807,68.906236],[49.75172,68.877427],[49.814301,68.899482]]],[[[54.974294,68.939887],[55.01295,68.935858],[55.019542,68.915432],[54.911876,68.930976],[54.974294,68.939887]]],[[[50.082856,68.960924],[50.107677,68.963528],[50.000743,68.932318],[50.082856,68.960924]]],[[[67.217296,69.420559],[67.308279,69.43769],[67.132172,69.363918],[66.995372,69.388861],[66.93865,69.439399],[66.968435,69.459418],[67.013194,69.436347],[67.217296,69.420559]]],[[[67.327973,69.572699],[67.344981,69.522121],[67.258962,69.438625],[67.05893,69.450507],[67.021821,69.476955],[67.188243,69.57099],[67.299653,69.584459],[67.327973,69.572699]]],[[[66.837087,70.391913],[66.867524,70.380805],[66.590343,70.473049],[66.668468,70.538275],[66.699718,70.477484],[66.837087,70.391913]]],[[[66.559255,70.544257],[66.58253,70.501654],[66.478201,70.535061],[66.397309,70.630316],[66.388357,70.710639],[66.427989,70.799506],[66.479828,70.763861],[66.454356,70.684027],[66.546235,70.603339],[66.559255,70.544257]]],[[[66.600434,70.913764],[66.508474,70.827948],[66.43393,70.827135],[66.523448,70.942694],[66.59962,71.004381],[66.613048,70.982856],[66.583832,70.946845],[66.600434,70.913764]]],[[[53.369802,71.291734],[53.395356,71.280504],[53.242198,71.309475],[53.161469,71.354885],[53.239919,71.354438],[53.369802,71.291734]]],[[[152.875255,76.151353],[152.884288,76.116116],[152.773448,76.083401],[152.554861,76.13935],[152.620453,76.16942],[152.829275,76.196194],[152.877696,76.19123],[152.863536,76.166327],[152.875255,76.151353]]],[[[156.660981,77.107611],[156.670909,77.087795],[156.653331,77.084174],[156.49171,77.098212],[156.550304,77.1258],[156.660981,77.107611]]],[[[92.062266,77.62995],[92.110118,77.610907],[91.984548,77.587226],[91.865977,77.628648],[91.943614,77.643948],[92.062266,77.62995]]],[[[58.814789,79.916693],[58.870372,79.901313],[58.763357,79.883002],[58.654063,79.892768],[58.52947,79.933295],[58.248302,79.933417],[58.613943,79.979438],[58.716075,79.9289],[58.814789,79.916693]]],[[[60.167247,80.168524],[60.21046,80.149156],[59.993175,80.146959],[59.891287,80.175442],[60.052257,80.18769],[60.167247,80.168524]]],[[[54.407725,80.284817],[54.427501,80.271877],[54.399587,80.258857],[54.406098,80.221137],[54.382091,80.210354],[54.178071,80.189276],[54.13795,80.196479],[54.168224,80.236884],[54.110362,80.252672],[54.101248,80.272895],[54.193533,80.307115],[54.407725,80.284817]]],[[[55.49879,80.31684],[55.524099,80.306342],[55.498302,80.277167],[55.234874,80.227932],[55.075694,80.219306],[54.942068,80.240871],[54.929698,80.259589],[55.153819,80.275621],[55.06658,80.292141],[55.296397,80.33218],[55.49879,80.31684]]],[[[54.987478,80.414374],[55.244965,80.438463],[55.270518,80.409369],[55.263194,80.39053],[55.129893,80.374335],[54.97462,80.403266],[54.987478,80.414374]]],[[[54.841807,80.431342],[54.846446,80.417711],[54.771495,80.393012],[54.52589,80.374905],[54.390391,80.386542],[54.62672,80.47724],[54.724294,80.472073],[54.841807,80.431342]]],[[[54.821462,80.464789],[54.622406,80.511298],[54.886241,80.533108],[55.056407,80.502875],[55.073009,80.484076],[54.981944,80.44892],[54.821462,80.464789]]],[[[59.737153,81.189765],[59.755544,81.169989],[58.99464,81.198188],[59.097667,81.213121],[59.737153,81.189765]]],[[[60.562755,81.273627],[60.432302,81.244371],[59.840587,81.291571],[60.031993,81.311103],[60.514008,81.289537],[60.562755,81.273627]]],[[[58.368907,81.579657],[58.275727,81.592719],[58.413585,81.62519],[58.646821,81.633531],[58.702322,81.612616],[58.493012,81.579088],[58.368907,81.579657]]],[[[132.44988,42.828111],[132.475597,42.800238],[132.401541,42.831977],[132.427501,42.895901],[132.453624,42.860907],[132.44988,42.828111]]],[[[47.851085,43.999213],[47.866873,43.983791],[47.76295,43.928412],[47.642833,43.944403],[47.628184,43.962592],[47.665701,43.996283],[47.851085,43.999213]]],[[[47.997081,45.467841],[47.990733,45.448717],[47.959809,45.475775],[47.917735,45.570054],[47.917491,45.632758],[47.957042,45.650458],[47.997081,45.467841]]],[[[139.225456,54.589358],[139.27675,54.61311],[139.243593,54.581032],[139.213725,54.585579],[139.225456,54.589358]]],[[[138.190013,54.715579],[138.240995,54.713712],[138.195944,54.70111],[138.190013,54.715579]]],[[[149.032789,59.192178],[149.141108,59.20769],[149.09837,59.175387],[149.103481,59.161529],[149.034363,59.169474],[149.032789,59.192178]]],[[[-172.47529,64.641832],[-172.458485,64.611029],[-172.519399,64.593004],[-172.6704,64.601142],[-172.725046,64.626451],[-172.696034,64.652533],[-172.47529,64.641832]]],[[[67.381196,68.792263],[67.4074,68.775784],[67.393077,68.75731],[67.333263,68.75849],[67.207205,68.80154],[67.158214,68.787543],[67.115815,68.798367],[67.235606,68.82038],[67.381196,68.792263]]],[[[-175.585683,71.379869],[-175.574778,71.364163],[-175.628651,71.351752],[-175.81078,71.411689],[-175.585683,71.379869]]],[[[161.893767,69.653838],[161.907879,69.647442],[161.885624,69.61914],[161.898637,69.57404],[161.866936,69.554554],[161.751564,69.553235],[161.665617,69.620548],[161.667244,69.636683],[161.893767,69.653838]]],[[[170.124871,69.773378],[170.275277,69.773371],[170.101485,69.687211],[170.065969,69.694032],[170.069826,69.709074],[169.95521,69.726742],[170.124871,69.773378]]],[[[83.305109,70.805515],[83.469408,70.737735],[83.443884,70.691306],[83.30476,70.644604],[83.301349,70.605461],[83.259191,70.548807],[83.264517,70.511127],[83.308696,70.480807],[83.309572,70.4431],[83.194423,70.378895],[83.065271,70.365329],[83.132232,70.433807],[83.117732,70.480166],[83.147059,70.649909],[83.207245,70.686354],[83.256722,70.801033],[83.305109,70.805515]]],[[[97.645681,76.756212],[97.623057,76.737494],[97.565522,76.752305],[97.459809,76.718451],[97.44752,76.742336],[97.160737,76.753607],[97.639008,76.773098],[97.645681,76.756212]]],[[[89.047128,77.140895],[89.135898,77.127114],[88.968837,77.039435],[89.018686,77.013078],[88.989262,76.989877],[88.919571,76.977101],[88.816334,76.98541],[88.699812,77.039723],[88.663875,77.080351],[88.785649,77.123572],[89.047128,77.140895]]]]}}]}
